ORDERNUMBER,QUANTITYORDERED,PRICEEACH,ORDERLINENUMBER,SALES,ORDERDATE,STATUS,QTR_ID,MONTH_ID,YEAR_ID,PRODUCTLINE,MSRP,PRODUCTCODE,CUSTOMERNAME,PHONE,ADDRESSLINE1,CITY,POSTALCODE,COUNTRY,TERRITORY,CONTACTLASTNAME,CONTACTFIRSTNAME,DEALSIZE,TOTAL_ORDER_SALES,AVG_PRICE_ORDER,SALES_RATIO
10107,30,95.7,2,2871.0,2/24/2003 0:00,Shipped,1,2,2003,Motorcycles,95,S10_1678,Land of Toys Inc.,2125557818,897 Long Airport Avenue,NYC,10022,USA,EMEA,Yu,Kwai,Small,25783.76,92.80125,0.11134915931578637
10121,34,81.35,5,2765.9,5/7/2003 0:00,Shipped,2,5,2003,Motorcycles,95,S10_1678,Reims Collectables,26.47.1555,59 rue de l'Abbaye,Reims,51100,France,EMEA,Henriot,Paul,Small,18971.96,83.964,0.14578883784279537
10134,41,94.74,2,3884.34,7/1/2003 0:00,Shipped,3,7,2003,Motorcycles,95,S10_1678,Lyon Souveniers,+33 1 46 62 7555,27 rue du Colonel Pierre Avia,Paris,75508,France,EMEA,Da Cunha,Daniel,Medium,25624.88,90.44142857142857,0.15158470986010472
10145,45,83.26,6,3746.7,8/25/2003 0:00,Shipped,3,8,2003,Motorcycles,95,S10_1678,Toys4GrownUps.com,6265557265,78934 Hillside Dr.,Pasadena,90003,USA,EMEA,Young,Julie,Medium,55776.119999999995,83.8375,0.0671739088341032
10159,49,100.0,14,5205.27,10/10/2003 0:00,Shipped,4,10,2003,Motorcycles,95,S10_1678,Corporate Gift Ideas Co.,6505551386,7734 Strong St.,San Francisco,28034,USA,EMEA,Brown,Julie,Medium,62498.29,83.05611111111111,0.08328659872134102
10168,36,96.66,1,3479.76,10/28/2003 0:00,Shipped,4,10,2003,Motorcycles,95,S10_1678,Technics Stores Inc.,6505556809,9408 Furth Circle,Burlingame,94217,USA,EMEA,Hirano,Juri,Medium,62305.47,86.58777777777777,0.055849991983047395
10180,29,86.13,9,2497.77,11/11/2003 0:00,Shipped,4,11,2003,Motorcycles,95,S10_1678,Daedalus Designs Imports,20.16.1555,"184, chausse de Tournai",Lille,59000,France,EMEA,Rance,Martine,Small,48874.28,82.245,0.05110602140839722
10188,48,100.0,1,5512.32,11/18/2003 0:00,Shipped,4,11,2003,Motorcycles,95,S10_1678,Herkku Gifts,+47 2267 3215,"Drammen 121, PR 744 Sentrum",Bergen,N 5804,Norway,EMEA,Oeztan,Veysel,Medium,34481.340000000004,94.00625,0.1598638567990687
10201,22,98.57,2,2168.54,12/1/2003 0:00,Shipped,4,12,2003,Motorcycles,95,S10_1678,Mini Wheels Co.,6505555787,5557 North Pendale Street,San Francisco,28034,USA,EMEA,Murphy,Julie,Small,25431.88,91.03714285714285,0.0852685684267148
10211,41,100.0,14,4708.44,1/15/2004 0:00,Shipped,1,1,2004,Motorcycles,95,S10_1678,Auto Canal Petit,(1) 47.55.6555,"25, rue Lauriston",Paris,75016,France,EMEA,Perrier,Dominique,Medium,51172.65,82.83133333333333,0.09201086908729564
10223,37,100.0,1,3965.66,2/20/2004 0:00,Shipped,1,2,2004,Motorcycles,95,S10_1678,"Australian Collectors, Co.",03 9520 4555,636 St Kilda Road,Melbourne,3004,Australia,APAC,Ferguson,Peter,Medium,49637.57,85.01933333333334,0.07989230737926938
10237,23,100.0,7,2333.12,4/5/2004 0:00,Shipped,2,4,2004,Motorcycles,95,S10_1678,Vitachrome Inc.,2125551500,2678 Kingston Rd.,NYC,10022,USA,EMEA,Frick,Michael,Small,24804.34,82.27111111111111,0.09406095868706847
10251,28,100.0,2,3188.64,5/18/2004 0:00,Shipped,2,5,2004,Motorcycles,95,S10_1678,Tekni Collectables Inc.,2015559350,7476 Moss Rd.,Newark,94019,USA,EMEA,Brown,William,Medium,27987.07,93.53000000000002,0.11393261245282196
10263,34,100.0,2,3676.76,6/28/2004 0:00,Shipped,2,6,2004,Motorcycles,95,S10_1678,Gift Depot Inc.,2035552570,25593 South Bay Ln.,Bridgewater,97562,USA,EMEA,King,Julie,Medium,44130.520000000004,87.51272727272728,0.08331558295710088
10275,45,92.83,1,4177.35,7/23/2004 0:00,Shipped,3,7,2004,Motorcycles,95,S10_1678,La Rochelle Gifts,40.67.8555,"67, rue des Cinquante Otages",Nantes,44000,France,EMEA,Labrune,Janine,Medium,56002.9,82.95166666666667,0.07459167293122321
10285,36,100.0,6,4099.68,8/27/2004 0:00,Shipped,3,8,2004,Motorcycles,95,S10_1678,Marta's Replicas Co.,6175558555,39323 Spinnaker Dr.,Cambridge,51247,USA,EMEA,Hernandez,Marta,Medium,48828.72,84.42615384615384,0.08396042329186594
10299,23,100.0,9,2597.39,9/30/2004 0:00,Shipped,3,9,2004,Motorcycles,95,S10_1678,"Toys of Finland, Co.",90-224 8555,Keskuskatu 45,Helsinki,21240,Finland,EMEA,Karttunen,Matti,Small,42744.06,84.18818181818182,0.06076610410896859
10309,41,100.0,5,4394.38,10/15/2004 0:00,Shipped,4,10,2004,Motorcycles,95,S10_1678,Baane Mini Imports,07-98 9555,Erling Skakkes gate 78,Stavern,4110,Norway,EMEA,Bergulfsen,Jonas,Medium,19769.68,88.24666666666667,0.22227876222579224
10318,46,94.74,1,4358.04,11/2/2004 0:00,Shipped,4,11,2004,Motorcycles,95,S10_1678,Diecast Classics Inc.,2155551555,7586 Pompton St.,Allentown,70267,USA,EMEA,Yu,Kyung,Medium,44040.729999999996,92.69666666666666,0.09895476301142148
10329,42,100.0,1,4396.14,11/15/2004 0:00,Shipped,4,11,2004,Motorcycles,95,S10_1678,Land of Toys Inc.,2125557818,897 Long Airport Avenue,NYC,10022,USA,EMEA,Yu,Kwai,Medium,53152.28,87.41266666666667,0.08270839933865491
10341,41,100.0,9,7737.93,11/24/2004 0:00,Shipped,4,11,2004,Motorcycles,95,S10_1678,Salzburg Collectables,6562-9555,Geislweg 14,Salzburg,5020,Austria,EMEA,Pipps,Georg,Large,45001.11,91.536,0.17194975857262187
10361,20,72.55,13,1451.0,12/17/2004 0:00,Shipped,4,12,2004,Motorcycles,95,S10_1678,Souveniers And Things Co.,+61 2 9495 8555,"Monitor Money Building, 815 Pacific Hwy",Chatswood,2067,Australia,APAC,Huxley,Adrian,Small,37905.15,79.61642857142859,0.03827975881905229
10375,21,34.91,12,733.11,2/3/2005 0:00,Shipped,1,2,2005,Motorcycles,95,S10_1678,La Rochelle Gifts,40.67.8555,"67, rue des Cinquante Otages",Nantes,44000,France,EMEA,Labrune,Janine,Small,59617.4,85.766,0.012296913317253017
10388,42,76.36,4,3207.12,3/3/2005 0:00,Shipped,1,3,2005,Motorcycles,95,S10_1678,FunGiftIdeas.com,5085552555,1785 First Street,New Bedford,50553,USA,EMEA,Benitez,Violeta,Medium,37557.66,88.455,0.0853919014123883
10403,24,100.0,7,2434.56,4/8/2005 0:00,Shipped,2,4,2005,Motorcycles,95,S10_1678,"UK Collectables, Ltd.",(171) 555-2282,Berkeley Gardens 12  Brewery,Liverpool,WX1 6LT,UK,EMEA,Devon,Elizabeth,Small,40802.81,82.27111111111111,0.0596664788528045
10417,66,100.0,2,7516.08,5/13/2005 0:00,Disputed,2,5,2005,Motorcycles,95,S10_1678,Euro Shopping Channel,(91) 555 94 44,"C/ Moralzarzal, 86",Madrid,28034,Spain,EMEA,Freyre,Diego,Large,31821.9,93.53000000000002,0.23619205641397903
10103,26,100.0,11,5404.62,1/29/2003 0:00,Shipped,1,1,2003,Classic Cars,214,S10_1949,Baane Mini Imports,07-98 9555,Erling Skakkes gate 78,Stavern,4110,Norway,EMEA,Bergulfsen,Jonas,Medium,54702.0,88.59625,0.09880114072611605
10112,29,100.0,1,7209.11,3/24/2003 0:00,Shipped,1,3,2003,Classic Cars,214,S10_1949,"Volvo Model Replicas, Co",0921-12 3555,BerguvsvÂgen  8,Lule,S-958 22,Sweden,EMEA,Berglund,Christina,Large,9749.0,100.0,0.7394717406913529
10126,38,100.0,11,7329.06,5/28/2003 0:00,Shipped,2,5,2003,Classic Cars,214,S10_1949,"Corrida Auto Replicas, Ltd",(91) 555 22 82,"C/ Araquil, 67",Madrid,28023,Spain,EMEA,Sommer,MartÂ¡n,Large,61073.21,86.85000000000001,0.12000449951787372
10140,37,100.0,11,7374.1,7/24/2003 0:00,Shipped,3,7,2003,Classic Cars,214,S10_1949,Technics Stores Inc.,6505556809,9408 Furth Circle,Burlingame,94217,USA,EMEA,Hirano,Juri,Large,42031.83,87.82,0.17544085042216814
10150,45,100.0,8,10993.5,9/19/2003 0:00,Shipped,3,9,2003,Classic Cars,214,S10_1949,"Dragon Souveniers, Ltd.",+65 221 7555,"Bronz Sok., Bronz Apt. 3/6 Tesvikiye",Singapore,79903,Singapore,Japan,Natividad,Eric,Large,44219.36,85.64454545454545,0.2486128247898658
10163,21,100.0,1,4860.24,10/20/2003 0:00,Shipped,4,10,2003,Classic Cars,214,S10_1949,Classic Legends Inc.,2125558493,5905 Pompton St.,NYC,10022,USA,EMEA,Hernandez,Maria,Medium,25284.75,93.585,0.19222021178773765
10174,34,100.0,4,8014.82,11/6/2003 0:00,Shipped,4,11,2003,Classic Cars,214,S10_1949,"Australian Gift Network, Co",61-7-3844-6555,31 Duncan St. West End,South Brisbane,4101,Australia,APAC,Calaghan,Tony,Large,27098.8,87.624,0.29576291201086397
10183,23,100.0,8,5372.57,11/13/2003 0:00,Shipped,4,11,2003,Classic Cars,214,S10_1949,"Classic Gift Ideas, Inc",2155554695,782 First Street,Philadelphia,71270,USA,EMEA,Cervantes,Francisca,Medium,40061.659999999996,87.91666666666667,0.13410752325290565
10194,42,100.0,11,7290.36,11/25/2003 0:00,Shipped,4,11,2003,Classic Cars,214,S10_1949,"Saveley & Henriot, Co.",78.32.5555,"2, rue du Commerce",Lyon,69004,France,EMEA,Saveley,Mary,Large,41535.11,86.34818181818183,0.17552282875860928
10206,47,100.0,6,9064.89,12/5/2003 0:00,Shipped,4,12,2003,Classic Cars,214,S10_1949,Canadian Gift Exchange Network,(604) 555-3392,1900 Oak St.,Vancouver,V3F 2K1,Canada,EMEA,Tannamuri,Yoshi,Large,38662.21,86.77,0.23446383432297324
10215,35,100.0,3,6075.3,1/29/2004 0:00,Shipped,1,1,2004,Classic Cars,214,S10_1949,West Coast Collectables Co.,3105553722,3675 Furth Circle,Burbank,94019,USA,EMEA,Thompson,Steve,Medium,37850.08,82.707,0.16050956827568133
10228,29,100.0,2,6463.23,3/10/2004 0:00,Shipped,1,3,2004,Classic Cars,214,S10_1949,Cambridge Collectables Co.,6175555555,4658 Baden Av.,Cambridge,51247,USA,EMEA,Tseng,Kyung,Medium,21782.7,93.95166666666667,0.29671390598961556
10245,34,100.0,9,6120.34,5/4/2004 0:00,Shipped,2,5,2004,Classic Cars,214,S10_1949,Super Scale Inc.,2035559545,567 North Pendale Street,New Haven,97823,USA,EMEA,Murphy,Leslie,Medium,36973.31,92.11444444444444,0.1655340027711882
10258,32,100.0,6,7680.64,6/15/2004 0:00,Shipped,2,6,2004,Classic Cars,214,S10_1949,"Tokyo Collectables, Ltd",+81 3 3584 0555,2-2-8 Roppongi,Minato-ku,106-0032,Japan,Japan,Shimamura,Akiko,Large,25928.75,83.7,0.296220990213566
10270,21,100.0,9,4905.39,7/19/2004 0:00,Shipped,3,7,2004,Classic Cars,214,S10_1949,Souveniers And Things Co.,+61 2 9495 8555,"Monitor Money Building, 815 Pacific Hwy",Chatswood,2067,Australia,APAC,Huxley,Adrian,Medium,41297.14,89.86454545454545,0.11878280190831618
10280,34,100.0,2,8014.82,8/17/2004 0:00,Shipped,3,8,2004,Classic Cars,214,S10_1949,Amica Models & Co.,011-4988555,Via Monte Bianco 34,Torino,10100,Italy,EMEA,Accorti,Paolo,Large,56078.26,81.5564705882353,0.1429220521464111
10291,37,100.0,11,7136.19,9/8/2004 0:00,Shipped,3,9,2004,Classic Cars,214,S10_1949,Scandinavian Gift Ideas,0695-34 6555,?kergatan 24,Boras,S-844 67,Sweden,EMEA,Larsson,Maria,Large,53941.69,86.83428571428571,0.13229452024955093
10304,47,100.0,6,10172.7,10/11/2004 0:00,Shipped,4,10,2004,Classic Cars,214,S10_1949,Auto Assoc. & Cie.,30.59.8555,"67, avenue de l'Europe",Versailles,78000,France,EMEA,Tonini,Daniel,Large,59074.9,81.46235294117646,0.1722000375794119
10312,48,100.0,3,11623.7,10/21/2004 0:00,Shipped,4,10,2004,Classic Cars,214,S10_1949,Mini Gifts Distributors Ltd.,4155551450,5677 Strong St.,San Rafael,97562,USA,EMEA,Nelson,Valarie,Large,63075.08,76.92764705882352,0.1842835554073019
10322,40,100.0,1,6000.4,11/4/2004 0:00,Shipped,4,11,2004,Classic Cars,214,S10_1949,Online Diecast Creations Co.,6035558647,2304 Long Airport Avenue,Nashua,62005,USA,EMEA,Young,Valarie,Medium,55570.6,81.72071428571428,0.10797795956854883
10333,26,100.0,3,3003.0,11/18/2004 0:00,Shipped,4,11,2004,Classic Cars,214,S10_1949,Mini Wheels Co.,6505555787,5557 North Pendale Street,San Francisco,28034,USA,EMEA,Murphy,Julie,Medium,30348.72,85.3975,0.09894980743833677
10347,30,100.0,1,3944.7,11/29/2004 0:00,Shipped,4,11,2004,Classic Cars,214,S10_1949,"Australian Collectors, Co.",03 9520 4555,636 St Kilda Road,Melbourne,3004,Australia,APAC,Ferguson,Peter,Medium,47442.91,89.45916666666666,0.0831462488283286
10357,32,100.0,10,5691.84,12/10/2004 0:00,Shipped,4,12,2004,Classic Cars,214,S10_1949,Mini Gifts Distributors Ltd.,4155551450,5677 Strong St.,San Rafael,97562,USA,EMEA,Nelson,Valarie,Medium,42152.11,91.77000000000001,0.13503096286283178
10369,41,100.0,2,4514.92,1/20/2005 0:00,Shipped,1,1,2005,Classic Cars,214,S10_1949,Collectables For Less Inc.,6175558555,7825 Douglas Av.,Brickhaven,58339,USA,EMEA,Nelson,Allen,Medium,31474.78,87.1325,0.1434456412403836
10381,36,100.0,3,8254.8,2/17/2005 0:00,Shipped,1,2,2005,Classic Cars,214,S10_1949,Corporate Gift Ideas Co.,6505551386,7734 Strong St.,San Francisco,28034,USA,EMEA,Brown,Julie,Large,36495.95,85.2811111111111,0.22618400123849358
10391,24,100.0,4,2416.56,3/9/2005 0:00,Shipped,1,3,2005,Classic Cars,214,S10_1949,"Anna's Decorations, Ltd",02 9936 8555,201 Miller Street,North Sydney,2060,Australia,APAC,O'Hara,Anna,Small,35160.25,77.89500000000001,0.06872988673288728
10411,23,100.0,9,4140.23,5/1/2005 0:00,Shipped,2,5,2005,Classic Cars,214,S10_1949,Quebec Home Shopping Network,(514) 555-8054,43 rue St. Laurent,Montreal,H1J 1C3,Canada,EMEA,Fresnisre,Jean,Medium,33692.97,92.11444444444444,0.12288112327289638
10424,50,100.0,6,12001.0,5/31/2005 0:00,In Process,2,5,2005,Classic Cars,214,S10_1949,Euro Shopping Channel,(91) 555 94 44,"C/ Moralzarzal, 86",Madrid,28034,Spain,EMEA,Freyre,Diego,Large,35133.34,83.7,0.3415843754109345
10107,39,99.91,5,3896.49,2/24/2003 0:00,Shipped,1,2,2003,Motorcycles,118,S10_2016,Land of Toys Inc.,2125557818,897 Long Airport Avenue,NYC,10022,USA,EMEA,Yu,Kwai,Medium,25783.76,92.80125,0.151121868959376
10120,29,96.34,3,2793.86,4/29/2003 0:00,Shipped,2,4,2003,Motorcycles,118,S10_2016,"Australian Collectors, Co.",03 9520 4555,636 St Kilda Road,Melbourne,3004,Australia,APAC,Ferguson,Peter,Small,50397.66,84.97933333333334,0.05543630398712956
10134,27,100.0,5,3307.77,7/1/2003 0:00,Shipped,3,7,2003,Motorcycles,118,S10_2016,Lyon Souveniers,+33 1 46 62 7555,27 rue du Colonel Pierre Avia,Paris,75508,France,EMEA,Da Cunha,Daniel,Medium,25624.88,90.44142857142857,0.12908431180946017
10145,37,100.0,9,5192.95,8/25/2003 0:00,Shipped,3,8,2003,Motorcycles,118,S10_2016,Toys4GrownUps.com,6265557265,78934 Hillside Dr.,Pasadena,90003,USA,EMEA,Young,Julie,Medium,55776.119999999995,83.8375,0.09310346434997631
10159,37,100.0,17,5016.83,10/10/2003 0:00,Shipped,4,10,2003,Motorcycles,118,S10_2016,Corporate Gift Ideas Co.,6505551386,7734 Strong St.,San Francisco,28034,USA,EMEA,Brown,Julie,Medium,62498.29,83.05611111111111,0.08027147622758958
10168,27,100.0,4,3660.93,10/28/2003 0:00,Shipped,4,10,2003,Motorcycles,118,S10_2016,Technics Stores Inc.,6505556809,9408 Furth Circle,Burlingame,94217,USA,EMEA,Hirano,Juri,Medium,62305.47,86.58777777777777,0.05875776236019084
10180,42,100.0,12,4695.6,11/11/2003 0:00,Shipped,4,11,2003,Motorcycles,118,S10_2016,Daedalus Designs Imports,20.16.1555,"184, chausse de Tournai",Lille,59000,France,EMEA,Rance,Martine,Medium,48874.28,82.245,0.09607507261488048
10188,38,96.34,4,3660.92,11/18/2003 0:00,Shipped,4,11,2003,Motorcycles,118,S10_2016,Herkku Gifts,+47 2267 3215,"Drammen 121, PR 744 Sentrum",Bergen,N 5804,Norway,EMEA,Oeztan,Veysel,Medium,34481.340000000004,94.00625,0.10617104787690965
10201,24,100.0,5,3025.92,12/1/2003 0:00,Shipped,4,12,2003,Motorcycles,118,S10_2016,Mini Wheels Co.,6505555787,5557 North Pendale Street,San Francisco,28034,USA,EMEA,Murphy,Julie,Medium,25431.88,91.03714285714285,0.11898137298540257
10210,23,100.0,2,3009.09,1/12/2004 0:00,Shipped,1,1,2004,Motorcycles,118,S10_2016,Osaka Souveniers Co.,+81 06 6342 5555,"Dojima Avanza 4F, 1-6-20 Dojima, Kita-ku",Osaka,530-0003,Japan,Japan,Kentary,Mory,Medium,50490.64,78.96588235294118,0.05959698668901801
10223,47,100.0,4,5422.39,2/20/2004 0:00,Shipped,1,2,2004,Motorcycles,118,S10_2016,"Australian Collectors, Co.",03 9520 4555,636 St Kilda Road,Melbourne,3004,Australia,APAC,Ferguson,Peter,Medium,49637.57,85.01933333333334,0.10923963441401342
10236,22,100.0,1,2852.08,4/3/2004 0:00,Shipped,2,4,2004,Motorcycles,118,S10_2016,Motor Mint Distributors Inc.,2155559857,11328 Douglas Av.,Philadelphia,71270,USA,EMEA,Hernandez,Rosa,Small,7287.24,81.10666666666667,0.39138000120759026
10251,44,100.0,5,5756.52,5/18/2004 0:00,Shipped,2,5,2004,Motorcycles,118,S10_2016,Tekni Collectables Inc.,2015559350,7476 Moss Rd.,Newark,94019,USA,EMEA,Brown,William,Medium,27987.07,93.53000000000002,0.20568498238650923
10263,40,100.0,5,4472.0,6/28/2004 0:00,Shipped,2,6,2004,Motorcycles,118,S10_2016,Gift Depot Inc.,2035552570,25593 South Bay Ln.,Bridgewater,97562,USA,EMEA,King,Julie,Medium,44130.520000000004,87.51272727272728,0.10133576490827662
10275,22,100.0,4,2904.44,7/23/2004 0:00,Shipped,3,7,2004,Motorcycles,118,S10_2016,La Rochelle Gifts,40.67.8555,"67, rue des Cinquante Otages",Nantes,44000,France,EMEA,Labrune,Janine,Small,56002.9,82.95166666666667,0.051862314273010864
10285,47,100.0,9,6484.59,8/27/2004 0:00,Shipped,3,8,2004,Motorcycles,118,S10_2016,Marta's Replicas Co.,6175558555,39323 Spinnaker Dr.,Cambridge,51247,USA,EMEA,Hernandez,Marta,Medium,48828.72,84.42615384615384,0.1328027849183841
10298,39,96.34,1,3757.26,9/27/2004 0:00,Shipped,3,9,2004,Motorcycles,118,S10_2016,Atelier graphique,40.32.2555,"54, rue Royale",Nantes,44000,France,EMEA,Schmitt,Carine,Medium,5307.9800000000005,72.4,0.7078511976307371
10308,34,100.0,2,4043.96,10/15/2004 0:00,Shipped,4,10,2004,Motorcycles,118,S10_2016,Mini Classics,9145554562,3758 North Pendale Street,White Plains,24067,USA,EMEA,Frick,Steve,Medium,46873.04,80.71875,0.08627475410171817
10318,45,100.0,4,5566.5,11/2/2004 0:00,Shipped,4,11,2004,Motorcycles,118,S10_2016,Diecast Classics Inc.,2155551555,7586 Pompton St.,Allentown,70267,USA,EMEA,Yu,Kyung,Medium,44040.729999999996,92.69666666666666,0.12639436267291665
10329,20,100.0,2,3176.0,11/15/2004 0:00,Shipped,4,11,2004,Motorcycles,118,S10_2016,Land of Toys Inc.,2125557818,897 Long Airport Avenue,NYC,10022,USA,EMEA,Yu,Kwai,Medium,53152.28,87.41266666666667,0.059752845973869796
10339,40,68.92,4,2756.8,11/23/2004 0:00,Shipped,4,11,2004,Motorcycles,118,S10_2016,"Tokyo Collectables, Ltd",+81 3 3584 0555,2-2-8 Roppongi,Minato-ku,106-0032,Japan,Japan,Shimamura,Akiko,Small,55888.65,79.908125,0.04932665219145569
10361,26,51.15,8,1329.9,12/17/2004 0:00,Shipped,4,12,2004,Motorcycles,118,S10_2016,Souveniers And Things Co.,+61 2 9495 8555,"Monitor Money Building, 815 Pacific Hwy",Chatswood,2067,Australia,APAC,Huxley,Adrian,Small,37905.15,79.61642857142859,0.03508494228356833
10374,39,100.0,5,5288.01,2/2/2005 0:00,Shipped,1,2,2005,Motorcycles,118,S10_2016,"Australian Gift Network, Co",61-7-3844-6555,31 Duncan St. West End,South Brisbane,4101,Australia,APAC,Calaghan,Tony,Medium,21730.03,86.11166666666666,0.2433503313156954
10388,50,44.51,5,2225.5,3/3/2005 0:00,Shipped,1,3,2005,Motorcycles,118,S10_2016,FunGiftIdeas.com,5085552555,1785 First Street,New Bedford,50553,USA,EMEA,Benitez,Violeta,Small,37557.66,88.455,0.05925555532479925
10402,45,100.0,1,5833.8,4/7/2005 0:00,Shipped,2,4,2005,Motorcycles,118,S10_2016,Auto Canal Petit,(1) 47.55.6555,"25, rue Lauriston",Paris,75016,France,EMEA,Perrier,Dominique,Medium,14066.8,81.10666666666667,0.414721187476896
10417,45,100.0,5,5887.35,5/13/2005 0:00,Disputed,2,5,2005,Motorcycles,118,S10_2016,Euro Shopping Channel,(91) 555 94 44,"C/ Moralzarzal, 86",Madrid,28034,Spain,EMEA,Freyre,Diego,Medium,31821.9,93.53000000000002,0.1850093803324126
10107,27,100.0,4,6065.55,2/24/2003 0:00,Shipped,1,2,2003,Motorcycles,193,S10_4698,Land of Toys Inc.,2125557818,897 Long Airport Avenue,NYC,10022,USA,EMEA,Yu,Kwai,Medium,25783.76,92.80125,0.2352469151124584
10120,46,100.0,2,9264.86,4/29/2003 0:00,Shipped,2,4,2003,Motorcycles,193,S10_4698,"Australian Collectors, Co.",03 9520 4555,636 St Kilda Road,Melbourne,3004,Australia,APAC,Ferguson,Peter,Large,50397.66,84.97933333333334,0.18383512250370354
10134,31,100.0,4,7023.98,7/1/2003 0:00,Shipped,3,7,2003,Motorcycles,193,S10_4698,Lyon Souveniers,+33 1 46 62 7555,27 rue du Colonel Pierre Avia,Paris,75508,France,EMEA,Da Cunha,Daniel,Large,25624.88,90.44142857142857,0.27410782021223123
10145,33,100.0,8,5176.38,8/25/2003 0:00,Shipped,3,8,2003,Motorcycles,193,S10_4698,Toys4GrownUps.com,6265557265,78934 Hillside Dr.,Pasadena,90003,USA,EMEA,Young,Julie,Medium,55776.119999999995,83.8375,0.09280638380726376
10159,22,100.0,16,4132.7,10/10/2003 0:00,Shipped,4,10,2003,Motorcycles,193,S10_4698,Corporate Gift Ideas Co.,6505551386,7734 Strong St.,San Francisco,28034,USA,EMEA,Brown,Julie,Medium,62498.29,83.05611111111111,0.06612500918025117
10168,20,100.0,3,4183.0,10/28/2003 0:00,Shipped,4,10,2003,Motorcycles,193,S10_4698,Technics Stores Inc.,6505556809,9408 Furth Circle,Burlingame,94217,USA,EMEA,Hirano,Juri,Medium,62305.47,86.58777777777777,0.06713696245289538
10180,41,100.0,11,8892.9,11/11/2003 0:00,Shipped,4,11,2003,Motorcycles,193,S10_4698,Daedalus Designs Imports,20.16.1555,"184, chausse de Tournai",Lille,59000,France,EMEA,Rance,Martine,Large,48874.28,82.245,0.1819545986150589
10188,45,100.0,3,8714.7,11/18/2003 0:00,Shipped,4,11,2003,Motorcycles,193,S10_4698,Herkku Gifts,+47 2267 3215,"Drammen 121, PR 744 Sentrum",Bergen,N 5804,Norway,EMEA,Oeztan,Veysel,Large,34481.340000000004,94.00625,0.25273669758773876
10201,49,100.0,4,8065.89,12/1/2003 0:00,Shipped,4,12,2003,Motorcycles,193,S10_4698,Mini Wheels Co.,6505555787,5557 North Pendale Street,San Francisco,28034,USA,EMEA,Murphy,Julie,Large,25431.88,91.03714285714285,0.3171566553475402
10210,34,100.0,1,6123.4,1/12/2004 0:00,Shipped,1,1,2004,Motorcycles,193,S10_4698,Osaka Souveniers Co.,+81 06 6342 5555,"Dojima Avanza 4F, 1-6-20 Dojima, Kita-ku",Osaka,530-0003,Japan,Japan,Kentary,Mory,Medium,50490.64,78.96588235294118,0.1212779239874955
10223,49,100.0,3,9774.03,2/20/2004 0:00,Shipped,1,2,2004,Motorcycles,193,S10_4698,"Australian Collectors, Co.",03 9520 4555,636 St Kilda Road,Melbourne,3004,Australia,APAC,Ferguson,Peter,Large,49637.57,85.01933333333334,0.19690790665215885
10237,39,100.0,9,7023.9,4/5/2004 0:00,Shipped,2,4,2004,Motorcycles,193,S10_4698,Vitachrome Inc.,2125551500,2678 Kingston Rd.,NYC,10022,USA,EMEA,Frick,Michael,Large,24804.34,82.27111111111111,0.2831722190552137
10251,43,100.0,4,7078.23,5/18/2004 0:00,Shipped,2,5,2004,Motorcycles,193,S10_4698,Tekni Collectables Inc.,2015559350,7476 Moss Rd.,Newark,94019,USA,EMEA,Brown,William,Large,27987.07,93.53000000000002,0.2529107191285118
10263,41,100.0,4,8336.94,6/28/2004 0:00,Shipped,2,6,2004,Motorcycles,193,S10_4698,Gift Depot Inc.,2035552570,25593 South Bay Ln.,Bridgewater,97562,USA,EMEA,King,Julie,Large,44130.520000000004,87.51272727272728,0.1889155169710214
10275,36,100.0,3,6901.92,7/23/2004 0:00,Shipped,3,7,2004,Motorcycles,193,S10_4698,La Rochelle Gifts,40.67.8555,"67, rue des Cinquante Otages",Nantes,44000,France,EMEA,Labrune,Janine,Medium,56002.9,82.95166666666667,0.1232421892437713
10285,27,100.0,8,5438.07,8/27/2004 0:00,Shipped,3,8,2004,Motorcycles,193,S10_4698,Marta's Replicas Co.,6175558555,39323 Spinnaker Dr.,Cambridge,51247,USA,EMEA,Hernandez,Marta,Medium,48828.72,84.42615384615384,0.11137031648587142
10299,29,100.0,11,6683.34,9/30/2004 0:00,Shipped,3,9,2004,Motorcycles,193,S10_4698,"Toys of Finland, Co.",90-224 8555,Keskuskatu 45,Helsinki,21240,Finland,EMEA,Karttunen,Matti,Medium,42744.06,84.18818181818182,0.15635716401296462
10308,20,100.0,1,4570.4,10/15/2004 0:00,Shipped,4,10,2004,Motorcycles,193,S10_4698,Mini Classics,9145554562,3758 North Pendale Street,White Plains,24067,USA,EMEA,Frick,Steve,Medium,46873.04,80.71875,0.09750594371519321
10318,37,100.0,3,7667.14,11/2/2004 0:00,Shipped,4,11,2004,Motorcycles,193,S10_4698,Diecast Classics Inc.,2155551555,7586 Pompton St.,Allentown,70267,USA,EMEA,Yu,Kyung,Large,44040.729999999996,92.69666666666666,0.17409202799317816
10329,26,100.0,3,5868.2,11/15/2004 0:00,Shipped,4,11,2004,Motorcycles,193,S10_4698,Land of Toys Inc.,2125557818,897 Long Airport Avenue,NYC,10022,USA,EMEA,Yu,Kwai,Medium,53152.28,87.41266666666667,0.11040354242564947
10339,39,76.67,3,2990.13,11/23/2004 0:00,Shipped,4,11,2004,Motorcycles,193,S10_4698,"Tokyo Collectables, Ltd",+81 3 3584 0555,2-2-8 Roppongi,Minato-ku,106-0032,Japan,Japan,Shimamura,Akiko,Small,55888.65,79.908125,0.05350156069255564
10362,22,100.0,4,3664.1,1/5/2005 0:00,Shipped,1,1,2005,Motorcycles,193,S10_4698,Technics Stores Inc.,6505556809,9408 Furth Circle,Burlingame,94217,USA,EMEA,Hirano,Juri,Medium,13529.57,86.64750000000001,0.2708216151732834
10374,22,100.0,1,3834.38,2/2/2005 0:00,Shipped,1,2,2005,Motorcycles,193,S10_4698,"Australian Gift Network, Co",61-7-3844-6555,31 Duncan St. West End,South Brisbane,4101,Australia,APAC,Calaghan,Tony,Medium,21730.03,86.11166666666666,0.17645534773766997
10388,21,86.77,7,1822.17,3/3/2005 0:00,Shipped,1,3,2005,Motorcycles,193,S10_4698,FunGiftIdeas.com,5085552555,1785 First Street,New Bedford,50553,USA,EMEA,Benitez,Violeta,Small,37557.66,88.455,0.04851660087449537
10403,66,100.0,9,11886.6,4/8/2005 0:00,Shipped,2,4,2005,Motorcycles,193,S10_4698,"UK Collectables, Ltd.",(171) 555-2282,Berkeley Gardens 12  Brewery,Liverpool,WX1 6LT,UK,EMEA,Devon,Elizabeth,Large,40802.81,82.27111111111111,0.29131817146907285
10417,56,100.0,4,9218.16,5/13/2005 0:00,Disputed,2,5,2005,Motorcycles,193,S10_4698,Euro Shopping Channel,(91) 555 94 44,"C/ Moralzarzal, 86",Madrid,28034,Spain,EMEA,Freyre,Diego,Large,31821.9,93.53000000000002,0.28967974885220554
10105,50,100.0,2,7208.0,2/11/2003 0:00,Shipped,1,2,2003,Classic Cars,136,S10_4757,Danish Wholesale Imports,31 12 3555,Vinb'ltet 34,Kobenhavn,1734,Denmark,EMEA,Petersen,Jytte,Large,58871.11,85.284,0.12243696441259558
10119,46,100.0,11,5004.8,4/28/2003 0:00,Shipped,2,4,2003,Classic Cars,136,S10_4757,Salzburg Collectables,6562-9555,Geislweg 14,Salzburg,5020,Austria,EMEA,Pipps,Georg,Medium,38629.14,79.57214285714285,0.1295602231890226
10129,33,100.0,2,4398.24,6/12/2003 0:00,Shipped,2,6,2003,Classic Cars,136,S10_4757,"Stylish Desk Decors, Co.",(171) 555-0297,35 King George,London,WX3 6FW,UK,EMEA,Brown,Ann,Medium,32376.29,84.39111111111112,0.13584756005088908
10143,49,100.0,15,5597.76,8/10/2003 0:00,Shipped,3,8,2003,Classic Cars,136,S10_4757,Mini Creations Ltd.,5085559555,4575 Hillside Dr.,New Bedford,50553,USA,EMEA,Tam,Wing C,Medium,45738.39,81.08375,0.12238646791021722
10155,32,100.0,13,4526.08,10/6/2003 0:00,Shipped,4,10,2003,Classic Cars,136,S10_4757,"Toys of Finland, Co.",90-224 8555,Keskuskatu 45,Helsinki,21240,Finland,EMEA,Karttunen,Matti,Medium,42083.5,81.96538461538461,0.1075499899010301
10167,44,100.0,9,5924.16,10/23/2003 0:00,Cancelled,4,10,2003,Classic Cars,136,S10_4757,Scandinavian Gift Ideas,0695-34 6555,?kergatan 24,Boras,S-844 67,Sweden,EMEA,Larsson,Maria,Medium,48710.92,81.586875,0.12161872532894062
10178,24,100.0,12,3492.48,11/8/2003 0:00,Shipped,4,11,2003,Classic Cars,136,S10_4757,Alpha Cognac,61.77.6555,1 rue Alsace-Lorraine,Toulouse,31000,France,EMEA,Roulet,Annette,Medium,38098.24,82.72166666666666,0.09167037637434171
10186,26,100.0,9,3854.24,11/14/2003 0:00,Shipped,4,11,2003,Classic Cars,136,S10_4757,"Double Decker Gift Stores, Ltd",(171) 555-7555,120 Hanover Sq.,London,WA1 1DP,UK,EMEA,Hardy,Thomas,Medium,27541.82,84.99444444444445,0.1399413691615151
10197,45,100.0,6,5324.4,11/26/2003 0:00,Shipped,4,11,2003,Classic Cars,136,S10_4757,Enaco Distributors,(93) 203 4555,"Rambla de CataluÂ¤a, 23",Barcelona,8022,Spain,EMEA,Saavedra,Eduardo,Medium,44009.31,83.48214285714286,0.12098349190205436
10209,39,100.0,8,5197.92,1/9/2004 0:00,Shipped,1,1,2004,Classic Cars,136,S10_4757,"Men 'R' US Retailers, Ltd.",2155554369,6047 Douglas Av.,Los Angeles,28034,USA,EMEA,Chandler,Michael,Medium,23889.32,85.36625,0.21758342221545027
10222,49,100.0,12,5997.6,2/19/2004 0:00,Shipped,1,2,2004,Classic Cars,136,S10_4757,Collectable Mini Designs Co.,7605558146,361 Furth Circle,San Diego,91217,USA,EMEA,Thompson,Valarie,Medium,61617.01,80.55444444444444,0.097336758145194
10248,20,100.0,3,2910.4,5/7/2004 0:00,Cancelled,2,5,2004,Classic Cars,136,S10_4757,Land of Toys Inc.,2125557818,897 Long Airport Avenue,NYC,10022,USA,EMEA,Yu,Kwai,Small,45357.659999999996,87.77785714285714,0.06416556762407938
10261,27,100.0,1,3378.24,6/17/2004 0:00,Shipped,2,6,2004,Classic Cars,136,S10_4757,Quebec Home Shopping Network,(514) 555-8054,43 rue St. Laurent,Montreal,H1J 1C3,Canada,EMEA,Fresnisre,Jean,Medium,24564.53,81.30333333333334,0.13752512260564317
10273,30,100.0,4,3508.8,7/21/2004 0:00,Shipped,3,7,2004,Classic Cars,136,S10_4757,Petit Auto,(02) 5554 67,Rue Joseph-Bens 532,Bruxelles,B-1180,Belgium,EMEA,Dewey,Catherine,Medium,47760.479999999996,86.49533333333333,0.07346659832564498
10283,25,100.0,6,2992.0,8/20/2004 0:00,Shipped,3,8,2004,Classic Cars,136,S10_4757,"Royal Canadian Collectables, Ltd.",(604) 555-4555,23 Tsawassen Blvd.,Tsawassen,T2F 8M4,Canada,EMEA,Lincoln,Elizabeth,Small,43332.35,84.92857142857143,0.06904772069827739
10295,24,100.0,1,3427.2,9/10/2004 0:00,Shipped,3,9,2004,Classic Cars,136,S10_4757,Gifts4AllAges.com,6175559555,8616 Spinnaker Dr.,Boston,51003,USA,EMEA,Yoshido,Juri,Medium,15344.64,83.772,0.22334834834834835
10307,22,100.0,9,2692.8,10/14/2004 0:00,Shipped,4,10,2004,Classic Cars,136,S10_4757,"Classic Gift Ideas, Inc",2155554695,782 First Street,Philadelphia,71270,USA,EMEA,Cervantes,Francisca,Small,27445.31,84.45333333333333,0.09811512422341012
10316,33,100.0,17,4128.96,11/1/2004 0:00,Shipped,4,11,2004,Classic Cars,136,S10_4757,giftsbymail.co.uk,(198) 555-8888,Garden House Crowther Way,Cowes,PO31 7PJ,UK,EMEA,Bennett,Helen,Medium,51334.16,79.435,0.0804329904297645
10325,47,64.93,6,3051.71,11/5/2004 0:00,Shipped,4,11,2004,Classic Cars,136,S10_4757,Baane Mini Imports,07-98 9555,Erling Skakkes gate 78,Stavern,4110,Norway,EMEA,Bergulfsen,Jonas,Medium,40652.85,88.67222222222222,0.07506755368934774
10337,25,48.05,8,1201.25,11/21/2004 0:00,Shipped,4,11,2004,Classic Cars,136,S10_4757,Classic Legends Inc.,2125558493,5905 Pompton St.,NYC,10022,USA,EMEA,Hernandez,Maria,Small,27733.04,83.19444444444444,0.0433147610215108
10350,26,75.47,5,1962.22,12/2/2004 0:00,Shipped,4,12,2004,Classic Cars,136,S10_4757,Euro Shopping Channel,(91) 555 94 44,"C/ Moralzarzal, 86",Madrid,28034,Spain,EMEA,Freyre,Diego,Small,52269.17,84.99470588235295,0.037540676463773966
10359,48,54.68,6,2624.64,12/15/2004 0:00,Shipped,4,12,2004,Classic Cars,136,S10_4757,Reims Collectables,26.47.1555,59 rue de l'Abbaye,Reims,51100,France,EMEA,Henriot,Paul,Small,30214.42,85.2125,0.08686713165435576
10373,39,100.0,3,4046.25,1/31/2005 0:00,Shipped,1,1,2005,Classic Cars,136,S10_4757,"Oulu Toy Supplies, Inc.",981-443655,Torikatu 38,Oulu,90110,Finland,EMEA,Koskitalo,Pirkko,Medium,49055.4,79.01235294117647,0.08248327401264692
10384,34,100.0,4,4846.7,2/23/2005 0:00,Shipped,1,2,2005,Classic Cars,136,S10_4757,Corporate Gift Ideas Co.,6505551386,7734 Strong St.,San Francisco,28034,USA,EMEA,Brown,Julie,Medium,17707.67,94.6025,0.27370625271421933
10395,32,100.0,2,3370.56,3/17/2005 0:00,Shipped,1,3,2005,Classic Cars,136,S10_4757,Lyon Souveniers,+33 1 46 62 7555,27 rue du Colonel Pierre Avia,Paris,75508,France,EMEA,Da Cunha,Daniel,Medium,20321.53,92.28,0.16586152715863423
10400,64,100.0,9,9661.44,4/1/2005 0:00,Shipped,2,4,2005,Classic Cars,136,S10_4757,The Sharp Gifts Warehouse,4085553659,3086 Ingle Ln.,San Jose,94217,USA,EMEA,Frick,Sue,Large,37526.84,78.95333333333333,0.25745413149628377
10414,19,100.0,3,2764.88,5/6/2005 0:00,On Hold,2,5,2005,Classic Cars,136,S10_4757,Gifts4AllAges.com,6175559555,8616 Spinnaker Dr.,Boston,51003,USA,EMEA,Yoshido,Juri,Small,48316.89,87.77785714285714,0.057223881752323055
10103,42,100.0,4,5398.26,1/29/2003 0:00,Shipped,1,1,2003,Classic Cars,147,S10_4962,Baane Mini Imports,07-98 9555,Erling Skakkes gate 78,Stavern,4110,Norway,EMEA,Bergulfsen,Jonas,Medium,54702.0,88.59625,0.09868487441044203
10114,31,100.0,8,4305.28,4/1/2003 0:00,Shipped,2,4,2003,Classic Cars,147,S10_4962,"La Corne D'abondance, Co.",(1) 42.34.2555,"265, boulevard Charonne",Paris,75012,France,EMEA,Bertrand,Marie,Medium,38217.41,85.446,0.11265232259328928
10126,22,100.0,4,3347.74,5/28/2003 0:00,Shipped,2,5,2003,Classic Cars,147,S10_4962,"Corrida Auto Replicas, Ltd",(91) 555 22 82,"C/ Araquil, 67",Madrid,28023,Spain,EMEA,Sommer,MartÂ¡n,Medium,61073.21,86.85000000000001,0.05481519638479785
10140,26,100.0,4,3188.12,7/24/2003 0:00,Shipped,3,7,2003,Classic Cars,147,S10_4962,Technics Stores Inc.,6505556809,9408 Furth Circle,Burlingame,94217,USA,EMEA,Hirano,Juri,Medium,42031.83,87.82,0.07585013548065835
10150,20,100.0,1,3191.2,9/19/2003 0:00,Shipped,3,9,2003,Classic Cars,147,S10_4962,"Dragon Souveniers, Ltd.",+65 221 7555,"Bronz Sok., Bronz Apt. 3/6 Tesvikiye",Singapore,79903,Singapore,Japan,Natividad,Eric,Medium,44219.36,85.64454545454545,0.07216748501109016
10164,21,100.0,2,3536.82,10/21/2003 0:00,Resolved,4,10,2003,Classic Cars,147,S10_4962,Mini Auto Werke,7675-3555,Kirchgasse 6,Graz,8010,Austria,EMEA,Mendel,Roland,Medium,28550.59,86.23375,0.1238790511859825
10175,33,100.0,9,5362.83,11/6/2003 0:00,Shipped,4,11,2003,Classic Cars,147,S10_4962,"Stylish Desk Decors, Co.",(171) 555-0297,35 King George,London,WX3 6FW,UK,EMEA,Brown,Ann,Medium,42688.31,85.38916666666667,0.12562760156117683
10183,28,100.0,1,3433.36,11/13/2003 0:00,Shipped,4,11,2003,Classic Cars,147,S10_4962,"Classic Gift Ideas, Inc",2155554695,782 First Street,Philadelphia,71270,USA,EMEA,Cervantes,Francisca,Medium,40061.659999999996,87.91666666666667,0.08570189053573916
10194,26,100.0,4,4263.74,11/25/2003 0:00,Shipped,4,11,2003,Classic Cars,147,S10_4962,"Saveley & Henriot, Co.",78.32.5555,"2, rue du Commerce",Lyon,69004,France,EMEA,Saveley,Mary,Medium,41535.11,86.34818181818183,0.10265387523952627
10207,31,100.0,15,4076.19,12/9/2003 0:00,Shipped,4,12,2003,Classic Cars,147,S10_4962,Diecast Collectables,6175552555,6251 Ingle Ln.,Boston,51003,USA,EMEA,Franco,Valarie,Medium,63730.78,83.64875,0.0639595184618798
10217,48,100.0,4,7020.48,2/4/2004 0:00,Shipped,1,2,2004,Classic Cars,147,S10_4962,Handji Gifts& Co,+65 224 1555,Village Close - 106 Linden Road Sandown,Singapore,69045,Singapore,APAC,Victorino,Wendy,Large,24219.59,87.34714285714286,0.2898678301325497
10229,50,100.0,9,6426.5,3/11/2004 0:00,Shipped,1,3,2004,Classic Cars,147,S10_4962,Mini Gifts Distributors Ltd.,4155551450,5677 Strong St.,San Rafael,97562,USA,EMEA,Nelson,Valarie,Medium,48922.77,82.845,0.13136010082830551
10245,28,100.0,2,4591.72,5/4/2004 0:00,Shipped,2,5,2004,Classic Cars,147,S10_4962,Super Scale Inc.,2035559545,567 North Pendale Street,New Haven,97823,USA,EMEA,Murphy,Leslie,Medium,36973.31,92.11444444444444,0.1241901252552179
10259,26,100.0,12,4033.38,6/15/2004 0:00,Shipped,2,6,2004,Classic Cars,147,S10_4962,Handji Gifts& Co,+65 224 1555,Village Close - 106 Linden Road Sandown,Singapore,69045,Singapore,APAC,Victorino,Wendy,Medium,45788.72,81.47692307692309,0.08808676023265119
10270,32,100.0,2,4302.08,7/19/2004 0:00,Shipped,3,7,2004,Classic Cars,147,S10_4962,Souveniers And Things Co.,+61 2 9495 8555,"Monitor Money Building, 815 Pacific Hwy",Chatswood,2067,Australia,APAC,Huxley,Adrian,Medium,41297.14,89.86454545454545,0.10417379992900234
10281,44,100.0,9,7020.64,8/19/2004 0:00,Shipped,3,8,2004,Classic Cars,147,S10_4962,Diecast Classics Inc.,2155551555,7586 Pompton St.,Allentown,70267,USA,EMEA,Yu,Kyung,Large,44781.35,82.7942857142857,0.15677597928601975
10291,30,100.0,4,3855.9,9/8/2004 0:00,Shipped,3,9,2004,Classic Cars,147,S10_4962,Scandinavian Gift Ideas,0695-34 6555,?kergatan 24,Boras,S-844 67,Sweden,EMEA,Larsson,Maria,Medium,53941.69,86.83428571428571,0.07148274368118611
10305,38,100.0,13,6680.78,10/13/2004 0:00,Shipped,4,10,2004,Classic Cars,147,S10_4962,Marta's Replicas Co.,6175558555,39323 Spinnaker Dr.,Cambridge,51247,USA,EMEA,Hernandez,Marta,Medium,54251.659999999996,85.99928571428572,0.12314425033261656
10313,40,100.0,7,6678.0,10/22/2004 0:00,Shipped,4,10,2004,Classic Cars,147,S10_4962,Canadian Gift Exchange Network,(604) 555-3392,1900 Oak St.,Vancouver,V3F 2K1,Canada,EMEA,Tannamuri,Yoshi,Medium,36576.71,85.57545454545455,0.18257519607422318
10322,46,61.99,8,2851.54,11/4/2004 0:00,Shipped,4,11,2004,Classic Cars,147,S10_4962,Online Diecast Creations Co.,6035558647,2304 Long Airport Avenue,Nashua,62005,USA,EMEA,Young,Valarie,Small,55570.6,81.72071428571428,0.051313824216402196
10334,26,100.0,2,3188.12,11/19/2004 0:00,On Hold,4,11,2004,Classic Cars,147,S10_4962,"Volvo Model Replicas, Co",0921-12 3555,BerguvsvÂgen  8,Lule,S-958 22,Sweden,EMEA,Berglund,Christina,Medium,26260.21,93.56333333333333,0.12140496972415682
10347,27,100.0,2,4428.0,11/29/2004 0:00,Shipped,4,11,2004,Classic Cars,147,S10_4962,"Australian Collectors, Co.",03 9520 4555,636 St Kilda Road,Melbourne,3004,Australia,APAC,Ferguson,Peter,Medium,47442.91,89.45916666666666,0.09333322934870562
10357,43,100.0,9,5780.92,12/10/2004 0:00,Shipped,4,12,2004,Classic Cars,147,S10_4962,Mini Gifts Distributors Ltd.,4155551450,5677 Strong St.,San Rafael,97562,USA,EMEA,Nelson,Valarie,Medium,42152.11,91.77000000000001,0.13714426158026252
10370,35,65.63,4,2297.05,1/20/2005 0:00,Shipped,1,1,2005,Classic Cars,147,S10_4962,"Anna's Decorations, Ltd",02 9936 8555,201 Miller Street,North Sydney,2060,Australia,APAC,O'Hara,Anna,Small,29852.17,86.31888888888889,0.07694750498874957
10381,37,100.0,6,6231.54,2/17/2005 0:00,Shipped,1,2,2005,Classic Cars,147,S10_4962,Corporate Gift Ideas Co.,6505551386,7734 Strong St.,San Francisco,28034,USA,EMEA,Brown,Julie,Medium,36495.95,85.2811111111111,0.17074606908437787
10391,37,46.9,7,1735.3,3/9/2005 0:00,Shipped,1,3,2005,Classic Cars,147,S10_4962,"Anna's Decorations, Ltd",02 9936 8555,201 Miller Street,North Sydney,2060,Australia,APAC,O'Hara,Anna,Small,35160.25,77.89500000000001,0.04935402905269445
10411,27,100.0,2,4427.73,5/1/2005 0:00,Shipped,2,5,2005,Classic Cars,147,S10_4962,Quebec Home Shopping Network,(514) 555-8054,43 rue St. Laurent,Montreal,H1J 1C3,Canada,EMEA,Fresnisre,Jean,Medium,33692.97,92.11444444444444,0.1314140605592205
10425,38,100.0,12,5894.94,5/31/2005 0:00,In Process,2,5,2005,Classic Cars,147,S10_4962,La Rochelle Gifts,40.67.8555,"67, rue des Cinquante Otages",Nantes,44000,France,EMEA,Labrune,Janine,Medium,43784.69,81.47692307692309,0.13463473191199937
10108,33,100.0,6,5265.15,3/3/2003 0:00,Shipped,1,3,2003,Classic Cars,194,S12_1099,Cruz & Sons Co.,+63 2 555 3587,15 McCallum Street - NatWest Center #13-03,Makati City,1227 MM,Philippines,Japan,Cruz,Arnold,Medium,55245.020000000004,82.81125,0.09530542300464366
10122,42,100.0,10,7599.9,5/8/2003 0:00,Shipped,2,5,2003,Classic Cars,194,S12_1099,Marseille Mini Autos,91.24.4555,"12, rue des Bouchers",Marseille,13008,France,EMEA,Lebihan,Laurence,Large,52481.840000000004,79.76,0.14481009049987575
10135,42,100.0,7,8008.56,7/2/2003 0:00,Shipped,3,7,2003,Classic Cars,194,S12_1099,Mini Gifts Distributors Ltd.,4155551450,5677 Strong St.,San Rafael,97562,USA,EMEA,Nelson,Valarie,Large,59280.51,79.85588235294118,0.13509600372871286
10147,48,100.0,7,9245.76,9/5/2003 0:00,Shipped,3,9,2003,Classic Cars,194,S12_1099,Collectables For Less Inc.,6175558555,7825 Douglas Av.,Brickhaven,58339,USA,EMEA,Nelson,Allen,Large,34992.4,82.3709090909091,0.2642219453367017
10159,41,100.0,2,8296.35,10/10/2003 0:00,Shipped,4,10,2003,Classic Cars,194,S12_1099,Corporate Gift Ideas Co.,6505551386,7734 Strong St.,San Francisco,28034,USA,EMEA,Brown,Julie,Large,62498.29,83.05611111111111,0.13274523190954504
10169,30,100.0,2,5019.9,11/4/2003 0:00,Shipped,4,11,2003,Classic Cars,194,S12_1099,"Anna's Decorations, Ltd",02 9936 8555,201 Miller Street,North Sydney,2060,Australia,APAC,O'Hara,Anna,Medium,41791.95,80.17461538461538,0.12011643390652985
10181,27,100.0,14,5411.07,11/12/2003 0:00,Shipped,4,11,2003,Classic Cars,194,S12_1099,Herkku Gifts,+47 2267 3215,"Drammen 121, PR 744 Sentrum",Bergen,N 5804,Norway,EMEA,Oeztan,Veysel,Medium,60795.84,88.24470588235295,0.08900395158616116
10191,21,100.0,3,3840.9,11/20/2003 0:00,Shipped,4,11,2003,Classic Cars,194,S12_1099,"Toms Spezialitten, Ltd",0221-5554327,Mehrheimerstr. 369,Koln,50739,Germany,EMEA,Pfalzheim,Henriette,Medium,31363.18,84.28444444444443,0.12246526021914869
10203,20,100.0,8,3930.4,12/2/2003 0:00,Shipped,4,12,2003,Classic Cars,194,S12_1099,Euro Shopping Channel,(91) 555 94 44,"C/ Moralzarzal, 86",Madrid,28034,Spain,EMEA,Freyre,Diego,Medium,45116.18,86.94545454545454,0.08711730470088558
10211,41,100.0,2,7498.9,1/15/2004 0:00,Shipped,1,1,2004,Classic Cars,194,S12_1099,Auto Canal Petit,(1) 47.55.6555,"25, rue Lauriston",Paris,75016,France,EMEA,Perrier,Dominique,Large,51172.65,82.83133333333333,0.14654116994136515
10225,27,100.0,9,4517.91,2/22/2004 0:00,Shipped,1,2,2004,Classic Cars,194,S12_1099,"Vida Sport, Ltd",0897-034555,Grenzacherweg 237,Gensve,1203,Switzerland,EMEA,Holz,Michael,Medium,50432.549999999996,85.34071428571428,0.08958321560182858
10238,28,100.0,3,5774.72,4/9/2004 0:00,Shipped,2,4,2004,Classic Cars,194,S12_1099,Danish Wholesale Imports,31 12 3555,Vinb'ltet 34,Kobenhavn,1734,Denmark,EMEA,Petersen,Jytte,Medium,31329.56,87.95,0.18432177151546336
10253,24,100.0,13,3922.56,6/1/2004 0:00,Cancelled,2,6,2004,Classic Cars,194,S12_1099,"UK Collectables, Ltd.",(171) 555-2282,Berkeley Gardens 12  Brewery,Liverpool,WX1 6LT,UK,EMEA,Devon,Elizabeth,Medium,50408.25,90.67357142857144,0.07781583371769502
10266,44,100.0,14,9160.36,7/6/2004 0:00,Shipped,3,7,2004,Classic Cars,194,S12_1099,L'ordine Souveniers,0522-556555,Strada Provinciale 124,Reggio Emilia,42100,Italy,EMEA,Moroni,Maurizio,Large,56421.65,86.83,0.16235540789750036
10276,50,100.0,3,9631.0,8/2/2004 0:00,Shipped,3,8,2004,Classic Cars,194,S12_1099,Online Mini Collectables,6175557555,7635 Spinnaker Dr.,Brickhaven,58339,USA,EMEA,Barajas,Miguel,Large,52505.36,80.24285714285715,0.18342889183123398
10287,21,100.0,12,3432.24,8/30/2004 0:00,Shipped,3,8,2004,Classic Cars,194,S12_1099,"Vida Sport, Ltd",0897-034555,Grenzacherweg 237,Gensve,1203,Switzerland,EMEA,Holz,Michael,Medium,67281.01,89.31294117647059,0.051013502918579846
10300,33,100.0,5,5521.89,10/4/2003 0:00,Shipped,4,10,2003,Classic Cars,194,S12_1099,"Blauer See Auto, Co.",+49 69 66 90 2555,Lyonerstr. 34,Frankfurt,60528,Germany,EMEA,Keitel,Roland,Medium,27257.79,88.32375,0.2025802532046802
10310,33,100.0,10,6934.62,10/16/2004 0:00,Shipped,4,10,2004,Classic Cars,194,S12_1099,"Toms Spezialitten, Ltd",0221-5554327,Mehrheimerstr. 369,Koln,50739,Germany,EMEA,Pfalzheim,Henriette,Medium,68943.4,85.85235294117648,0.10058424736813097
10320,31,100.0,3,6876.11,11/3/2004 0:00,Shipped,4,11,2004,Classic Cars,194,S12_1099,"Volvo Model Replicas, Co",0921-12 3555,BerguvsvÂgen  8,Lule,S-958 22,Sweden,EMEA,Berglund,Christina,Medium,19599.35,86.92999999999999,0.35083357356238853
10329,41,71.47,5,2930.27,11/15/2004 0:00,Shipped,4,11,2004,Classic Cars,194,S12_1099,Land of Toys Inc.,2125557818,897 Long Airport Avenue,NYC,10022,USA,EMEA,Yu,Kwai,Small,53152.28,87.41266666666667,0.05512971409693056
10341,45,79.65,2,3584.25,11/24/2004 0:00,Shipped,4,11,2004,Classic Cars,194,S12_1099,Salzburg Collectables,6562-9555,Geislweg 14,Salzburg,5020,Austria,EMEA,Pipps,Georg,Medium,45001.11,91.536,0.0796480353484614
10363,33,85.39,3,2817.87,1/6/2005 0:00,Shipped,1,1,2005,Classic Cars,194,S12_1099,Suominen Souveniers,+358 9 8045 555,"Software Engineering Center, SEC Oy",Espoo,FIN-02271,Finland,EMEA,Suominen,Kalle,Small,51373.49,87.70666666666666,0.05485066325063764
10375,45,76.0,7,3420.0,2/3/2005 0:00,Shipped,1,2,2005,Classic Cars,194,S12_1099,La Rochelle Gifts,40.67.8555,"67, rue des Cinquante Otages",Nantes,44000,France,EMEA,Labrune,Janine,Medium,59617.4,85.766,0.05736580260125399
10389,26,99.04,4,2575.04,3/3/2005 0:00,Shipped,1,3,2005,Classic Cars,194,S12_1099,Scandinavian Gift Ideas,0695-34 6555,?kergatan 24,Boras,S-844 67,Sweden,EMEA,Larsson,Maria,Small,31606.72,87.7875,0.08147128205647407
10419,12,100.0,13,1961.28,5/17/2005 0:00,Shipped,2,5,2005,Classic Cars,194,S12_1099,Salzburg Collectables,6562-9555,Geislweg 14,Salzburg,5020,Austria,EMEA,Pipps,Georg,Small,59475.1,90.67357142857144,0.03297648932074095
10105,41,100.0,15,8690.36,2/11/2003 0:00,Shipped,1,2,2003,Classic Cars,207,S12_1108,Danish Wholesale Imports,31 12 3555,Vinb'ltet 34,Kobenhavn,1734,Denmark,EMEA,Petersen,Jytte,Large,58871.11,85.284,0.14761671726590514
10117,33,100.0,9,6034.38,4/16/2003 0:00,Shipped,2,4,2003,Classic Cars,207,S12_1108,"Dragon Souveniers, Ltd.",+65 221 7555,"Bronz Sok., Bronz Apt. 3/6 Tesvikiye",Singapore,79903,Singapore,Japan,Natividad,Eric,Medium,43657.47,87.43416666666667,0.13822101922076566
10127,46,100.0,2,11279.2,6/3/2003 0:00,Shipped,2,6,2003,Classic Cars,207,S12_1108,Muscle Machine Inc,2125557413,4092 Furth Circle,NYC,10022,USA,EMEA,Young,Jeff,Large,68462.15,85.852,0.16475088789937217
10142,33,100.0,12,8023.29,8/8/2003 0:00,Shipped,3,8,2003,Classic Cars,207,S12_1108,Mini Gifts Distributors Ltd.,4155551450,5677 Strong St.,San Rafael,97562,USA,EMEA,Nelson,Valarie,Large,63088.16,85.518125,0.12717584408865307
10153,20,100.0,11,4904.0,9/28/2003 0:00,Shipped,3,9,2003,Classic Cars,207,S12_1108,Euro Shopping Channel,(91) 555 94 44,"C/ Moralzarzal, 86",Madrid,28034,Spain,EMEA,Freyre,Diego,Medium,47727.82,86.91461538461539,0.10274929799852581
10165,44,100.0,3,8594.52,10/22/2003 0:00,Shipped,4,10,2003,Classic Cars,207,S12_1108,"Dragon Souveniers, Ltd.",+65 221 7555,"Bronz Sok., Bronz Apt. 3/6 Tesvikiye",Singapore,79903,Singapore,Japan,Natividad,Eric,Large,77809.37,85.15388888888889,0.1104561057363657
10176,33,100.0,2,7474.5,11/6/2003 0:00,Shipped,4,11,2003,Classic Cars,207,S12_1108,L'ordine Souveniers,0522-556555,Strada Provinciale 124,Reggio Emilia,42100,Italy,EMEA,Moroni,Maurizio,Large,44669.74,89.72200000000001,0.16732803907074453
10185,21,100.0,13,3883.74,11/14/2003 0:00,Shipped,4,11,2003,Classic Cars,207,S12_1108,Mini Creations Ltd.,5085559555,4575 Hillside Dr.,New Bedford,50553,USA,EMEA,Tam,Wing C,Medium,52191.44,83.18625,0.07441335207459307
10196,47,100.0,5,8887.7,11/26/2003 0:00,Shipped,4,11,2003,Classic Cars,207,S12_1108,Super Scale Inc.,2035559545,567 North Pendale Street,New Haven,97823,USA,EMEA,Murphy,Leslie,Large,42498.76,94.56125,0.20912845457138043
10208,46,100.0,13,8602.92,1/2/2004 0:00,Shipped,1,1,2004,Classic Cars,207,S12_1108,"Saveley & Henriot, Co.",78.32.5555,"2, rue du Commerce",Lyon,69004,France,EMEA,Saveley,Mary,Large,54536.87,88.116,0.15774502643807758
10220,32,100.0,2,7181.44,2/12/2004 0:00,Shipped,1,2,2004,Classic Cars,207,S12_1108,"Clover Collections, Co.",+353 1862 1555,25 Maiden Lane,Dublin,2,Ireland,EMEA,Cassidy,Dean,Large,38784.47,86.38111111111111,0.1851627726252286
10231,42,100.0,2,8378.58,3/19/2004 0:00,Shipped,1,3,2004,Classic Cars,207,S12_1108,CAF Imports,+34 913 728 555,"Merchants House, 27-30 Merchant's Quay",Madrid,28023,Spain,EMEA,Fernandez,Jesus,Large,15330.7,100.0,0.5465229898178166
10247,44,100.0,2,10606.2,5/5/2004 0:00,Shipped,2,5,2004,Classic Cars,207,S12_1108,Suominen Souveniers,+358 9 8045 555,"Software Engineering Center, SEC Oy",Espoo,FIN-02271,Finland,EMEA,Suominen,Kalle,Large,31018.23,85.59333333333332,0.34193440438090766
10272,35,100.0,2,5818.4,7/20/2004 0:00,Shipped,3,7,2004,Classic Cars,207,S12_1108,Diecast Classics Inc.,2155551555,7586 Pompton St.,Allentown,70267,USA,EMEA,Yu,Kyung,Medium,27149.26,86.90833333333335,0.2143115502963985
10282,41,100.0,5,7071.27,8/20/2004 0:00,Shipped,3,8,2004,Classic Cars,207,S12_1108,Mini Gifts Distributors Ltd.,4155551450,5677 Strong St.,San Rafael,97562,USA,EMEA,Nelson,Valarie,Large,52807.15,89.22,0.1339074348833444
10293,46,100.0,8,8411.56,9/9/2004 0:00,Shipped,3,9,2004,Classic Cars,207,S12_1108,Amica Models & Co.,011-4988555,Via Monte Bianco 34,Torino,10100,Italy,EMEA,Accorti,Paolo,Large,38039.0,92.4388888888889,0.22112989300454794
10306,31,100.0,13,6570.76,10/14/2004 0:00,Shipped,4,10,2004,Classic Cars,207,S12_1108,"AV Stores, Co.",(171) 555-1555,Fauntleroy Circus,Manchester,EC2 5NT,UK,EMEA,Ashworth,Victoria,Medium,57827.61,85.14999999999999,0.11362669147142689
10314,38,100.0,5,7975.44,10/22/2004 0:00,Shipped,4,10,2004,Classic Cars,207,S12_1108,Heintze Collectables,86 21 3555,Smagsloget 45,Aaarhus,8200,Denmark,EMEA,Ibsen,Palle,Large,60273.94,86.30199999999999,0.13231987157302144
10325,42,64.0,8,2688.0,11/5/2004 0:00,Shipped,4,11,2004,Classic Cars,207,S12_1108,Baane Mini Imports,07-98 9555,Erling Skakkes gate 78,Stavern,4110,Norway,EMEA,Bergulfsen,Jonas,Small,40652.85,88.67222222222222,0.06612082547718057
10336,33,57.22,10,1888.26,11/20/2004 0:00,Shipped,4,11,2004,Classic Cars,207,S12_1108,"La Corne D'abondance, Co.",(1) 42.34.2555,"265, boulevard Charonne",Paris,75012,France,EMEA,Bertrand,Marie,Small,56812.67,92.10916666666667,0.033236600216113764
10348,48,52.36,8,2513.28,11/1/2004 0:00,Shipped,4,11,2004,Classic Cars,207,S12_1108,"Corrida Auto Replicas, Ltd",(91) 555 22 82,"C/ Araquil, 67",Madrid,28023,Spain,EMEA,Sommer,MartÂ¡n,Small,34546.6,85.6875,0.072750429854168
10359,42,100.0,8,4764.48,12/15/2004 0:00,Shipped,4,12,2004,Classic Cars,207,S12_1108,Reims Collectables,26.47.1555,59 rue de l'Abbaye,Reims,51100,France,EMEA,Henriot,Paul,Medium,30214.42,85.2125,0.15768894455031737
10371,32,100.0,6,3560.64,1/23/2005 0:00,Shipped,1,1,2005,Classic Cars,207,S12_1108,Mini Gifts Distributors Ltd.,4155551450,5677 Strong St.,San Rafael,97562,USA,EMEA,Nelson,Valarie,Medium,36124.270000000004,83.8225,0.09856642085777788
10382,34,100.0,10,3823.64,2/17/2005 0:00,Shipped,1,2,2005,Classic Cars,207,S12_1108,Mini Gifts Distributors Ltd.,4155551450,5677 Strong St.,San Rafael,97562,USA,EMEA,Nelson,Valarie,Medium,55741.020000000004,92.67461538461538,0.06859652012108855
10395,33,69.12,1,2280.96,3/17/2005 0:00,Shipped,1,3,2005,Classic Cars,207,S12_1108,Lyon Souveniers,+33 1 46 62 7555,27 rue du Colonel Pierre Avia,Paris,75508,France,EMEA,Da Cunha,Daniel,Small,20321.53,92.28,0.11224351709738392
10413,36,100.0,2,8677.8,5/5/2005 0:00,Shipped,2,5,2005,Classic Cars,207,S12_1108,Gift Depot Inc.,2035552570,25593 South Bay Ln.,Bridgewater,97562,USA,EMEA,King,Julie,Large,31648.47,85.59333333333332,0.2741933496311196
10103,27,100.0,8,3394.98,1/29/2003 0:00,Shipped,1,1,2003,Trucks and Buses,136,S12_1666,Baane Mini Imports,07-98 9555,Erling Skakkes gate 78,Stavern,4110,Norway,EMEA,Bergulfsen,Jonas,Medium,54702.0,88.59625,0.06206317867719645
10113,21,100.0,2,3415.44,3/26/2003 0:00,Shipped,1,3,2003,Trucks and Buses,136,S12_1666,Mini Gifts Distributors Ltd.,4155551450,5677 Strong St.,San Rafael,97562,USA,EMEA,Nelson,Valarie,Medium,12398.560000000001,79.5825,0.27547069982320527
10126,21,100.0,8,2439.57,5/28/2003 0:00,Shipped,2,5,2003,Trucks and Buses,136,S12_1666,"Corrida Auto Replicas, Ltd",(91) 555 22 82,"C/ Araquil, 67",Madrid,28023,Spain,EMEA,Sommer,MartÂ¡n,Small,61073.21,86.85000000000001,0.039945010258999
10140,38,100.0,8,4829.8,7/24/2003 0:00,Shipped,3,7,2003,Trucks and Buses,136,S12_1666,Technics Stores Inc.,6505556809,9408 Furth Circle,Burlingame,94217,USA,EMEA,Hirano,Juri,Medium,42031.83,87.82,0.11490815412985825
10150,30,100.0,5,4100.1,9/19/2003 0:00,Shipped,3,9,2003,Trucks and Buses,136,S12_1666,"Dragon Souveniers, Ltd.",+65 221 7555,"Bronz Sok., Bronz Apt. 3/6 Tesvikiye",Singapore,79903,Singapore,Japan,Natividad,Eric,Medium,44219.36,85.64454545454545,0.09272183043807057
10164,49,100.0,6,6563.06,10/21/2003 0:00,Resolved,4,10,2003,Trucks and Buses,136,S12_1666,Mini Auto Werke,7675-3555,Kirchgasse 6,Graz,8010,Austria,EMEA,Mendel,Roland,Medium,28550.59,86.23375,0.22987475915559014
10174,43,100.0,1,6817.22,11/6/2003 0:00,Shipped,4,11,2003,Trucks and Buses,136,S12_1666,"Australian Gift Network, Co",61-7-3844-6555,31 Duncan St. West End,South Brisbane,4101,Australia,APAC,Calaghan,Tony,Medium,27098.8,87.624,0.25156907316929167
10183,41,100.0,5,6163.94,11/13/2003 0:00,Shipped,4,11,2003,Trucks and Buses,136,S12_1666,"Classic Gift Ideas, Inc",2155554695,782 First Street,Philadelphia,71270,USA,EMEA,Cervantes,Francisca,Medium,40061.659999999996,87.91666666666667,0.15386132277094858
10194,38,100.0,8,4933.92,11/25/2003 0:00,Shipped,4,11,2003,Trucks and Buses,136,S12_1666,"Saveley & Henriot, Co.",78.32.5555,"2, rue du Commerce",Lyon,69004,France,EMEA,Saveley,Mary,Medium,41535.11,86.34818181818183,0.11878914007932084
10206,28,100.0,3,4056.36,12/5/2003 0:00,Shipped,4,12,2003,Trucks and Buses,136,S12_1666,Canadian Gift Exchange Network,(604) 555-3392,1900 Oak St.,Vancouver,V3F 2K1,Canada,EMEA,Tannamuri,Yoshi,Medium,38662.21,86.77,0.10491795476771763
10216,43,100.0,1,5759.42,2/2/2004 0:00,Shipped,1,2,2004,Trucks and Buses,136,S12_1666,Auto Assoc. & Cie.,30.59.8555,"67, avenue de l'Europe",Versailles,78000,France,EMEA,Tonini,Daniel,Medium,5759.42,100.0,1.0
10229,25,100.0,13,3451.0,3/11/2004 0:00,Shipped,1,3,2004,Trucks and Buses,136,S12_1666,Mini Gifts Distributors Ltd.,4155551450,5677 Strong St.,San Rafael,97562,USA,EMEA,Nelson,Valarie,Medium,48922.77,82.845,0.07053975071321596
10245,38,100.0,6,5920.4,5/4/2004 0:00,Shipped,2,5,2004,Trucks and Buses,136,S12_1666,Super Scale Inc.,2035559545,567 North Pendale Street,New Haven,97823,USA,EMEA,Murphy,Leslie,Medium,36973.31,92.11444444444444,0.16012631814679293
10258,41,100.0,3,6668.24,6/15/2004 0:00,Shipped,2,6,2004,Trucks and Buses,136,S12_1666,"Tokyo Collectables, Ltd",+81 3 3584 0555,2-2-8 Roppongi,Minato-ku,106-0032,Japan,Japan,Shimamura,Akiko,Medium,25928.75,83.7,0.25717552909415226
10270,28,100.0,6,4094.72,7/19/2004 0:00,Shipped,3,7,2004,Trucks and Buses,136,S12_1666,Souveniers And Things Co.,+61 2 9495 8555,"Monitor Money Building, 815 Pacific Hwy",Chatswood,2067,Australia,APAC,Huxley,Adrian,Medium,41297.14,89.86454545454545,0.09915262897140092
10281,25,100.0,13,2938.5,8/19/2004 0:00,Shipped,3,8,2004,Trucks and Buses,136,S12_1666,Diecast Classics Inc.,2155551555,7586 Pompton St.,Allentown,70267,USA,EMEA,Yu,Kyung,Small,44781.35,82.7942857142857,0.06561883462646839
10291,41,100.0,8,6387.8,9/8/2004 0:00,Shipped,3,9,2004,Trucks and Buses,136,S12_1666,Scandinavian Gift Ideas,0695-34 6555,?kergatan 24,Boras,S-844 67,Sweden,EMEA,Larsson,Maria,Medium,53941.69,86.83428571428571,0.1184204647648229
10304,39,100.0,3,6396.0,10/11/2004 0:00,Shipped,4,10,2004,Trucks and Buses,136,S12_1666,Auto Assoc. & Cie.,30.59.8555,"67, avenue de l'Europe",Versailles,78000,France,EMEA,Tonini,Daniel,Medium,59074.9,81.46235294117646,0.10826933266074085
10313,21,100.0,11,2669.1,10/22/2004 0:00,Shipped,4,10,2004,Trucks and Buses,136,S12_1666,Canadian Gift Exchange Network,(604) 555-3392,1900 Oak St.,Vancouver,V3F 2K1,Canada,EMEA,Tannamuri,Yoshi,Small,36576.71,85.57545454545455,0.07297266484601814
10322,27,100.0,9,4784.13,11/4/2004 0:00,Shipped,4,11,2004,Trucks and Buses,136,S12_1666,Online Diecast Creations Co.,6035558647,2304 Long Airport Avenue,Nashua,62005,USA,EMEA,Young,Valarie,Medium,55570.6,81.72071428571428,0.08609102655001026
10333,33,99.21,6,3273.93,11/18/2004 0:00,Shipped,4,11,2004,Trucks and Buses,136,S12_1666,Mini Wheels Co.,6505555787,5557 North Pendale Street,San Francisco,28034,USA,EMEA,Murphy,Julie,Medium,30348.72,85.3975,0.10787703731821308
10347,29,100.0,3,3586.43,11/29/2004 0:00,Shipped,4,11,2004,Trucks and Buses,136,S12_1666,"Australian Collectors, Co.",03 9520 4555,636 St Kilda Road,Melbourne,3004,Australia,APAC,Ferguson,Peter,Medium,47442.91,89.45916666666666,0.075594646281183
10357,49,100.0,8,5960.36,12/10/2004 0:00,Shipped,4,12,2004,Trucks and Buses,136,S12_1666,Mini Gifts Distributors Ltd.,4155551450,5677 Strong St.,San Rafael,97562,USA,EMEA,Nelson,Valarie,Medium,42152.11,91.77000000000001,0.14140122522929457
10370,49,100.0,8,8470.14,1/20/2005 0:00,Shipped,1,1,2005,Trucks and Buses,136,S12_1666,"Anna's Decorations, Ltd",02 9936 8555,201 Miller Street,North Sydney,2060,Australia,APAC,O'Hara,Anna,Large,29852.17,86.31888888888889,0.28373615720398215
10381,20,100.0,1,2952.0,2/17/2005 0:00,Shipped,1,2,2005,Trucks and Buses,136,S12_1666,Corporate Gift Ideas Co.,6505551386,7734 Strong St.,San Francisco,28034,USA,EMEA,Brown,Julie,Small,36495.95,85.2811111111111,0.08088568731598986
10391,39,63.2,9,2464.8,3/9/2005 0:00,Shipped,1,3,2005,Trucks and Buses,136,S12_1666,"Anna's Decorations, Ltd",02 9936 8555,201 Miller Street,North Sydney,2060,Australia,APAC,O'Hara,Anna,Small,35160.25,77.89500000000001,0.07010189062933285
10411,40,100.0,6,6232.0,5/1/2005 0:00,Shipped,2,5,2005,Trucks and Buses,136,S12_1666,Quebec Home Shopping Network,(514) 555-8054,43 rue St. Laurent,Montreal,H1J 1C3,Canada,EMEA,Fresnisre,Jean,Medium,33692.97,92.11444444444444,0.18496440058564145
10424,49,100.0,3,7969.36,5/31/2005 0:00,In Process,2,5,2005,Trucks and Buses,136,S12_1666,Euro Shopping Channel,(91) 555 94 44,"C/ Moralzarzal, 86",Madrid,28034,Spain,EMEA,Freyre,Diego,Large,35133.34,83.7,0.22683183551578076
10107,21,100.0,1,3036.6,2/24/2003 0:00,Shipped,1,2,2003,Motorcycles,150,S12_2823,Land of Toys Inc.,2125557818,897 Long Airport Avenue,NYC,10022,USA,EMEA,Yu,Kwai,Medium,25783.76,92.80125,0.117771806749675
10121,50,100.0,4,8284.0,5/7/2003 0:00,Shipped,2,5,2003,Motorcycles,150,S12_2823,Reims Collectables,26.47.1555,59 rue de l'Abbaye,Reims,51100,France,EMEA,Henriot,Paul,Large,18971.96,83.964,0.4366443952021826
10134,20,100.0,1,2711.2,7/1/2003 0:00,Shipped,3,7,2003,Motorcycles,150,S12_2823,Lyon Souveniers,+33 1 46 62 7555,27 rue du Colonel Pierre Avia,Paris,75508,France,EMEA,Da Cunha,Daniel,Small,25624.88,90.44142857142857,0.10580342229895319
10145,49,100.0,5,8339.8,8/25/2003 0:00,Shipped,3,8,2003,Motorcycles,150,S12_2823,Toys4GrownUps.com,6265557265,78934 Hillside Dr.,Pasadena,90003,USA,EMEA,Young,Julie,Large,55776.119999999995,83.8375,0.14952277067676992
10159,38,100.0,13,6238.84,10/10/2003 0:00,Shipped,4,10,2003,Motorcycles,150,S12_2823,Corporate Gift Ideas Co.,6505551386,7734 Strong St.,San Francisco,28034,USA,EMEA,Brown,Julie,Medium,62498.29,83.05611111111111,0.09982417118932374
10169,35,100.0,13,4639.25,11/4/2003 0:00,Shipped,4,11,2003,Motorcycles,150,S12_2823,"Anna's Decorations, Ltd",02 9936 8555,201 Miller Street,North Sydney,2060,Australia,APAC,O'Hara,Anna,Medium,41791.95,80.17461538461538,0.11100822048265277
10180,40,100.0,8,6747.6,11/11/2003 0:00,Shipped,4,11,2003,Motorcycles,150,S12_2823,Daedalus Designs Imports,20.16.1555,"184, chausse de Tournai",Lille,59000,France,EMEA,Rance,Martine,Medium,48874.28,82.245,0.1380603458506192
10189,28,100.0,1,4512.48,11/18/2003 0:00,Shipped,4,11,2003,Motorcycles,150,S12_2823,Toys4GrownUps.com,6265557265,78934 Hillside Dr.,Pasadena,90003,USA,EMEA,Young,Julie,Medium,4512.48,100.0,1.0
10201,25,100.0,1,4029.0,12/1/2003 0:00,Shipped,4,12,2003,Motorcycles,150,S12_2823,Mini Wheels Co.,6505555787,5557 North Pendale Street,San Francisco,28034,USA,EMEA,Murphy,Julie,Medium,25431.88,91.03714285714285,0.15842320740739574
10211,36,100.0,13,4771.8,1/15/2004 0:00,Shipped,1,1,2004,Motorcycles,150,S12_2823,Auto Canal Petit,(1) 47.55.6555,"25, rue Lauriston",Paris,75016,France,EMEA,Perrier,Dominique,Medium,51172.65,82.83133333333333,0.09324903048796573
10224,43,100.0,6,6087.94,2/21/2004 0:00,Shipped,1,2,2004,Motorcycles,150,S12_2823,Daedalus Designs Imports,20.16.1555,"184, chausse de Tournai",Lille,59000,France,EMEA,Rance,Martine,Medium,20178.129999999997,75.91666666666667,0.30170982147503267
10237,32,100.0,6,4193.28,4/5/2004 0:00,Shipped,2,4,2004,Motorcycles,150,S12_2823,Vitachrome Inc.,2125551500,2678 Kingston Rd.,NYC,10022,USA,EMEA,Frick,Michael,Medium,24804.34,82.27111111111111,0.1690542864676101
10251,46,100.0,1,7552.28,5/18/2004 0:00,Shipped,2,5,2004,Motorcycles,150,S12_2823,Tekni Collectables Inc.,2015559350,7476 Moss Rd.,Newark,94019,USA,EMEA,Brown,William,Large,27987.07,93.53000000000002,0.269848898080435
10263,48,100.0,1,6434.4,6/28/2004 0:00,Shipped,2,6,2004,Motorcycles,150,S12_2823,Gift Depot Inc.,2035552570,25593 South Bay Ln.,Bridgewater,97562,USA,EMEA,King,Julie,Medium,44130.520000000004,87.51272727272728,0.1458038563787601
10276,43,100.0,14,5181.5,8/2/2004 0:00,Shipped,3,8,2004,Motorcycles,150,S12_2823,Online Mini Collectables,6175557555,7635 Spinnaker Dr.,Brickhaven,58339,USA,EMEA,Barajas,Miguel,Medium,52505.36,80.24285714285715,0.09868516281004454
10285,49,100.0,5,6863.92,8/27/2004 0:00,Shipped,3,8,2004,Motorcycles,150,S12_2823,Marta's Replicas Co.,6175558555,39323 Spinnaker Dr.,Cambridge,51247,USA,EMEA,Hernandez,Marta,Medium,48828.72,84.42615384615384,0.14057136865353012
10299,24,100.0,8,4157.04,9/30/2004 0:00,Shipped,3,9,2004,Motorcycles,150,S12_2823,"Toys of Finland, Co.",90-224 8555,Keskuskatu 45,Helsinki,21240,Finland,EMEA,Karttunen,Matti,Medium,42744.06,84.18818181818182,0.09725421497162413
10309,26,100.0,4,4660.24,10/15/2004 0:00,Shipped,4,10,2004,Motorcycles,150,S12_2823,Baane Mini Imports,07-98 9555,Erling Skakkes gate 78,Stavern,4110,Norway,EMEA,Bergulfsen,Jonas,Medium,19769.68,88.24666666666667,0.2357266278462777
10319,30,100.0,9,4111.8,11/3/2004 0:00,Shipped,4,11,2004,Motorcycles,150,S12_2823,Microscale Inc.,2125551957,5290 North Pendale Street,NYC,10022,USA,EMEA,Kuo,Kee,Medium,31446.15,79.55222222222223,0.13075686530783578
10329,24,100.0,6,3542.64,11/15/2004 0:00,Shipped,4,11,2004,Motorcycles,150,S12_2823,Land of Toys Inc.,2125557818,897 Long Airport Avenue,NYC,10022,USA,EMEA,Yu,Kwai,Medium,53152.28,87.41266666666667,0.06665076267659638
10341,55,100.0,8,8118.55,11/24/2004 0:00,Shipped,4,11,2004,Motorcycles,150,S12_2823,Salzburg Collectables,6562-9555,Geislweg 14,Salzburg,5020,Austria,EMEA,Pipps,Georg,Large,45001.11,91.536,0.18040777216384218
10362,22,100.0,1,3877.06,1/5/2005 0:00,Shipped,1,1,2005,Motorcycles,150,S12_2823,Technics Stores Inc.,6505556809,9408 Furth Circle,Burlingame,94217,USA,EMEA,Hirano,Juri,Medium,13529.57,86.64750000000001,0.2865619528188996
10375,49,78.92,13,3867.08,2/3/2005 0:00,Shipped,1,2,2005,Motorcycles,150,S12_2823,La Rochelle Gifts,40.67.8555,"67, rue des Cinquante Otages",Nantes,44000,France,EMEA,Labrune,Janine,Medium,59617.4,85.766,0.06486495553311616
10388,44,100.0,6,5951.44,3/3/2005 0:00,Shipped,1,3,2005,Motorcycles,150,S12_2823,FunGiftIdeas.com,5085552555,1785 First Street,New Bedford,50553,USA,EMEA,Benitez,Violeta,Medium,37557.66,88.455,0.15846141639282105
10403,66,100.0,6,8648.64,4/8/2005 0:00,Shipped,2,4,2005,Motorcycles,150,S12_2823,"UK Collectables, Ltd.",(171) 555-2282,Berkeley Gardens 12  Brewery,Liverpool,WX1 6LT,UK,EMEA,Devon,Elizabeth,Large,40802.81,82.27111111111111,0.2119618722337996
10417,21,100.0,1,3447.78,5/13/2005 0:00,Disputed,2,5,2005,Motorcycles,150,S12_2823,Euro Shopping Channel,(91) 555 94 44,"C/ Moralzarzal, 86",Madrid,28034,Spain,EMEA,Freyre,Diego,Medium,31821.9,93.53000000000002,0.10834613897975923
10104,34,100.0,1,5958.5,1/31/2003 0:00,Shipped,1,1,2003,Classic Cars,151,S12_3148,Euro Shopping Channel,(91) 555 94 44,"C/ Moralzarzal, 86",Madrid,28034,Spain,EMEA,Freyre,Diego,Medium,44621.96,81.68384615384616,0.1335329062192696
10117,43,100.0,10,5911.64,4/16/2003 0:00,Shipped,2,4,2003,Classic Cars,151,S12_3148,"Dragon Souveniers, Ltd.",+65 221 7555,"Bronz Sok., Bronz Apt. 3/6 Tesvikiye",Singapore,79903,Singapore,Japan,Natividad,Eric,Medium,43657.47,87.43416666666667,0.13540958740852369
10127,46,100.0,3,7366.44,6/3/2003 0:00,Shipped,2,6,2003,Classic Cars,151,S12_3148,Muscle Machine Inc,2125557413,4092 Furth Circle,NYC,10022,USA,EMEA,Young,Jeff,Large,68462.15,85.852,0.10759872425858669
10142,33,100.0,13,4985.64,8/8/2003 0:00,Shipped,3,8,2003,Classic Cars,151,S12_3148,Mini Gifts Distributors Ltd.,4155551450,5677 Strong St.,San Rafael,97562,USA,EMEA,Nelson,Valarie,Medium,63088.16,85.518125,0.07902655585453752
10153,42,100.0,12,5393.64,9/28/2003 0:00,Shipped,3,9,2003,Classic Cars,151,S12_3148,Euro Shopping Channel,(91) 555 94 44,"C/ Moralzarzal, 86",Madrid,28034,Spain,EMEA,Freyre,Diego,Medium,47727.82,86.91461538461539,0.11300830417144551
10165,34,100.0,4,4880.02,10/22/2003 0:00,Shipped,4,10,2003,Classic Cars,151,S12_3148,"Dragon Souveniers, Ltd.",+65 221 7555,"Bronz Sok., Bronz Apt. 3/6 Tesvikiye",Singapore,79903,Singapore,Japan,Natividad,Eric,Medium,77809.37,85.15388888888889,0.06271763927660641
10176,47,100.0,3,8378.69,11/6/2003 0:00,Shipped,4,11,2003,Classic Cars,151,S12_3148,L'ordine Souveniers,0522-556555,Strada Provinciale 124,Reggio Emilia,42100,Italy,EMEA,Moroni,Maurizio,Large,44669.74,89.72200000000001,0.18756970602470488
10185,33,100.0,14,4038.21,11/14/2003 0:00,Shipped,4,11,2003,Classic Cars,151,S12_3148,Mini Creations Ltd.,5085559555,4575 Hillside Dr.,New Bedford,50553,USA,EMEA,Tam,Wing C,Medium,52191.44,83.18625,0.07737303281917494
10196,24,100.0,6,3807.12,11/26/2003 0:00,Shipped,4,11,2003,Classic Cars,151,S12_3148,Super Scale Inc.,2035559545,567 North Pendale Street,New Haven,97823,USA,EMEA,Murphy,Leslie,Medium,42498.76,94.56125,0.08958190780154526
10208,26,100.0,14,3142.36,1/2/2004 0:00,Shipped,1,1,2004,Classic Cars,151,S12_3148,"Saveley & Henriot, Co.",78.32.5555,"2, rue du Commerce",Lyon,69004,France,EMEA,Saveley,Mary,Medium,54536.87,88.116,0.05761900160386909
10220,30,100.0,3,4713.6,2/12/2004 0:00,Shipped,1,2,2004,Classic Cars,151,S12_3148,"Clover Collections, Co.",+353 1862 1555,25 Maiden Lane,Dublin,2,Ireland,EMEA,Cassidy,Dean,Medium,38784.47,86.38111111111111,0.12153318067773003
10230,43,100.0,1,7016.31,3/15/2004 0:00,Shipped,1,3,2004,Classic Cars,151,S12_3148,"Blauer See Auto, Co.",+49 69 66 90 2555,Lyonerstr. 34,Frankfurt,60528,Germany,EMEA,Keitel,Roland,Large,37266.49,83.42125,0.18827396945620586
10247,25,100.0,3,4381.25,5/5/2004 0:00,Shipped,2,5,2004,Classic Cars,151,S12_3148,Suominen Souveniers,+358 9 8045 555,"Software Engineering Center, SEC Oy",Espoo,FIN-02271,Finland,EMEA,Suominen,Kalle,Medium,31018.23,85.59333333333332,0.14124758247005068
10272,27,100.0,3,4283.01,7/20/2004 0:00,Shipped,3,7,2004,Classic Cars,151,S12_3148,Diecast Classics Inc.,2155551555,7586 Pompton St.,Allentown,70267,USA,EMEA,Yu,Kyung,Medium,27149.26,86.90833333333335,0.15775789100697404
10282,27,100.0,6,4364.82,8/20/2004 0:00,Shipped,3,8,2004,Classic Cars,151,S12_3148,Mini Gifts Distributors Ltd.,4155551450,5677 Strong St.,San Rafael,97562,USA,EMEA,Nelson,Valarie,Medium,52807.15,89.22,0.08265585247452285
10293,24,100.0,9,4242.24,9/9/2004 0:00,Shipped,3,9,2004,Classic Cars,151,S12_3148,Amica Models & Co.,011-4988555,Via Monte Bianco 34,Torino,10100,Italy,EMEA,Accorti,Paolo,Medium,38039.0,92.4388888888889,0.1115234364730934
10306,34,100.0,14,4982.7,10/14/2004 0:00,Shipped,4,10,2004,Classic Cars,151,S12_3148,"AV Stores, Co.",(171) 555-1555,Fauntleroy Circus,Manchester,EC2 5NT,UK,EMEA,Ashworth,Victoria,Medium,57827.61,85.14999999999999,0.08616472304492612
10314,46,100.0,6,6393.54,10/22/2004 0:00,Shipped,4,10,2004,Classic Cars,151,S12_3148,Heintze Collectables,86 21 3555,Smagsloget 45,Aaarhus,8200,Denmark,EMEA,Ibsen,Palle,Medium,60273.94,86.30199999999999,0.10607469828585953
10324,27,54.33,1,1466.91,11/5/2004 0:00,Shipped,4,11,2004,Classic Cars,151,S12_3148,Vitachrome Inc.,2125551500,2678 Kingston Rd.,NYC,10022,USA,EMEA,Frick,Michael,Small,56372.87,86.96642857142857,0.026021559661588988
10336,33,100.0,11,4059.33,11/20/2004 0:00,Shipped,4,11,2004,Classic Cars,151,S12_3148,"La Corne D'abondance, Co.",(1) 42.34.2555,"265, boulevard Charonne",Paris,75012,France,EMEA,Bertrand,Marie,Medium,56812.67,92.10916666666667,0.07145113933212432
10348,47,100.0,4,4801.52,11/1/2004 0:00,Shipped,4,11,2004,Classic Cars,151,S12_3148,"Corrida Auto Replicas, Ltd",(91) 555 22 82,"C/ Araquil, 67",Madrid,28023,Spain,EMEA,Sommer,MartÂ¡n,Medium,34546.6,85.6875,0.13898675991269765
10358,49,55.34,5,2711.66,12/10/2004 0:00,Shipped,4,12,2004,Classic Cars,151,S12_3148,Euro Shopping Channel,(91) 555 94 44,"C/ Moralzarzal, 86",Madrid,28034,Spain,EMEA,Freyre,Diego,Small,51435.45,85.22214285714286,0.05271967096623049
10372,40,100.0,4,5862.0,1/26/2005 0:00,Shipped,1,1,2005,Classic Cars,151,S12_3148,"Tokyo Collectables, Ltd",+81 3 3584 0555,2-2-8 Roppongi,Minato-ku,106-0032,Japan,Japan,Shimamura,Akiko,Medium,38191.39,92.24222222222221,0.15349009292408577
10382,37,100.0,11,4071.85,2/17/2005 0:00,Shipped,1,2,2005,Classic Cars,151,S12_3148,Mini Gifts Distributors Ltd.,4155551450,5677 Strong St.,San Rafael,97562,USA,EMEA,Nelson,Valarie,Medium,55741.020000000004,92.67461538461538,0.07304943468921092
10413,47,100.0,3,8236.75,5/5/2005 0:00,Shipped,2,5,2005,Classic Cars,151,S12_3148,Gift Depot Inc.,2035552570,25593 South Bay Ln.,Bridgewater,97562,USA,EMEA,King,Julie,Large,31648.47,85.59333333333332,0.26025744688447816
10108,45,100.0,4,6130.35,3/3/2003 0:00,Shipped,1,3,2003,Classic Cars,117,S12_3380,Cruz & Sons Co.,+63 2 555 3587,15 McCallum Street - NatWest Center #13-03,Makati City,1227 MM,Philippines,Japan,Cruz,Arnold,Medium,55245.020000000004,82.81125,0.11096656313998982
10122,37,99.82,8,3693.34,5/8/2003 0:00,Shipped,2,5,2003,Classic Cars,117,S12_3380,Marseille Mini Autos,91.24.4555,"12, rue des Bouchers",Marseille,13008,France,EMEA,Lebihan,Laurence,Medium,52481.840000000004,79.76,0.07037367592294783
10135,48,100.0,5,6031.68,7/2/2003 0:00,Shipped,3,7,2003,Classic Cars,117,S12_3380,Mini Gifts Distributors Ltd.,4155551450,5677 Strong St.,San Rafael,97562,USA,EMEA,Nelson,Valarie,Medium,59280.51,79.85588235294118,0.10174811249093504
10147,31,100.0,5,3494.94,9/5/2003 0:00,Shipped,3,9,2003,Classic Cars,117,S12_3380,Collectables For Less Inc.,6175558555,7825 Douglas Av.,Brickhaven,58339,USA,EMEA,Nelson,Allen,Medium,34992.4,82.3709090909091,0.09987711617379774
10160,46,100.0,6,5294.14,10/11/2003 0:00,Shipped,4,10,2003,Classic Cars,117,S12_3380,"Men 'R' US Retailers, Ltd.",2155554369,6047 Douglas Av.,Los Angeles,28034,USA,EMEA,Chandler,Michael,Medium,24159.14,87.59166666666665,0.21913611163311278
10170,47,100.0,4,5464.69,11/4/2003 0:00,Shipped,4,11,2003,Classic Cars,117,S12_3380,Mini Auto Werke,7675-3555,Kirchgasse 6,Graz,8010,Austria,EMEA,Mendel,Roland,Medium,14938.15,90.785,0.3658210688739904
10181,28,100.0,12,2860.76,11/12/2003 0:00,Shipped,4,11,2003,Classic Cars,117,S12_3380,Herkku Gifts,+47 2267 3215,"Drammen 121, PR 744 Sentrum",Bergen,N 5804,Norway,EMEA,Oeztan,Veysel,Small,60795.84,88.24470588235295,0.047055193250064485
10191,40,100.0,1,5590.0,11/20/2003 0:00,Shipped,4,11,2003,Classic Cars,117,S12_3380,"Toms Spezialitten, Ltd",0221-5554327,Mehrheimerstr. 369,Koln,50739,Germany,EMEA,Pfalzheim,Henriette,Medium,31363.18,84.28444444444443,0.17823447749877405
10203,20,100.0,6,2254.8,12/2/2003 0:00,Shipped,4,12,2003,Classic Cars,117,S12_3380,Euro Shopping Channel,(91) 555 94 44,"C/ Moralzarzal, 86",Madrid,28034,Spain,EMEA,Freyre,Diego,Small,45116.18,86.94545454545454,0.04997763551790068
10212,39,100.0,16,4946.76,1/16/2004 0:00,Shipped,1,1,2004,Classic Cars,117,S12_3380,Euro Shopping Channel,(91) 555 94 44,"C/ Moralzarzal, 86",Madrid,28034,Spain,EMEA,Freyre,Diego,Medium,65165.17,87.60125,0.07591110404530518
10225,25,99.82,7,2495.5,2/22/2004 0:00,Shipped,1,2,2004,Classic Cars,117,S12_3380,"Vida Sport, Ltd",0897-034555,Grenzacherweg 237,Gensve,1203,Switzerland,EMEA,Holz,Michael,Small,50432.549999999996,85.34071428571428,0.049481931807929605
10238,29,100.0,1,3167.38,4/9/2004 0:00,Shipped,2,4,2004,Classic Cars,117,S12_3380,Danish Wholesale Imports,31 12 3555,Vinb'ltet 34,Kobenhavn,1734,Denmark,EMEA,Petersen,Jytte,Medium,31329.56,87.95,0.10109877061790845
10253,22,100.0,11,2402.84,6/1/2004 0:00,Cancelled,2,6,2004,Classic Cars,117,S12_3380,"UK Collectables, Ltd.",(171) 555-2282,Berkeley Gardens 12  Brewery,Liverpool,WX1 6LT,UK,EMEA,Devon,Elizabeth,Small,50408.25,90.67357142857144,0.047667594094220694
10266,22,100.0,12,2454.54,7/6/2004 0:00,Shipped,3,7,2004,Classic Cars,117,S12_3380,L'ordine Souveniers,0522-556555,Strada Provinciale 124,Reggio Emilia,42100,Italy,EMEA,Moroni,Maurizio,Small,56421.65,86.83,0.043503513279033845
10276,47,100.0,1,5464.69,8/2/2004 0:00,Shipped,3,8,2004,Classic Cars,117,S12_3380,Online Mini Collectables,6175557555,7635 Spinnaker Dr.,Brickhaven,58339,USA,EMEA,Barajas,Miguel,Medium,52505.36,80.24285714285715,0.1040787073929214
10287,45,100.0,10,4756.5,8/30/2004 0:00,Shipped,3,8,2004,Classic Cars,117,S12_3380,"Vida Sport, Ltd",0897-034555,Grenzacherweg 237,Gensve,1203,Switzerland,EMEA,Holz,Michael,Medium,67281.01,89.31294117647059,0.07069602552042546
10300,29,100.0,3,3984.6,10/4/2003 0:00,Shipped,4,10,2003,Classic Cars,117,S12_3380,"Blauer See Auto, Co.",+49 69 66 90 2555,Lyonerstr. 34,Frankfurt,60528,Germany,EMEA,Keitel,Roland,Medium,27257.79,88.32375,0.146182063916407
10310,24,100.0,8,3100.32,10/16/2004 0:00,Shipped,4,10,2004,Classic Cars,117,S12_3380,"Toms Spezialitten, Ltd",0221-5554327,Mehrheimerstr. 369,Koln,50739,Germany,EMEA,Pfalzheim,Henriette,Medium,68943.4,85.85235294117648,0.044969061578048086
10320,35,100.0,1,4850.3,11/3/2004 0:00,Shipped,4,11,2004,Classic Cars,117,S12_3380,"Volvo Model Replicas, Co",0921-12 3555,BerguvsvÂgen  8,Lule,S-958 22,Sweden,EMEA,Berglund,Christina,Medium,19599.35,86.92999999999999,0.24747249271021746
10329,46,83.63,13,3846.98,11/15/2004 0:00,Shipped,4,11,2004,Classic Cars,117,S12_3380,Land of Toys Inc.,2125557818,897 Long Airport Avenue,NYC,10022,USA,EMEA,Yu,Kwai,Medium,53152.28,87.41266666666667,0.07237657537926877
10341,44,95.93,1,4220.92,11/24/2004 0:00,Shipped,4,11,2004,Classic Cars,117,S12_3380,Salzburg Collectables,6562-9555,Geislweg 14,Salzburg,5020,Austria,EMEA,Pipps,Georg,Medium,45001.11,91.536,0.09379590858981034
10363,34,96.73,4,3288.82,1/6/2005 0:00,Shipped,1,1,2005,Classic Cars,117,S12_3380,Suominen Souveniers,+358 9 8045 555,"Software Engineering Center, SEC Oy",Espoo,FIN-02271,Finland,EMEA,Suominen,Kalle,Medium,51373.49,87.70666666666666,0.06401784266554598
10376,35,100.0,1,3987.2,2/8/2005 0:00,Shipped,1,2,2005,Classic Cars,117,S12_3380,Boards & Toys Co.,3105552373,4097 Douglas Av.,Glendale,92561,USA,EMEA,Young,Leslie,Medium,3987.2,100.0,1.0
10389,25,72.38,6,1809.5,3/3/2005 0:00,Shipped,1,3,2005,Classic Cars,117,S12_3380,Scandinavian Gift Ideas,0695-34 6555,?kergatan 24,Boras,S-844 67,Sweden,EMEA,Larsson,Maria,Small,31606.72,87.7875,0.05725048344149598
10419,10,100.0,11,1092.2,5/17/2005 0:00,Shipped,2,5,2005,Classic Cars,117,S12_3380,Salzburg Collectables,6562-9555,Geislweg 14,Salzburg,5020,Austria,EMEA,Pipps,Georg,Small,59475.1,90.67357142857144,0.018363987618347847
10105,29,100.0,14,4566.05,2/11/2003 0:00,Shipped,1,2,2003,Classic Cars,173,S12_3891,Danish Wholesale Imports,31 12 3555,Vinb'ltet 34,Kobenhavn,1734,Denmark,EMEA,Petersen,Jytte,Medium,58871.11,85.284,0.07756011395062876
10117,39,100.0,8,5938.14,4/16/2003 0:00,Shipped,2,4,2003,Classic Cars,173,S12_3891,"Dragon Souveniers, Ltd.",+65 221 7555,"Bronz Sok., Bronz Apt. 3/6 Tesvikiye",Singapore,79903,Singapore,Japan,Natividad,Eric,Medium,43657.47,87.43416666666667,0.1360165854778117
10127,42,100.0,1,8138.76,6/3/2003 0:00,Shipped,2,6,2003,Classic Cars,173,S12_3891,Muscle Machine Inc,2125557413,4092 Furth Circle,NYC,10022,USA,EMEA,Young,Jeff,Large,68462.15,85.852,0.1188797021419865
10142,46,100.0,11,9470.94,8/8/2003 0:00,Shipped,3,8,2003,Classic Cars,173,S12_3891,Mini Gifts Distributors Ltd.,4155551450,5677 Strong St.,San Rafael,97562,USA,EMEA,Nelson,Valarie,Large,63088.16,85.518125,0.15012230504107268
10153,49,100.0,10,7036.89,9/28/2003 0:00,Shipped,3,9,2003,Classic Cars,173,S12_3891,Euro Shopping Channel,(91) 555 94 44,"C/ Moralzarzal, 86",Madrid,28034,Spain,EMEA,Freyre,Diego,Large,47727.82,86.91461538461539,0.14743790937863913
10165,27,100.0,2,5559.03,10/22/2003 0:00,Shipped,4,10,2003,Classic Cars,173,S12_3891,"Dragon Souveniers, Ltd.",+65 221 7555,"Bronz Sok., Bronz Apt. 3/6 Tesvikiye",Singapore,79903,Singapore,Japan,Natividad,Eric,Medium,77809.37,85.15388888888889,0.07144422323429685
10176,50,100.0,1,7872.5,11/6/2003 0:00,Shipped,4,11,2003,Classic Cars,173,S12_3891,L'ordine Souveniers,0522-556555,Strada Provinciale 124,Reggio Emilia,42100,Italy,EMEA,Moroni,Maurizio,Large,44669.74,89.72200000000001,0.1762378737821174
10185,43,100.0,12,7886.2,11/14/2003 0:00,Shipped,4,11,2003,Classic Cars,173,S12_3891,Mini Creations Ltd.,5085559555,4575 Hillside Dr.,New Bedford,50553,USA,EMEA,Tam,Wing C,Large,52191.44,83.18625,0.1511014066674535
10196,38,100.0,4,7232.16,11/26/2003 0:00,Shipped,4,11,2003,Classic Cars,173,S12_3891,Super Scale Inc.,2035559545,567 North Pendale Street,New Haven,97823,USA,EMEA,Murphy,Leslie,Large,42498.76,94.56125,0.17017343564847537
10208,20,100.0,12,3114.4,1/2/2004 0:00,Shipped,1,1,2004,Classic Cars,173,S12_3891,"Saveley & Henriot, Co.",78.32.5555,"2, rue du Commerce",Lyon,69004,France,EMEA,Saveley,Mary,Medium,54536.87,88.116,0.05710632091647357
10220,27,100.0,1,5045.22,2/12/2004 0:00,Shipped,1,2,2004,Classic Cars,173,S12_3891,"Clover Collections, Co.",+353 1862 1555,25 Maiden Lane,Dublin,2,Ireland,EMEA,Cassidy,Dean,Medium,38784.47,86.38111111111111,0.13008351022973885
10231,49,100.0,1,6952.12,3/19/2004 0:00,Shipped,1,3,2004,Classic Cars,173,S12_3891,CAF Imports,+34 913 728 555,"Merchants House, 27-30 Merchant's Quay",Madrid,28023,Spain,EMEA,Fernandez,Jesus,Medium,15330.7,100.0,0.45347701018218345
10247,27,100.0,1,4157.73,5/5/2004 0:00,Shipped,2,5,2004,Classic Cars,173,S12_3891,Suominen Souveniers,+358 9 8045 555,"Software Engineering Center, SEC Oy",Espoo,FIN-02271,Finland,EMEA,Suominen,Kalle,Medium,31018.23,85.59333333333332,0.13404149753225764
10272,39,100.0,1,7962.24,7/20/2004 0:00,Shipped,3,7,2004,Classic Cars,173,S12_3891,Diecast Classics Inc.,2155551555,7586 Pompton St.,Allentown,70267,USA,EMEA,Yu,Kyung,Large,27149.26,86.90833333333335,0.2932765018273058
10282,24,100.0,4,3778.8,8/20/2004 0:00,Shipped,3,8,2004,Classic Cars,173,S12_3891,Mini Gifts Distributors Ltd.,4155551450,5677 Strong St.,San Rafael,97562,USA,EMEA,Nelson,Valarie,Medium,52807.15,89.22,0.07155849160577687
10293,45,100.0,7,8253.0,9/9/2004 0:00,Shipped,3,9,2004,Classic Cars,173,S12_3891,Amica Models & Co.,011-4988555,Via Monte Bianco 34,Torino,10100,Italy,EMEA,Accorti,Paolo,Large,38039.0,92.4388888888889,0.2169615394726465
10306,20,100.0,12,3633.4,10/14/2004 0:00,Shipped,4,10,2004,Classic Cars,173,S12_3891,"AV Stores, Co.",(171) 555-1555,Fauntleroy Circus,Manchester,EC2 5NT,UK,EMEA,Ashworth,Victoria,Medium,57827.61,85.14999999999999,0.06283157820286883
10314,36,100.0,4,6913.8,10/22/2004 0:00,Shipped,4,10,2004,Classic Cars,173,S12_3891,Heintze Collectables,86 21 3555,Smagsloget 45,Aaarhus,8200,Denmark,EMEA,Ibsen,Palle,Medium,60273.94,86.30199999999999,0.11470628931840195
10325,24,100.0,1,2583.6,11/5/2004 0:00,Shipped,4,11,2004,Classic Cars,173,S12_3891,Baane Mini Imports,07-98 9555,Erling Skakkes gate 78,Stavern,4110,Norway,EMEA,Bergulfsen,Jonas,Small,40652.85,88.67222222222222,0.06355273984480793
10336,49,63.38,1,3105.62,11/20/2004 0:00,Shipped,4,11,2004,Classic Cars,173,S12_3891,"La Corne D'abondance, Co.",(1) 42.34.2555,"265, boulevard Charonne",Paris,75012,France,EMEA,Bertrand,Marie,Medium,56812.67,92.10916666666667,0.05466421486615573
10349,26,100.0,10,4408.56,12/1/2004 0:00,Shipped,4,12,2004,Classic Cars,173,S12_3891,Muscle Machine Inc,2125557413,4092 Furth Circle,NYC,10022,USA,EMEA,Young,Jeff,Medium,41706.52,83.106,0.10570433591678233
10359,49,62.09,5,3042.41,12/15/2004 0:00,Shipped,4,12,2004,Classic Cars,173,S12_3891,Reims Collectables,26.47.1555,59 rue de l'Abbaye,Reims,51100,France,EMEA,Henriot,Paul,Medium,30214.42,85.2125,0.1006939732750124
10372,34,100.0,1,5941.5,1/26/2005 0:00,Shipped,1,1,2005,Classic Cars,173,S12_3891,"Tokyo Collectables, Ltd",+81 3 3584 0555,2-2-8 Roppongi,Minato-ku,106-0032,Japan,Japan,Shimamura,Akiko,Medium,38191.39,92.24222222222221,0.15557171393866523
10382,34,95.35,12,3241.9,2/17/2005 0:00,Shipped,1,2,2005,Classic Cars,173,S12_3891,Mini Gifts Distributors Ltd.,4155551450,5677 Strong St.,San Rafael,97562,USA,EMEA,Nelson,Valarie,Medium,55741.020000000004,92.67461538461538,0.058160040846041205
10396,33,100.0,3,6109.29,3/23/2005 0:00,Shipped,1,3,2005,Classic Cars,173,S12_3891,Mini Gifts Distributors Ltd.,4155551450,5677 Strong St.,San Rafael,97562,USA,EMEA,Nelson,Valarie,Medium,32194.79,91.27375,0.18976020654273565
10413,22,100.0,1,3387.78,5/5/2005 0:00,Shipped,2,5,2005,Classic Cars,173,S12_3891,Gift Depot Inc.,2035552570,25593 South Bay Ln.,Bridgewater,97562,USA,EMEA,King,Julie,Medium,31648.47,85.59333333333332,0.10704403719990256
10108,39,89.38,7,3485.82,3/3/2003 0:00,Shipped,1,3,2003,Classic Cars,79,S12_3990,Cruz & Sons Co.,+63 2 555 3587,15 McCallum Street - NatWest Center #13-03,Makati City,1227 MM,Philippines,Japan,Cruz,Arnold,Medium,55245.020000000004,82.81125,0.06309745204183109
10122,32,63.84,11,2042.88,5/8/2003 0:00,Shipped,2,5,2003,Classic Cars,79,S12_3990,Marseille Mini Autos,91.24.4555,"12, rue des Bouchers",Marseille,13008,France,EMEA,Lebihan,Laurence,Small,52481.840000000004,79.76,0.038925464503531126
10135,24,75.01,8,1800.24,7/2/2003 0:00,Shipped,3,7,2003,Classic Cars,79,S12_3990,Mini Gifts Distributors Ltd.,4155551450,5677 Strong St.,San Rafael,97562,USA,EMEA,Nelson,Valarie,Small,59280.51,79.85588235294118,0.030368159788098988
10147,21,63.84,8,1340.64,9/5/2003 0:00,Shipped,3,9,2003,Classic Cars,79,S12_3990,Collectables For Less Inc.,6175558555,7825 Douglas Av.,Brickhaven,58339,USA,EMEA,Nelson,Allen,Small,34992.4,82.3709090909091,0.03831231924646495
10159,24,73.42,3,1762.08,10/10/2003 0:00,Shipped,4,10,2003,Classic Cars,79,S12_3990,Corporate Gift Ideas Co.,6505551386,7734 Strong St.,San Francisco,28034,USA,EMEA,Brown,Julie,Small,62498.29,83.05611111111111,0.028194051389246008
10169,36,63.84,3,2298.24,11/4/2003 0:00,Shipped,4,11,2003,Classic Cars,79,S12_3990,"Anna's Decorations, Ltd",02 9936 8555,201 Miller Street,North Sydney,2060,Australia,APAC,O'Hara,Anna,Small,41791.95,80.17461538461538,0.054992408825144556
10181,20,81.4,15,1628.0,11/12/2003 0:00,Shipped,4,11,2003,Classic Cars,79,S12_3990,Herkku Gifts,+47 2267 3215,"Drammen 121, PR 744 Sentrum",Bergen,N 5804,Norway,EMEA,Oeztan,Veysel,Small,60795.84,88.24470588235295,0.026778147978545903
10191,30,64.64,4,1939.2,11/20/2003 0:00,Shipped,4,11,2003,Classic Cars,79,S12_3990,"Toms Spezialitten, Ltd",0221-5554327,Mehrheimerstr. 369,Koln,50739,Germany,EMEA,Pfalzheim,Henriette,Small,31363.18,84.28444444444443,0.06183046489546022
10203,44,82.99,9,3651.56,12/2/2003 0:00,Shipped,4,12,2003,Classic Cars,79,S12_3990,Euro Shopping Channel,(91) 555 94 44,"C/ Moralzarzal, 86",Madrid,28034,Spain,EMEA,Freyre,Diego,Medium,45116.18,86.94545454545454,0.08093681690249485
10211,28,92.57,3,2591.96,1/15/2004 0:00,Shipped,1,1,2004,Classic Cars,79,S12_3990,Auto Canal Petit,(1) 47.55.6555,"25, rue Lauriston",Paris,75016,France,EMEA,Perrier,Dominique,Small,51172.65,82.83133333333333,0.050651275632588894
10225,37,77.41,10,2864.17,2/22/2004 0:00,Shipped,1,2,2004,Classic Cars,79,S12_3990,"Vida Sport, Ltd",0897-034555,Grenzacherweg 237,Gensve,1203,Switzerland,EMEA,Holz,Michael,Small,50432.549999999996,85.34071428571428,0.05679209161543488
10238,20,74.21,4,1484.2,4/9/2004 0:00,Shipped,2,4,2004,Classic Cars,79,S12_3990,Danish Wholesale Imports,31 12 3555,Vinb'ltet 34,Kobenhavn,1734,Denmark,EMEA,Petersen,Jytte,Small,31329.56,87.95,0.04737379012025703
10253,25,90.17,14,2254.25,6/1/2004 0:00,Cancelled,2,6,2004,Classic Cars,79,S12_3990,"UK Collectables, Ltd.",(171) 555-2282,Berkeley Gardens 12  Brewery,Liverpool,WX1 6LT,UK,EMEA,Devon,Elizabeth,Small,50408.25,90.67357142857144,0.04471986232412353
10266,35,76.61,15,2681.35,7/6/2004 0:00,Shipped,3,7,2004,Classic Cars,79,S12_3990,L'ordine Souveniers,0522-556555,Strada Provinciale 124,Reggio Emilia,42100,Italy,EMEA,Moroni,Maurizio,Small,56421.65,86.83,0.04752342407568726
10276,38,83.79,4,3184.02,8/2/2004 0:00,Shipped,3,8,2004,Classic Cars,79,S12_3990,Online Mini Collectables,6175557555,7635 Spinnaker Dr.,Brickhaven,58339,USA,EMEA,Barajas,Miguel,Medium,52505.36,80.24285714285715,0.06064180876009611
10287,41,69.43,13,2846.63,8/30/2004 0:00,Shipped,3,8,2004,Classic Cars,79,S12_3990,"Vida Sport, Ltd",0897-034555,Grenzacherweg 237,Gensve,1203,Switzerland,EMEA,Holz,Michael,Small,67281.01,89.31294117647059,0.042309561048503884
10300,22,76.61,6,1685.42,10/4/2003 0:00,Shipped,4,10,2003,Classic Cars,79,S12_3990,"Blauer See Auto, Co.",+49 69 66 90 2555,Lyonerstr. 34,Frankfurt,60528,Germany,EMEA,Keitel,Roland,Small,27257.79,88.32375,0.06183259904783183
10310,49,81.4,11,3988.6,10/16/2004 0:00,Shipped,4,10,2004,Classic Cars,79,S12_3990,"Toms Spezialitten, Ltd",0221-5554327,Mehrheimerstr. 369,Koln,50739,Germany,EMEA,Pfalzheim,Henriette,Medium,68943.4,85.85235294117648,0.05785325353840977
10320,38,73.42,4,2789.96,11/3/2004 0:00,Shipped,4,11,2004,Classic Cars,79,S12_3990,"Volvo Model Replicas, Co",0921-12 3555,BerguvsvÂgen  8,Lule,S-958 22,Sweden,EMEA,Berglund,Christina,Small,19599.35,86.92999999999999,0.1423496187373561
10329,33,100.0,14,3607.56,11/15/2004 0:00,Shipped,4,11,2004,Classic Cars,79,S12_3990,Land of Toys Inc.,2125557818,897 Long Airport Avenue,NYC,10022,USA,EMEA,Yu,Kwai,Medium,53152.28,87.41266666666667,0.06787215901180532
10341,36,93.56,10,3368.16,11/24/2004 0:00,Shipped,4,11,2004,Classic Cars,79,S12_3990,Salzburg Collectables,6562-9555,Geislweg 14,Salzburg,5020,Austria,EMEA,Pipps,Georg,Medium,45001.11,91.536,0.07484615379487305
10363,34,81.62,5,2775.08,1/6/2005 0:00,Shipped,1,1,2005,Classic Cars,79,S12_3990,Suominen Souveniers,+358 9 8045 555,"Software Engineering Center, SEC Oy",Espoo,FIN-02271,Finland,EMEA,Suominen,Kalle,Small,51373.49,87.70666666666666,0.05401774339255519
10377,24,67.83,5,1627.92,2/9/2005 0:00,Shipped,1,2,2005,Classic Cars,79,S12_3990,"Toys of Finland, Co.",90-224 8555,Keskuskatu 45,Helsinki,21240,Finland,EMEA,Karttunen,Matti,Small,26422.82,89.265,0.06161038072393484
10389,36,70.26,7,2529.36,3/3/2005 0:00,Shipped,1,3,2005,Classic Cars,79,S12_3990,Scandinavian Gift Ideas,0695-34 6555,?kergatan 24,Boras,S-844 67,Sweden,EMEA,Larsson,Maria,Small,31606.72,87.7875,0.08002601978313473
10419,34,90.17,14,3065.78,5/17/2005 0:00,Shipped,2,5,2005,Classic Cars,79,S12_3990,Salzburg Collectables,6562-9555,Geislweg 14,Salzburg,5020,Austria,EMEA,Pipps,Georg,Medium,59475.1,90.67357142857144,0.05154728617522291
10104,41,100.0,9,4615.78,1/31/2003 0:00,Shipped,1,1,2003,Trucks and Buses,118,S12_4473,Euro Shopping Channel,(91) 555 94 44,"C/ Moralzarzal, 86",Madrid,28034,Spain,EMEA,Freyre,Diego,Medium,44621.96,81.68384615384616,0.10344189273622226
10115,46,100.0,5,5723.78,4/4/2003 0:00,Shipped,2,4,2003,Trucks and Buses,118,S12_4473,Classic Legends Inc.,2125558493,5905 Pompton St.,NYC,10022,USA,EMEA,Hernandez,Maria,Medium,24777.41,93.872,0.23100800285421275
10127,24,100.0,11,2559.6,6/3/2003 0:00,Shipped,2,6,2003,Trucks and Buses,118,S12_4473,Muscle Machine Inc,2125557413,4092 Furth Circle,NYC,10022,USA,EMEA,Young,Jeff,Small,68462.15,85.852,0.0373870817670786
10141,21,100.0,5,2140.11,8/1/2003 0:00,Shipped,3,8,2003,Trucks and Buses,118,S12_4473,Suominen Souveniers,+358 9 8045 555,"Software Engineering Center, SEC Oy",Espoo,FIN-02271,Finland,EMEA,Suominen,Kalle,Small,31569.43,81.93,0.0677905809512557
10151,24,100.0,3,3327.6,9/21/2003 0:00,Shipped,3,9,2003,Trucks and Buses,118,S12_4473,"Oulu Toy Supplies, Inc.",981-443655,Torikatu 38,Oulu,90110,Finland,EMEA,Koskitalo,Pirkko,Medium,37501.58,87.34400000000001,0.08873226141405241
10165,48,100.0,12,6825.6,10/22/2003 0:00,Shipped,4,10,2003,Trucks and Buses,118,S12_4473,"Dragon Souveniers, Ltd.",+65 221 7555,"Bronz Sok., Bronz Apt. 3/6 Tesvikiye",Singapore,79903,Singapore,Japan,Natividad,Eric,Medium,77809.37,85.15388888888889,0.08772208282884184
10175,26,100.0,1,3543.28,11/6/2003 0:00,Shipped,4,11,2003,Trucks and Buses,118,S12_4473,"Stylish Desk Decors, Co.",(171) 555-0297,35 King George,London,WX3 6FW,UK,EMEA,Brown,Ann,Medium,42688.31,85.38916666666667,0.08300352016746505
10184,37,100.0,6,4516.22,11/14/2003 0:00,Shipped,4,11,2003,Trucks and Buses,118,S12_4473,"Iberia Gift Imports, Corp.",(95) 555 82 82,"C/ Romero, 33",Sevilla,41101,Spain,EMEA,Roel,Jose Pedro,Medium,51502.740000000005,81.98538461538462,0.08768892684156221
10195,49,100.0,6,6445.46,11/25/2003 0:00,Shipped,4,11,2003,Trucks and Buses,118,S12_4473,Mini Classics,9145554562,3758 North Pendale Street,White Plains,24067,USA,EMEA,Frick,Steve,Medium,38682.95,79.273,0.16662276274172472
10207,34,99.54,7,3384.36,12/9/2003 0:00,Shipped,4,12,2003,Trucks and Buses,118,S12_4473,Diecast Collectables,6175552555,6251 Ingle Ln.,Boston,51003,USA,EMEA,Franco,Valarie,Medium,63730.78,83.64875,0.05310401033848951
10219,48,100.0,2,4891.68,2/10/2004 0:00,Shipped,1,2,2004,Trucks and Buses,118,S12_4473,Signal Collectibles Ltd.,4155554312,2793 Furth Circle,Brisbane,94217,USA,EMEA,Taylor,Sue,Medium,16118.48,73.875,0.3034827105285362
10229,36,100.0,1,4521.96,3/11/2004 0:00,Shipped,1,3,2004,Trucks and Buses,118,S12_4473,Mini Gifts Distributors Ltd.,4155551450,5677 Strong St.,San Rafael,97562,USA,EMEA,Nelson,Valarie,Medium,48922.77,82.845,0.09243057987109071
10246,46,100.0,5,5069.66,5/5/2004 0:00,Shipped,2,5,2004,Trucks and Buses,118,S12_4473,Euro Shopping Channel,(91) 555 94 44,"C/ Moralzarzal, 86",Madrid,28034,Spain,EMEA,Freyre,Diego,Medium,41317.75,81.59454545454545,0.1226993241403513
10259,46,100.0,4,6541.2,6/15/2004 0:00,Shipped,2,6,2004,Trucks and Buses,118,S12_4473,Handji Gifts& Co,+65 224 1555,Village Close - 106 Linden Road Sandown,Singapore,69045,Singapore,APAC,Victorino,Wendy,Medium,45788.72,81.47692307692309,0.14285614448274597
10271,31,97.17,5,3012.27,7/20/2004 0:00,Shipped,3,7,2004,Trucks and Buses,118,S12_4473,Mini Gifts Distributors Ltd.,4155551450,5677 Strong St.,San Rafael,97562,USA,EMEA,Nelson,Valarie,Medium,41121.58,83.53818181818181,0.07325277871132384
10281,41,100.0,1,5247.18,8/19/2004 0:00,Shipped,3,8,2004,Trucks and Buses,118,S12_4473,Diecast Classics Inc.,2155551555,7586 Pompton St.,Allentown,70267,USA,EMEA,Yu,Kyung,Medium,44781.35,82.7942857142857,0.11717333220190995
10292,21,100.0,8,2214.87,9/8/2004 0:00,Shipped,3,9,2004,Trucks and Buses,118,S12_4473,Land of Toys Inc.,2125557818,897 Long Airport Avenue,NYC,10022,USA,EMEA,Yu,Kwai,Small,39775.74,79.42833333333333,0.0556839420209404
10305,38,100.0,5,4773.18,10/13/2004 0:00,Shipped,4,10,2004,Trucks and Buses,118,S12_4473,Marta's Replicas Co.,6175558555,39323 Spinnaker Dr.,Cambridge,51247,USA,EMEA,Hernandez,Marta,Medium,54251.659999999996,85.99928571428572,0.08798219261862218
10314,45,100.0,14,6185.7,10/22/2004 0:00,Shipped,4,10,2004,Trucks and Buses,118,S12_4473,Heintze Collectables,86 21 3555,Smagsloget 45,Aaarhus,8200,Denmark,EMEA,Ibsen,Palle,Medium,60273.94,86.30199999999999,0.10262644187521174
10324,26,58.38,7,1517.88,11/5/2004 0:00,Shipped,4,11,2004,Trucks and Buses,118,S12_4473,Vitachrome Inc.,2125551500,2678 Kingston Rd.,NYC,10022,USA,EMEA,Frick,Michael,Small,56372.87,86.96642857142857,0.02692571799165095
10336,38,100.0,3,6372.6,11/20/2004 0:00,Shipped,4,11,2004,Trucks and Buses,118,S12_4473,"La Corne D'abondance, Co.",(1) 42.34.2555,"265, boulevard Charonne",Paris,75012,France,EMEA,Bertrand,Marie,Medium,56812.67,92.10916666666667,0.11216864125555093
10349,48,100.0,9,5232.96,12/1/2004 0:00,Shipped,4,12,2004,Trucks and Buses,118,S12_4473,Muscle Machine Inc,2125557413,4092 Furth Circle,NYC,10022,USA,EMEA,Young,Jeff,Medium,41706.52,83.106,0.1254710294697328
10358,42,64.16,9,2694.72,12/10/2004 0:00,Shipped,4,12,2004,Trucks and Buses,118,S12_4473,Euro Shopping Channel,(91) 555 94 44,"C/ Moralzarzal, 86",Madrid,28034,Spain,EMEA,Freyre,Diego,Small,51435.45,85.22214285714286,0.05239032612721382
10371,49,35.71,4,1749.79,1/23/2005 0:00,Shipped,1,1,2005,Trucks and Buses,118,S12_4473,Mini Gifts Distributors Ltd.,4155551450,5677 Strong St.,San Rafael,97562,USA,EMEA,Nelson,Valarie,Small,36124.270000000004,83.8225,0.04843807224339758
10382,32,66.58,13,2130.56,2/17/2005 0:00,Shipped,1,2,2005,Trucks and Buses,118,S12_4473,Mini Gifts Distributors Ltd.,4155551450,5677 Strong St.,San Rafael,97562,USA,EMEA,Nelson,Valarie,Small,55741.020000000004,92.67461538461538,0.03822247960299255
10412,54,100.0,5,5951.34,5/3/2005 0:00,Shipped,2,5,2005,Trucks and Buses,118,S12_4473,Euro Shopping Channel,(91) 555 94 44,"C/ Moralzarzal, 86",Madrid,28034,Spain,EMEA,Freyre,Diego,Medium,52287.74,81.59454545454545,0.11381903291287786
10425,33,100.0,4,4692.6,5/31/2005 0:00,In Process,2,5,2005,Trucks and Buses,118,S12_4473,La Rochelle Gifts,40.67.8555,"67, rue des Cinquante Otages",Nantes,44000,France,EMEA,Labrune,Janine,Medium,43784.69,81.47692307692309,0.10717444842021263
10108,36,100.0,3,3731.04,3/3/2003 0:00,Shipped,1,3,2003,Classic Cars,115,S12_4675,Cruz & Sons Co.,+63 2 555 3587,15 McCallum Street - NatWest Center #13-03,Makati City,1227 MM,Philippines,Japan,Cruz,Arnold,Medium,55245.020000000004,82.81125,0.06753622317450514
10122,20,100.0,7,2142.0,5/8/2003 0:00,Shipped,2,5,2003,Classic Cars,115,S12_4675,Marseille Mini Autos,91.24.4555,"12, rue des Bouchers",Marseille,13008,France,EMEA,Lebihan,Laurence,Small,52481.840000000004,79.76,0.04081411779769916
10135,29,97.89,4,2838.81,7/2/2003 0:00,Shipped,3,7,2003,Classic Cars,115,S12_4675,Mini Gifts Distributors Ltd.,4155551450,5677 Strong St.,San Rafael,97562,USA,EMEA,Nelson,Valarie,Small,59280.51,79.85588235294118,0.04788774590502005
10147,33,97.89,4,3230.37,9/5/2003 0:00,Shipped,3,9,2003,Classic Cars,115,S12_4675,Collectables For Less Inc.,6175558555,7825 Douglas Av.,Brickhaven,58339,USA,EMEA,Nelson,Allen,Medium,34992.4,82.3709090909091,0.09231633154627861
10160,50,100.0,5,5182.0,10/11/2003 0:00,Shipped,4,10,2003,Classic Cars,115,S12_4675,"Men 'R' US Retailers, Ltd.",2155554369,6047 Douglas Av.,Los Angeles,28034,USA,EMEA,Chandler,Michael,Medium,24159.14,87.59166666666665,0.21449439011487992
10170,41,100.0,3,4391.1,11/4/2003 0:00,Shipped,4,11,2003,Classic Cars,115,S12_4675,Mini Auto Werke,7675-3555,Kirchgasse 6,Graz,8010,Austria,EMEA,Mendel,Roland,Medium,14938.15,90.785,0.2939520623370364
10181,36,100.0,11,4477.32,11/12/2003 0:00,Shipped,4,11,2003,Classic Cars,115,S12_4675,Herkku Gifts,+47 2267 3215,"Drammen 121, PR 744 Sentrum",Bergen,N 5804,Norway,EMEA,Oeztan,Veysel,Medium,60795.84,88.24470588235295,0.0736451704590314
10192,27,100.0,16,3544.56,11/20/2003 0:00,Shipped,4,11,2003,Classic Cars,115,S12_4675,Online Diecast Creations Co.,6035558647,2304 Long Airport Avenue,Nashua,62005,USA,EMEA,Young,Valarie,Medium,63981.45,87.591875,0.0553998072878936
10203,47,100.0,5,5195.85,12/2/2003 0:00,Shipped,4,12,2003,Classic Cars,115,S12_4675,Euro Shopping Channel,(91) 555 94 44,"C/ Moralzarzal, 86",Madrid,28034,Spain,EMEA,Freyre,Diego,Medium,45116.18,86.94545454545454,0.11516600031296977
10212,33,100.0,15,4180.44,1/16/2004 0:00,Shipped,1,1,2004,Classic Cars,115,S12_4675,Euro Shopping Channel,(91) 555 94 44,"C/ Moralzarzal, 86",Madrid,28034,Spain,EMEA,Freyre,Diego,Medium,65165.17,87.60125,0.06415144777493867
10225,21,100.0,6,2684.43,2/22/2004 0:00,Shipped,1,2,2004,Classic Cars,115,S12_4675,"Vida Sport, Ltd",0897-034555,Grenzacherweg 237,Gensve,1203,Switzerland,EMEA,Holz,Michael,Small,50432.549999999996,85.34071428571428,0.05322812350357061
10239,21,93.28,5,1958.88,4/12/2004 0:00,Shipped,2,4,2004,Classic Cars,115,S12_4675,"Oulu Toy Supplies, Inc.",981-443655,Torikatu 38,Oulu,90110,Finland,EMEA,Koskitalo,Pirkko,Small,17813.4,82.352,0.10996665431641349
10253,41,100.0,10,4910.57,6/1/2004 0:00,Cancelled,2,6,2004,Classic Cars,115,S12_4675,"UK Collectables, Ltd.",(171) 555-2282,Berkeley Gardens 12  Brewery,Liverpool,WX1 6LT,UK,EMEA,Devon,Elizabeth,Medium,50408.25,90.67357142857144,0.09741599837328214
10266,40,100.0,11,4468.4,7/6/2004 0:00,Shipped,3,7,2004,Classic Cars,115,S12_4675,L'ordine Souveniers,0522-556555,Strada Provinciale 124,Reggio Emilia,42100,Italy,EMEA,Moroni,Maurizio,Medium,56421.65,86.83,0.07919654955145763
10277,28,100.0,1,3127.88,8/4/2004 0:00,Shipped,3,8,2004,Classic Cars,115,S12_4675,"Dragon Souveniers, Ltd.",+65 221 7555,"Bronz Sok., Bronz Apt. 3/6 Tesvikiye",Singapore,79903,Singapore,Japan,Natividad,Eric,Medium,3127.88,100.0,1.0
10287,23,100.0,9,2675.13,8/30/2004 0:00,Shipped,3,8,2004,Classic Cars,115,S12_4675,"Vida Sport, Ltd",0897-034555,Grenzacherweg 237,Gensve,1203,Switzerland,EMEA,Holz,Michael,Small,67281.01,89.31294117647059,0.03976055056248413
10300,23,100.0,2,2807.61,10/4/2003 0:00,Shipped,4,10,2003,Classic Cars,115,S12_4675,"Blauer See Auto, Co.",+49 69 66 90 2555,Lyonerstr. 34,Frankfurt,60528,Germany,EMEA,Keitel,Roland,Small,27257.79,88.32375,0.1030021142579791
10310,25,100.0,7,2504.75,10/16/2004 0:00,Shipped,4,10,2004,Classic Cars,115,S12_4675,"Toms Spezialitten, Ltd",0221-5554327,Mehrheimerstr. 369,Koln,50739,Germany,EMEA,Pfalzheim,Henriette,Small,68943.4,85.85235294117648,0.036330526199752265
10321,24,100.0,15,2984.88,11/4/2004 0:00,Shipped,4,11,2004,Classic Cars,115,S12_4675,FunGiftIdeas.com,5085552555,1785 First Street,New Bedford,50553,USA,EMEA,Benitez,Violeta,Small,49504.380000000005,84.79866666666666,0.060295270842701185
10329,39,64.74,15,2524.86,11/15/2004 0:00,Shipped,4,11,2004,Classic Cars,115,S12_4675,Land of Toys Inc.,2125557818,897 Long Airport Avenue,NYC,10022,USA,EMEA,Yu,Kwai,Small,53152.28,87.41266666666667,0.04750238371712371
10341,55,75.2,7,4136.0,11/24/2004 0:00,Shipped,4,11,2004,Classic Cars,115,S12_4675,Salzburg Collectables,6562-9555,Geislweg 14,Salzburg,5020,Austria,EMEA,Pipps,Georg,Medium,45001.11,91.536,0.09190884402629179
10363,46,88.45,6,4068.7,1/6/2005 0:00,Shipped,1,1,2005,Classic Cars,115,S12_4675,Suominen Souveniers,+358 9 8045 555,"Software Engineering Center, SEC Oy",Espoo,FIN-02271,Finland,EMEA,Suominen,Kalle,Medium,51373.49,87.70666666666666,0.07919843483477568
10377,50,100.0,1,5182.0,2/9/2005 0:00,Shipped,1,2,2005,Classic Cars,115,S12_4675,"Toys of Finland, Co.",90-224 8555,Keskuskatu 45,Helsinki,21240,Finland,EMEA,Karttunen,Matti,Medium,26422.82,89.265,0.19611835527017935
10389,47,100.0,8,5243.79,3/3/2005 0:00,Shipped,1,3,2005,Classic Cars,115,S12_4675,Scandinavian Gift Ideas,0695-34 6555,?kergatan 24,Boras,S-844 67,Sweden,EMEA,Larsson,Maria,Medium,31606.72,87.7875,0.16590743993682355
10405,97,93.28,5,9048.16,4/14/2005 0:00,Shipped,2,4,2005,Classic Cars,115,S12_4675,Mini Caravy,88.60.1555,"24, place Kluber",Strasbourg,67000,France,EMEA,Citeaux,Frederique,Large,35680.35,82.352,0.2535894406865404
10419,32,100.0,10,3832.64,5/17/2005 0:00,Shipped,2,5,2005,Classic Cars,115,S12_4675,Salzburg Collectables,6562-9555,Geislweg 14,Salzburg,5020,Austria,EMEA,Pipps,Georg,Medium,59475.1,90.67357142857144,0.06444108542902828
10103,35,100.0,10,3920.0,1/29/2003 0:00,Shipped,1,1,2003,Trucks and Buses,116,S18_1097,Baane Mini Imports,07-98 9555,Erling Skakkes gate 78,Stavern,4110,Norway,EMEA,Bergulfsen,Jonas,Medium,54702.0,88.59625,0.07166099959782092
10113,49,100.0,4,4916.66,3/26/2003 0:00,Shipped,1,3,2003,Trucks and Buses,116,S18_1097,Mini Gifts Distributors Ltd.,4155551450,5677 Strong St.,San Rafael,97562,USA,EMEA,Nelson,Valarie,Medium,12398.560000000001,79.5825,0.3965508897807487
10126,38,100.0,10,3857.0,5/28/2003 0:00,Shipped,2,5,2003,Trucks and Buses,116,S18_1097,"Corrida Auto Replicas, Ltd",(91) 555 22 82,"C/ Araquil, 67",Madrid,28023,Spain,EMEA,Sommer,MartÂ¡n,Medium,61073.21,86.85000000000001,0.06315371338758843
10140,32,100.0,10,4181.44,7/24/2003 0:00,Shipped,3,7,2003,Trucks and Buses,116,S18_1097,Technics Stores Inc.,6505556809,9408 Furth Circle,Burlingame,94217,USA,EMEA,Hirano,Juri,Medium,42031.83,87.82,0.09948270156212564
10150,34,100.0,7,4641.0,9/19/2003 0:00,Shipped,3,9,2003,Trucks and Buses,116,S18_1097,"Dragon Souveniers, Ltd.",+65 221 7555,"Bronz Sok., Bronz Apt. 3/6 Tesvikiye",Singapore,79903,Singapore,Japan,Natividad,Eric,Medium,44219.36,85.64454545454545,0.10495402918540657
10164,36,99.17,8,3570.12,10/21/2003 0:00,Resolved,4,10,2003,Trucks and Buses,116,S18_1097,Mini Auto Werke,7675-3555,Kirchgasse 6,Graz,8010,Austria,EMEA,Mendel,Roland,Medium,28550.59,86.23375,0.12504540186384938
10174,48,93.34,3,4480.32,11/6/2003 0:00,Shipped,4,11,2003,Trucks and Buses,116,S18_1097,"Australian Gift Network, Co",61-7-3844-6555,31 Duncan St. West End,South Brisbane,4101,Australia,APAC,Calaghan,Tony,Medium,27098.8,87.624,0.16533278226342124
10183,21,96.84,7,2033.64,11/13/2003 0:00,Shipped,4,11,2003,Trucks and Buses,116,S18_1097,"Classic Gift Ideas, Inc",2155554695,782 First Street,Philadelphia,71270,USA,EMEA,Cervantes,Francisca,Small,40061.659999999996,87.91666666666667,0.05076274922207418
10194,21,93.34,10,1960.14,11/25/2003 0:00,Shipped,4,11,2003,Trucks and Buses,116,S18_1097,"Saveley & Henriot, Co.",78.32.5555,"2, rue du Commerce",Lyon,69004,France,EMEA,Saveley,Mary,Small,41535.11,86.34818181818183,0.04719236328012614
10206,34,100.0,5,3966.78,12/5/2003 0:00,Shipped,4,12,2003,Trucks and Buses,116,S18_1097,Canadian Gift Exchange Network,(604) 555-3392,1900 Oak St.,Vancouver,V3F 2K1,Canada,EMEA,Tannamuri,Yoshi,Medium,38662.21,86.77,0.10260096357657776
10215,46,100.0,2,5152.0,1/29/2004 0:00,Shipped,1,1,2004,Trucks and Buses,116,S18_1097,West Coast Collectables Co.,3105553722,3675 Furth Circle,Burbank,94019,USA,EMEA,Thompson,Steve,Medium,37850.08,82.707,0.1361159606531875
10228,32,100.0,1,3360.0,3/10/2004 0:00,Shipped,1,3,2004,Trucks and Buses,116,S18_1097,Cambridge Collectables Co.,6175555555,4658 Baden Av.,Cambridge,51247,USA,EMEA,Tseng,Kyung,Medium,21782.7,93.95166666666667,0.15425085044553705
10245,29,100.0,8,3451.0,5/4/2004 0:00,Shipped,2,5,2004,Trucks and Buses,116,S18_1097,Super Scale Inc.,2035559545,567 North Pendale Street,New Haven,97823,USA,EMEA,Murphy,Leslie,Medium,36973.31,92.11444444444444,0.09333759947378258
10258,41,100.0,5,5453.0,6/15/2004 0:00,Shipped,2,6,2004,Trucks and Buses,116,S18_1097,"Tokyo Collectables, Ltd",+81 3 3584 0555,2-2-8 Roppongi,Minato-ku,106-0032,Japan,Japan,Shimamura,Akiko,Medium,25928.75,83.7,0.21030709154895627
10270,43,96.84,8,4164.12,7/19/2004 0:00,Shipped,3,7,2004,Trucks and Buses,116,S18_1097,Souveniers And Things Co.,+61 2 9495 8555,"Monitor Money Building, 815 Pacific Hwy",Chatswood,2067,Australia,APAC,Huxley,Adrian,Medium,41297.14,89.86454545454545,0.10083313275447162
10280,24,100.0,1,2800.08,8/17/2004 0:00,Shipped,3,8,2004,Trucks and Buses,116,S18_1097,Amica Models & Co.,011-4988555,Via Monte Bianco 34,Torino,10100,Italy,EMEA,Accorti,Paolo,Small,56078.26,81.5564705882353,0.049931649091822745
10291,41,100.0,10,4687.94,9/8/2004 0:00,Shipped,3,9,2004,Trucks and Buses,116,S18_1097,Scandinavian Gift Ideas,0695-34 6555,?kergatan 24,Boras,S-844 67,Sweden,EMEA,Larsson,Maria,Medium,53941.69,86.83428571428571,0.08690754776129557
10304,46,98.0,5,4508.0,10/11/2004 0:00,Shipped,4,10,2004,Trucks and Buses,116,S18_1097,Auto Assoc. & Cie.,30.59.8555,"67, avenue de l'Europe",Versailles,78000,France,EMEA,Tonini,Daniel,Medium,59074.9,81.46235294117646,0.0763099048834615
10312,32,100.0,2,4181.44,10/21/2004 0:00,Shipped,4,10,2004,Trucks and Buses,116,S18_1097,Mini Gifts Distributors Ltd.,4155551450,5677 Strong St.,San Rafael,97562,USA,EMEA,Nelson,Valarie,Medium,63075.08,76.92764705882352,0.06629305900206546
10322,22,100.0,10,2251.04,11/4/2004 0:00,Shipped,4,11,2004,Trucks and Buses,116,S18_1097,Online Diecast Creations Co.,6035558647,2304 Long Airport Avenue,Nashua,62005,USA,EMEA,Young,Valarie,Small,55570.6,81.72071428571428,0.040507750501164286
10333,29,40.25,7,1167.25,11/18/2004 0:00,Shipped,4,11,2004,Trucks and Buses,116,S18_1097,Mini Wheels Co.,6505555787,5557 North Pendale Street,San Francisco,28034,USA,EMEA,Murphy,Julie,Small,30348.72,85.3975,0.03846125965114838
10347,42,49.6,5,2083.2,11/29/2004 0:00,Shipped,4,11,2004,Trucks and Buses,116,S18_1097,"Australian Collectors, Co.",03 9520 4555,636 St Kilda Road,Melbourne,3004,Australia,APAC,Ferguson,Peter,Small,47442.91,89.45916666666666,0.04390961684264308
10357,39,98.0,1,3822.0,12/10/2004 0:00,Shipped,4,12,2004,Trucks and Buses,116,S18_1097,Mini Gifts Distributors Ltd.,4155551450,5677 Strong St.,San Rafael,97562,USA,EMEA,Nelson,Valarie,Medium,42152.11,91.77000000000001,0.09067161762483539
10370,27,100.0,1,3911.49,1/20/2005 0:00,Shipped,1,1,2005,Trucks and Buses,116,S18_1097,"Anna's Decorations, Ltd",02 9936 8555,201 Miller Street,North Sydney,2060,Australia,APAC,O'Hara,Anna,Medium,29852.17,86.31888888888889,0.1310286655877948
10381,48,98.0,2,4704.0,2/17/2005 0:00,Shipped,1,2,2005,Trucks and Buses,116,S18_1097,Corporate Gift Ideas Co.,6505551386,7734 Strong St.,San Francisco,28034,USA,EMEA,Brown,Julie,Medium,36495.95,85.2811111111111,0.12889101393442287
10391,29,85.1,10,2467.9,3/9/2005 0:00,Shipped,1,3,2005,Trucks and Buses,116,S18_1097,"Anna's Decorations, Ltd",02 9936 8555,201 Miller Street,North Sydney,2060,Australia,APAC,O'Hara,Anna,Small,35160.25,77.89500000000001,0.07019005837558039
10411,27,100.0,8,3213.0,5/1/2005 0:00,Shipped,2,5,2005,Trucks and Buses,116,S18_1097,Quebec Home Shopping Network,(514) 555-8054,43 rue St. Laurent,Montreal,H1J 1C3,Canada,EMEA,Fresnisre,Jean,Medium,33692.97,92.11444444444444,0.09536113913377182
10424,54,100.0,5,7182.0,5/31/2005 0:00,In Process,2,5,2005,Trucks and Buses,116,S18_1097,Euro Shopping Channel,(91) 555 94 44,"C/ Moralzarzal, 86",Madrid,28034,Spain,EMEA,Freyre,Diego,Large,35133.34,83.7,0.20442121358231244
10109,26,100.0,4,4379.18,3/10/2003 0:00,Shipped,1,3,2003,Classic Cars,141,S18_1129,Motor Mint Distributors Inc.,2155559857,11328 Douglas Av.,Philadelphia,71270,USA,EMEA,Hernandez,Rosa,Medium,27398.82,88.68333333333334,0.15983097082283107
10122,34,100.0,2,5004.8,5/8/2003 0:00,Shipped,2,5,2003,Classic Cars,141,S18_1129,Marseille Mini Autos,91.24.4555,"12, rue des Bouchers",Marseille,13008,France,EMEA,Lebihan,Laurence,Medium,52481.840000000004,79.76,0.09536251015589392
10136,25,100.0,2,3644.75,7/4/2003 0:00,Shipped,3,7,2003,Classic Cars,141,S18_1129,Alpha Cognac,61.77.6555,1 rue Alsace-Lorraine,Toulouse,31000,France,EMEA,Roulet,Annette,Medium,17251.08,100.0,0.21127662731840555
10148,23,100.0,13,2702.04,9/11/2003 0:00,Shipped,3,9,2003,Classic Cars,141,S18_1129,"Anna's Decorations, Ltd",02 9936 8555,201 Miller Street,North Sydney,2060,Australia,APAC,O'Hara,Anna,Small,47191.76,88.97,0.05725660581423536
10161,28,100.0,12,3764.88,10/17/2003 0:00,Shipped,4,10,2003,Classic Cars,141,S18_1129,Heintze Collectables,86 21 3555,Smagsloget 45,Aaarhus,8200,Denmark,EMEA,Ibsen,Palle,Medium,40321.61,90.30666666666667,0.09337127163325076
10171,35,100.0,2,4508.0,11/5/2003 0:00,Shipped,4,11,2003,Classic Cars,141,S18_1129,Quebec Home Shopping Network,(514) 555-8054,43 rue St. Laurent,Montreal,H1J 1C3,Canada,EMEA,Fresnisre,Jean,Medium,15947.289999999999,83.8725,0.2826812580695529
10181,44,100.0,6,5418.16,11/12/2003 0:00,Shipped,4,11,2003,Classic Cars,141,S18_1129,Herkku Gifts,+47 2267 3215,"Drammen 121, PR 744 Sentrum",Bergen,N 5804,Norway,EMEA,Oeztan,Veysel,Medium,60795.84,88.24470588235295,0.08912057140751736
10192,22,100.0,11,3300.66,11/20/2003 0:00,Shipped,4,11,2003,Classic Cars,141,S18_1129,Online Diecast Creations Co.,6035558647,2304 Long Airport Avenue,Nashua,62005,USA,EMEA,Young,Valarie,Medium,63981.45,87.591875,0.051587764891230195
10204,42,100.0,17,6182.4,12/2/2003 0:00,Shipped,4,12,2003,Classic Cars,141,S18_1129,Muscle Machine Inc,2125557413,4092 Furth Circle,NYC,10022,USA,EMEA,Young,Jeff,Medium,64316.090000000004,85.04470588235294,0.09612524641967507
10212,29,100.0,10,4186.73,1/16/2004 0:00,Shipped,1,1,2004,Classic Cars,141,S18_1129,Euro Shopping Channel,(91) 555 94 44,"C/ Moralzarzal, 86",Madrid,28034,Spain,EMEA,Freyre,Diego,Medium,65165.17,87.60125,0.06424797173091085
10225,32,100.0,1,4529.28,2/22/2004 0:00,Shipped,1,2,2004,Classic Cars,141,S18_1129,"Vida Sport, Ltd",0897-034555,Grenzacherweg 237,Gensve,1203,Switzerland,EMEA,Holz,Michael,Medium,50432.549999999996,85.34071428571428,0.08980866523703442
10240,41,100.0,3,5628.89,4/13/2004 0:00,Shipped,2,4,2004,Classic Cars,141,S18_1129,Osaka Souveniers Co.,+81 06 6342 5555,"Dojima Avanza 4F, 1-6-20 Dojima, Kita-ku",Osaka,530-0003,Japan,Japan,Kentary,Mory,Medium,17114.43,100.0,0.3288973106320222
10253,26,100.0,5,3054.48,6/1/2004 0:00,Cancelled,2,6,2004,Classic Cars,141,S18_1129,"UK Collectables, Ltd.",(171) 555-2282,Berkeley Gardens 12  Brewery,Liverpool,WX1 6LT,UK,EMEA,Devon,Elizabeth,Medium,50408.25,90.67357142857144,0.060594843106039194
10266,21,100.0,6,2526.51,7/6/2004 0:00,Shipped,3,7,2004,Classic Cars,141,S18_1129,L'ordine Souveniers,0522-556555,Strada Provinciale 124,Reggio Emilia,42100,Italy,EMEA,Moroni,Maurizio,Small,56421.65,86.83,0.04477908746022139
10278,34,100.0,6,4667.86,8/6/2004 0:00,Shipped,3,8,2004,Classic Cars,141,S18_1129,Signal Gift Stores,7025551838,8489 Strong St.,Las Vegas,83030,USA,EMEA,King,Sue,Medium,34453.85,87.503,0.13548152093307425
10287,41,100.0,4,6499.32,8/30/2004 0:00,Shipped,3,8,2004,Classic Cars,141,S18_1129,"Vida Sport, Ltd",0897-034555,Grenzacherweg 237,Gensve,1203,Switzerland,EMEA,Holz,Michael,Medium,67281.01,89.31294117647059,0.09659962001164965
10301,37,100.0,8,5917.78,10/5/2003 0:00,Shipped,4,10,2003,Classic Cars,141,S18_1129,"Norway Gifts By Mail, Co.",+47 2212 1555,"Drammensveien 126 A, PB 744 Sentrum",Oslo,N 0106,Norway,EMEA,Klaeboe,Jan,Medium,45078.759999999995,86.73363636363636,0.13127645924599524
10310,37,100.0,2,6231.91,10/16/2004 0:00,Shipped,4,10,2004,Classic Cars,141,S18_1129,"Toms Spezialitten, Ltd",0221-5554327,Mehrheimerstr. 369,Koln,50739,Germany,EMEA,Pfalzheim,Henriette,Medium,68943.4,85.85235294117648,0.09039168361293468
10321,41,100.0,10,5803.14,11/4/2004 0:00,Shipped,4,11,2004,Classic Cars,141,S18_1129,FunGiftIdeas.com,5085552555,1785 First Street,New Bedford,50553,USA,EMEA,Benitez,Violeta,Medium,49504.380000000005,84.79866666666666,0.11722477889835202
10331,46,100.0,6,6434.02,11/17/2004 0:00,Shipped,4,11,2004,Classic Cars,141,S18_1129,Motor Mint Distributors Inc.,2155559857,11328 Douglas Av.,Philadelphia,71270,USA,EMEA,Hernandez,Rosa,Medium,48996.1,84.39714285714285,0.13131698237206635
10342,40,100.0,2,6454.4,11/24/2004 0:00,Shipped,4,11,2004,Classic Cars,141,S18_1129,"Australian Collectors, Co.",03 9520 4555,636 St Kilda Road,Melbourne,3004,Australia,APAC,Ferguson,Peter,Medium,43779.09,80.99909090909091,0.1474311138034162
10356,43,97.6,8,4196.8,12/9/2004 0:00,Shipped,4,12,2004,Classic Cars,141,S18_1129,Lyon Souveniers,+33 1 46 62 7555,27 rue du Colonel Pierre Avia,Paris,75508,France,EMEA,Da Cunha,Daniel,Medium,32623.93,79.63777777777779,0.12864176694837196
10365,30,87.06,1,2611.8,1/7/2005 0:00,Shipped,1,1,2005,Classic Cars,141,S18_1129,Mini Creations Ltd.,5085559555,4575 Hillside Dr.,New Bedford,50553,USA,EMEA,Tam,Wing C,Small,11021.3,95.68666666666667,0.23697748904394222
10377,35,100.0,2,5895.05,2/9/2005 0:00,Shipped,1,2,2005,Classic Cars,141,S18_1129,"Toys of Finland, Co.",90-224 8555,Keskuskatu 45,Helsinki,21240,Finland,EMEA,Karttunen,Matti,Medium,26422.82,89.265,0.22310449830865897
10390,36,93.77,14,3375.72,3/4/2005 0:00,Shipped,1,3,2005,Classic Cars,141,S18_1129,Mini Gifts Distributors Ltd.,4155551450,5677 Strong St.,San Rafael,97562,USA,EMEA,Nelson,Valarie,Medium,61133.28,81.740625,0.0552190230918413
10406,61,100.0,3,8374.69,4/15/2005 0:00,Disputed,2,4,2005,Classic Cars,141,S18_1129,Danish Wholesale Imports,31 12 3555,Vinb'ltet 34,Kobenhavn,1734,Denmark,EMEA,Petersen,Jytte,Large,26012.87,100.0,0.32194409920935296
10419,38,100.0,5,4464.24,5/17/2005 0:00,Shipped,2,5,2005,Classic Cars,141,S18_1129,Salzburg Collectables,6562-9555,Geislweg 14,Salzburg,5020,Austria,EMEA,Pipps,Georg,Medium,59475.1,90.67357142857144,0.07506065563571981
10102,39,100.0,2,4808.31,1/10/2003 0:00,Shipped,1,1,2003,Vintage Cars,102,S18_1342,Vitachrome Inc.,2125551500,2678 Kingston Rd.,NYC,10022,USA,EMEA,Frick,Michael,Medium,6864.05,75.07,0.7005062608809668
10111,33,99.66,6,3288.78,3/25/2003 0:00,Shipped,1,3,2003,Vintage Cars,102,S18_1342,Mini Wheels Co.,6505555787,5557 North Pendale Street,San Francisco,28034,USA,EMEA,Murphy,Julie,Medium,18695.58,83.28833333333334,0.1759121674748791
10125,32,100.0,1,3254.72,5/21/2003 0:00,Shipped,2,5,2003,Vintage Cars,102,S18_1342,"Australian Collectors, Co.",03 9520 4555,636 St Kilda Road,Melbourne,3004,Australia,APAC,Ferguson,Peter,Medium,9738.18,100.0,0.33422261654641827
10139,31,100.0,7,3184.94,7/16/2003 0:00,Shipped,3,7,2003,Vintage Cars,102,S18_1342,Souveniers And Things Co.,+61 2 9495 8555,"Monitor Money Building, 815 Pacific Hwy",Chatswood,2067,Australia,APAC,Huxley,Adrian,Medium,28397.260000000002,88.04875,0.1121565953898369
10149,50,100.0,4,5907.5,9/12/2003 0:00,Shipped,3,9,2003,Vintage Cars,102,S18_1342,Signal Collectibles Ltd.,4155554312,2793 Furth Circle,Brisbane,94217,USA,EMEA,Taylor,Sue,Medium,34100.03,75.16818181818182,0.17324031679737525
10162,48,91.44,2,4389.12,10/18/2003 0:00,Shipped,4,10,2003,Vintage Cars,102,S18_1342,Corporate Gift Ideas Co.,6505551386,7734 Strong St.,San Francisco,28034,USA,EMEA,Brown,Julie,Medium,33180.59,71.476,0.1322797454777025
10173,43,100.0,6,5036.16,11/5/2003 0:00,Shipped,4,11,2003,Vintage Cars,102,S18_1342,Rovelli Gifts,035-640555,Via Ludovico il Moro 22,Bergamo,24100,Italy,EMEA,Rovelli,Giovanni,Medium,40077.71,74.569375,0.125659874279244
10182,25,87.33,3,2183.25,11/12/2003 0:00,Shipped,4,11,2003,Vintage Cars,102,S18_1342,Mini Gifts Distributors Ltd.,4155551450,5677 Strong St.,San Rafael,97562,USA,EMEA,Nelson,Valarie,Small,50360.89,77.46529411764706,0.043352093261258884
10193,28,100.0,7,3106.88,11/21/2003 0:00,Shipped,4,11,2003,Vintage Cars,102,S18_1342,"Australian Collectables, Ltd",61-9-3844-6555,7 Allen Street,Glen Waverly,3150,Australia,APAC,Connery,Sean,Medium,37878.55,76.986875,0.08202214709908377
10205,36,100.0,2,3735.72,12/3/2003 0:00,Shipped,4,12,2003,Vintage Cars,102,S18_1342,Euro Shopping Channel,(91) 555 94 44,"C/ Moralzarzal, 86",Madrid,28034,Spain,EMEA,Freyre,Diego,Medium,16384.76,67.772,0.22799967774932317
10215,27,89.38,10,2413.26,1/29/2004 0:00,Shipped,1,1,2004,Vintage Cars,102,S18_1342,West Coast Collectables Co.,3105553722,3675 Furth Circle,Burbank,94019,USA,EMEA,Thompson,Steve,Small,37850.08,82.707,0.0637583857154331
10227,25,100.0,3,2953.75,3/2/2004 0:00,Shipped,1,3,2004,Vintage Cars,102,S18_1342,"Saveley & Henriot, Co.",78.32.5555,"2, rue du Commerce",Lyon,69004,France,EMEA,Saveley,Mary,Small,46802.270000000004,76.42333333333333,0.06311125507373894
10244,40,100.0,7,4684.8,4/29/2004 0:00,Shipped,2,4,2004,Vintage Cars,102,S18_1342,Euro Shopping Channel,(91) 555 94 44,"C/ Moralzarzal, 86",Madrid,28034,Spain,EMEA,Freyre,Diego,Medium,28327.64,81.39666666666668,0.16537911382663717
10256,34,95.55,2,3248.7,6/8/2004 0:00,Shipped,2,6,2004,Vintage Cars,102,S18_1342,Danish Wholesale Imports,31 12 3555,Vinb'ltet 34,Kobenhavn,1734,Denmark,EMEA,Petersen,Jytte,Medium,4749.45,73.65,0.6840160439629852
10280,50,100.0,9,5239.5,8/17/2004 0:00,Shipped,3,8,2004,Vintage Cars,102,S18_1342,Amica Models & Co.,011-4988555,Via Monte Bianco 34,Torino,10100,Italy,EMEA,Accorti,Paolo,Medium,56078.26,81.5564705882353,0.09343192887939104
10289,38,100.0,2,4567.98,9/3/2004 0:00,Shipped,3,9,2004,Vintage Cars,102,S18_1342,Herkku Gifts,+47 2267 3215,"Drammen 121, PR 744 Sentrum",Bergen,N 5804,Norway,EMEA,Oeztan,Veysel,Medium,16363.1,76.1125,0.2791634836919654
10304,37,95.55,13,3535.35,10/11/2004 0:00,Shipped,4,10,2004,Vintage Cars,102,S18_1342,Auto Assoc. & Cie.,30.59.8555,"67, avenue de l'Europe",Versailles,78000,France,EMEA,Tonini,Daniel,Medium,59074.9,81.46235294117646,0.059845213449366816
10312,43,89.38,10,3843.34,10/21/2004 0:00,Shipped,4,10,2004,Vintage Cars,102,S18_1342,Mini Gifts Distributors Ltd.,4155551450,5677 Strong St.,San Rafael,97562,USA,EMEA,Nelson,Valarie,Medium,63075.08,76.92764705882352,0.06093278042612074
10322,43,86.3,14,3710.9,11/4/2004 0:00,Shipped,4,11,2004,Vintage Cars,102,S18_1342,Online Diecast Creations Co.,6035558647,2304 Long Airport Avenue,Nashua,62005,USA,EMEA,Young,Valarie,Medium,55570.6,81.72071428571428,0.06677811648605558
10332,46,95.13,15,4375.98,11/17/2004 0:00,Shipped,4,11,2004,Vintage Cars,102,S18_1342,"AV Stores, Co.",(171) 555-1555,Fauntleroy Circus,Manchester,EC2 5NT,UK,EMEA,Ashworth,Victoria,Medium,48962.28,73.125,0.08937451442212249
10346,42,36.11,3,1516.62,11/29/2004 0:00,Shipped,4,11,2004,Vintage Cars,102,S18_1342,Signal Gift Stores,7025551838,8489 Strong St.,Las Vegas,83030,USA,EMEA,King,Sue,Small,14449.61,86.11166666666666,0.10495923419386405
10356,50,50.18,9,2509.0,12/9/2004 0:00,Shipped,4,12,2004,Vintage Cars,102,S18_1342,Lyon Souveniers,+33 1 46 62 7555,27 rue du Colonel Pierre Avia,Paris,75508,France,EMEA,Da Cunha,Daniel,Small,32623.93,79.63777777777779,0.07690673686462667
10369,44,100.0,8,9240.44,1/20/2005 0:00,Shipped,1,1,2005,Vintage Cars,102,S18_1342,Collectables For Less Inc.,6175558555,7825 Douglas Av.,Brickhaven,58339,USA,EMEA,Nelson,Allen,Large,31474.78,87.1325,0.29358235387189363
10380,27,93.16,13,2515.32,2/16/2005 0:00,Shipped,1,2,2005,Vintage Cars,102,S18_1342,Euro Shopping Channel,(91) 555 94 44,"C/ Moralzarzal, 86",Madrid,28034,Spain,EMEA,Freyre,Diego,Small,38360.4,79.01,0.06557074483060657
10391,35,100.0,2,5548.9,3/9/2005 0:00,Shipped,1,3,2005,Vintage Cars,102,S18_1342,"Anna's Decorations, Ltd",02 9936 8555,201 Miller Street,North Sydney,2060,Australia,APAC,O'Hara,Anna,Medium,35160.25,77.89500000000001,0.1578174216622464
10422,51,95.55,2,4873.05,5/30/2005 0:00,In Process,2,5,2005,Vintage Cars,102,S18_1342,Diecast Classics Inc.,2155551555,7586 Pompton St.,Allentown,70267,USA,EMEA,Yu,Kyung,Medium,6166.8,73.65,0.7902072387624052
10102,41,50.14,1,2055.74,1/10/2003 0:00,Shipped,1,1,2003,Vintage Cars,53,S18_1367,Vitachrome Inc.,2125551500,2678 Kingston Rd.,NYC,10022,USA,EMEA,Frick,Michael,Small,6864.05,75.07,0.2994937391190332
10111,48,49.06,5,2354.88,3/25/2003 0:00,Shipped,1,3,2003,Vintage Cars,53,S18_1367,Mini Wheels Co.,6505555787,5557 North Pendale Street,San Francisco,28034,USA,EMEA,Murphy,Julie,Small,18695.58,83.28833333333334,0.12595918393545424
10126,42,54.99,17,2309.58,5/28/2003 0:00,Shipped,2,5,2003,Vintage Cars,53,S18_1367,"Corrida Auto Replicas, Ltd",(91) 555 22 82,"C/ Araquil, 67",Madrid,28023,Spain,EMEA,Sommer,MartÂ¡n,Small,61073.21,86.85000000000001,0.037816581116335624
10139,49,43.13,6,2113.37,7/16/2003 0:00,Shipped,3,7,2003,Vintage Cars,53,S18_1367,Souveniers And Things Co.,+61 2 9495 8555,"Monitor Money Building, 815 Pacific Hwy",Chatswood,2067,Australia,APAC,Huxley,Adrian,Small,28397.260000000002,88.04875,0.0744216167334454
10149,30,58.22,3,1746.6,9/12/2003 0:00,Shipped,3,9,2003,Vintage Cars,53,S18_1367,Signal Collectibles Ltd.,4155554312,2793 Furth Circle,Brisbane,94217,USA,EMEA,Taylor,Sue,Small,34100.03,75.16818181818182,0.05121989628748127
10162,45,51.21,1,2304.45,10/18/2003 0:00,Shipped,4,10,2003,Vintage Cars,53,S18_1367,Corporate Gift Ideas Co.,6505551386,7734 Strong St.,San Francisco,28034,USA,EMEA,Brown,Julie,Small,33180.59,71.476,0.06945174874828929
10173,48,44.21,5,2122.08,11/5/2003 0:00,Shipped,4,11,2003,Vintage Cars,53,S18_1367,Rovelli Gifts,035-640555,Via Ludovico il Moro 22,Bergamo,24100,Italy,EMEA,Rovelli,Giovanni,Small,40077.71,74.569375,0.052949133071724906
10182,32,54.45,2,1742.4,11/12/2003 0:00,Shipped,4,11,2003,Vintage Cars,53,S18_1367,Mini Gifts Distributors Ltd.,4155551450,5677 Strong St.,San Rafael,97562,USA,EMEA,Nelson,Valarie,Small,50360.89,77.46529411764706,0.034598276559449206
10193,46,53.37,6,2455.02,11/21/2003 0:00,Shipped,4,11,2003,Vintage Cars,53,S18_1367,"Australian Collectables, Ltd",61-9-3844-6555,7 Allen Street,Glen Waverly,3150,Australia,APAC,Connery,Sean,Small,37878.55,76.986875,0.06481293502523196
10205,48,63.61,1,3053.28,12/3/2003 0:00,Shipped,4,12,2003,Vintage Cars,53,S18_1367,Euro Shopping Channel,(91) 555 94 44,"C/ Moralzarzal, 86",Madrid,28034,Spain,EMEA,Freyre,Diego,Medium,16384.76,67.772,0.18634877776665637
10215,33,43.13,9,1423.29,1/29/2004 0:00,Shipped,1,1,2004,Vintage Cars,53,S18_1367,West Coast Collectables Co.,3105553722,3675 Furth Circle,Burbank,94019,USA,EMEA,Thompson,Steve,Small,37850.08,82.707,0.03760335513161399
10227,31,48.52,2,1504.12,3/2/2004 0:00,Shipped,1,3,2004,Vintage Cars,53,S18_1367,"Saveley & Henriot, Co.",78.32.5555,"2, rue du Commerce",Lyon,69004,France,EMEA,Saveley,Mary,Small,46802.270000000004,76.42333333333333,0.03213775742074049
10244,20,58.22,6,1164.4,4/29/2004 0:00,Shipped,2,4,2004,Vintage Cars,53,S18_1367,Euro Shopping Channel,(91) 555 94 44,"C/ Moralzarzal, 86",Madrid,28034,Spain,EMEA,Freyre,Diego,Small,28327.64,81.39666666666668,0.04110473022108443
10256,29,51.75,1,1500.75,6/8/2004 0:00,Shipped,2,6,2004,Vintage Cars,53,S18_1367,Danish Wholesale Imports,31 12 3555,Vinb'ltet 34,Kobenhavn,1734,Denmark,EMEA,Petersen,Jytte,Small,4749.45,73.65,0.31598395603701485
10280,27,57.68,8,1557.36,8/17/2004 0:00,Shipped,3,8,2004,Vintage Cars,53,S18_1367,Amica Models & Co.,011-4988555,Via Monte Bianco 34,Torino,10100,Italy,EMEA,Accorti,Paolo,Small,56078.26,81.5564705882353,0.027771189762307174
10289,24,56.07,1,1345.68,9/3/2004 0:00,Shipped,3,9,2004,Vintage Cars,53,S18_1367,Herkku Gifts,+47 2267 3215,"Drammen 121, PR 744 Sentrum",Bergen,N 5804,Norway,EMEA,Oeztan,Veysel,Small,16363.1,76.1125,0.08223869560168917
10304,37,48.52,12,1795.24,10/11/2004 0:00,Shipped,4,10,2004,Vintage Cars,53,S18_1367,Auto Assoc. & Cie.,30.59.8555,"67, avenue de l'Europe",Versailles,78000,France,EMEA,Tonini,Daniel,Small,59074.9,81.46235294117646,0.03038921775576429
10312,25,44.21,9,1105.25,10/21/2004 0:00,Shipped,4,10,2004,Vintage Cars,53,S18_1367,Mini Gifts Distributors Ltd.,4155551450,5677 Strong St.,San Rafael,97562,USA,EMEA,Nelson,Valarie,Small,63075.08,76.92764705882352,0.01752276810429729
10322,41,57.68,5,2364.88,11/4/2004 0:00,Shipped,4,11,2004,Vintage Cars,53,S18_1367,Online Diecast Creations Co.,6035558647,2304 Long Airport Avenue,Nashua,62005,USA,EMEA,Young,Valarie,Small,55570.6,81.72071428571428,0.042556315749694984
10332,27,89.89,16,2427.03,11/17/2004 0:00,Shipped,4,11,2004,Vintage Cars,53,S18_1367,"AV Stores, Co.",(171) 555-1555,Fauntleroy Circus,Manchester,EC2 5NT,UK,EMEA,Ashworth,Victoria,Small,48962.28,73.125,0.04956938279835008
10347,21,58.95,7,1237.95,11/29/2004 0:00,Shipped,4,11,2004,Vintage Cars,53,S18_1367,"Australian Collectors, Co.",03 9520 4555,636 St Kilda Road,Melbourne,3004,Australia,APAC,Ferguson,Peter,Small,47442.91,89.45916666666666,0.026093466863647274
10356,22,72.41,6,1593.02,12/9/2004 0:00,Shipped,4,12,2004,Vintage Cars,53,S18_1367,Lyon Souveniers,+33 1 46 62 7555,27 rue du Colonel Pierre Avia,Paris,75508,France,EMEA,Da Cunha,Daniel,Small,32623.93,79.63777777777779,0.04882980070150959
10369,32,98.63,7,3156.16,1/20/2005 0:00,Shipped,1,1,2005,Vintage Cars,53,S18_1367,Collectables For Less Inc.,6175558555,7825 Douglas Av.,Brickhaven,58339,USA,EMEA,Nelson,Allen,Medium,31474.78,87.1325,0.10027583989467123
10381,25,52.83,9,1320.75,2/17/2005 0:00,Shipped,1,2,2005,Vintage Cars,53,S18_1367,Corporate Gift Ideas Co.,6505551386,7734 Strong St.,San Francisco,28034,USA,EMEA,Brown,Julie,Small,36495.95,85.2811111111111,0.036188946992748515
10391,42,100.0,3,4998.0,3/9/2005 0:00,Shipped,1,3,2005,Vintage Cars,53,S18_1367,"Anna's Decorations, Ltd",02 9936 8555,201 Miller Street,North Sydney,2060,Australia,APAC,O'Hara,Anna,Medium,35160.25,77.89500000000001,0.1421491599178049
10422,25,51.75,1,1293.75,5/30/2005 0:00,In Process,2,5,2005,Vintage Cars,53,S18_1367,Diecast Classics Inc.,2155551555,7586 Pompton St.,Allentown,70267,USA,EMEA,Yu,Kyung,Small,6166.8,73.65,0.20979276123759485
10110,37,100.0,16,5433.08,3/18/2003 0:00,Shipped,1,3,2003,Classic Cars,124,S18_1589,"AV Stores, Co.",(171) 555-1555,Fauntleroy Circus,Manchester,EC2 5NT,UK,EMEA,Ashworth,Victoria,Medium,51017.92,75.720625,0.10649356147800616
10123,26,100.0,2,3073.72,5/20/2003 0:00,Shipped,2,5,2003,Classic Cars,124,S18_1589,Atelier graphique,40.32.2555,"54, rue Royale",Nantes,44000,France,EMEA,Schmitt,Carine,Medium,16560.3,89.9675,0.1856077486518964
10137,44,99.55,2,4380.2,7/10/2003 0:00,Shipped,3,7,2003,Classic Cars,124,S18_1589,Reims Collectables,26.47.1555,59 rue de l'Abbaye,Reims,51100,France,EMEA,Henriot,Paul,Medium,15146.32,87.34,0.2891923582758056
10148,47,100.0,9,5848.68,9/11/2003 0:00,Shipped,3,9,2003,Classic Cars,124,S18_1589,"Anna's Decorations, Ltd",02 9936 8555,201 Miller Street,North Sydney,2060,Australia,APAC,O'Hara,Anna,Medium,47191.76,88.97,0.12393434786072823
10161,43,100.0,8,6153.73,10/17/2003 0:00,Shipped,4,10,2003,Classic Cars,124,S18_1589,Heintze Collectables,86 21 3555,Smagsloget 45,Aaarhus,8200,Denmark,EMEA,Ibsen,Palle,Medium,40321.61,90.30666666666667,0.15261617777663142
10172,42,100.0,6,4965.24,11/5/2003 0:00,Shipped,4,11,2003,Classic Cars,124,S18_1589,Gift Depot Inc.,2035552570,25593 South Bay Ln.,Bridgewater,97562,USA,EMEA,King,Julie,Medium,26115.8,84.1,0.19012398624587415
10181,42,100.0,2,5435.64,11/12/2003 0:00,Shipped,4,11,2003,Classic Cars,124,S18_1589,Herkku Gifts,+47 2267 3215,"Drammen 121, PR 744 Sentrum",Bergen,N 5804,Norway,EMEA,Oeztan,Veysel,Medium,60795.84,88.24470588235295,0.089408091079916
10192,29,100.0,7,4258.36,11/20/2003 0:00,Shipped,4,11,2003,Classic Cars,124,S18_1589,Online Diecast Creations Co.,6035558647,2304 Long Airport Avenue,Nashua,62005,USA,EMEA,Young,Valarie,Medium,63981.45,87.591875,0.0665561658887068
10204,40,100.0,13,4032.0,12/2/2003 0:00,Shipped,4,12,2003,Classic Cars,124,S18_1589,Muscle Machine Inc,2125557413,4092 Furth Circle,NYC,10022,USA,EMEA,Young,Jeff,Medium,64316.090000000004,85.04470588235294,0.06269037809978809
10212,38,100.0,6,4492.36,1/16/2004 0:00,Shipped,1,1,2004,Classic Cars,124,S18_1589,Euro Shopping Channel,(91) 555 94 44,"C/ Moralzarzal, 86",Madrid,28034,Spain,EMEA,Freyre,Diego,Medium,65165.17,87.60125,0.06893805387141627
10226,38,100.0,4,4161.38,2/26/2004 0:00,Shipped,1,2,2004,Classic Cars,124,S18_1589,Collectable Mini Designs Co.,7605558146,361 Furth Circle,San Diego,91217,USA,EMEA,Thompson,Valarie,Medium,25872.22,85.08857142857143,0.16084356116328632
10241,21,100.0,11,2508.66,4/13/2004 0:00,Shipped,2,4,2004,Classic Cars,124,S18_1589,Mini Caravy,88.60.1555,"24, place Kluber",Strasbourg,67000,France,EMEA,Citeaux,Frederique,Small,39341.229999999996,83.97666666666667,0.06376668955190268
10253,24,100.0,1,3374.88,6/1/2004 0:00,Cancelled,2,6,2004,Classic Cars,124,S18_1589,"UK Collectables, Ltd.",(171) 555-2282,Berkeley Gardens 12  Brewery,Liverpool,WX1 6LT,UK,EMEA,Devon,Elizabeth,Medium,50408.25,90.67357142857144,0.0669509455297496
10266,36,100.0,2,5196.6,7/6/2004 0:00,Shipped,3,7,2004,Classic Cars,124,S18_1589,L'ordine Souveniers,0522-556555,Strada Provinciale 124,Reggio Emilia,42100,Italy,EMEA,Moroni,Maurizio,Medium,56421.65,86.83,0.09210294275335798
10278,23,100.0,2,2604.52,8/6/2004 0:00,Shipped,3,8,2004,Classic Cars,124,S18_1589,Signal Gift Stores,7025551838,8489 Strong St.,Las Vegas,83030,USA,EMEA,King,Sue,Small,34453.85,87.503,0.07559445461102315
10288,20,100.0,14,2936.8,9/1/2004 0:00,Shipped,3,9,2004,Classic Cars,124,S18_1589,Handji Gifts& Co,+65 224 1555,Village Close - 106 Linden Road Sandown,Singapore,69045,Singapore,APAC,Victorino,Wendy,Small,42902.84,75.91142857142857,0.06845234487973291
10301,32,100.0,4,3424.64,10/5/2003 0:00,Shipped,4,10,2003,Classic Cars,124,S18_1589,"Norway Gifts By Mail, Co.",+47 2212 1555,"Drammensveien 126 A, PB 744 Sentrum",Oslo,N 0106,Norway,EMEA,Klaeboe,Jan,Medium,45078.759999999995,86.73363636363636,0.07597014647252942
10311,29,100.0,9,2923.2,10/16/2004 0:00,Shipped,4,10,2004,Classic Cars,124,S18_1589,Euro Shopping Channel,(91) 555 94 44,"C/ Moralzarzal, 86",Madrid,28034,Spain,EMEA,Freyre,Diego,Small,34872.13,86.76181818181819,0.0838262532285811
10321,44,100.0,6,4489.76,11/4/2004 0:00,Shipped,4,11,2004,Classic Cars,124,S18_1589,FunGiftIdeas.com,5085552555,1785 First Street,New Bedford,50553,USA,EMEA,Benitez,Violeta,Medium,49504.380000000005,84.79866666666666,0.09069419715992806
10331,44,100.0,14,4849.24,11/17/2004 0:00,Shipped,4,11,2004,Classic Cars,124,S18_1589,Motor Mint Distributors Inc.,2155559857,11328 Douglas Av.,Philadelphia,71270,USA,EMEA,Hernandez,Rosa,Medium,48996.1,84.39714285714285,0.09897195899265451
10343,36,100.0,4,5848.92,11/24/2004 0:00,Shipped,4,11,2004,Classic Cars,124,S18_1589,Reims Collectables,26.47.1555,59 rue de l'Abbaye,Reims,51100,France,EMEA,Henriot,Paul,Medium,18681.17,78.90166666666666,0.313091738900722
10367,49,56.3,1,2758.7,1/12/2005 0:00,Resolved,1,1,2005,Classic Cars,124,S18_1589,Toys4GrownUps.com,6265557265,78934 Hillside Dr.,Pasadena,90003,USA,EMEA,Young,Julie,Small,44273.36,74.21615384615384,0.062310608456191255
10378,34,42.64,5,1449.76,2/10/2005 0:00,Shipped,1,2,2005,Classic Cars,124,S18_1589,Euro Shopping Channel,(91) 555 94 44,"C/ Moralzarzal, 86",Madrid,28034,Spain,EMEA,Freyre,Diego,Small,33680.5,78.354,0.04304449161977999
10407,59,100.0,11,7048.14,4/22/2005 0:00,On Hold,2,4,2005,Classic Cars,124,S18_1589,The Sharp Gifts Warehouse,4085553659,3086 Ingle Ln.,San Jose,94217,USA,EMEA,Frick,Sue,Large,57883.09,83.97666666666667,0.12176509581641203
10419,37,100.0,1,5202.94,5/17/2005 0:00,Shipped,2,5,2005,Classic Cars,124,S18_1589,Salzburg Collectables,6562-9555,Geislweg 14,Salzburg,5020,Austria,EMEA,Pipps,Georg,Medium,59475.1,90.67357142857144,0.08748097943509132
10106,36,100.0,12,5279.4,2/17/2003 0:00,Shipped,1,2,2003,Planes,157,S18_1662,Rovelli Gifts,035-640555,Via Ludovico il Moro 22,Bergamo,24100,Italy,EMEA,Rovelli,Giovanni,Medium,56181.32,78.88222222222223,0.09397073618063798
10119,43,100.0,3,6916.12,4/28/2003 0:00,Shipped,2,4,2003,Planes,157,S18_1662,Salzburg Collectables,6562-9555,Geislweg 14,Salzburg,5020,Austria,EMEA,Pipps,Georg,Medium,38629.14,79.57214285714285,0.17903893278493904
10131,21,100.0,4,2781.66,6/16/2003 0:00,Shipped,2,6,2003,Planes,157,S18_1662,Gift Ideas Corp.,2035554407,2440 Pompton St.,Glendale,97561,USA,EMEA,Lewis,Dan,Small,20350.95,77.63,0.13668452824069638
10143,32,100.0,7,5248.0,8/10/2003 0:00,Shipped,3,8,2003,Planes,157,S18_1662,Mini Creations Ltd.,5085559555,4575 Hillside Dr.,New Bedford,50553,USA,EMEA,Tam,Wing C,Medium,45738.39,81.08375,0.11473950001300877
10155,38,100.0,5,6531.44,10/6/2003 0:00,Shipped,4,10,2003,Planes,157,S18_1662,"Toys of Finland, Co.",90-224 8555,Keskuskatu 45,Helsinki,21240,Finland,EMEA,Karttunen,Matti,Medium,42083.5,81.96538461538461,0.15520191999239605
10167,43,100.0,1,5763.72,10/23/2003 0:00,Cancelled,4,10,2003,Planes,157,S18_1662,Scandinavian Gift Ideas,0695-34 6555,?kergatan 24,Boras,S-844 67,Sweden,EMEA,Larsson,Maria,Medium,48710.92,81.586875,0.11832500802694756
10178,42,100.0,4,6490.68,11/8/2003 0:00,Shipped,4,11,2003,Planes,157,S18_1662,Alpha Cognac,61.77.6555,1 rue Alsace-Lorraine,Toulouse,31000,France,EMEA,Roulet,Annette,Medium,38098.24,82.72166666666666,0.17036692508630322
10186,32,100.0,1,6004.8,11/14/2003 0:00,Shipped,4,11,2003,Planes,157,S18_1662,"Double Decker Gift Stores, Ltd",(171) 555-7555,120 Hanover Sq.,London,WA1 1DP,UK,EMEA,Hardy,Thomas,Medium,27541.82,84.99444444444445,0.21802480736567156
10198,42,100.0,4,7483.98,11/27/2003 0:00,Shipped,4,11,2003,Planes,157,S18_1662,Cruz & Sons Co.,+63 2 555 3587,15 McCallum Street - NatWest Center #13-03,Makati City,1227 MM,Philippines,Japan,Cruz,Arnold,Large,22841.96,78.22500000000001,0.32764176103977066
10210,31,100.0,17,5719.5,1/12/2004 0:00,Shipped,1,1,2004,Planes,157,S18_1662,Osaka Souveniers Co.,+81 06 6342 5555,"Dojima Avanza 4F, 1-6-20 Dojima, Kita-ku",Osaka,530-0003,Japan,Japan,Kentary,Mory,Medium,50490.64,78.96588235294118,0.11327842150545131
10222,49,100.0,4,6954.08,2/19/2004 0:00,Shipped,1,2,2004,Planes,157,S18_1662,Collectable Mini Designs Co.,7605558146,361 Furth Circle,San Diego,91217,USA,EMEA,Thompson,Valarie,Medium,61617.01,80.55444444444444,0.11285974441148637
10250,45,100.0,14,8160.3,5/11/2004 0:00,Shipped,2,5,2004,Planes,157,S18_1662,The Sharp Gifts Warehouse,4085553659,3086 Ingle Ln.,San Jose,94217,USA,EMEA,Frick,Sue,Large,48472.24,82.75928571428572,0.16834996690889467
10262,49,100.0,9,6567.96,6/24/2004 0:00,Cancelled,2,6,2004,Planes,157,S18_1662,Euro Shopping Channel,(91) 555 94 44,"C/ Moralzarzal, 86",Madrid,28034,Spain,EMEA,Freyre,Diego,Medium,50010.65,78.62375,0.1313312264487664
10274,41,100.0,1,6724.0,7/21/2004 0:00,Shipped,3,7,2004,Planes,157,S18_1662,Collectables For Less Inc.,6175558555,7825 Douglas Av.,Brickhaven,58339,USA,EMEA,Nelson,Allen,Medium,15110.8,77.306,0.4449797495830797
10284,45,100.0,11,5747.85,8/21/2004 0:00,Shipped,3,8,2004,Planes,157,S18_1662,"Norway Gifts By Mail, Co.",+47 2212 1555,"Drammensveien 126 A, PB 744 Sentrum",Oslo,N 0106,Norway,EMEA,Klaeboe,Jan,Medium,34145.47,76.56538461538462,0.1683341889861232
10296,36,100.0,7,5676.84,9/15/2004 0:00,Shipped,3,9,2004,Planes,157,S18_1662,"Bavarian Collectables Imports, Co.",+49 89 61 08 9555,Hansastr. 15,Munich,80686,Germany,EMEA,Donnermeyer,Michael,Medium,34993.92,79.71857142857142,0.16222360912981457
10307,39,100.0,1,7379.97,10/14/2004 0:00,Shipped,4,10,2004,Planes,157,S18_1662,"Classic Gift Ideas, Inc",2155554695,782 First Street,Philadelphia,71270,USA,EMEA,Cervantes,Francisca,Large,27445.31,84.45333333333333,0.26889730886625074
10316,27,100.0,9,3704.13,11/1/2004 0:00,Shipped,4,11,2004,Planes,157,S18_1662,giftsbymail.co.uk,(198) 555-8888,Garden House Crowther Way,Cowes,PO31 7PJ,UK,EMEA,Bennett,Helen,Medium,51334.16,79.435,0.07215721461108937
10327,25,100.0,6,2804.75,11/10/2004 0:00,Resolved,4,11,2004,Planes,157,S18_1662,Danish Wholesale Imports,31 12 3555,Vinb'ltet 34,Kobenhavn,1734,Denmark,EMEA,Petersen,Jytte,Small,24078.61,86.94,0.11648305280080536
10338,41,100.0,1,5624.79,11/22/2004 0:00,Shipped,4,11,2004,Planes,157,S18_1662,Royale Belge,(071) 23 67 2555,"Boulevard Tirou, 255",Charleroi,B-6000,Belgium,EMEA,Cartrain,Pascale,Medium,13463.48,94.19333333333333,0.4177812868589696
10351,39,99.52,1,3881.28,12/3/2004 0:00,Shipped,4,12,2004,Planes,157,S18_1662,"Stylish Desk Decors, Co.",(171) 555-0297,35 King George,London,WX3 6FW,UK,EMEA,Brown,Ann,Medium,13739.9,80.39,0.2824824052576802
10373,28,57.55,4,1611.4,1/31/2005 0:00,Shipped,1,1,2005,Planes,157,S18_1662,"Oulu Toy Supplies, Inc.",981-443655,Torikatu 38,Oulu,90110,Finland,EMEA,Koskitalo,Pirkko,Small,49055.4,79.01235294117647,0.03284857528427044
10386,25,54.57,7,1364.25,3/1/2005 0:00,Resolved,1,3,2005,Planes,157,S18_1662,Euro Shopping Channel,(91) 555 94 44,"C/ Moralzarzal, 86",Madrid,28034,Spain,EMEA,Freyre,Diego,Small,53815.72,77.94666666666666,0.025350399474354333
10398,33,100.0,11,4215.09,3/30/2005 0:00,Shipped,1,3,2005,Planes,157,S18_1662,Reims Collectables,26.47.1555,59 rue de l'Abbaye,Reims,51100,France,EMEA,Henriot,Paul,Medium,52029.07,77.58611111111111,0.081014133060614
10400,34,100.0,1,6433.82,4/1/2005 0:00,Shipped,2,4,2005,Planes,157,S18_1662,The Sharp Gifts Warehouse,4085553659,3086 Ingle Ln.,San Jose,94217,USA,EMEA,Frick,Sue,Medium,37526.84,78.95333333333333,0.17144582384234858
10416,24,100.0,14,4352.16,5/10/2005 0:00,Shipped,2,5,2005,Planes,157,S18_1662,L'ordine Souveniers,0522-556555,Strada Provinciale 124,Reggio Emilia,42100,Italy,EMEA,Moroni,Maurizio,Medium,41509.94,82.75928571428572,0.10484621273844288
10100,30,100.0,3,5151.0,1/6/2003 0:00,Shipped,1,1,2003,Vintage Cars,170,S18_1749,Online Diecast Creations Co.,6035558647,2304 Long Airport Avenue,Nashua,62005,USA,EMEA,Young,Valarie,Medium,12133.25,72.195,0.42453588280139287
10110,42,100.0,7,6069.0,3/18/2003 0:00,Shipped,1,3,2003,Vintage Cars,170,S18_1749,"AV Stores, Co.",(171) 555-1555,Fauntleroy Circus,Manchester,EC2 5NT,UK,EMEA,Ashworth,Victoria,Medium,51017.92,75.720625,0.11895820135356361
10124,21,100.0,6,2856.0,5/21/2003 0:00,Shipped,2,5,2003,Vintage Cars,170,S18_1749,Signal Gift Stores,7025551838,8489 Strong St.,Las Vegas,83030,USA,EMEA,King,Sue,Small,33847.62,72.39307692307692,0.08437816307320868
10149,34,100.0,11,5375.4,9/12/2003 0:00,Shipped,3,9,2003,Vintage Cars,170,S18_1749,Signal Collectibles Ltd.,4155554312,2793 Furth Circle,Brisbane,94217,USA,EMEA,Taylor,Sue,Medium,34100.03,75.16818181818182,0.15763622495346777
10162,29,100.0,9,5176.5,10/18/2003 0:00,Shipped,4,10,2003,Vintage Cars,170,S18_1749,Corporate Gift Ideas Co.,6505551386,7734 Strong St.,San Francisco,28034,USA,EMEA,Brown,Julie,Medium,33180.59,71.476,0.15600988409187422
10173,24,100.0,13,3508.8,11/5/2003 0:00,Shipped,4,11,2003,Vintage Cars,170,S18_1749,Rovelli Gifts,035-640555,Via Ludovico il Moro 22,Bergamo,24100,Italy,EMEA,Rovelli,Giovanni,Medium,40077.71,74.569375,0.08754991240767
10182,44,100.0,10,7554.8,11/12/2003 0:00,Shipped,4,11,2003,Vintage Cars,170,S18_1749,Mini Gifts Distributors Ltd.,4155551450,5677 Strong St.,San Rafael,97562,USA,EMEA,Nelson,Valarie,Large,50360.89,77.46529411764706,0.15001323447619772
10193,21,100.0,14,3141.6,11/21/2003 0:00,Shipped,4,11,2003,Vintage Cars,170,S18_1749,"Australian Collectables, Ltd",61-9-3844-6555,7 Allen Street,Glen Waverly,3150,Australia,APAC,Connery,Sean,Medium,37878.55,76.986875,0.08293876085541817
10204,33,100.0,4,5890.5,12/2/2003 0:00,Shipped,4,12,2003,Vintage Cars,170,S18_1749,Muscle Machine Inc,2125557413,4092 Furth Circle,NYC,10022,USA,EMEA,Young,Jeff,Medium,64316.090000000004,85.04470588235294,0.09158672425515917
10214,30,100.0,7,5967.0,1/26/2004 0:00,Shipped,1,1,2004,Vintage Cars,170,S18_1749,"Corrida Auto Replicas, Ltd",(91) 555 22 82,"C/ Araquil, 67",Madrid,28023,Spain,EMEA,Sommer,MartÂ¡n,Medium,24995.469999999998,68.56714285714285,0.23872325665410574
10227,26,100.0,10,3712.8,3/2/2004 0:00,Shipped,1,3,2004,Vintage Cars,170,S18_1749,"Saveley & Henriot, Co.",78.32.5555,"2, rue du Commerce",Lyon,69004,France,EMEA,Saveley,Mary,Medium,46802.270000000004,76.42333333333333,0.07932948551427099
10241,41,100.0,2,7597.3,4/13/2004 0:00,Shipped,2,4,2004,Vintage Cars,170,S18_1749,Mini Caravy,88.60.1555,"24, place Kluber",Strasbourg,67000,France,EMEA,Citeaux,Frederique,Large,39341.229999999996,83.97666666666667,0.19311292504072702
10280,26,100.0,16,3668.6,8/17/2004 0:00,Shipped,3,8,2004,Vintage Cars,170,S18_1749,Amica Models & Co.,011-4988555,Via Monte Bianco 34,Torino,10100,Italy,EMEA,Accorti,Paolo,Medium,56078.26,81.5564705882353,0.06541929082678385
10288,32,100.0,5,5875.2,9/1/2004 0:00,Shipped,3,9,2004,Vintage Cars,170,S18_1749,Handji Gifts& Co,+65 224 1555,Village Close - 106 Linden Road Sandown,Singapore,69045,Singapore,APAC,Victorino,Wendy,Medium,42902.84,75.91142857142857,0.13694198332791024
10302,43,100.0,1,7310.0,10/6/2003 0:00,Shipped,4,10,2003,Vintage Cars,170,S18_1749,"UK Collectables, Ltd.",(171) 555-2282,Berkeley Gardens 12  Brewery,Liverpool,WX1 6LT,UK,EMEA,Devon,Elizabeth,Large,26797.21,89.40833333333335,0.2727895926478913
10312,48,100.0,17,8078.4,10/21/2004 0:00,Shipped,4,10,2004,Vintage Cars,170,S18_1749,Mini Gifts Distributors Ltd.,4155551450,5677 Strong St.,San Rafael,97562,USA,EMEA,Nelson,Valarie,Large,63075.08,76.92764705882352,0.1280759374383671
10331,44,74.04,7,3257.76,11/17/2004 0:00,Shipped,4,11,2004,Vintage Cars,170,S18_1749,Motor Mint Distributors Inc.,2155559857,11328 Douglas Av.,Philadelphia,71270,USA,EMEA,Hernandez,Rosa,Medium,48996.1,84.39714285714285,0.06649019003553344
10344,45,100.0,1,7650.0,11/25/2004 0:00,Shipped,4,11,2004,Vintage Cars,170,S18_1749,Marseille Mini Autos,91.24.4555,"12, rue des Bouchers",Marseille,13008,France,EMEA,Lebihan,Laurence,Large,20136.86,73.57857142857142,0.3799003419599679
10367,37,100.0,3,4703.81,1/12/2005 0:00,Resolved,1,1,2005,Vintage Cars,170,S18_1749,Toys4GrownUps.com,6265557265,78934 Hillside Dr.,Pasadena,90003,USA,EMEA,Young,Julie,Medium,44273.36,74.21615384615384,0.1062447033611183
10379,39,100.0,2,5399.55,2/10/2005 0:00,Shipped,1,2,2005,Vintage Cars,170,S18_1749,Euro Shopping Channel,(91) 555 94 44,"C/ Moralzarzal, 86",Madrid,28034,Spain,EMEA,Freyre,Diego,Medium,18094.97,84.026,0.29840060525107254
10407,76,100.0,2,14082.8,4/22/2005 0:00,On Hold,2,4,2005,Vintage Cars,170,S18_1749,The Sharp Gifts Warehouse,4085553659,3086 Ingle Ln.,San Jose,94217,USA,EMEA,Frick,Sue,Large,57883.09,83.97666666666667,0.2432973084194365
10420,37,100.0,5,5283.6,5/29/2005 0:00,In Process,2,5,2005,Vintage Cars,170,S18_1749,Souveniers And Things Co.,+61 2 9495 8555,"Monitor Money Building, 815 Pacific Hwy",Chatswood,2067,Australia,APAC,Huxley,Adrian,Medium,43971.43,77.13076923076923,0.12015984015075244
10108,38,82.39,2,3130.82,3/3/2003 0:00,Shipped,1,3,2003,Classic Cars,77,S18_1889,Cruz & Sons Co.,+63 2 555 3587,15 McCallum Street - NatWest Center #13-03,Makati City,1227 MM,Philippines,Japan,Cruz,Arnold,Medium,55245.020000000004,82.81125,0.05667153347034719
10122,43,72.38,6,3112.34,5/8/2003 0:00,Shipped,2,5,2003,Classic Cars,77,S18_1889,Marseille Mini Autos,91.24.4555,"12, rue des Bouchers",Marseille,13008,France,EMEA,Lebihan,Laurence,Medium,52481.840000000004,79.76,0.059303179918996744
10135,48,79.31,3,3806.88,7/2/2003 0:00,Shipped,3,7,2003,Classic Cars,77,S18_1889,Mini Gifts Distributors Ltd.,4155551450,5677 Strong St.,San Rafael,97562,USA,EMEA,Nelson,Valarie,Medium,59280.51,79.85588235294118,0.06421807099837704
10147,26,82.39,3,2142.14,9/5/2003 0:00,Shipped,3,9,2003,Classic Cars,77,S18_1889,Collectables For Less Inc.,6175558555,7825 Douglas Av.,Brickhaven,58339,USA,EMEA,Nelson,Allen,Small,34992.4,82.3709090909091,0.06121729289788639
10160,38,88.55,4,3364.9,10/11/2003 0:00,Shipped,4,10,2003,Classic Cars,77,S18_1889,"Men 'R' US Retailers, Ltd.",2155554369,6047 Douglas Av.,Los Angeles,28034,USA,EMEA,Chandler,Michael,Medium,24159.14,87.59166666666665,0.13928062008829786
10170,20,63.14,2,1262.8,11/4/2003 0:00,Shipped,4,11,2003,Classic Cars,77,S18_1889,Mini Auto Werke,7675-3555,Kirchgasse 6,Graz,8010,Austria,EMEA,Mendel,Roland,Small,14938.15,90.785,0.08453523361326536
10181,22,73.92,10,1626.24,11/12/2003 0:00,Shipped,4,11,2003,Classic Cars,77,S18_1889,Herkku Gifts,+47 2267 3215,"Drammen 121, PR 744 Sentrum",Bergen,N 5804,Norway,EMEA,Oeztan,Veysel,Small,60795.84,88.24470588235295,0.026749198629379908
10192,45,90.86,15,4088.7,11/20/2003 0:00,Shipped,4,11,2003,Classic Cars,77,S18_1889,Online Diecast Creations Co.,6035558647,2304 Long Airport Avenue,Nashua,62005,USA,EMEA,Young,Valarie,Medium,63981.45,87.591875,0.06390445980827256
10203,45,85.47,4,3846.15,12/2/2003 0:00,Shipped,4,12,2003,Classic Cars,77,S18_1889,Euro Shopping Channel,(91) 555 94 44,"C/ Moralzarzal, 86",Madrid,28034,Spain,EMEA,Freyre,Diego,Medium,45116.18,86.94545454545454,0.08524990369308749
10212,20,66.99,14,1339.8,1/16/2004 0:00,Shipped,1,1,2004,Classic Cars,77,S18_1889,Euro Shopping Channel,(91) 555 94 44,"C/ Moralzarzal, 86",Madrid,28034,Spain,EMEA,Freyre,Diego,Small,65165.17,87.60125,0.020560062990705005
10225,47,64.68,5,3039.96,2/22/2004 0:00,Shipped,1,2,2004,Classic Cars,77,S18_1889,"Vida Sport, Ltd",0897-034555,Grenzacherweg 237,Gensve,1203,Switzerland,EMEA,Holz,Michael,Medium,50432.549999999996,85.34071428571428,0.06027773729466387
10239,46,73.92,4,3400.32,4/12/2004 0:00,Shipped,2,4,2004,Classic Cars,77,S18_1889,"Oulu Toy Supplies, Inc.",981-443655,Torikatu 38,Oulu,90110,Finland,EMEA,Koskitalo,Pirkko,Medium,17813.4,82.352,0.19088551315301963
10253,23,83.93,9,1930.39,6/1/2004 0:00,Cancelled,2,6,2004,Classic Cars,77,S18_1889,"UK Collectables, Ltd.",(171) 555-2282,Berkeley Gardens 12  Brewery,Liverpool,WX1 6LT,UK,EMEA,Devon,Elizabeth,Small,50408.25,90.67357142857144,0.038295120342404274
10266,33,74.69,10,2464.77,7/6/2004 0:00,Shipped,3,7,2004,Classic Cars,77,S18_1889,L'ordine Souveniers,0522-556555,Strada Provinciale 124,Reggio Emilia,42100,Italy,EMEA,Moroni,Maurizio,Small,56421.65,86.83,0.04368482665785208
10278,29,90.86,10,2634.94,8/6/2004 0:00,Shipped,3,8,2004,Classic Cars,77,S18_1889,Signal Gift Stores,7025551838,8489 Strong St.,Las Vegas,83030,USA,EMEA,King,Sue,Small,34453.85,87.503,0.0764773748071696
10287,44,82.39,8,3625.16,8/30/2004 0:00,Shipped,3,8,2004,Classic Cars,77,S18_1889,"Vida Sport, Ltd",0897-034555,Grenzacherweg 237,Gensve,1203,Switzerland,EMEA,Holz,Michael,Medium,67281.01,89.31294117647059,0.05388087961224126
10300,41,92.4,1,3788.4,10/4/2003 0:00,Shipped,4,10,2003,Classic Cars,77,S18_1889,"Blauer See Auto, Co.",+49 69 66 90 2555,Lyonerstr. 34,Frankfurt,60528,Germany,EMEA,Keitel,Roland,Medium,27257.79,88.32375,0.13898412160340218
10310,20,91.63,6,1832.6,10/16/2004 0:00,Shipped,4,10,2004,Classic Cars,77,S18_1889,"Toms Spezialitten, Ltd",0221-5554327,Mehrheimerstr. 369,Koln,50739,Germany,EMEA,Pfalzheim,Henriette,Small,68943.4,85.85235294117648,0.026581224598728814
10321,37,78.54,14,2905.98,11/4/2004 0:00,Shipped,4,11,2004,Classic Cars,77,S18_1889,FunGiftIdeas.com,5085552555,1785 First Street,New Bedford,50553,USA,EMEA,Benitez,Violeta,Small,49504.380000000005,84.79866666666666,0.058701472475768804
10329,29,100.0,9,2954.81,11/15/2004 0:00,Shipped,4,11,2004,Classic Cars,77,S18_1889,Land of Toys Inc.,2125557818,897 Long Airport Avenue,NYC,10022,USA,EMEA,Yu,Kwai,Small,53152.28,87.41266666666667,0.05559140642696795
10342,55,65.45,1,3599.75,11/24/2004 0:00,Shipped,4,11,2004,Classic Cars,77,S18_1889,"Australian Collectors, Co.",03 9520 4555,636 St Kilda Road,Melbourne,3004,Australia,APAC,Ferguson,Peter,Medium,43779.09,80.99909090909091,0.08222532720529367
10363,22,100.0,7,3686.54,1/6/2005 0:00,Shipped,1,1,2005,Classic Cars,77,S18_1889,Suominen Souveniers,+358 9 8045 555,"Software Engineering Center, SEC Oy",Espoo,FIN-02271,Finland,EMEA,Suominen,Kalle,Medium,51373.49,87.70666666666666,0.07175957872435765
10377,31,67.76,4,2100.56,2/9/2005 0:00,Shipped,1,2,2005,Classic Cars,77,S18_1889,"Toys of Finland, Co.",90-224 8555,Keskuskatu 45,Helsinki,21240,Finland,EMEA,Karttunen,Matti,Small,26422.82,89.265,0.079497949121252
10389,49,79.22,3,3881.78,3/3/2005 0:00,Shipped,1,3,2005,Classic Cars,77,S18_1889,Scandinavian Gift Ideas,0695-34 6555,?kergatan 24,Boras,S-844 67,Sweden,EMEA,Larsson,Maria,Medium,31606.72,87.7875,0.12281502161565643
10405,61,73.92,4,4509.12,4/14/2005 0:00,Shipped,2,4,2005,Classic Cars,77,S18_1889,Mini Caravy,88.60.1555,"24, place Kluber",Strasbourg,67000,France,EMEA,Citeaux,Frederique,Medium,35680.35,82.352,0.12637544194493608
10419,39,83.93,9,3273.27,5/17/2005 0:00,Shipped,2,5,2005,Classic Cars,77,S18_1889,Salzburg Collectables,6562-9555,Geislweg 14,Salzburg,5020,Austria,EMEA,Pipps,Georg,Medium,59475.1,90.67357142857144,0.05503597303745601
10109,38,100.0,3,4432.7,3/10/2003 0:00,Shipped,1,3,2003,Classic Cars,142,S18_1984,Motor Mint Distributors Inc.,2155559857,11328 Douglas Av.,Philadelphia,71270,USA,EMEA,Hernandez,Rosa,Medium,27398.82,88.68333333333334,0.16178433961754557
10122,31,100.0,1,4100.99,5/8/2003 0:00,Shipped,2,5,2003,Classic Cars,142,S18_1984,Marseille Mini Autos,91.24.4555,"12, rue des Bouchers",Marseille,13008,France,EMEA,Lebihan,Laurence,Medium,52481.840000000004,79.76,0.07814112462520367
10136,36,100.0,1,5274.72,7/4/2003 0:00,Shipped,3,7,2003,Classic Cars,142,S18_1984,Alpha Cognac,61.77.6555,1 rue Alsace-Lorraine,Toulouse,31000,France,EMEA,Roulet,Annette,Medium,17251.08,100.0,0.30576172622235825
10148,25,100.0,12,4232.0,9/11/2003 0:00,Shipped,3,9,2003,Classic Cars,142,S18_1984,"Anna's Decorations, Ltd",02 9936 8555,201 Miller Street,North Sydney,2060,Australia,APAC,O'Hara,Anna,Medium,47191.76,88.97,0.08967667236822699
10161,48,100.0,11,6145.44,10/17/2003 0:00,Shipped,4,10,2003,Classic Cars,142,S18_1984,Heintze Collectables,86 21 3555,Smagsloget 45,Aaarhus,8200,Denmark,EMEA,Ibsen,Palle,Medium,40321.61,90.30666666666667,0.15241058082750167
10171,35,100.0,1,4680.2,11/5/2003 0:00,Shipped,4,11,2003,Classic Cars,142,S18_1984,Quebec Home Shopping Network,(514) 555-8054,43 rue St. Laurent,Montreal,H1J 1C3,Canada,EMEA,Fresnisre,Jean,Medium,15947.289999999999,83.8725,0.2934793309709675
10181,21,100.0,5,3286.08,11/12/2003 0:00,Shipped,4,11,2003,Classic Cars,142,S18_1984,Herkku Gifts,+47 2267 3215,"Drammen 121, PR 744 Sentrum",Bergen,N 5804,Norway,EMEA,Oeztan,Veysel,Medium,60795.84,88.24470588235295,0.05405106665192882
10192,47,100.0,10,7421.3,11/20/2003 0:00,Shipped,4,11,2003,Classic Cars,142,S18_1984,Online Diecast Creations Co.,6035558647,2304 Long Airport Avenue,Nashua,62005,USA,EMEA,Young,Valarie,Large,63981.45,87.591875,0.11599143189158734
10204,38,100.0,16,6432.64,12/2/2003 0:00,Shipped,4,12,2003,Classic Cars,142,S18_1984,Muscle Machine Inc,2125557413,4092 Furth Circle,NYC,10022,USA,EMEA,Young,Jeff,Medium,64316.090000000004,85.04470588235294,0.1000160302033286
10212,41,100.0,9,4840.87,1/16/2004 0:00,Shipped,1,1,2004,Classic Cars,142,S18_1984,Euro Shopping Channel,(91) 555 94 44,"C/ Moralzarzal, 86",Madrid,28034,Spain,EMEA,Freyre,Diego,Medium,65165.17,87.60125,0.07428615623959854
10226,24,100.0,7,3892.08,2/26/2004 0:00,Shipped,1,2,2004,Classic Cars,142,S18_1984,Collectable Mini Designs Co.,7605558146,361 Furth Circle,San Diego,91217,USA,EMEA,Thompson,Valarie,Medium,25872.22,85.08857142857143,0.15043471337210335
10240,37,100.0,2,5526.32,4/13/2004 0:00,Shipped,2,4,2004,Classic Cars,142,S18_1984,Osaka Souveniers Co.,+81 06 6342 5555,"Dojima Avanza 4F, 1-6-20 Dojima, Kita-ku",Osaka,530-0003,Japan,Japan,Kentary,Mory,Medium,17114.43,100.0,0.32290412242768235
10253,33,100.0,4,4459.62,6/1/2004 0:00,Cancelled,2,6,2004,Classic Cars,142,S18_1984,"UK Collectables, Ltd.",(171) 555-2282,Berkeley Gardens 12  Brewery,Liverpool,WX1 6LT,UK,EMEA,Devon,Elizabeth,Medium,50408.25,90.67357142857144,0.08847004210620285
10266,49,100.0,5,6203.4,7/6/2004 0:00,Shipped,3,7,2004,Classic Cars,142,S18_1984,L'ordine Souveniers,0522-556555,Strada Provinciale 124,Reggio Emilia,42100,Italy,EMEA,Moroni,Maurizio,Medium,56421.65,86.83,0.10994715680948713
10278,29,100.0,5,3754.05,8/6/2004 0:00,Shipped,3,8,2004,Classic Cars,142,S18_1984,Signal Gift Stores,7025551838,8489 Strong St.,Las Vegas,83030,USA,EMEA,King,Sue,Medium,34453.85,87.503,0.10895879560629655
10287,24,100.0,3,3516.48,8/30/2004 0:00,Shipped,3,8,2004,Classic Cars,142,S18_1984,"Vida Sport, Ltd",0897-034555,Grenzacherweg 237,Gensve,1203,Switzerland,EMEA,Holz,Michael,Medium,67281.01,89.31294117647059,0.052265564978884835
10301,47,100.0,7,7488.04,10/5/2003 0:00,Shipped,4,10,2003,Classic Cars,142,S18_1984,"Norway Gifts By Mail, Co.",+47 2212 1555,"Drammensveien 126 A, PB 744 Sentrum",Oslo,N 0106,Norway,EMEA,Klaeboe,Jan,Large,45078.759999999995,86.73363636363636,0.16611015919692557
10310,24,100.0,1,3448.08,10/16/2004 0:00,Shipped,4,10,2004,Classic Cars,142,S18_1984,"Toms Spezialitten, Ltd",0221-5554327,Mehrheimerstr. 369,Koln,50739,Germany,EMEA,Pfalzheim,Henriette,Medium,68943.4,85.85235294117648,0.05001319923299402
10321,25,100.0,9,3734.0,11/4/2004 0:00,Shipped,4,11,2004,Classic Cars,142,S18_1984,FunGiftIdeas.com,5085552555,1785 First Street,New Bedford,50553,USA,EMEA,Benitez,Violeta,Medium,49504.380000000005,84.79866666666666,0.07542766922846018
10331,30,32.47,8,974.1,11/17/2004 0:00,Shipped,4,11,2004,Classic Cars,142,S18_1984,Motor Mint Distributors Inc.,2155559857,11328 Douglas Av.,Philadelphia,71270,USA,EMEA,Hernandez,Rosa,Small,48996.1,84.39714285714285,0.01988117421590698
10342,22,100.0,3,3160.74,11/24/2004 0:00,Shipped,4,11,2004,Classic Cars,142,S18_1984,"Australian Collectors, Co.",03 9520 4555,636 St Kilda Road,Melbourne,3004,Australia,APAC,Ferguson,Peter,Medium,43779.09,80.99909090909091,0.07219748057805679
10356,27,64.69,2,1746.63,12/9/2004 0:00,Shipped,4,12,2004,Classic Cars,142,S18_1984,Lyon Souveniers,+33 1 46 62 7555,27 rue du Colonel Pierre Avia,Paris,75508,France,EMEA,Da Cunha,Daniel,Small,32623.93,79.63777777777779,0.053538307616525664
10366,34,100.0,3,4207.84,1/10/2005 0:00,Shipped,1,1,2005,Classic Cars,142,S18_1984,Royale Belge,(071) 23 67 2555,"Boulevard Tirou, 255",Charleroi,B-6000,Belgium,EMEA,Cartrain,Pascale,Medium,16628.16,100.0,0.2530550584069434
10377,36,100.0,6,4352.76,2/9/2005 0:00,Shipped,1,2,2005,Classic Cars,142,S18_1984,"Toys of Finland, Co.",90-224 8555,Keskuskatu 45,Helsinki,21240,Finland,EMEA,Karttunen,Matti,Medium,26422.82,89.265,0.16473487689807523
10390,34,43.05,15,1463.7,3/4/2005 0:00,Shipped,1,3,2005,Classic Cars,142,S18_1984,Mini Gifts Distributors Ltd.,4155551450,5677 Strong St.,San Rafael,97562,USA,EMEA,Nelson,Valarie,Small,61133.28,81.740625,0.023942768979514924
10406,48,100.0,2,7169.28,4/15/2005 0:00,Disputed,2,4,2005,Classic Cars,142,S18_1984,Danish Wholesale Imports,31 12 3555,Vinb'ltet 34,Kobenhavn,1734,Denmark,EMEA,Petersen,Jytte,Large,26012.87,100.0,0.27560511393014303
10419,34,100.0,4,4594.76,5/17/2005 0:00,Shipped,2,5,2005,Classic Cars,142,S18_1984,Salzburg Collectables,6562-9555,Geislweg 14,Salzburg,5020,Austria,EMEA,Pipps,Georg,Medium,59475.1,90.67357142857144,0.07725518746500637
10104,24,100.0,8,3457.92,1/31/2003 0:00,Shipped,1,1,2003,Classic Cars,163,S18_2238,Euro Shopping Channel,(91) 555 94 44,"C/ Moralzarzal, 86",Madrid,28034,Spain,EMEA,Freyre,Diego,Medium,44621.96,81.68384615384616,0.07749368248279546
10115,46,100.0,4,7381.16,4/4/2003 0:00,Shipped,2,4,2003,Classic Cars,163,S18_2238,Classic Legends Inc.,2125558493,5905 Pompton St.,NYC,10022,USA,EMEA,Hernandez,Maria,Large,24777.41,93.872,0.2978987715019447
10127,45,100.0,10,7146.9,6/3/2003 0:00,Shipped,2,6,2003,Classic Cars,163,S18_2238,Muscle Machine Inc,2125557413,4092 Furth Circle,NYC,10022,USA,EMEA,Young,Jeff,Large,68462.15,85.852,0.10439198885807706
10141,39,100.0,4,5938.53,8/1/2003 0:00,Shipped,3,8,2003,Classic Cars,163,S18_2238,Suominen Souveniers,+358 9 8045 555,"Software Engineering Center, SEC Oy",Espoo,FIN-02271,Finland,EMEA,Suominen,Kalle,Medium,31569.43,81.93,0.18811014326201012
10151,43,100.0,2,7110.91,9/21/2003 0:00,Shipped,3,9,2003,Classic Cars,163,S18_2238,"Oulu Toy Supplies, Inc.",981-443655,Torikatu 38,Oulu,90110,Finland,EMEA,Koskitalo,Pirkko,Large,37501.58,87.34400000000001,0.18961627750084128
10165,29,100.0,11,5032.95,10/22/2003 0:00,Shipped,4,10,2003,Classic Cars,163,S18_2238,"Dragon Souveniers, Ltd.",+65 221 7555,"Bronz Sok., Bronz Apt. 3/6 Tesvikiye",Singapore,79903,Singapore,Japan,Natividad,Eric,Medium,77809.37,85.15388888888889,0.06468308379826235
10176,20,100.0,10,3667.6,11/6/2003 0:00,Shipped,4,11,2003,Classic Cars,163,S18_2238,L'ordine Souveniers,0522-556555,Strada Provinciale 124,Reggio Emilia,42100,Italy,EMEA,Moroni,Maurizio,Medium,44669.74,89.72200000000001,0.08210479846088202
10184,46,100.0,5,7381.16,11/14/2003 0:00,Shipped,4,11,2003,Classic Cars,163,S18_2238,"Iberia Gift Imports, Corp.",(95) 555 82 82,"C/ Romero, 33",Sevilla,41101,Spain,EMEA,Roel,Jose Pedro,Large,51502.740000000005,81.98538461538462,0.14331587018477074
10195,27,100.0,5,5128.11,11/25/2003 0:00,Shipped,4,11,2003,Classic Cars,163,S18_2238,Mini Classics,9145554562,3758 North Pendale Street,White Plains,24067,USA,EMEA,Frick,Steve,Medium,38682.95,79.273,0.13256770747835933
10207,44,100.0,6,7060.24,12/9/2003 0:00,Shipped,4,12,2003,Classic Cars,163,S18_2238,Diecast Collectables,6175552555,6251 Ingle Ln.,Boston,51003,USA,EMEA,Franco,Valarie,Large,63730.78,83.64875,0.11078226251114454
10219,43,100.0,1,8448.64,2/10/2004 0:00,Shipped,1,2,2004,Classic Cars,163,S18_2238,Signal Collectibles Ltd.,4155554312,2793 Furth Circle,Brisbane,94217,USA,EMEA,Taylor,Sue,Large,16118.48,73.875,0.5241586055260794
10230,49,100.0,8,7300.51,3/15/2004 0:00,Shipped,1,3,2004,Classic Cars,163,S18_2238,"Blauer See Auto, Co.",+49 69 66 90 2555,Lyonerstr. 34,Frankfurt,60528,Germany,EMEA,Keitel,Roland,Large,37266.49,83.42125,0.19590012367679382
10246,40,100.0,4,6549.2,5/5/2004 0:00,Shipped,2,5,2004,Classic Cars,163,S18_2238,Euro Shopping Channel,(91) 555 94 44,"C/ Moralzarzal, 86",Madrid,28034,Spain,EMEA,Freyre,Diego,Medium,41317.75,81.59454545454545,0.15850814722486098
10259,30,100.0,3,5697.9,6/15/2004 0:00,Shipped,2,6,2004,Classic Cars,163,S18_2238,Handji Gifts& Co,+65 224 1555,Village Close - 106 Linden Road Sandown,Singapore,69045,Singapore,APAC,Victorino,Wendy,Medium,45788.72,81.47692307692309,0.12443894478814868
10271,50,100.0,4,9169.0,7/20/2004 0:00,Shipped,3,7,2004,Classic Cars,163,S18_2238,Mini Gifts Distributors Ltd.,4155551450,5677 Strong St.,San Rafael,97562,USA,EMEA,Nelson,Valarie,Large,41121.58,83.53818181818181,0.22297294996933484
10282,23,100.0,13,3238.63,8/20/2004 0:00,Shipped,3,8,2004,Classic Cars,163,S18_2238,Mini Gifts Distributors Ltd.,4155551450,5677 Strong St.,San Rafael,97562,USA,EMEA,Nelson,Valarie,Medium,52807.15,89.22,0.06132938437313887
10292,26,100.0,7,4554.94,9/8/2004 0:00,Shipped,3,9,2004,Classic Cars,163,S18_2238,Land of Toys Inc.,2125557818,897 Long Airport Avenue,NYC,10022,USA,EMEA,Yu,Kwai,Medium,39775.74,79.42833333333333,0.11451553132638136
10305,27,100.0,4,3934.44,10/13/2004 0:00,Shipped,4,10,2004,Classic Cars,163,S18_2238,Marta's Replicas Co.,6175558555,39323 Spinnaker Dr.,Cambridge,51247,USA,EMEA,Hernandez,Marta,Medium,54251.659999999996,85.99928571428572,0.07252202052434893
10314,42,100.0,13,5776.26,10/22/2004 0:00,Shipped,4,10,2004,Classic Cars,163,S18_2238,Heintze Collectables,86 21 3555,Smagsloget 45,Aaarhus,8200,Denmark,EMEA,Ibsen,Palle,Medium,60273.94,86.30199999999999,0.09583345638264232
10324,47,100.0,8,7207.45,11/5/2004 0:00,Shipped,4,11,2004,Classic Cars,163,S18_2238,Vitachrome Inc.,2125551500,2678 Kingston Rd.,NYC,10022,USA,EMEA,Frick,Michael,Large,56372.87,86.96642857142857,0.12785316766735488
10336,49,100.0,6,7460.74,11/20/2004 0:00,Shipped,4,11,2004,Classic Cars,163,S18_2238,"La Corne D'abondance, Co.",(1) 42.34.2555,"265, boulevard Charonne",Paris,75012,France,EMEA,Bertrand,Marie,Large,56812.67,92.10916666666667,0.1313217632616105
10349,38,100.0,8,6719.54,12/1/2004 0:00,Shipped,4,12,2004,Classic Cars,163,S18_2238,Muscle Machine Inc,2125557413,4092 Furth Circle,NYC,10022,USA,EMEA,Young,Jeff,Medium,41706.52,83.106,0.16111485686170893
10358,20,100.0,10,2428.0,12/10/2004 0:00,Shipped,4,12,2004,Classic Cars,163,S18_2238,Euro Shopping Channel,(91) 555 94 44,"C/ Moralzarzal, 86",Madrid,28034,Spain,EMEA,Freyre,Diego,Small,51435.45,85.22214285714286,0.047204797469449576
10371,25,100.0,7,2602.25,1/23/2005 0:00,Shipped,1,1,2005,Classic Cars,163,S18_2238,Mini Gifts Distributors Ltd.,4155551450,5677 Strong St.,San Rafael,97562,USA,EMEA,Nelson,Valarie,Small,36124.270000000004,83.8225,0.07203605775286254
10382,25,88.0,5,2200.0,2/17/2005 0:00,Shipped,1,2,2005,Classic Cars,163,S18_2238,Mini Gifts Distributors Ltd.,4155551450,5677 Strong St.,San Rafael,97562,USA,EMEA,Nelson,Valarie,Small,55741.020000000004,92.67461538461538,0.03946824080363079
10412,41,100.0,4,6712.93,5/3/2005 0:00,Shipped,2,5,2005,Classic Cars,163,S18_2238,Euro Shopping Channel,(91) 555 94 44,"C/ Moralzarzal, 86",Madrid,28034,Spain,EMEA,Freyre,Diego,Medium,52287.74,81.59454545454545,0.12838439756623637
10425,28,100.0,3,5318.04,5/31/2005 0:00,In Process,2,5,2005,Classic Cars,163,S18_2238,La Rochelle Gifts,40.67.8555,"67, rue des Cinquante Otages",Nantes,44000,France,EMEA,Labrune,Janine,Medium,43784.69,81.47692307692309,0.12145889350821028
10100,50,67.8,2,3390.0,1/6/2003 0:00,Shipped,1,1,2003,Vintage Cars,60,S18_2248,Online Diecast Creations Co.,6035558647,2304 Long Airport Avenue,Nashua,62005,USA,EMEA,Young,Valarie,Medium,12133.25,72.195,0.2793975233346383
10110,32,50.25,6,1608.0,3/18/2003 0:00,Shipped,1,3,2003,Vintage Cars,60,S18_2248,"AV Stores, Co.",(171) 555-1555,Fauntleroy Circus,Manchester,EC2 5NT,UK,EMEA,Ashworth,Victoria,Small,51017.92,75.720625,0.031518337086263025
10124,42,53.88,5,2262.96,5/21/2003 0:00,Shipped,2,5,2003,Vintage Cars,60,S18_2248,Signal Gift Stores,7025551838,8489 Strong St.,Las Vegas,83030,USA,EMEA,King,Sue,Small,33847.62,72.39307692307692,0.06685728568212476
10149,24,62.36,10,1496.64,9/12/2003 0:00,Shipped,3,9,2003,Vintage Cars,60,S18_2248,Signal Collectibles Ltd.,4155554312,2793 Furth Circle,Brisbane,94217,USA,EMEA,Taylor,Sue,Small,34100.03,75.16818181818182,0.043889697457744174
10162,27,69.62,8,1879.74,10/18/2003 0:00,Shipped,4,10,2003,Vintage Cars,60,S18_2248,Corporate Gift Ideas Co.,6505551386,7734 Strong St.,San Francisco,28034,USA,EMEA,Brown,Julie,Small,33180.59,71.476,0.056651795522623324
10173,26,57.51,12,1495.26,11/5/2003 0:00,Shipped,4,11,2003,Vintage Cars,60,S18_2248,Rovelli Gifts,035-640555,Via Ludovico il Moro 22,Bergamo,24100,Italy,EMEA,Rovelli,Giovanni,Small,40077.71,74.569375,0.03730901790546416
10182,38,61.15,9,2323.7,11/12/2003 0:00,Shipped,4,11,2003,Vintage Cars,60,S18_2248,Mini Gifts Distributors Ltd.,4155551450,5677 Strong St.,San Rafael,97562,USA,EMEA,Nelson,Valarie,Small,50360.89,77.46529411764706,0.04614096375183202
10193,42,59.33,13,2491.86,11/21/2003 0:00,Shipped,4,11,2003,Vintage Cars,60,S18_2248,"Australian Collectables, Ltd",61-9-3844-6555,7 Allen Street,Glen Waverly,3150,Australia,APAC,Connery,Sean,Small,37878.55,76.986875,0.06578551713304759
10204,23,71.44,3,1643.12,12/2/2003 0:00,Shipped,4,12,2003,Vintage Cars,60,S18_2248,Muscle Machine Inc,2125557413,4092 Furth Circle,NYC,10022,USA,EMEA,Young,Jeff,Small,64316.090000000004,85.04470588235294,0.025547572932371972
10214,21,62.96,6,1322.16,1/26/2004 0:00,Shipped,1,1,2004,Vintage Cars,60,S18_2248,"Corrida Auto Replicas, Ltd",(91) 555 22 82,"C/ Araquil, 67",Madrid,28023,Spain,EMEA,Sommer,MartÂ¡n,Small,24995.469999999998,68.56714285714285,0.05289598475243715
10227,28,50.85,9,1423.8,3/2/2004 0:00,Shipped,1,3,2004,Vintage Cars,60,S18_2248,"Saveley & Henriot, Co.",78.32.5555,"2, rue du Commerce",Lyon,69004,France,EMEA,Saveley,Mary,Small,46802.270000000004,76.42333333333333,0.030421601345404822
10241,33,72.65,1,2397.45,4/13/2004 0:00,Shipped,2,4,2004,Vintage Cars,60,S18_2248,Mini Caravy,88.60.1555,"24, place Kluber",Strasbourg,67000,France,EMEA,Citeaux,Frederique,Small,39341.229999999996,83.97666666666667,0.060939884187657584
10280,25,62.96,15,1574.0,8/17/2004 0:00,Shipped,3,8,2004,Vintage Cars,60,S18_2248,Amica Models & Co.,011-4988555,Via Monte Bianco 34,Torino,10100,Italy,EMEA,Accorti,Paolo,Small,56078.26,81.5564705882353,0.028067917941819162
10288,28,61.75,4,1729.0,9/1/2004 0:00,Shipped,3,9,2004,Vintage Cars,60,S18_2248,Handji Gifts& Co,+65 224 1555,Village Close - 106 Linden Road Sandown,Singapore,69045,Singapore,APAC,Victorino,Wendy,Small,42902.84,75.91142857142857,0.04030036240025136
10303,46,49.04,2,2255.84,10/6/2004 0:00,Shipped,4,10,2004,Vintage Cars,60,S18_2248,"Iberia Gift Imports, Corp.",(95) 555 82 82,"C/ Romero, 33",Sevilla,41101,Spain,EMEA,Roel,Jose Pedro,Small,3220.88,44.625,0.7003800203671047
10312,30,61.15,16,1834.5,10/21/2004 0:00,Shipped,4,10,2004,Vintage Cars,60,S18_2248,Mini Gifts Distributors Ltd.,4155551450,5677 Strong St.,San Rafael,97562,USA,EMEA,Nelson,Valarie,Small,63075.08,76.92764705882352,0.02908438641694945
10332,38,84.25,9,3201.5,11/17/2004 0:00,Shipped,4,11,2004,Vintage Cars,60,S18_2248,"AV Stores, Co.",(171) 555-1555,Fauntleroy Circus,Manchester,EC2 5NT,UK,EMEA,Ashworth,Victoria,Medium,48962.28,73.125,0.0653870693930103
10344,40,56.91,2,2276.4,11/25/2004 0:00,Shipped,4,11,2004,Vintage Cars,60,S18_2248,Marseille Mini Autos,91.24.4555,"12, rue des Bouchers",Marseille,13008,France,EMEA,Lebihan,Laurence,Small,20136.86,73.57857142857142,0.11304642332518576
10367,45,100.0,4,8884.8,1/12/2005 0:00,Resolved,1,1,2005,Vintage Cars,60,S18_2248,Toys4GrownUps.com,6265557265,78934 Hillside Dr.,Pasadena,90003,USA,EMEA,Young,Julie,Large,44273.36,74.21615384615384,0.20068049951483238
10379,27,49.3,1,1331.1,2/10/2005 0:00,Shipped,1,2,2005,Vintage Cars,60,S18_2248,Euro Shopping Channel,(91) 555 94 44,"C/ Moralzarzal, 86",Madrid,28034,Spain,EMEA,Freyre,Diego,Small,18094.97,84.026,0.07356187935100196
10407,42,72.65,1,3051.3,4/22/2005 0:00,On Hold,2,4,2005,Vintage Cars,60,S18_2248,The Sharp Gifts Warehouse,4085553659,3086 Ingle Ln.,San Jose,94217,USA,EMEA,Frick,Sue,Medium,57883.09,83.97666666666667,0.052714877522951877
10420,36,63.57,4,2288.52,5/29/2005 0:00,In Process,2,5,2005,Vintage Cars,60,S18_2248,Souveniers And Things Co.,+61 2 9495 8555,"Monitor Money Building, 815 Pacific Hwy",Chatswood,2067,Australia,APAC,Huxley,Adrian,Small,43971.43,77.13076923076923,0.05204561234419713
10104,29,100.0,12,3772.61,1/31/2003 0:00,Shipped,1,1,2003,Trucks and Buses,122,S18_2319,Euro Shopping Channel,(91) 555 94 44,"C/ Moralzarzal, 86",Madrid,28034,Spain,EMEA,Freyre,Diego,Medium,44621.96,81.68384615384616,0.08454603966298209
10114,39,100.0,3,4164.42,4/1/2003 0:00,Shipped,2,4,2003,Trucks and Buses,122,S18_2319,"La Corne D'abondance, Co.",(1) 42.34.2555,"265, boulevard Charonne",Paris,75012,France,EMEA,Bertrand,Marie,Medium,38217.41,85.446,0.10896656785480753
10127,45,100.0,14,6295.95,6/3/2003 0:00,Shipped,2,6,2003,Trucks and Buses,122,S18_2319,Muscle Machine Inc,2125557413,4092 Furth Circle,NYC,10022,USA,EMEA,Young,Jeff,Medium,68462.15,85.852,0.09196249314402193
10141,47,100.0,8,6287.66,8/1/2003 0:00,Shipped,3,8,2003,Trucks and Buses,122,S18_2319,Suominen Souveniers,+358 9 8045 555,"Software Engineering Center, SEC Oy",Espoo,FIN-02271,Finland,EMEA,Suominen,Kalle,Medium,31569.43,81.93,0.19916925962869775
10151,49,100.0,6,5412.54,9/21/2003 0:00,Shipped,3,9,2003,Trucks and Buses,122,S18_2319,"Oulu Toy Supplies, Inc.",981-443655,Torikatu 38,Oulu,90110,Finland,EMEA,Koskitalo,Pirkko,Medium,37501.58,87.34400000000001,0.14432831896682752
10165,46,100.0,15,5984.14,10/22/2003 0:00,Shipped,4,10,2003,Trucks and Buses,122,S18_2319,"Dragon Souveniers, Ltd.",+65 221 7555,"Bronz Sok., Bronz Apt. 3/6 Tesvikiye",Singapore,79903,Singapore,Japan,Natividad,Eric,Medium,77809.37,85.15388888888889,0.07690770404644069
10175,48,100.0,4,5891.04,11/6/2003 0:00,Shipped,4,11,2003,Trucks and Buses,122,S18_2319,"Stylish Desk Decors, Co.",(171) 555-0297,35 King George,London,WX3 6FW,UK,EMEA,Brown,Ann,Medium,42688.31,85.38916666666667,0.1380012467113362
10184,46,100.0,9,5984.14,11/14/2003 0:00,Shipped,4,11,2003,Trucks and Buses,122,S18_2319,"Iberia Gift Imports, Corp.",(95) 555 82 82,"C/ Romero, 33",Sevilla,41101,Spain,EMEA,Roel,Jose Pedro,Medium,51502.740000000005,81.98538461538462,0.11619071140681059
10195,35,100.0,9,3608.15,11/25/2003 0:00,Shipped,4,11,2003,Trucks and Buses,122,S18_2319,Mini Classics,9145554562,3758 North Pendale Street,White Plains,24067,USA,EMEA,Frick,Steve,Medium,38682.95,79.273,0.09327494412913184
10207,43,100.0,10,5752.54,12/9/2003 0:00,Shipped,4,12,2003,Trucks and Buses,122,S18_2319,Diecast Collectables,6175552555,6251 Ingle Ln.,Boston,51003,USA,EMEA,Franco,Valarie,Medium,63730.78,83.64875,0.09026313501890296
10229,26,100.0,4,3765.32,3/11/2004 0:00,Shipped,1,3,2004,Trucks and Buses,122,S18_2319,Mini Gifts Distributors Ltd.,4155551450,5677 Strong St.,San Rafael,97562,USA,EMEA,Nelson,Valarie,Medium,48922.77,82.845,0.0769645708940847
10246,22,98.18,8,2159.96,5/5/2004 0:00,Shipped,2,5,2004,Trucks and Buses,122,S18_2319,Euro Shopping Channel,(91) 555 94 44,"C/ Moralzarzal, 86",Madrid,28034,Spain,EMEA,Freyre,Diego,Small,41317.75,81.59454545454545,0.052276805973219743
10259,34,99.41,7,3379.94,6/15/2004 0:00,Shipped,2,6,2004,Trucks and Buses,122,S18_2319,Handji Gifts& Co,+65 224 1555,Village Close - 106 Linden Road Sandown,Singapore,69045,Singapore,APAC,Victorino,Wendy,Medium,45788.72,81.47692307692309,0.0738159966035303
10271,50,100.0,8,5093.5,7/20/2004 0:00,Shipped,3,7,2004,Trucks and Buses,122,S18_2319,Mini Gifts Distributors Ltd.,4155551450,5677 Strong St.,San Rafael,97562,USA,EMEA,Nelson,Valarie,Medium,41121.58,83.53818181818181,0.12386440404284076
10281,48,100.0,4,5773.44,8/19/2004 0:00,Shipped,3,8,2004,Trucks and Buses,122,S18_2319,Diecast Classics Inc.,2155551555,7586 Pompton St.,Allentown,70267,USA,EMEA,Yu,Kyung,Medium,44781.35,82.7942857142857,0.12892509939963845
10292,41,100.0,11,4528.86,9/8/2004 0:00,Shipped,3,9,2004,Trucks and Buses,122,S18_2319,Land of Toys Inc.,2125557818,897 Long Airport Avenue,NYC,10022,USA,EMEA,Yu,Kwai,Medium,39775.74,79.42833333333333,0.11385985527861958
10305,36,100.0,8,4816.08,10/13/2004 0:00,Shipped,4,10,2004,Trucks and Buses,122,S18_2319,Marta's Replicas Co.,6175558555,39323 Spinnaker Dr.,Cambridge,51247,USA,EMEA,Hernandez,Marta,Medium,54251.659999999996,85.99928571428572,0.08877295183225731
10313,29,100.0,2,3416.78,10/22/2004 0:00,Shipped,4,10,2004,Trucks and Buses,122,S18_2319,Canadian Gift Exchange Network,(604) 555-3392,1900 Oak St.,Vancouver,V3F 2K1,Canada,EMEA,Tannamuri,Yoshi,Medium,36576.71,85.57545454545455,0.09341408781708362
10324,33,37.48,10,1236.84,11/5/2004 0:00,Shipped,4,11,2004,Trucks and Buses,122,S18_2319,Vitachrome Inc.,2125551500,2678 Kingston Rd.,NYC,10022,USA,EMEA,Frick,Michael,Small,56372.87,86.96642857142857,0.021940341160561806
10334,46,100.0,6,5814.86,11/19/2004 0:00,On Hold,4,11,2004,Trucks and Buses,122,S18_2319,"Volvo Model Replicas, Co",0921-12 3555,BerguvsvÂgen  8,Lule,S-958 22,Sweden,EMEA,Berglund,Christina,Medium,26260.21,93.56333333333333,0.2214323495508985
10349,38,100.0,7,5223.48,12/1/2004 0:00,Shipped,4,12,2004,Trucks and Buses,122,S18_2319,Muscle Machine Inc,2125557413,4092 Furth Circle,NYC,10022,USA,EMEA,Young,Jeff,Medium,41706.52,83.106,0.1252437268801137
10358,20,36.42,11,728.4,12/10/2004 0:00,Shipped,4,12,2004,Trucks and Buses,122,S18_2319,Euro Shopping Channel,(91) 555 94 44,"C/ Moralzarzal, 86",Madrid,28034,Spain,EMEA,Freyre,Diego,Small,51435.45,85.22214285714286,0.014161439240834873
10370,22,100.0,5,3949.0,1/20/2005 0:00,Shipped,1,1,2005,Trucks and Buses,122,S18_2319,"Anna's Decorations, Ltd",02 9936 8555,201 Miller Street,North Sydney,2060,Australia,APAC,O'Hara,Anna,Medium,29852.17,86.31888888888889,0.1322851906578316
10383,27,100.0,11,3843.99,2/22/2005 0:00,Shipped,1,2,2005,Trucks and Buses,122,S18_2319,Euro Shopping Channel,(91) 555 94 44,"C/ Moralzarzal, 86",Madrid,28034,Spain,EMEA,Freyre,Diego,Medium,41249.74,81.16,0.09318822373183443
10412,56,98.18,8,5498.08,5/3/2005 0:00,Shipped,2,5,2005,Trucks and Buses,122,S18_2319,Euro Shopping Channel,(91) 555 94 44,"C/ Moralzarzal, 86",Madrid,28034,Spain,EMEA,Freyre,Diego,Medium,52287.74,81.59454545454545,0.10515046165697733
10425,38,99.41,7,3777.58,5/31/2005 0:00,In Process,2,5,2005,Trucks and Buses,122,S18_2319,La Rochelle Gifts,40.67.8555,"67, rue des Cinquante Otages",Nantes,44000,France,EMEA,Labrune,Janine,Medium,43784.69,81.47692307692309,0.08627627602250923
10101,25,100.0,4,3782.0,1/9/2003 0:00,Shipped,1,1,2003,Vintage Cars,127,S18_2325,"Blauer See Auto, Co.",+49 69 66 90 2555,Lyonerstr. 34,Frankfurt,60528,Germany,EMEA,Keitel,Roland,Medium,11432.34,71.24,0.330815913452539
10110,33,100.0,4,3859.68,3/18/2003 0:00,Shipped,1,3,2003,Vintage Cars,127,S18_2325,"AV Stores, Co.",(171) 555-1555,Fauntleroy Circus,Manchester,EC2 5NT,UK,EMEA,Ashworth,Victoria,Medium,51017.92,75.720625,0.07565341746586297
10124,42,100.0,3,4431.84,5/21/2003 0:00,Shipped,2,5,2003,Vintage Cars,127,S18_2325,Signal Gift Stores,7025551838,8489 Strong St.,Las Vegas,83030,USA,EMEA,King,Sue,Medium,33847.62,72.39307692307692,0.1309350554041909
10149,33,100.0,8,4950.33,9/12/2003 0:00,Shipped,3,9,2003,Vintage Cars,127,S18_2325,Signal Collectibles Ltd.,4155554312,2793 Furth Circle,Brisbane,94217,USA,EMEA,Taylor,Sue,Medium,34100.03,75.16818181818182,0.14517084002565395
10162,38,100.0,6,4299.7,10/18/2003 0:00,Shipped,4,10,2003,Vintage Cars,127,S18_2325,Corporate Gift Ideas Co.,6505551386,7734 Strong St.,San Francisco,28034,USA,EMEA,Brown,Julie,Medium,33180.59,71.476,0.12958479641260148
10173,31,100.0,10,4492.83,11/5/2003 0:00,Shipped,4,11,2003,Vintage Cars,127,S18_2325,Rovelli Gifts,035-640555,Via Ludovico il Moro 22,Bergamo,24100,Italy,EMEA,Rovelli,Giovanni,Medium,40077.71,74.569375,0.11210296197063156
10182,20,100.0,7,2212.0,11/12/2003 0:00,Shipped,4,11,2003,Vintage Cars,127,S18_2325,Mini Gifts Distributors Ltd.,4155551450,5677 Strong St.,San Rafael,97562,USA,EMEA,Nelson,Valarie,Small,50360.89,77.46529411764706,0.043922972767161186
10193,44,100.0,11,4642.88,11/21/2003 0:00,Shipped,4,11,2003,Vintage Cars,127,S18_2325,"Australian Collectables, Ltd",61-9-3844-6555,7 Allen Street,Glen Waverly,3150,Australia,APAC,Connery,Sean,Medium,37878.55,76.986875,0.12257280175719502
10204,26,100.0,1,3206.32,12/2/2003 0:00,Shipped,4,12,2003,Vintage Cars,127,S18_2325,Muscle Machine Inc,2125557413,4092 Furth Circle,NYC,10022,USA,EMEA,Young,Jeff,Medium,64316.090000000004,85.04470588235294,0.04985253301312315
10214,27,100.0,4,3604.23,1/26/2004 0:00,Shipped,1,1,2004,Vintage Cars,127,S18_2325,"Corrida Auto Replicas, Ltd",(91) 555 22 82,"C/ Araquil, 67",Madrid,28023,Spain,EMEA,Sommer,MartÂ¡n,Medium,24995.469999999998,68.56714285714285,0.14419532819346867
10227,46,100.0,7,7017.76,3/2/2004 0:00,Shipped,1,3,2004,Vintage Cars,127,S18_2325,"Saveley & Henriot, Co.",78.32.5555,"2, rue du Commerce",Lyon,69004,France,EMEA,Saveley,Mary,Large,46802.270000000004,76.42333333333333,0.14994486378545313
10243,47,100.0,2,6154.18,4/26/2004 0:00,Shipped,2,4,2004,Vintage Cars,127,S18_2325,Diecast Collectables,6175552555,6251 Ingle Ln.,Boston,51003,USA,EMEA,Franco,Valarie,Medium,7129.0,64.77,0.863259924253051
10280,37,100.0,13,4750.8,8/17/2004 0:00,Shipped,3,8,2004,Vintage Cars,127,S18_2325,Amica Models & Co.,011-4988555,Via Monte Bianco 34,Torino,10100,Italy,EMEA,Accorti,Paolo,Medium,56078.26,81.5564705882353,0.08471732182845901
10288,31,100.0,2,3822.92,9/1/2004 0:00,Shipped,3,9,2004,Vintage Cars,127,S18_2325,Handji Gifts& Co,+65 224 1555,Village Close - 106 Linden Road Sandown,Singapore,69045,Singapore,APAC,Victorino,Wendy,Medium,42902.84,75.91142857142857,0.08910645542346382
10304,24,100.0,17,2440.8,10/11/2004 0:00,Shipped,4,10,2004,Vintage Cars,127,S18_2325,Auto Assoc. & Cie.,30.59.8555,"67, avenue de l'Europe",Versailles,78000,France,EMEA,Tonini,Daniel,Small,59074.9,81.46235294117646,0.04131703989342343
10312,31,100.0,14,4729.36,10/21/2004 0:00,Shipped,4,10,2004,Vintage Cars,127,S18_2325,Mini Gifts Distributors Ltd.,4155551450,5677 Strong St.,San Rafael,97562,USA,EMEA,Nelson,Valarie,Medium,63075.08,76.92764705882352,0.07497984941120962
10322,50,100.0,6,12536.5,11/4/2004 0:00,Shipped,4,11,2004,Vintage Cars,127,S18_2325,Online Diecast Creations Co.,6035558647,2304 Long Airport Avenue,Nashua,62005,USA,EMEA,Young,Valarie,Large,55570.6,81.72071428571428,0.22559590862794357
10332,35,64.69,8,2264.15,11/17/2004 0:00,Shipped,4,11,2004,Vintage Cars,127,S18_2325,"AV Stores, Co.",(171) 555-1555,Fauntleroy Circus,Manchester,EC2 5NT,UK,EMEA,Ashworth,Victoria,Small,48962.28,73.125,0.04624274032990294
10344,30,100.0,3,3928.2,11/25/2004 0:00,Shipped,4,11,2004,Vintage Cars,127,S18_2325,Marseille Mini Autos,91.24.4555,"12, rue des Bouchers",Marseille,13008,France,EMEA,Lebihan,Laurence,Medium,20136.86,73.57857142857142,0.19507510108328704
10356,29,100.0,3,3630.22,12/9/2004 0:00,Shipped,4,12,2004,Vintage Cars,127,S18_2325,Lyon Souveniers,+33 1 46 62 7555,27 rue du Colonel Pierre Avia,Paris,75508,France,EMEA,Da Cunha,Daniel,Medium,32623.93,79.63777777777779,0.11127476058218613
10367,27,100.0,5,4196.07,1/12/2005 0:00,Resolved,1,1,2005,Vintage Cars,127,S18_2325,Toys4GrownUps.com,6265557265,78934 Hillside Dr.,Pasadena,90003,USA,EMEA,Young,Julie,Medium,44273.36,74.21615384615384,0.09477640730226934
10380,40,100.0,10,4931.6,2/16/2005 0:00,Shipped,1,2,2005,Vintage Cars,127,S18_2325,Euro Shopping Channel,(91) 555 94 44,"C/ Moralzarzal, 86",Madrid,28034,Spain,EMEA,Freyre,Diego,Medium,38360.4,79.01,0.12855966048320663
10390,31,98.99,16,3068.69,3/4/2005 0:00,Shipped,1,3,2005,Vintage Cars,127,S18_2325,Mini Gifts Distributors Ltd.,4155551450,5677 Strong St.,San Rafael,97562,USA,EMEA,Nelson,Valarie,Medium,61133.28,81.740625,0.05019671772887043
10409,6,100.0,2,785.64,4/23/2005 0:00,Shipped,2,4,2005,Vintage Cars,127,S18_2325,Handji Gifts& Co,+65 224 1555,Village Close - 106 Linden Road Sandown,Singapore,69045,Singapore,APAC,Victorino,Wendy,Small,2587.58,64.77,0.30361959823464396
10420,45,100.0,2,4977.0,5/29/2005 0:00,In Process,2,5,2005,Vintage Cars,127,S18_2325,Souveniers And Things Co.,+61 2 9495 8555,"Monitor Money Building, 815 Pacific Hwy",Chatswood,2067,Australia,APAC,Huxley,Adrian,Medium,43971.43,77.13076923076923,0.11318713082562928
10103,22,54.09,2,1189.98,1/29/2003 0:00,Shipped,1,1,2003,Trucks and Buses,60,S18_2432,Baane Mini Imports,07-98 9555,Erling Skakkes gate 78,Stavern,4110,Norway,EMEA,Bergulfsen,Jonas,Small,54702.0,88.59625,0.021753866403422178
10114,45,68.67,6,3090.15,4/1/2003 0:00,Shipped,2,4,2003,Trucks and Buses,60,S18_2432,"La Corne D'abondance, Co.",(1) 42.34.2555,"265, boulevard Charonne",Paris,75012,France,EMEA,Bertrand,Marie,Medium,38217.41,85.446,0.08085712768081353
10126,43,65.02,2,2795.86,5/28/2003 0:00,Shipped,2,5,2003,Trucks and Buses,60,S18_2432,"Corrida Auto Replicas, Ltd",(91) 555 22 82,"C/ Araquil, 67",Madrid,28023,Spain,EMEA,Sommer,MartÂ¡n,Small,61073.21,86.85000000000001,0.04577882839300571
10140,46,61.99,2,2851.54,7/24/2003 0:00,Shipped,3,7,2003,Trucks and Buses,60,S18_2432,Technics Stores Inc.,6505556809,9408 Furth Circle,Burlingame,94217,USA,EMEA,Hirano,Juri,Small,42031.83,87.82,0.06784239468041244
10151,39,69.28,9,2701.92,9/21/2003 0:00,Shipped,3,9,2003,Trucks and Buses,60,S18_2432,"Oulu Toy Supplies, Inc.",981-443655,Torikatu 38,Oulu,90110,Finland,EMEA,Koskitalo,Pirkko,Small,37501.58,87.34400000000001,0.07204816437067452
10165,31,71.1,18,2204.1,10/22/2003 0:00,Shipped,4,10,2003,Trucks and Buses,60,S18_2432,"Dragon Souveniers, Ltd.",+65 221 7555,"Bronz Sok., Bronz Apt. 3/6 Tesvikiye",Singapore,79903,Singapore,Japan,Natividad,Eric,Small,77809.37,85.15388888888889,0.028326922580146838
10175,41,69.28,7,2840.48,11/6/2003 0:00,Shipped,4,11,2003,Trucks and Buses,60,S18_2432,"Stylish Desk Decors, Co.",(171) 555-0297,35 King George,London,WX3 6FW,UK,EMEA,Brown,Ann,Small,42688.31,85.38916666666667,0.06653999654706406
10184,44,60.16,12,2647.04,11/14/2003 0:00,Shipped,4,11,2003,Trucks and Buses,60,S18_2432,"Iberia Gift Imports, Corp.",(95) 555 82 82,"C/ Romero, 33",Sevilla,41101,Spain,EMEA,Roel,Jose Pedro,Small,51502.740000000005,81.98538461538462,0.0513961004793143
10194,45,70.49,2,3172.05,11/25/2003 0:00,Shipped,4,11,2003,Trucks and Buses,60,S18_2432,"Saveley & Henriot, Co.",78.32.5555,"2, rue du Commerce",Lyon,69004,France,EMEA,Saveley,Mary,Medium,41535.11,86.34818181818183,0.07637032862077409
10207,37,69.89,13,2585.93,12/9/2003 0:00,Shipped,4,12,2003,Trucks and Buses,60,S18_2432,Diecast Collectables,6175552555,6251 Ingle Ln.,Boston,51003,USA,EMEA,Franco,Valarie,Small,63730.78,83.64875,0.04057584106141491
10217,35,61.38,2,2148.3,2/4/2004 0:00,Shipped,1,2,2004,Trucks and Buses,60,S18_2432,Handji Gifts& Co,+65 224 1555,Village Close - 106 Linden Road Sandown,Singapore,69045,Singapore,APAC,Victorino,Wendy,Small,24219.59,87.34714285714286,0.08870092350861432
10229,28,59.55,7,1667.4,3/11/2004 0:00,Shipped,1,3,2004,Trucks and Buses,60,S18_2432,Mini Gifts Distributors Ltd.,4155551450,5677 Strong St.,San Rafael,97562,USA,EMEA,Nelson,Valarie,Small,48922.77,82.845,0.034082289289833756
10246,30,61.99,11,1859.7,5/5/2004 0:00,Shipped,2,5,2004,Trucks and Buses,60,S18_2432,Euro Shopping Channel,(91) 555 94 44,"C/ Moralzarzal, 86",Madrid,28034,Spain,EMEA,Freyre,Diego,Small,41317.75,81.59454545454545,0.04500971132261558
10259,30,49.22,10,1476.6,6/15/2004 0:00,Shipped,2,6,2004,Trucks and Buses,60,S18_2432,Handji Gifts& Co,+65 224 1555,Village Close - 106 Linden Road Sandown,Singapore,69045,Singapore,APAC,Victorino,Wendy,Small,45788.72,81.47692307692309,0.03224811700348906
10271,25,69.28,11,1732.0,7/20/2004 0:00,Shipped,3,7,2004,Trucks and Buses,60,S18_2432,Mini Gifts Distributors Ltd.,4155551450,5677 Strong St.,San Rafael,97562,USA,EMEA,Nelson,Valarie,Small,41121.58,83.53818181818181,0.04211900418223229
10281,29,57.73,7,1674.17,8/19/2004 0:00,Shipped,3,8,2004,Trucks and Buses,60,S18_2432,Diecast Classics Inc.,2155551555,7586 Pompton St.,Allentown,70267,USA,EMEA,Yu,Kyung,Small,44781.35,82.7942857142857,0.03738542942541929
10291,26,57.73,2,1500.98,9/8/2004 0:00,Shipped,3,9,2004,Trucks and Buses,60,S18_2432,Scandinavian Gift Ideas,0695-34 6555,?kergatan 24,Boras,S-844 67,Sweden,EMEA,Larsson,Maria,Small,53941.69,86.83428571428571,0.0278259728236175
10305,41,53.48,11,2192.68,10/13/2004 0:00,Shipped,4,10,2004,Trucks and Buses,60,S18_2432,Marta's Replicas Co.,6175558555,39323 Spinnaker Dr.,Cambridge,51247,USA,EMEA,Hernandez,Marta,Small,54251.659999999996,85.99928571428572,0.040416827798448934
10313,34,52.87,5,1797.58,10/22/2004 0:00,Shipped,4,10,2004,Trucks and Buses,60,S18_2432,Canadian Gift Exchange Network,(604) 555-3392,1900 Oak St.,Vancouver,V3F 2K1,Canada,EMEA,Tannamuri,Yoshi,Small,36576.71,85.57545454545455,0.049145480826460336
10322,35,61.21,11,2142.35,11/4/2004 0:00,Shipped,4,11,2004,Trucks and Buses,60,S18_2432,Online Diecast Creations Co.,6035558647,2304 Long Airport Avenue,Nashua,62005,USA,EMEA,Young,Valarie,Small,55570.6,81.72071428571428,0.038551860156269685
10334,34,61.38,1,2086.92,11/19/2004 0:00,On Hold,4,11,2004,Trucks and Buses,60,S18_2432,"Volvo Model Replicas, Co",0921-12 3555,BerguvsvÂgen  8,Lule,S-958 22,Sweden,EMEA,Berglund,Christina,Small,26260.21,93.56333333333333,0.07947080392731057
10347,50,100.0,8,6834.5,11/29/2004 0:00,Shipped,4,11,2004,Trucks and Buses,60,S18_2432,"Australian Collectors, Co.",03 9520 4555,636 St Kilda Road,Melbourne,3004,Australia,APAC,Ferguson,Peter,Medium,47442.91,89.45916666666666,0.14405735229984837
10357,41,61.99,7,2541.59,12/10/2004 0:00,Shipped,4,12,2004,Trucks and Buses,60,S18_2432,Mini Gifts Distributors Ltd.,4155551450,5677 Strong St.,San Rafael,97562,USA,EMEA,Nelson,Valarie,Small,42152.11,91.77000000000001,0.06029567677632271
10370,22,96.86,7,2130.92,1/20/2005 0:00,Shipped,1,1,2005,Trucks and Buses,60,S18_2432,"Anna's Decorations, Ltd",02 9936 8555,201 Miller Street,North Sydney,2060,Australia,APAC,O'Hara,Anna,Small,29852.17,86.31888888888889,0.07138241541569676
10381,35,48.62,7,1701.7,2/17/2005 0:00,Shipped,1,2,2005,Trucks and Buses,60,S18_2432,Corporate Gift Ideas Co.,6505551386,7734 Strong St.,San Francisco,28034,USA,EMEA,Brown,Julie,Small,36495.95,85.2811111111111,0.04662709149919375
10391,44,38.5,5,1694.0,3/9/2005 0:00,Shipped,1,3,2005,Trucks and Buses,60,S18_2432,"Anna's Decorations, Ltd",02 9936 8555,201 Miller Street,North Sydney,2060,Australia,APAC,O'Hara,Anna,Small,35160.25,77.89500000000001,0.04817940714300951
10412,47,61.99,11,2913.53,5/3/2005 0:00,Shipped,2,5,2005,Trucks and Buses,60,S18_2432,Euro Shopping Channel,(91) 555 94 44,"C/ Moralzarzal, 86",Madrid,28034,Spain,EMEA,Freyre,Diego,Small,52287.74,81.59454545454545,0.055721092554392296
10425,19,49.22,10,935.18,5/31/2005 0:00,In Process,2,5,2005,Trucks and Buses,60,S18_2432,La Rochelle Gifts,40.67.8555,"67, rue des Cinquante Otages",Nantes,44000,France,EMEA,Labrune,Janine,Small,43784.69,81.47692307692309,0.021358607312281983
10106,34,90.39,2,3073.26,2/17/2003 0:00,Shipped,1,2,2003,Planes,84,S18_2581,Rovelli Gifts,035-640555,Via Ludovico il Moro 22,Bergamo,24100,Italy,EMEA,Rovelli,Giovanni,Medium,56181.32,78.88222222222223,0.05470252389940287
10120,29,71.81,8,2082.49,4/29/2003 0:00,Shipped,2,4,2003,Planes,84,S18_2581,"Australian Collectors, Co.",03 9520 4555,636 St Kilda Road,Melbourne,3004,Australia,APAC,Ferguson,Peter,Small,50397.66,84.97933333333334,0.041321164514384195
10133,49,69.27,3,3394.23,6/27/2003 0:00,Shipped,2,6,2003,Planes,84,S18_2581,Euro Shopping Channel,(91) 555 94 44,"C/ Moralzarzal, 86",Madrid,28034,Spain,EMEA,Freyre,Diego,Medium,22167.74,78.18625,0.1531157438692442
10145,30,85.32,14,2559.6,8/25/2003 0:00,Shipped,3,8,2003,Planes,84,S18_2581,Toys4GrownUps.com,6265557265,78934 Hillside Dr.,Pasadena,90003,USA,EMEA,Young,Julie,Small,55776.119999999995,83.8375,0.04589060694791965
10168,21,70.96,9,1490.16,10/28/2003 0:00,Shipped,4,10,2003,Planes,84,S18_2581,Technics Stores Inc.,6505556809,9408 Furth Circle,Burlingame,94217,USA,EMEA,Hirano,Juri,Small,62305.47,86.58777777777777,0.02391700118785718
10210,50,76.88,7,3844.0,1/12/2004 0:00,Shipped,1,1,2004,Planes,84,S18_2581,Osaka Souveniers Co.,+81 06 6342 5555,"Dojima Avanza 4F, 1-6-20 Dojima, Kita-ku",Osaka,530-0003,Japan,Japan,Kentary,Mory,Medium,50490.64,78.96588235294118,0.07613292285461226
10223,47,100.0,9,4724.91,2/20/2004 0:00,Shipped,1,2,2004,Planes,84,S18_2581,"Australian Collectors, Co.",03 9520 4555,636 St Kilda Road,Melbourne,3004,Australia,APAC,Ferguson,Peter,Medium,49637.57,85.01933333333334,0.09518818104915289
10235,24,76.03,3,1824.72,4/2/2004 0:00,Shipped,2,4,2004,Planes,84,S18_2581,"Royal Canadian Collectables, Ltd.",(604) 555-4555,23 Tsawassen Blvd.,Tsawassen,T2F 8M4,Canada,EMEA,Lincoln,Elizabeth,Small,31302.5,81.33333333333333,0.05829310757926683
10250,27,98.84,4,2668.68,5/11/2004 0:00,Shipped,2,5,2004,Planes,84,S18_2581,The Sharp Gifts Warehouse,4085553659,3086 Ingle Ln.,San Jose,94217,USA,EMEA,Frick,Sue,Small,48472.24,82.75928571428572,0.05505584227178278
10263,33,86.17,10,2843.61,6/28/2004 0:00,Shipped,2,6,2004,Planes,84,S18_2581,Gift Depot Inc.,2035552570,25593 South Bay Ln.,Bridgewater,97562,USA,EMEA,King,Julie,Small,44130.520000000004,87.51272727272728,0.0644363583297908
10275,35,90.39,9,3163.65,7/23/2004 0:00,Shipped,3,7,2004,Planes,84,S18_2581,La Rochelle Gifts,40.67.8555,"67, rue des Cinquante Otages",Nantes,44000,France,EMEA,Labrune,Janine,Medium,56002.9,82.95166666666667,0.05649082458229842
10284,31,71.81,1,2226.11,8/21/2004 0:00,Shipped,3,8,2004,Planes,84,S18_2581,"Norway Gifts By Mail, Co.",+47 2212 1555,"Drammensveien 126 A, PB 744 Sentrum",Oslo,N 0106,Norway,EMEA,Klaeboe,Jan,Small,34145.47,76.56538461538462,0.06519488529517971
10297,25,82.79,4,2069.75,9/16/2004 0:00,Shipped,3,9,2004,Planes,84,S18_2581,"Clover Collections, Co.",+353 1862 1555,25 Maiden Lane,Dublin,2,Ireland,EMEA,Cassidy,Dean,Small,18971.96,85.79285714285713,0.10909521209195044
10308,27,82.79,7,2235.33,10/15/2004 0:00,Shipped,4,10,2004,Planes,84,S18_2581,Mini Classics,9145554562,3758 North Pendale Street,White Plains,24067,USA,EMEA,Frick,Steve,Small,46873.04,80.71875,0.04768903403747655
10318,31,100.0,9,3116.43,11/2/2004 0:00,Shipped,4,11,2004,Planes,84,S18_2581,Diecast Classics Inc.,2155551555,7586 Pompton St.,Allentown,70267,USA,EMEA,Yu,Kyung,Medium,44040.729999999996,92.69666666666666,0.07076245103112505
10327,45,100.0,8,4781.7,11/10/2004 0:00,Resolved,4,11,2004,Planes,84,S18_2581,Danish Wholesale Imports,31 12 3555,Vinb'ltet 34,Kobenhavn,1734,Denmark,EMEA,Petersen,Jytte,Medium,24078.61,86.94,0.19858704468405775
10339,27,100.0,2,2810.7,11/23/2004 0:00,Shipped,4,11,2004,Planes,84,S18_2581,"Tokyo Collectables, Ltd",+81 3 3584 0555,2-2-8 Roppongi,Minato-ku,106-0032,Japan,Japan,Shimamura,Akiko,Small,55888.65,79.908125,0.050291069832604646
10353,27,100.0,1,3515.67,12/4/2004 0:00,Shipped,4,12,2004,Planes,84,S18_2581,Gift Ideas Corp.,2035554407,2440 Pompton St.,Glendale,97561,USA,EMEA,Lewis,Dan,Medium,29343.35,80.03,0.11981147346843493
10374,42,69.27,2,2909.34,2/2/2005 0:00,Shipped,1,2,2005,Planes,84,S18_2581,"Australian Gift Network, Co",61-7-3844-6555,31 Duncan St. West End,South Brisbane,4101,Australia,APAC,Calaghan,Tony,Small,21730.03,86.11166666666666,0.13388568722638672
10386,21,74.77,18,1570.17,3/1/2005 0:00,Resolved,1,3,2005,Planes,84,S18_2581,Euro Shopping Channel,(91) 555 94 44,"C/ Moralzarzal, 86",Madrid,28034,Spain,EMEA,Freyre,Diego,Small,53815.72,77.94666666666666,0.029176790722116142
10398,34,76.88,15,2613.92,3/30/2005 0:00,Shipped,1,3,2005,Planes,84,S18_2581,Reims Collectables,26.47.1555,59 rue de l'Abbaye,Reims,51100,France,EMEA,Henriot,Paul,Small,52029.07,77.58611111111111,0.050239606435402366
10401,42,76.03,3,3193.26,4/3/2005 0:00,On Hold,2,4,2005,Planes,84,S18_2581,Tekni Collectables Inc.,2015559350,7476 Moss Rd.,Newark,94019,USA,EMEA,Brown,William,Medium,46519.0,81.33333333333333,0.06864420989273201
10416,15,98.84,4,1482.6,5/10/2005 0:00,Shipped,2,5,2005,Planes,84,S18_2581,L'ordine Souveniers,0522-556555,Strada Provinciale 124,Reggio Emilia,42100,Italy,EMEA,Moroni,Maurizio,Small,41509.94,82.75928571428572,0.035716746398573446
10107,29,70.87,6,2055.23,2/24/2003 0:00,Shipped,1,2,2003,Motorcycles,60,S18_2625,Land of Toys Inc.,2125557818,897 Long Airport Avenue,NYC,10022,USA,EMEA,Yu,Kwai,Small,25783.76,92.80125,0.07971025172434122
10120,46,58.15,4,2674.9,4/29/2003 0:00,Shipped,2,4,2003,Motorcycles,60,S18_2625,"Australian Collectors, Co.",03 9520 4555,636 St Kilda Road,Melbourne,3004,Australia,APAC,Ferguson,Peter,Small,50397.66,84.97933333333334,0.053075876935556134
10134,30,61.78,6,1853.4,7/1/2003 0:00,Shipped,3,7,2003,Motorcycles,60,S18_2625,Lyon Souveniers,+33 1 46 62 7555,27 rue du Colonel Pierre Avia,Paris,75508,France,EMEA,Da Cunha,Daniel,Small,25624.88,90.44142857142857,0.07232814358545289
10145,30,49.67,10,1490.1,8/25/2003 0:00,Shipped,3,8,2003,Motorcycles,60,S18_2625,Toys4GrownUps.com,6265557265,78934 Hillside Dr.,Pasadena,90003,USA,EMEA,Young,Julie,Small,55776.119999999995,83.8375,0.02671573426046846
10159,42,51.48,18,2162.16,10/10/2003 0:00,Shipped,4,10,2003,Motorcycles,60,S18_2625,Corporate Gift Ideas Co.,6505551386,7734 Strong St.,San Francisco,28034,USA,EMEA,Brown,Julie,Small,62498.29,83.05611111111111,0.03459550653305874
10168,46,61.18,5,2814.28,10/28/2003 0:00,Shipped,4,10,2003,Motorcycles,60,S18_2625,Technics Stores Inc.,6505556809,9408 Furth Circle,Burlingame,94217,USA,EMEA,Hirano,Juri,Small,62305.47,86.58777777777777,0.04516906782020905
10180,25,64.2,13,1605.0,11/11/2003 0:00,Shipped,4,11,2003,Motorcycles,60,S18_2625,Daedalus Designs Imports,20.16.1555,"184, chausse de Tournai",Lille,59000,France,EMEA,Rance,Martine,Small,48874.28,82.245,0.03283935845193014
10188,32,65.42,5,2093.44,11/18/2003 0:00,Shipped,4,11,2003,Motorcycles,60,S18_2625,Herkku Gifts,+47 2267 3215,"Drammen 121, PR 744 Sentrum",Bergen,N 5804,Norway,EMEA,Oeztan,Veysel,Small,34481.340000000004,94.00625,0.06071225770228187
10201,30,64.81,6,1944.3,12/1/2003 0:00,Shipped,4,12,2003,Motorcycles,60,S18_2625,Mini Wheels Co.,6505555787,5557 North Pendale Street,San Francisco,28034,USA,EMEA,Murphy,Julie,Small,25431.88,91.03714285714285,0.07645128869749307
10210,40,49.67,3,1986.8,1/12/2004 0:00,Shipped,1,1,2004,Motorcycles,60,S18_2625,Osaka Souveniers Co.,+81 06 6342 5555,"Dojima Avanza 4F, 1-6-20 Dojima, Kita-ku",Osaka,530-0003,Japan,Japan,Kentary,Mory,Small,50490.64,78.96588235294118,0.039349867619028
10223,28,60.57,5,1695.96,2/20/2004 0:00,Shipped,1,2,2004,Motorcycles,60,S18_2625,"Australian Collectors, Co.",03 9520 4555,636 St Kilda Road,Melbourne,3004,Australia,APAC,Ferguson,Peter,Small,49637.57,85.01933333333334,0.034166861915279095
10236,23,55.72,2,1281.56,4/3/2004 0:00,Shipped,2,4,2004,Motorcycles,60,S18_2625,Motor Mint Distributors Inc.,2155559857,11328 Douglas Av.,Philadelphia,71270,USA,EMEA,Hernandez,Rosa,Small,7287.24,81.10666666666667,0.1758635642575241
10251,29,61.18,6,1774.22,5/18/2004 0:00,Shipped,2,5,2004,Motorcycles,60,S18_2625,Tekni Collectables Inc.,2015559350,7476 Moss Rd.,Newark,94019,USA,EMEA,Brown,William,Small,27987.07,93.53000000000002,0.0633942745703641
10263,34,58.75,6,1997.5,6/28/2004 0:00,Shipped,2,6,2004,Motorcycles,60,S18_2625,Gift Depot Inc.,2035552570,25593 South Bay Ln.,Bridgewater,97562,USA,EMEA,King,Julie,Small,44130.520000000004,87.51272727272728,0.045263459392728654
10275,37,63.6,5,2353.2,7/23/2004 0:00,Shipped,3,7,2004,Motorcycles,60,S18_2625,La Rochelle Gifts,40.67.8555,"67, rue des Cinquante Otages",Nantes,44000,France,EMEA,Labrune,Janine,Small,56002.9,82.95166666666667,0.04201925257442025
10285,20,49.06,10,981.2,8/27/2004 0:00,Shipped,3,8,2004,Motorcycles,60,S18_2625,Marta's Replicas Co.,6175558555,39323 Spinnaker Dr.,Cambridge,51247,USA,EMEA,Hernandez,Marta,Small,48828.72,84.42615384615384,0.020094731133644298
10298,32,48.46,2,1550.72,9/27/2004 0:00,Shipped,3,9,2004,Motorcycles,60,S18_2625,Atelier graphique,40.32.2555,"54, rue Royale",Nantes,44000,France,EMEA,Schmitt,Carine,Small,5307.9800000000005,72.4,0.2921488023692629
10308,34,52.09,3,1771.06,10/15/2004 0:00,Shipped,4,10,2004,Motorcycles,60,S18_2625,Mini Classics,9145554562,3758 North Pendale Street,White Plains,24067,USA,EMEA,Frick,Steve,Small,46873.04,80.71875,0.03778419321639902
10318,42,52.7,5,2213.4,11/2/2004 0:00,Shipped,4,11,2004,Motorcycles,60,S18_2625,Diecast Classics Inc.,2155551555,7586 Pompton St.,Allentown,70267,USA,EMEA,Yu,Kyung,Small,44040.729999999996,92.69666666666666,0.05025802251688381
10329,38,100.0,12,5266.04,11/15/2004 0:00,Shipped,4,11,2004,Motorcycles,60,S18_2625,Land of Toys Inc.,2125557818,897 Long Airport Avenue,NYC,10022,USA,EMEA,Yu,Kwai,Medium,53152.28,87.41266666666667,0.09907458344214021
10339,30,62.16,1,1864.8,11/23/2004 0:00,Shipped,4,11,2004,Motorcycles,60,S18_2625,"Tokyo Collectables, Ltd",+81 3 3584 0555,2-2-8 Roppongi,Minato-ku,106-0032,Japan,Japan,Shimamura,Akiko,Small,55888.65,79.908125,0.03336634540286802
10362,23,49.67,3,1142.41,1/5/2005 0:00,Shipped,1,1,2005,Motorcycles,60,S18_2625,Technics Stores Inc.,6505556809,9408 Furth Circle,Burlingame,94217,USA,EMEA,Hirano,Juri,Small,13529.57,86.64750000000001,0.08443801244237623
10374,22,53.3,4,1172.6,2/2/2005 0:00,Shipped,1,2,2005,Motorcycles,60,S18_2625,"Australian Gift Network, Co",61-7-3844-6555,31 Duncan St. West End,South Brisbane,4101,Australia,APAC,Calaghan,Tony,Small,21730.03,86.11166666666666,0.05396218965183205
10389,39,100.0,5,6981.0,3/3/2005 0:00,Shipped,1,3,2005,Motorcycles,60,S18_2625,Scandinavian Gift Ideas,0695-34 6555,?kergatan 24,Boras,S-844 67,Sweden,EMEA,Larsson,Maria,Medium,31606.72,87.7875,0.22087075153638214
10402,55,55.72,2,3064.6,4/7/2005 0:00,Shipped,2,4,2005,Motorcycles,60,S18_2625,Auto Canal Petit,(1) 47.55.6555,"25, rue Lauriston",Paris,75016,France,EMEA,Perrier,Dominique,Medium,14066.8,81.10666666666667,0.21786049421332498
10417,36,61.18,6,2202.48,5/13/2005 0:00,Disputed,2,5,2005,Motorcycles,60,S18_2625,Euro Shopping Channel,(91) 555 94 44,"C/ Moralzarzal, 86",Madrid,28034,Spain,EMEA,Freyre,Diego,Small,31821.9,93.53000000000002,0.06921271200022626
10101,26,100.0,1,3773.38,1/9/2003 0:00,Shipped,1,1,2003,Vintage Cars,168,S18_2795,"Blauer See Auto, Co.",+49 69 66 90 2555,Lyonerstr. 34,Frankfurt,60528,Germany,EMEA,Keitel,Roland,Medium,11432.34,71.24,0.33006191208449015
10110,31,100.0,1,5074.39,3/18/2003 0:00,Shipped,1,3,2003,Vintage Cars,168,S18_2795,"AV Stores, Co.",(171) 555-1555,Fauntleroy Circus,Manchester,EC2 5NT,UK,EMEA,Ashworth,Victoria,Medium,51017.92,75.720625,0.09946289460644418
10125,34,100.0,2,6483.46,5/21/2003 0:00,Shipped,2,5,2003,Vintage Cars,168,S18_2795,"Australian Collectors, Co.",03 9520 4555,636 St Kilda Road,Melbourne,3004,Australia,APAC,Ferguson,Peter,Medium,9738.18,100.0,0.6657773834535816
10139,41,100.0,8,7956.46,7/16/2003 0:00,Shipped,3,7,2003,Vintage Cars,168,S18_2795,Souveniers And Things Co.,+61 2 9495 8555,"Monitor Money Building, 815 Pacific Hwy",Chatswood,2067,Australia,APAC,Huxley,Adrian,Large,28397.260000000002,88.04875,0.2801840740972896
10149,23,100.0,5,4230.62,9/12/2003 0:00,Shipped,3,9,2003,Vintage Cars,168,S18_2795,Signal Collectibles Ltd.,4155554312,2793 Furth Circle,Brisbane,94217,USA,EMEA,Taylor,Sue,Medium,34100.03,75.16818181818182,0.12406499349120807
10162,48,100.0,3,7209.12,10/18/2003 0:00,Shipped,4,10,2003,Vintage Cars,168,S18_2795,Corporate Gift Ideas Co.,6505551386,7734 Strong St.,San Francisco,28034,USA,EMEA,Brown,Julie,Large,33180.59,71.476,0.21726919262134883
10173,22,100.0,7,3452.68,11/5/2003 0:00,Shipped,4,11,2003,Vintage Cars,168,S18_2795,Rovelli Gifts,035-640555,Via Ludovico il Moro 22,Bergamo,24100,Italy,EMEA,Rovelli,Giovanni,Medium,40077.71,74.569375,0.08614963280087609
10182,21,100.0,4,3047.73,11/12/2003 0:00,Shipped,4,11,2003,Vintage Cars,168,S18_2795,Mini Gifts Distributors Ltd.,4155551450,5677 Strong St.,San Rafael,97562,USA,EMEA,Nelson,Valarie,Medium,50360.89,77.46529411764706,0.06051779466169085
10193,22,100.0,8,3675.32,11/21/2003 0:00,Shipped,4,11,2003,Vintage Cars,168,S18_2795,"Australian Collectables, Ltd",61-9-3844-6555,7 Allen Street,Glen Waverly,3150,Australia,APAC,Connery,Sean,Medium,37878.55,76.986875,0.0970290573424801
10205,40,100.0,3,7492.4,12/3/2003 0:00,Shipped,4,12,2003,Vintage Cars,168,S18_2795,Euro Shopping Channel,(91) 555 94 44,"C/ Moralzarzal, 86",Madrid,28034,Spain,EMEA,Freyre,Diego,Large,16384.76,67.772,0.4572785930340146
10214,50,100.0,1,9534.5,1/26/2004 0:00,Shipped,1,1,2004,Vintage Cars,168,S18_2795,"Corrida Auto Replicas, Ltd",(91) 555 22 82,"C/ Araquil, 67",Madrid,28023,Spain,EMEA,Sommer,MartÂ¡n,Large,24995.469999999998,68.56714285714285,0.3814491185802868
10227,29,100.0,4,5579.02,3/2/2004 0:00,Shipped,1,3,2004,Vintage Cars,168,S18_2795,"Saveley & Henriot, Co.",78.32.5555,"2, rue du Commerce",Lyon,69004,France,EMEA,Saveley,Mary,Medium,46802.270000000004,76.42333333333333,0.11920404715412308
10244,43,100.0,8,5950.34,4/29/2004 0:00,Shipped,2,4,2004,Vintage Cars,168,S18_2795,Euro Shopping Channel,(91) 555 94 44,"C/ Moralzarzal, 86",Madrid,28034,Spain,EMEA,Freyre,Diego,Medium,28327.64,81.39666666666668,0.2100542085397866
10255,24,100.0,1,3726.0,6/4/2004 0:00,Shipped,2,6,2004,Vintage Cars,168,S18_2795,Mini Caravy,88.60.1555,"24, place Kluber",Strasbourg,67000,France,EMEA,Citeaux,Frederique,Medium,5416.9,72.85,0.6878472927320054
10280,22,100.0,10,4455.0,8/17/2004 0:00,Shipped,3,8,2004,Vintage Cars,168,S18_2795,Amica Models & Co.,011-4988555,Via Monte Bianco 34,Torino,10100,Italy,EMEA,Accorti,Paolo,Medium,56078.26,81.5564705882353,0.07944255046429757
10289,43,100.0,3,8272.34,9/3/2004 0:00,Shipped,3,9,2004,Vintage Cars,168,S18_2795,Herkku Gifts,+47 2267 3215,"Drammen 121, PR 744 Sentrum",Bergen,N 5804,Norway,EMEA,Oeztan,Veysel,Large,16363.1,76.1125,0.505548459643955
10304,20,100.0,14,3577.6,10/11/2004 0:00,Shipped,4,10,2004,Vintage Cars,168,S18_2795,Auto Assoc. & Cie.,30.59.8555,"67, avenue de l'Europe",Versailles,78000,France,EMEA,Tonini,Daniel,Medium,59074.9,81.46235294117646,0.060560407211861546
10312,25,100.0,11,3881.25,10/21/2004 0:00,Shipped,4,10,2004,Vintage Cars,168,S18_2795,Mini Gifts Distributors Ltd.,4155551450,5677 Strong St.,San Rafael,97562,USA,EMEA,Nelson,Valarie,Medium,63075.08,76.92764705882352,0.061533810183039
10322,36,100.0,2,5797.44,11/4/2004 0:00,Shipped,4,11,2004,Vintage Cars,168,S18_2795,Online Diecast Creations Co.,6035558647,2304 Long Airport Avenue,Nashua,62005,USA,EMEA,Young,Valarie,Medium,55570.6,81.72071428571428,0.1043256686089407
10332,24,52.67,1,1264.08,11/17/2004 0:00,Shipped,4,11,2004,Vintage Cars,168,S18_2795,"AV Stores, Co.",(171) 555-1555,Fauntleroy Circus,Manchester,EC2 5NT,UK,EMEA,Ashworth,Victoria,Small,48962.28,73.125,0.025817425168925955
10347,21,100.0,6,4815.3,11/29/2004 0:00,Shipped,4,11,2004,Vintage Cars,168,S18_2795,"Australian Collectors, Co.",03 9520 4555,636 St Kilda Road,Melbourne,3004,Australia,APAC,Ferguson,Peter,Medium,47442.91,89.45916666666666,0.10149672522195624
10356,30,100.0,1,4462.2,12/9/2004 0:00,Shipped,4,12,2004,Vintage Cars,168,S18_2795,Lyon Souveniers,+33 1 46 62 7555,27 rue du Colonel Pierre Avia,Paris,75508,France,EMEA,Da Cunha,Daniel,Medium,32623.93,79.63777777777779,0.13677689965617262
10367,32,94.79,7,3033.28,1/12/2005 0:00,Resolved,1,1,2005,Vintage Cars,168,S18_2795,Toys4GrownUps.com,6265557265,78934 Hillside Dr.,Pasadena,90003,USA,EMEA,Young,Julie,Medium,44273.36,74.21615384615384,0.06851253214122444
10380,21,47.18,8,990.78,2/16/2005 0:00,Shipped,1,2,2005,Vintage Cars,168,S18_2795,Euro Shopping Channel,(91) 555 94 44,"C/ Moralzarzal, 86",Madrid,28034,Spain,EMEA,Freyre,Diego,Small,38360.4,79.01,0.025828197829011166
10390,26,78.11,7,2030.86,3/4/2005 0:00,Shipped,1,3,2005,Vintage Cars,168,S18_2795,Mini Gifts Distributors Ltd.,4155551450,5677 Strong St.,San Rafael,97562,USA,EMEA,Nelson,Valarie,Small,61133.28,81.740625,0.033220203463645334
10421,35,100.0,1,5433.75,5/29/2005 0:00,In Process,2,5,2005,Vintage Cars,168,S18_2795,Mini Gifts Distributors Ltd.,4155551450,5677 Strong St.,San Rafael,97562,USA,EMEA,Nelson,Valarie,Medium,7261.75,72.85,0.7482700450993218
10109,26,100.0,1,3157.44,3/10/2003 0:00,Shipped,1,3,2003,Classic Cars,132,S18_2870,Motor Mint Distributors Inc.,2155559857,11328 Douglas Av.,Philadelphia,71270,USA,EMEA,Hernandez,Rosa,Medium,27398.82,88.68333333333334,0.11523999938683491
10123,46,100.0,3,5161.2,5/20/2003 0:00,Shipped,2,5,2003,Classic Cars,132,S18_2870,Atelier graphique,40.32.2555,"54, rue Royale",Nantes,44000,France,EMEA,Schmitt,Carine,Medium,16560.3,89.9675,0.31166102063368417
10137,37,100.0,3,4346.76,7/10/2003 0:00,Shipped,3,7,2003,Classic Cars,132,S18_2870,Reims Collectables,26.47.1555,59 rue de l'Abbaye,Reims,51100,France,EMEA,Henriot,Paul,Medium,15146.32,87.34,0.286984561266367
10148,27,100.0,10,3528.36,9/11/2003 0:00,Shipped,3,9,2003,Classic Cars,132,S18_2870,"Anna's Decorations, Ltd",02 9936 8555,201 Miller Street,North Sydney,2060,Australia,APAC,O'Hara,Anna,Medium,47191.76,88.97,0.0747664422772111
10161,23,100.0,9,3187.8,10/17/2003 0:00,Shipped,4,10,2003,Classic Cars,132,S18_2870,Heintze Collectables,86 21 3555,Smagsloget 45,Aaarhus,8200,Denmark,EMEA,Ibsen,Palle,Medium,40321.61,90.30666666666667,0.0790593431165075
10172,39,100.0,7,6023.16,11/5/2003 0:00,Shipped,4,11,2003,Classic Cars,132,S18_2870,Gift Depot Inc.,2035552570,25593 South Bay Ln.,Bridgewater,97562,USA,EMEA,King,Julie,Medium,26115.8,84.1,0.23063279700411246
10181,27,100.0,3,3884.76,11/12/2003 0:00,Shipped,4,11,2003,Classic Cars,132,S18_2870,Herkku Gifts,+47 2267 3215,"Drammen 121, PR 744 Sentrum",Bergen,N 5804,Norway,EMEA,Oeztan,Veysel,Medium,60795.84,88.24470588235295,0.06389845094664373
10192,38,100.0,8,4965.84,11/20/2003 0:00,Shipped,4,11,2003,Classic Cars,132,S18_2870,Online Diecast Creations Co.,6035558647,2304 Long Airport Avenue,Nashua,62005,USA,EMEA,Young,Valarie,Medium,63981.45,87.591875,0.07761374585915137
10204,27,100.0,14,4169.88,12/2/2003 0:00,Shipped,4,12,2003,Classic Cars,132,S18_2870,Muscle Machine Inc,2125557413,4092 Furth Circle,NYC,10022,USA,EMEA,Young,Jeff,Medium,64316.090000000004,85.04470588235294,0.06483416513659335
10212,40,100.0,7,4910.4,1/16/2004 0:00,Shipped,1,1,2004,Classic Cars,132,S18_2870,Euro Shopping Channel,(91) 555 94 44,"C/ Moralzarzal, 86",Madrid,28034,Spain,EMEA,Freyre,Diego,Medium,65165.17,87.60125,0.07535313726642622
10226,24,100.0,5,3231.36,2/26/2004 0:00,Shipped,1,2,2004,Classic Cars,132,S18_2870,Collectable Mini Designs Co.,7605558146,361 Furth Circle,San Diego,91217,USA,EMEA,Thompson,Valarie,Medium,25872.22,85.08857142857143,0.12489689713522845
10241,44,100.0,12,6853.44,4/13/2004 0:00,Shipped,2,4,2004,Classic Cars,132,S18_2870,Mini Caravy,88.60.1555,"24, place Kluber",Strasbourg,67000,France,EMEA,Citeaux,Frederique,Medium,39341.229999999996,83.97666666666667,0.17420502612653443
10253,37,100.0,2,5177.04,6/1/2004 0:00,Cancelled,2,6,2004,Classic Cars,132,S18_2870,"UK Collectables, Ltd.",(171) 555-2282,Berkeley Gardens 12  Brewery,Liverpool,WX1 6LT,UK,EMEA,Devon,Elizabeth,Medium,50408.25,90.67357142857144,0.10270223624109148
10266,20,100.0,3,2824.8,7/6/2004 0:00,Shipped,3,7,2004,Classic Cars,132,S18_2870,L'ordine Souveniers,0522-556555,Strada Provinciale 124,Reggio Emilia,42100,Italy,EMEA,Moroni,Maurizio,Small,56421.65,86.83,0.05006588782851973
10278,39,100.0,3,4324.32,8/6/2004 0:00,Shipped,3,8,2004,Classic Cars,132,S18_2870,Signal Gift Stores,7025551838,8489 Strong St.,Las Vegas,83030,USA,EMEA,King,Sue,Medium,34453.85,87.503,0.12551050172912462
10287,44,100.0,1,5052.96,8/30/2004 0:00,Shipped,3,8,2004,Classic Cars,132,S18_2870,"Vida Sport, Ltd",0897-034555,Grenzacherweg 237,Gensve,1203,Switzerland,EMEA,Holz,Michael,Medium,67281.01,89.31294117647059,0.07510232084803721
10301,22,100.0,5,3223.44,10/5/2003 0:00,Shipped,4,10,2003,Classic Cars,132,S18_2870,"Norway Gifts By Mail, Co.",+47 2212 1555,"Drammensveien 126 A, PB 744 Sentrum",Oslo,N 0106,Norway,EMEA,Klaeboe,Jan,Medium,45078.759999999995,86.73363636363636,0.07150684712711708
10311,43,100.0,10,5278.68,10/16/2004 0:00,Shipped,4,10,2004,Classic Cars,132,S18_2870,Euro Shopping Channel,(91) 555 94 44,"C/ Moralzarzal, 86",Madrid,28034,Spain,EMEA,Freyre,Diego,Medium,34872.13,86.76181818181819,0.15137245703087251
10321,27,100.0,7,2851.2,11/4/2004 0:00,Shipped,4,11,2004,Classic Cars,132,S18_2870,FunGiftIdeas.com,5085552555,1785 First Street,New Bedford,50553,USA,EMEA,Benitez,Violeta,Small,49504.380000000005,84.79866666666666,0.0575949037236705
10331,26,64.9,10,1687.4,11/17/2004 0:00,Shipped,4,11,2004,Classic Cars,132,S18_2870,Motor Mint Distributors Inc.,2155559857,11328 Douglas Av.,Philadelphia,71270,USA,EMEA,Hernandez,Rosa,Small,48996.1,84.39714285714285,0.03443947579501226
10343,25,52.32,3,1308.0,11/24/2004 0:00,Shipped,4,11,2004,Classic Cars,132,S18_2870,Reims Collectables,26.47.1555,59 rue de l'Abbaye,Reims,51100,France,EMEA,Henriot,Paul,Small,18681.17,78.90166666666666,0.07001702784140394
10366,49,100.0,2,6144.6,1/10/2005 0:00,Shipped,1,1,2005,Classic Cars,132,S18_2870,Royale Belge,(071) 23 67 2555,"Boulevard Tirou, 255",Charleroi,B-6000,Belgium,EMEA,Cartrain,Pascale,Medium,16628.16,100.0,0.36952976156111084
10379,29,100.0,5,5127.2,2/10/2005 0:00,Shipped,1,2,2005,Classic Cars,132,S18_2870,Euro Shopping Channel,(91) 555 94 44,"C/ Moralzarzal, 86",Madrid,28034,Spain,EMEA,Freyre,Diego,Medium,18094.97,84.026,0.2833494612038594
10407,41,100.0,12,6386.16,4/22/2005 0:00,On Hold,2,4,2005,Classic Cars,132,S18_2870,The Sharp Gifts Warehouse,4085553659,3086 Ingle Ln.,San Jose,94217,USA,EMEA,Frick,Sue,Medium,57883.09,83.97666666666667,0.11032859510437332
10419,55,100.0,2,7695.6,5/17/2005 0:00,Shipped,2,5,2005,Classic Cars,132,S18_2870,Salzburg Collectables,6562-9555,Geislweg 14,Salzburg,5020,Austria,EMEA,Pipps,Georg,Large,59475.1,90.67357142857144,0.12939196403200667
10103,27,83.07,12,2242.89,1/29/2003 0:00,Shipped,1,1,2003,Vintage Cars,101,S18_2949,Baane Mini Imports,07-98 9555,Erling Skakkes gate 78,Stavern,4110,Norway,EMEA,Bergulfsen,Jonas,Small,54702.0,88.59625,0.041001974333662386
10112,23,100.0,2,2539.89,3/24/2003 0:00,Shipped,1,3,2003,Vintage Cars,101,S18_2949,"Volvo Model Replicas, Co",0921-12 3555,BerguvsvÂgen  8,Lule,S-958 22,Sweden,EMEA,Berglund,Christina,Small,9749.0,100.0,0.26052825930864704
10126,31,90.17,12,2795.27,5/28/2003 0:00,Shipped,2,5,2003,Vintage Cars,101,S18_2949,"Corrida Auto Replicas, Ltd",(91) 555 22 82,"C/ Araquil, 67",Madrid,28023,Spain,EMEA,Sommer,MartÂ¡n,Small,61073.21,86.85000000000001,0.04576916785608616
10139,46,100.0,1,5545.76,7/16/2003 0:00,Shipped,3,7,2003,Vintage Cars,101,S18_2949,Souveniers And Things Co.,+61 2 9495 8555,"Monitor Money Building, 815 Pacific Hwy",Chatswood,2067,Australia,APAC,Huxley,Adrian,Medium,28397.260000000002,88.04875,0.19529208099654685
10150,47,91.18,9,4285.46,9/19/2003 0:00,Shipped,3,9,2003,Vintage Cars,101,S18_2949,"Dragon Souveniers, Ltd.",+65 221 7555,"Bronz Sok., Bronz Apt. 3/6 Tesvikiye",Singapore,79903,Singapore,Japan,Natividad,Eric,Medium,44219.36,85.64454545454545,0.09691365953736102
10163,31,100.0,2,3329.09,10/20/2003 0:00,Shipped,4,10,2003,Vintage Cars,101,S18_2949,Classic Legends Inc.,2125558493,5905 Pompton St.,NYC,10022,USA,EMEA,Hernandez,Maria,Medium,25284.75,93.585,0.13166394763642117
10174,46,100.0,5,5592.22,11/6/2003 0:00,Shipped,4,11,2003,Vintage Cars,101,S18_2949,"Australian Gift Network, Co",61-7-3844-6555,31 Duncan St. West End,South Brisbane,4101,Australia,APAC,Calaghan,Tony,Medium,27098.8,87.624,0.20636411944440347
10183,37,89.15,9,3298.55,11/13/2003 0:00,Shipped,4,11,2003,Vintage Cars,101,S18_2949,"Classic Gift Ideas, Inc",2155554695,782 First Street,Philadelphia,71270,USA,EMEA,Cervantes,Francisca,Medium,40061.659999999996,87.91666666666667,0.08233682777997718
10193,28,93.21,1,2609.88,11/21/2003 0:00,Shipped,4,11,2003,Vintage Cars,101,S18_2949,"Australian Collectables, Ltd",61-9-3844-6555,7 Allen Street,Glen Waverly,3150,Australia,APAC,Connery,Sean,Small,37878.55,76.986875,0.06890126469994232
10206,37,90.17,7,3336.29,12/5/2003 0:00,Shipped,4,12,2003,Vintage Cars,101,S18_2949,Canadian Gift Exchange Network,(604) 555-3392,1900 Oak St.,Vancouver,V3F 2K1,Canada,EMEA,Tannamuri,Yoshi,Medium,38662.21,86.77,0.08629330811663379
10215,49,100.0,4,5510.05,1/29/2004 0:00,Shipped,1,1,2004,Vintage Cars,101,S18_2949,West Coast Collectables Co.,3105553722,3675 Furth Circle,Burbank,94019,USA,EMEA,Thompson,Steve,Medium,37850.08,82.707,0.1455756500382562
10228,24,100.0,3,2504.4,3/10/2004 0:00,Shipped,1,3,2004,Vintage Cars,101,S18_2949,Cambridge Collectables Co.,6175555555,4658 Baden Av.,Cambridge,51247,USA,EMEA,Tseng,Kyung,Small,21782.7,93.95166666666667,0.11497197317136994
10244,30,100.0,1,3525.6,4/29/2004 0:00,Shipped,2,4,2004,Vintage Cars,101,S18_2949,Euro Shopping Channel,(91) 555 94 44,"C/ Moralzarzal, 86",Madrid,28034,Spain,EMEA,Freyre,Diego,Medium,28327.64,81.39666666666668,0.12445794990334529
10257,50,88.14,1,4407.0,6/14/2004 0:00,Shipped,2,6,2004,Vintage Cars,101,S18_2949,The Sharp Gifts Warehouse,4085553659,3086 Ingle Ln.,San Jose,94217,USA,EMEA,Frick,Sue,Medium,16128.1,78.97200000000001,0.27324979383808384
10270,31,96.24,10,2983.44,7/19/2004 0:00,Shipped,3,7,2004,Vintage Cars,101,S18_2949,Souveniers And Things Co.,+61 2 9495 8555,"Monitor Money Building, 815 Pacific Hwy",Chatswood,2067,Australia,APAC,Huxley,Adrian,Small,41297.14,89.86454545454545,0.0722432594605825
10280,46,100.0,3,5126.24,8/17/2004 0:00,Shipped,3,8,2004,Vintage Cars,101,S18_2949,Amica Models & Co.,011-4988555,Via Monte Bianco 34,Torino,10100,Italy,EMEA,Accorti,Paolo,Medium,56078.26,81.5564705882353,0.09141225137869827
10291,47,100.0,12,5713.79,9/8/2004 0:00,Shipped,3,9,2004,Vintage Cars,101,S18_2949,Scandinavian Gift Ideas,0695-34 6555,?kergatan 24,Boras,S-844 67,Sweden,EMEA,Larsson,Maria,Medium,53941.69,86.83428571428571,0.10592530564022001
10304,46,100.0,7,4613.8,10/11/2004 0:00,Shipped,4,10,2004,Vintage Cars,101,S18_2949,Auto Assoc. & Cie.,30.59.8555,"67, avenue de l'Europe",Versailles,78000,France,EMEA,Tonini,Daniel,Medium,59074.9,81.46235294117646,0.07810085163072641
10312,37,100.0,4,3711.1,10/21/2004 0:00,Shipped,4,10,2004,Vintage Cars,101,S18_2949,Mini Gifts Distributors Ltd.,4155551450,5677 Strong St.,San Rafael,97562,USA,EMEA,Nelson,Valarie,Medium,63075.08,76.92764705882352,0.05883623136110172
10322,33,100.0,12,3524.73,11/4/2004 0:00,Shipped,4,11,2004,Vintage Cars,101,S18_2949,Online Diecast Creations Co.,6035558647,2304 Long Airport Avenue,Nashua,62005,USA,EMEA,Young,Valarie,Medium,55570.6,81.72071428571428,0.06342796370742804
10333,31,90.17,5,2795.27,11/18/2004 0:00,Shipped,4,11,2004,Vintage Cars,101,S18_2949,Mini Wheels Co.,6505555787,5557 North Pendale Street,San Francisco,28034,USA,EMEA,Murphy,Julie,Small,30348.72,85.3975,0.09210503770834486
10347,48,100.0,9,4814.4,11/29/2004 0:00,Shipped,4,11,2004,Vintage Cars,101,S18_2949,"Australian Collectors, Co.",03 9520 4555,636 St Kilda Road,Melbourne,3004,Australia,APAC,Ferguson,Peter,Medium,47442.91,89.45916666666666,0.10147775505338942
10357,41,87.13,6,3572.33,12/10/2004 0:00,Shipped,4,12,2004,Vintage Cars,101,S18_2949,Mini Gifts Distributors Ltd.,4155551450,5677 Strong St.,San Rafael,97562,USA,EMEA,Nelson,Valarie,Medium,42152.11,91.77000000000001,0.08474854520924338
10369,42,100.0,1,4581.36,1/20/2005 0:00,Shipped,1,1,2005,Vintage Cars,101,S18_2949,Collectables For Less Inc.,6175558555,7825 Douglas Av.,Brickhaven,58339,USA,EMEA,Nelson,Allen,Medium,31474.78,87.1325,0.14555653764696685
10381,41,100.0,8,4319.76,2/17/2005 0:00,Shipped,1,2,2005,Vintage Cars,101,S18_2949,Corporate Gift Ideas Co.,6505551386,7734 Strong St.,San Francisco,28034,USA,EMEA,Brown,Julie,Medium,36495.95,85.2811111111111,0.11836272243906518
10391,32,45.25,6,1448.0,3/9/2005 0:00,Shipped,1,3,2005,Vintage Cars,101,S18_2949,"Anna's Decorations, Ltd",02 9936 8555,201 Miller Street,North Sydney,2060,Australia,APAC,O'Hara,Anna,Small,35160.25,77.89500000000001,0.04118286986014036
10423,10,88.14,1,881.4,5/30/2005 0:00,In Process,2,5,2005,Vintage Cars,101,S18_2949,Petit Auto,(02) 5554 67,Rue Joseph-Bens 532,Bruxelles,B-1180,Belgium,EMEA,Dewey,Catherine,Small,8411.95,78.97200000000001,0.10477951010170054
10103,35,57.46,14,2011.1,1/29/2003 0:00,Shipped,1,1,2003,Vintage Cars,62,S18_2957,Baane Mini Imports,07-98 9555,Erling Skakkes gate 78,Stavern,4110,Norway,EMEA,Bergulfsen,Jonas,Small,54702.0,88.59625,0.03676465211509634
10111,28,64.33,2,1801.24,3/25/2003 0:00,Shipped,1,3,2003,Vintage Cars,62,S18_2957,Mini Wheels Co.,6505555787,5557 North Pendale Street,San Francisco,28034,USA,EMEA,Murphy,Julie,Small,18695.58,83.28833333333334,0.09634576728831092
10126,46,73.7,14,3390.2,5/28/2003 0:00,Shipped,2,5,2003,Vintage Cars,62,S18_2957,"Corrida Auto Replicas, Ltd",(91) 555 22 82,"C/ Araquil, 67",Madrid,28023,Spain,EMEA,Sommer,MartÂ¡n,Medium,61073.21,86.85000000000001,0.05551042756717716
10139,20,71.2,3,1424.0,7/16/2003 0:00,Shipped,3,7,2003,Vintage Cars,62,S18_2957,Souveniers And Things Co.,+61 2 9495 8555,"Monitor Money Building, 815 Pacific Hwy",Chatswood,2067,Australia,APAC,Huxley,Adrian,Small,28397.260000000002,88.04875,0.050145683069422894
10150,30,49.97,11,1499.1,9/19/2003 0:00,Shipped,3,9,2003,Vintage Cars,62,S18_2957,"Dragon Souveniers, Ltd.",+65 221 7555,"Bronz Sok., Bronz Apt. 3/6 Tesvikiye",Singapore,79903,Singapore,Japan,Natividad,Eric,Small,44219.36,85.64454545454545,0.0339014404550405
10163,48,69.96,4,3358.08,10/20/2003 0:00,Shipped,4,10,2003,Vintage Cars,62,S18_2957,Classic Legends Inc.,2125558493,5905 Pompton St.,NYC,10022,USA,EMEA,Hernandez,Maria,Medium,25284.75,93.585,0.13281048853557975
10173,28,53.72,2,1504.16,11/5/2003 0:00,Shipped,4,11,2003,Vintage Cars,62,S18_2957,Rovelli Gifts,035-640555,Via Ludovico il Moro 22,Bergamo,24100,Italy,EMEA,Rovelli,Giovanni,Small,40077.71,74.569375,0.037531086481737606
10183,39,68.08,11,2655.12,11/13/2003 0:00,Shipped,4,11,2003,Vintage Cars,62,S18_2957,"Classic Gift Ideas, Inc",2155554695,782 First Street,Philadelphia,71270,USA,EMEA,Cervantes,Francisca,Small,40061.659999999996,87.91666666666667,0.06627583579911567
10193,24,51.84,3,1244.16,11/21/2003 0:00,Shipped,4,11,2003,Vintage Cars,62,S18_2957,"Australian Collectables, Ltd",61-9-3844-6555,7 Allen Street,Glen Waverly,3150,Australia,APAC,Connery,Sean,Small,37878.55,76.986875,0.03284603027307011
10206,28,67.46,9,1888.88,12/5/2003 0:00,Shipped,4,12,2003,Vintage Cars,62,S18_2957,Canadian Gift Exchange Network,(604) 555-3392,1900 Oak St.,Vancouver,V3F 2K1,Canada,EMEA,Tannamuri,Yoshi,Small,38662.21,86.77,0.04885597589998089
10215,31,58.71,6,1820.01,1/29/2004 0:00,Shipped,1,1,2004,Vintage Cars,62,S18_2957,West Coast Collectables Co.,3105553722,3675 Furth Circle,Burbank,94019,USA,EMEA,Thompson,Steve,Small,37850.08,82.707,0.04808470682228413
10228,45,63.71,5,2866.95,3/10/2004 0:00,Shipped,1,3,2004,Vintage Cars,62,S18_2957,Cambridge Collectables Co.,6175555555,4658 Baden Av.,Cambridge,51247,USA,EMEA,Tseng,Kyung,Small,21782.7,93.95166666666667,0.1316159153823906
10244,24,58.09,3,1394.16,4/29/2004 0:00,Shipped,2,4,2004,Vintage Cars,62,S18_2957,Euro Shopping Channel,(91) 555 94 44,"C/ Moralzarzal, 86",Madrid,28034,Spain,EMEA,Freyre,Diego,Small,28327.64,81.39666666666668,0.049215536486625786
10257,49,53.72,3,2632.28,6/14/2004 0:00,Shipped,2,6,2004,Vintage Cars,62,S18_2957,The Sharp Gifts Warehouse,4085553659,3086 Ingle Ln.,San Jose,94217,USA,EMEA,Frick,Sue,Small,16128.1,78.97200000000001,0.16321079358386917
10269,32,63.08,1,2018.56,7/16/2004 0:00,Shipped,3,7,2004,Vintage Cars,62,S18_2957,Salzburg Collectables,6562-9555,Geislweg 14,Salzburg,5020,Austria,EMEA,Pipps,Georg,Small,6693.280000000001,80.235,0.30158009227165156
10280,43,68.71,5,2954.53,8/17/2004 0:00,Shipped,3,8,2004,Vintage Cars,62,S18_2957,Amica Models & Co.,011-4988555,Via Monte Bianco 34,Torino,10100,Italy,EMEA,Accorti,Paolo,Small,56078.26,81.5564705882353,0.052685835830141664
10291,37,50.59,14,1871.83,9/8/2004 0:00,Shipped,3,9,2004,Vintage Cars,62,S18_2957,Scandinavian Gift Ideas,0695-34 6555,?kergatan 24,Boras,S-844 67,Sweden,EMEA,Larsson,Maria,Small,53941.69,86.83428571428571,0.03470098916070297
10304,24,64.96,9,1559.04,10/11/2004 0:00,Shipped,4,10,2004,Vintage Cars,62,S18_2957,Auto Assoc. & Cie.,30.59.8555,"67, avenue de l'Europe",Versailles,78000,France,EMEA,Tonini,Daniel,Small,59074.9,81.46235294117646,0.026390903751000845
10312,35,53.72,6,1880.2,10/21/2004 0:00,Shipped,4,10,2004,Vintage Cars,62,S18_2957,Mini Gifts Distributors Ltd.,4155551450,5677 Strong St.,San Rafael,97562,USA,EMEA,Nelson,Valarie,Small,63075.08,76.92764705882352,0.029808919782582915
10322,41,29.87,13,1224.67,11/4/2004 0:00,Shipped,4,11,2004,Vintage Cars,62,S18_2957,Online Diecast Creations Co.,6035558647,2304 Long Airport Avenue,Nashua,62005,USA,EMEA,Young,Valarie,Small,55570.6,81.72071428571428,0.022038092084663476
10332,26,100.0,17,2979.08,11/17/2004 0:00,Shipped,4,11,2004,Vintage Cars,62,S18_2957,"AV Stores, Co.",(171) 555-1555,Fauntleroy Circus,Manchester,EC2 5NT,UK,EMEA,Ashworth,Victoria,Small,48962.28,73.125,0.060844388782548525
10347,34,64.96,10,2208.64,11/29/2004 0:00,Shipped,4,11,2004,Vintage Cars,62,S18_2957,"Australian Collectors, Co.",03 9520 4555,636 St Kilda Road,Melbourne,3004,Australia,APAC,Ferguson,Peter,Small,47442.91,89.45916666666666,0.04655363678155492
10357,49,70.58,5,3458.42,12/10/2004 0:00,Shipped,4,12,2004,Vintage Cars,62,S18_2957,Mini Gifts Distributors Ltd.,4155551450,5677 Strong St.,San Rafael,97562,USA,EMEA,Nelson,Valarie,Medium,42152.11,91.77000000000001,0.08204618938411387
10369,28,44.21,6,1237.88,1/20/2005 0:00,Shipped,1,1,2005,Vintage Cars,62,S18_2957,Collectables For Less Inc.,6175558555,7825 Douglas Av.,Brickhaven,58339,USA,EMEA,Nelson,Allen,Small,31474.78,87.1325,0.03932926616166976
10381,40,68.08,4,2723.2,2/17/2005 0:00,Shipped,1,2,2005,Vintage Cars,62,S18_2957,Corporate Gift Ideas Co.,6505551386,7734 Strong St.,San Francisco,28034,USA,EMEA,Brown,Julie,Small,36495.95,85.2811111111111,0.07461649854298902
10392,37,59.96,3,2218.52,3/10/2005 0:00,Shipped,1,3,2005,Vintage Cars,62,S18_2957,Mini Auto Werke,7675-3555,Kirchgasse 6,Graz,8010,Austria,EMEA,Mendel,Roland,Small,8775.16,82.29333333333334,0.2528181822325747
10423,31,53.72,3,1665.32,5/30/2005 0:00,In Process,2,5,2005,Vintage Cars,62,S18_2957,Petit Auto,(02) 5554 67,Rue Joseph-Bens 532,Bruxelles,B-1180,Belgium,EMEA,Dewey,Catherine,Small,8411.95,78.97200000000001,0.19797074400109366
10106,41,83.44,18,3421.04,2/17/2003 0:00,Shipped,1,2,2003,Ships,86,S18_3029,Rovelli Gifts,035-640555,Via Ludovico il Moro 22,Bergamo,24100,Italy,EMEA,Rovelli,Giovanni,Medium,56181.32,78.88222222222223,0.060892837690534864
10119,21,89.46,9,1878.66,4/28/2003 0:00,Shipped,2,4,2003,Ships,86,S18_3029,Salzburg Collectables,6562-9555,Geislweg 14,Salzburg,5020,Austria,EMEA,Pipps,Georg,Small,38629.14,79.57214285714285,0.04863323387473809
10130,40,96.34,2,3853.6,6/16/2003 0:00,Shipped,2,6,2003,Ships,86,S18_3029,Auto-Moto Classics Inc.,6175558428,16780 Pompton St.,Brickhaven,58339,USA,EMEA,Taylor,Leslie,Medium,7277.35,98.17,0.5295334153228853
10143,46,74.84,13,3442.64,8/10/2003 0:00,Shipped,3,8,2003,Ships,86,S18_3029,Mini Creations Ltd.,5085559555,4575 Hillside Dr.,New Bedford,50553,USA,EMEA,Tam,Wing C,Medium,45738.39,81.08375,0.07526806256188728
10155,44,79.14,11,3482.16,10/6/2003 0:00,Shipped,4,10,2003,Ships,86,S18_3029,"Toys of Finland, Co.",90-224 8555,Keskuskatu 45,Helsinki,21240,Finland,EMEA,Karttunen,Matti,Medium,42083.5,81.96538461538461,0.0827440683403234
10167,46,73.12,7,3363.52,10/23/2003 0:00,Cancelled,4,10,2003,Ships,86,S18_3029,Scandinavian Gift Ideas,0695-34 6555,?kergatan 24,Boras,S-844 67,Sweden,EMEA,Larsson,Maria,Medium,48710.92,81.586875,0.06905063587384513
10178,41,81.72,10,3350.52,11/8/2003 0:00,Shipped,4,11,2003,Ships,86,S18_3029,Alpha Cognac,61.77.6555,1 rue Alsace-Lorraine,Toulouse,31000,France,EMEA,Roulet,Annette,Medium,38098.24,82.72166666666666,0.08794421999546437
10186,32,89.46,7,2862.72,11/14/2003 0:00,Shipped,4,11,2003,Ships,86,S18_3029,"Double Decker Gift Stores, Ltd",(171) 555-7555,120 Hanover Sq.,London,WA1 1DP,UK,EMEA,Hardy,Thomas,Small,27541.82,84.99444444444445,0.10394084341557674
10197,46,87.74,4,4036.04,11/26/2003 0:00,Shipped,4,11,2003,Ships,86,S18_3029,Enaco Distributors,(93) 203 4555,"Rambla de CataluÂ¤a, 23",Barcelona,8022,Spain,EMEA,Saavedra,Eduardo,Medium,44009.31,83.48214285714286,0.09170877707466897
10209,28,100.0,6,2817.92,1/9/2004 0:00,Shipped,1,1,2004,Ships,86,S18_3029,"Men 'R' US Retailers, Ltd.",2155554369,6047 Douglas Av.,Los Angeles,28034,USA,EMEA,Chandler,Michael,Small,23889.32,85.36625,0.1179573131424419
10222,49,94.62,10,4636.38,2/19/2004 0:00,Shipped,1,2,2004,Ships,86,S18_3029,Collectable Mini Designs Co.,7605558146,361 Furth Circle,San Diego,91217,USA,EMEA,Thompson,Valarie,Medium,61617.01,80.55444444444444,0.07524513117400536
10248,21,73.98,1,1553.58,5/7/2004 0:00,Cancelled,2,5,2004,Ships,86,S18_3029,Land of Toys Inc.,2125557818,897 Long Airport Avenue,NYC,10022,USA,EMEA,Yu,Kwai,Small,45357.659999999996,87.77785714285714,0.03425176695623187
10262,32,84.3,15,2697.6,6/24/2004 0:00,Cancelled,2,6,2004,Ships,86,S18_3029,Euro Shopping Channel,(91) 555 94 44,"C/ Moralzarzal, 86",Madrid,28034,Spain,EMEA,Freyre,Diego,Small,50010.65,78.62375,0.05394051067122702
10273,34,98.06,2,3334.04,7/21/2004 0:00,Shipped,3,7,2004,Ships,86,S18_3029,Petit Auto,(02) 5554 67,Rue Joseph-Bens 532,Bruxelles,B-1180,Belgium,EMEA,Dewey,Catherine,Medium,47760.479999999996,86.49533333333333,0.06980750612221653
10283,21,98.06,4,2059.26,8/20/2004 0:00,Shipped,3,8,2004,Ships,86,S18_3029,"Royal Canadian Collectables, Ltd.",(604) 555-4555,23 Tsawassen Blvd.,Tsawassen,T2F 8M4,Canada,EMEA,Lincoln,Elizabeth,Small,43332.35,84.92857142857143,0.04752246300973754
10296,21,96.34,13,2023.14,9/15/2004 0:00,Shipped,3,9,2004,Ships,86,S18_3029,"Bavarian Collectables Imports, Co.",+49 89 61 08 9555,Hansastr. 15,Munich,80686,Germany,EMEA,Donnermeyer,Michael,Small,34993.92,79.71857142857142,0.05781404312520576
10307,31,83.44,7,2586.64,10/14/2004 0:00,Shipped,4,10,2004,Ships,86,S18_3029,"Classic Gift Ideas, Inc",2155554695,782 First Street,Philadelphia,71270,USA,EMEA,Cervantes,Francisca,Small,27445.31,84.45333333333333,0.09424706807829825
10316,21,94.62,15,1987.02,11/1/2004 0:00,Shipped,4,11,2004,Ships,86,S18_3029,giftsbymail.co.uk,(198) 555-8888,Garden House Crowther Way,Cowes,PO31 7PJ,UK,EMEA,Bennett,Helen,Small,51334.16,79.435,0.038707558475681685
10327,25,45.86,5,1146.5,11/10/2004 0:00,Resolved,4,11,2004,Ships,86,S18_3029,Danish Wholesale Imports,31 12 3555,Vinb'ltet 34,Kobenhavn,1734,Denmark,EMEA,Petersen,Jytte,Small,24078.61,86.94,0.04761487477890127
10338,28,82.58,3,2312.24,11/22/2004 0:00,Shipped,4,11,2004,Ships,86,S18_3029,Royale Belge,(071) 23 67 2555,"Boulevard Tirou, 255",Charleroi,B-6000,Belgium,EMEA,Cartrain,Pascale,Small,13463.48,94.19333333333333,0.17174162995005748
10350,43,64.97,6,2793.71,12/2/2004 0:00,Shipped,4,12,2004,Ships,86,S18_3029,Euro Shopping Channel,(91) 555 94 44,"C/ Moralzarzal, 86",Madrid,28034,Spain,EMEA,Freyre,Diego,Small,52269.17,84.99470588235295,0.05344852424478904
10373,22,86.74,5,1908.28,1/31/2005 0:00,Shipped,1,1,2005,Ships,86,S18_3029,"Oulu Toy Supplies, Inc.",981-443655,Torikatu 38,Oulu,90110,Finland,EMEA,Koskitalo,Pirkko,Small,49055.4,79.01235294117647,0.03890050840478316
10386,37,93.01,5,3441.37,3/1/2005 0:00,Resolved,1,3,2005,Ships,86,S18_3029,Euro Shopping Channel,(91) 555 94 44,"C/ Moralzarzal, 86",Madrid,28034,Spain,EMEA,Freyre,Diego,Medium,53815.72,77.94666666666666,0.06394730015690582
10398,28,72.26,18,2023.28,3/30/2005 0:00,Shipped,1,3,2005,Ships,86,S18_3029,Reims Collectables,26.47.1555,59 rue de l'Abbaye,Reims,51100,France,EMEA,Henriot,Paul,Small,52029.07,77.58611111111111,0.03888749116599624
10400,30,74.84,7,2245.2,4/1/2005 0:00,Shipped,2,4,2005,Ships,86,S18_3029,The Sharp Gifts Warehouse,4085553659,3086 Ingle Ln.,San Jose,94217,USA,EMEA,Frick,Sue,Small,37526.84,78.95333333333333,0.05982917826281137
10414,44,73.98,1,3255.12,5/6/2005 0:00,On Hold,2,5,2005,Ships,86,S18_3029,Gifts4AllAges.com,6175559555,8616 Spinnaker Dr.,Boston,51003,USA,EMEA,Yoshido,Juri,Medium,48316.89,87.77785714285714,0.0673702301617509
10103,25,100.0,13,2539.5,1/29/2003 0:00,Shipped,1,1,2003,Vintage Cars,104,S18_3136,Baane Mini Imports,07-98 9555,Erling Skakkes gate 78,Stavern,4110,Norway,EMEA,Bergulfsen,Jonas,Small,54702.0,88.59625,0.04642426236700669
10111,43,100.0,1,4818.15,3/25/2003 0:00,Shipped,1,3,2003,Vintage Cars,104,S18_3136,Mini Wheels Co.,6505555787,5557 North Pendale Street,San Francisco,28034,USA,EMEA,Murphy,Julie,Medium,18695.58,83.28833333333334,0.2577159949036082
10126,30,97.39,13,2921.7,5/28/2003 0:00,Shipped,2,5,2003,Vintage Cars,104,S18_3136,"Corrida Auto Replicas, Ltd",(91) 555 22 82,"C/ Araquil, 67",Madrid,28023,Spain,EMEA,Sommer,MartÂ¡n,Small,61073.21,86.85000000000001,0.04783930630140449
10139,20,90.06,2,1801.2,7/16/2003 0:00,Shipped,3,7,2003,Vintage Cars,104,S18_3136,Souveniers And Things Co.,+61 2 9495 8555,"Monitor Money Building, 815 Pacific Hwy",Chatswood,2067,Australia,APAC,Huxley,Adrian,Small,28397.260000000002,88.04875,0.06342865473640766
10150,26,100.0,10,2804.36,9/19/2003 0:00,Shipped,3,9,2003,Vintage Cars,104,S18_3136,"Dragon Souveniers, Ltd.",+65 221 7555,"Bronz Sok., Bronz Apt. 3/6 Tesvikiye",Singapore,79903,Singapore,Japan,Natividad,Eric,Small,44219.36,85.64454545454545,0.06341928060469441
10163,40,100.0,3,4900.8,10/20/2003 0:00,Shipped,4,10,2003,Vintage Cars,104,S18_3136,Classic Legends Inc.,2125558493,5905 Pompton St.,NYC,10022,USA,EMEA,Hernandez,Maria,Medium,25284.75,93.585,0.19382434075875776
10173,31,89.01,1,2759.31,11/5/2003 0:00,Shipped,4,11,2003,Vintage Cars,104,S18_3136,Rovelli Gifts,035-640555,Via Ludovico il Moro 22,Bergamo,24100,Italy,EMEA,Rovelli,Giovanni,Small,40077.71,74.569375,0.06884899361764932
10183,22,100.0,10,2488.2,11/13/2003 0:00,Shipped,4,11,2003,Vintage Cars,104,S18_3136,"Classic Gift Ideas, Inc",2155554695,782 First Street,Philadelphia,71270,USA,EMEA,Cervantes,Francisca,Small,40061.659999999996,87.91666666666667,0.062109258577902164
10193,23,100.0,2,2769.89,11/21/2003 0:00,Shipped,4,11,2003,Vintage Cars,104,S18_3136,"Australian Collectables, Ltd",61-9-3844-6555,7 Allen Street,Glen Waverly,3150,Australia,APAC,Connery,Sean,Small,37878.55,76.986875,0.07312555522848682
10206,30,100.0,8,3581.4,12/5/2003 0:00,Shipped,4,12,2003,Vintage Cars,104,S18_3136,Canadian Gift Exchange Network,(604) 555-3392,1900 Oak St.,Vancouver,V3F 2K1,Canada,EMEA,Tannamuri,Yoshi,Medium,38662.21,86.77,0.09263309055535109
10215,49,100.0,5,5285.14,1/29/2004 0:00,Shipped,1,1,2004,Vintage Cars,104,S18_3136,West Coast Collectables Co.,3105553722,3675 Furth Circle,Burbank,94019,USA,EMEA,Thompson,Steve,Medium,37850.08,82.707,0.1396335225711544
10228,31,100.0,4,3181.53,3/10/2004 0:00,Shipped,1,3,2004,Vintage Cars,104,S18_3136,Cambridge Collectables Co.,6175555555,4658 Baden Av.,Cambridge,51247,USA,EMEA,Tseng,Kyung,Medium,21782.7,93.95166666666667,0.14605765125535403
10244,29,100.0,2,3340.51,4/29/2004 0:00,Shipped,2,4,2004,Vintage Cars,104,S18_3136,Euro Shopping Channel,(91) 555 94 44,"C/ Moralzarzal, 86",Madrid,28034,Spain,EMEA,Freyre,Diego,Medium,28327.64,81.39666666666668,0.11792404873826412
10257,37,84.82,2,3138.34,6/14/2004 0:00,Shipped,2,6,2004,Vintage Cars,104,S18_3136,The Sharp Gifts Warehouse,4085553659,3086 Ingle Ln.,San Jose,94217,USA,EMEA,Frick,Sue,Medium,16128.1,78.97200000000001,0.19458832720531247
10270,38,100.0,11,4775.08,7/19/2004 0:00,Shipped,3,7,2004,Vintage Cars,104,S18_3136,Souveniers And Things Co.,+61 2 9495 8555,"Monitor Money Building, 815 Pacific Hwy",Chatswood,2067,Australia,APAC,Huxley,Adrian,Medium,41297.14,89.86454545454545,0.1156273775859539
10280,29,100.0,4,3006.43,8/17/2004 0:00,Shipped,3,8,2004,Vintage Cars,104,S18_3136,Amica Models & Co.,011-4988555,Via Monte Bianco 34,Torino,10100,Italy,EMEA,Accorti,Paolo,Medium,56078.26,81.5564705882353,0.05361132816888398
10291,23,100.0,13,2866.26,9/8/2004 0:00,Shipped,3,9,2004,Vintage Cars,104,S18_3136,Scandinavian Gift Ideas,0695-34 6555,?kergatan 24,Boras,S-844 67,Sweden,EMEA,Larsson,Maria,Small,53941.69,86.83428571428571,0.053136266216353256
10304,26,85.87,8,2232.62,10/11/2004 0:00,Shipped,4,10,2004,Vintage Cars,104,S18_3136,Auto Assoc. & Cie.,30.59.8555,"67, avenue de l'Europe",Versailles,78000,France,EMEA,Tonini,Daniel,Small,59074.9,81.46235294117646,0.03779303900641389
10312,38,100.0,5,4457.02,10/21/2004 0:00,Shipped,4,10,2004,Vintage Cars,104,S18_3136,Mini Gifts Distributors Ltd.,4155551450,5677 Strong St.,San Rafael,97562,USA,EMEA,Nelson,Valarie,Medium,63075.08,76.92764705882352,0.07066213788393134
10322,48,47.04,7,2257.92,11/4/2004 0:00,Shipped,4,11,2004,Vintage Cars,104,S18_3136,Online Diecast Creations Co.,6035558647,2304 Long Airport Avenue,Nashua,62005,USA,EMEA,Young,Valarie,Small,55570.6,81.72071428571428,0.04063155697437134
10332,40,39.8,18,1592.0,11/17/2004 0:00,Shipped,4,11,2004,Vintage Cars,104,S18_3136,"AV Stores, Co.",(171) 555-1555,Fauntleroy Circus,Manchester,EC2 5NT,UK,EMEA,Ashworth,Victoria,Small,48962.28,73.125,0.03251482569847646
10347,45,100.0,11,4948.2,11/29/2004 0:00,Shipped,4,11,2004,Vintage Cars,104,S18_3136,"Australian Collectors, Co.",03 9520 4555,636 St Kilda Road,Melbourne,3004,Australia,APAC,Ferguson,Peter,Medium,47442.91,89.45916666666666,0.10429798678032186
10357,44,100.0,4,5160.76,12/10/2004 0:00,Shipped,4,12,2004,Vintage Cars,104,S18_3136,Mini Gifts Distributors Ltd.,4155551450,5677 Strong St.,San Rafael,97562,USA,EMEA,Nelson,Valarie,Medium,42152.11,91.77000000000001,0.12243183081463775
10369,21,94.22,5,1978.62,1/20/2005 0:00,Shipped,1,1,2005,Vintage Cars,104,S18_3136,Collectables For Less Inc.,6175558555,7825 Douglas Av.,Brickhaven,58339,USA,EMEA,Nelson,Allen,Small,31474.78,87.1325,0.0628636641781134
10381,35,100.0,5,4288.2,2/17/2005 0:00,Shipped,1,2,2005,Vintage Cars,104,S18_3136,Corporate Gift Ideas Co.,6505551386,7734 Strong St.,San Francisco,28034,USA,EMEA,Brown,Julie,Medium,36495.95,85.2811111111111,0.11749796895271941
10392,29,86.92,2,2520.68,3/10/2005 0:00,Shipped,1,3,2005,Vintage Cars,104,S18_3136,Mini Auto Werke,7675-3555,Kirchgasse 6,Graz,8010,Austria,EMEA,Mendel,Roland,Small,8775.16,82.29333333333334,0.28725174241837187
10423,21,84.82,2,1781.22,5/30/2005 0:00,In Process,2,5,2005,Vintage Cars,104,S18_3136,Petit Auto,(02) 5554 67,Rue Joseph-Bens 532,Bruxelles,B-1180,Belgium,EMEA,Dewey,Catherine,Small,8411.95,78.97200000000001,0.21174876217761635
10105,22,100.0,11,3065.04,2/11/2003 0:00,Shipped,1,2,2003,Vintage Cars,136,S18_3140,Danish Wholesale Imports,31 12 3555,Vinb'ltet 34,Kobenhavn,1734,Denmark,EMEA,Petersen,Jytte,Medium,58871.11,85.284,0.052063567342283845
10117,26,100.0,5,3551.34,4/16/2003 0:00,Shipped,2,4,2003,Vintage Cars,136,S18_3140,"Dragon Souveniers, Ltd.",+65 221 7555,"Bronz Sok., Bronz Apt. 3/6 Tesvikiye",Singapore,79903,Singapore,Japan,Natividad,Eric,Medium,43657.47,87.43416666666667,0.08134552918435264
10128,41,100.0,2,5544.02,6/6/2003 0:00,Shipped,2,6,2003,Vintage Cars,136,S18_3140,Euro Shopping Channel,(91) 555 94 44,"C/ Moralzarzal, 86",Madrid,28034,Spain,EMEA,Freyre,Diego,Medium,17448.08,97.28999999999999,0.31774384344867745
10142,47,100.0,8,6034.33,8/8/2003 0:00,Shipped,3,8,2003,Vintage Cars,136,S18_3140,Mini Gifts Distributors Ltd.,4155551450,5677 Strong St.,San Rafael,97562,USA,EMEA,Nelson,Valarie,Medium,63088.16,85.518125,0.09564916776777131
10153,31,100.0,7,3641.57,9/28/2003 0:00,Shipped,3,9,2003,Vintage Cars,136,S18_3140,Euro Shopping Channel,(91) 555 94 44,"C/ Moralzarzal, 86",Madrid,28034,Spain,EMEA,Freyre,Diego,Medium,47727.82,86.91461538461539,0.07629868701315082
10166,43,100.0,2,6930.74,10/21/2003 0:00,Shipped,4,10,2003,Vintage Cars,136,S18_3140,FunGiftIdeas.com,5085552555,1785 First Street,New Bedford,50553,USA,EMEA,Benitez,Violeta,Medium,11861.689999999999,91.24333333333334,0.5842961669037043
10177,23,100.0,9,3675.63,11/7/2003 0:00,Shipped,4,11,2003,Vintage Cars,136,S18_3140,CAF Imports,+34 913 728 555,"Merchants House, 27-30 Merchant's Quay",Madrid,28023,Spain,EMEA,Fernandez,Jesus,Medium,34311.35,84.59363636363636,0.10712577616444705
10185,28,100.0,9,3442.04,11/14/2003 0:00,Shipped,4,11,2003,Vintage Cars,136,S18_3140,Mini Creations Ltd.,5085559555,4575 Hillside Dr.,New Bedford,50553,USA,EMEA,Tam,Wing C,Medium,52191.44,83.18625,0.06595027843646391
10196,49,100.0,1,6893.81,11/26/2003 0:00,Shipped,4,11,2003,Vintage Cars,136,S18_3140,Super Scale Inc.,2035559545,567 North Pendale Street,New Haven,97823,USA,EMEA,Murphy,Leslie,Medium,42498.76,94.56125,0.16221202689207873
10208,24,100.0,9,2622.48,1/2/2004 0:00,Shipped,1,1,2004,Vintage Cars,136,S18_3140,"Saveley & Henriot, Co.",78.32.5555,"2, rue du Commerce",Lyon,69004,France,EMEA,Saveley,Mary,Small,54536.87,88.116,0.048086367992882614
10221,33,100.0,3,4417.38,2/18/2004 0:00,Shipped,1,2,2004,Vintage Cars,136,S18_3140,Petit Auto,(02) 5554 67,Rue Joseph-Bens 532,Bruxelles,B-1180,Belgium,EMEA,Dewey,Catherine,Medium,18800.09,93.44,0.23496589643985746
10232,22,100.0,6,3606.02,3/20/2004 0:00,Shipped,1,3,2004,Vintage Cars,136,S18_3140,giftsbymail.co.uk,(198) 555-8888,Garden House Crowther Way,Cowes,PO31 7PJ,UK,EMEA,Bennett,Helen,Medium,26906.68,87.74375,0.13401950742343538
10248,32,100.0,12,3802.56,5/7/2004 0:00,Cancelled,2,5,2004,Vintage Cars,136,S18_3140,Land of Toys Inc.,2125557818,897 Long Airport Avenue,NYC,10022,USA,EMEA,Yu,Kwai,Medium,45357.659999999996,87.77785714285714,0.08383501265276913
10273,40,100.0,13,5026.4,7/21/2004 0:00,Shipped,3,7,2004,Vintage Cars,136,S18_3140,Petit Auto,(02) 5554 67,Rue Joseph-Bens 532,Bruxelles,B-1180,Belgium,EMEA,Dewey,Catherine,Medium,47760.479999999996,86.49533333333333,0.10524182336525931
10282,43,100.0,1,6695.53,8/20/2004 0:00,Shipped,3,8,2004,Vintage Cars,136,S18_3140,Mini Gifts Distributors Ltd.,4155551450,5677 Strong St.,San Rafael,97562,USA,EMEA,Nelson,Valarie,Medium,52807.15,89.22,0.1267921105380616
10293,24,100.0,4,2819.28,9/9/2004 0:00,Shipped,3,9,2004,Vintage Cars,136,S18_3140,Amica Models & Co.,011-4988555,Via Monte Bianco 34,Torino,10100,Italy,EMEA,Accorti,Paolo,Small,38039.0,92.4388888888889,0.07411551302610479
10306,32,100.0,9,3759.04,10/14/2004 0:00,Shipped,4,10,2004,Vintage Cars,136,S18_3140,"AV Stores, Co.",(171) 555-1555,Fauntleroy Circus,Manchester,EC2 5NT,UK,EMEA,Ashworth,Victoria,Medium,57827.61,85.14999999999999,0.06500424278298896
10314,20,100.0,1,2731.8,10/22/2004 0:00,Shipped,4,10,2004,Vintage Cars,136,S18_3140,Heintze Collectables,86 21 3555,Smagsloget 45,Aaarhus,8200,Denmark,EMEA,Ibsen,Palle,Small,60273.94,86.30199999999999,0.04532306997020603
10325,24,69.12,9,1658.88,11/5/2004 0:00,Shipped,4,11,2004,Vintage Cars,136,S18_3140,Baane Mini Imports,07-98 9555,Erling Skakkes gate 78,Stavern,4110,Norway,EMEA,Bergulfsen,Jonas,Small,40652.85,88.67222222222222,0.04080599515163144
10336,48,100.0,12,5778.24,11/20/2004 0:00,Shipped,4,11,2004,Vintage Cars,136,S18_3140,"La Corne D'abondance, Co.",(1) 42.34.2555,"265, boulevard Charonne",Paris,75012,France,EMEA,Bertrand,Marie,Medium,56812.67,92.10916666666667,0.10170689038202217
10350,44,100.0,1,5191.12,12/2/2004 0:00,Shipped,4,12,2004,Vintage Cars,136,S18_3140,Euro Shopping Channel,(91) 555 94 44,"C/ Moralzarzal, 86",Madrid,28034,Spain,EMEA,Freyre,Diego,Medium,52269.17,84.99470588235295,0.09931514121995816
10372,28,100.0,3,3862.88,1/26/2005 0:00,Shipped,1,1,2005,Vintage Cars,136,S18_3140,"Tokyo Collectables, Ltd",+81 3 3584 0555,2-2-8 Roppongi,Minato-ku,106-0032,Japan,Japan,Shimamura,Akiko,Medium,38191.39,92.24222222222221,0.10114531050061285
10383,24,61.52,9,1476.48,2/22/2005 0:00,Shipped,1,2,2005,Vintage Cars,136,S18_3140,Euro Shopping Channel,(91) 555 94 44,"C/ Moralzarzal, 86",Madrid,28034,Spain,EMEA,Freyre,Diego,Small,41249.74,81.16,0.035793680154105216
10396,33,100.0,2,5273.73,3/23/2005 0:00,Shipped,1,3,2005,Vintage Cars,136,S18_3140,Mini Gifts Distributors Ltd.,4155551450,5677 Strong St.,San Rafael,97562,USA,EMEA,Nelson,Valarie,Medium,32194.79,91.27375,0.16380693894881748
10414,41,100.0,12,4872.03,5/6/2005 0:00,On Hold,2,5,2005,Vintage Cars,136,S18_3140,Gifts4AllAges.com,6175559555,8616 Spinnaker Dr.,Boston,51003,USA,EMEA,Yoshido,Juri,Medium,48316.89,87.77785714285714,0.10083492542669861
10104,23,100.0,13,4556.99,1/31/2003 0:00,Shipped,1,1,2003,Classic Cars,169,S18_3232,Euro Shopping Channel,(91) 555 94 44,"C/ Moralzarzal, 86",Madrid,28034,Spain,EMEA,Freyre,Diego,Medium,44621.96,81.68384615384616,0.10212438001378693
10109,46,100.0,5,8257.0,3/10/2003 0:00,Shipped,1,3,2003,Classic Cars,169,S18_3232,Motor Mint Distributors Inc.,2155559857,11328 Douglas Av.,Philadelphia,71270,USA,EMEA,Hernandez,Rosa,Large,27398.82,88.68333333333334,0.3013633433848611
10114,48,100.0,4,8209.44,4/1/2003 0:00,Shipped,2,4,2003,Classic Cars,169,S18_3232,"La Corne D'abondance, Co.",(1) 42.34.2555,"265, boulevard Charonne",Paris,75012,France,EMEA,Bertrand,Marie,Large,38217.41,85.446,0.21480890515605322
10122,25,100.0,3,3598.5,5/8/2003 0:00,Shipped,2,5,2003,Classic Cars,169,S18_3232,Marseille Mini Autos,91.24.4555,"12, rue des Bouchers",Marseille,13008,France,EMEA,Lebihan,Laurence,Medium,52481.840000000004,79.76,0.06856657464753523
10127,22,100.0,15,3837.24,6/3/2003 0:00,Shipped,2,6,2003,Classic Cars,169,S18_3232,Muscle Machine Inc,2125557413,4092 Furth Circle,NYC,10022,USA,EMEA,Young,Jeff,Medium,68462.15,85.852,0.05604907237064568
10136,41,100.0,3,8331.61,7/4/2003 0:00,Shipped,3,7,2003,Classic Cars,169,S18_3232,Alpha Cognac,61.77.6555,1 rue Alsace-Lorraine,Toulouse,31000,France,EMEA,Roulet,Annette,Large,17251.08,100.0,0.48296164645923617
10141,34,100.0,9,4836.5,8/1/2003 0:00,Shipped,3,8,2003,Classic Cars,169,S18_3232,Suominen Souveniers,+358 9 8045 555,"Software Engineering Center, SEC Oy",Espoo,FIN-02271,Finland,EMEA,Suominen,Kalle,Medium,31569.43,81.93,0.15320200586453414
10148,32,100.0,14,5418.88,9/11/2003 0:00,Shipped,3,9,2003,Classic Cars,169,S18_3232,"Anna's Decorations, Ltd",02 9936 8555,201 Miller Street,North Sydney,2060,Australia,APAC,O'Hara,Anna,Medium,47191.76,88.97,0.11482682570007985
10151,21,100.0,7,3734.01,9/21/2003 0:00,Shipped,3,9,2003,Classic Cars,169,S18_3232,"Oulu Toy Supplies, Inc.",981-443655,Torikatu 38,Oulu,90110,Finland,EMEA,Koskitalo,Pirkko,Medium,37501.58,87.34400000000001,0.09956940480907737
10160,20,100.0,1,3996.4,10/11/2003 0:00,Shipped,4,10,2003,Classic Cars,169,S18_3232,"Men 'R' US Retailers, Ltd.",2155554369,6047 Douglas Av.,Los Angeles,28034,USA,EMEA,Chandler,Michael,Medium,24159.14,87.59166666666665,0.16541979557219338
10165,47,100.0,16,8754.69,10/22/2003 0:00,Shipped,4,10,2003,Classic Cars,169,S18_3232,"Dragon Souveniers, Ltd.",+65 221 7555,"Bronz Sok., Bronz Apt. 3/6 Tesvikiye",Singapore,79903,Singapore,Japan,Natividad,Eric,Large,77809.37,85.15388888888889,0.11251459817757169
10171,39,100.0,3,5481.45,11/5/2003 0:00,Shipped,4,11,2003,Classic Cars,169,S18_3232,Quebec Home Shopping Network,(514) 555-8054,43 rue St. Laurent,Montreal,H1J 1C3,Canada,EMEA,Fresnisre,Jean,Medium,15947.289999999999,83.8725,0.3437229773836182
10175,29,100.0,5,4419.89,11/6/2003 0:00,Shipped,4,11,2003,Classic Cars,169,S18_3232,"Stylish Desk Decors, Co.",(171) 555-0297,35 King George,London,WX3 6FW,UK,EMEA,Brown,Ann,Medium,42688.31,85.38916666666667,0.10353865027685567
10181,45,100.0,7,6324.75,11/12/2003 0:00,Shipped,4,11,2003,Classic Cars,169,S18_3232,Herkku Gifts,+47 2267 3215,"Drammen 121, PR 744 Sentrum",Bergen,N 5804,Norway,EMEA,Oeztan,Veysel,Medium,60795.84,88.24470588235295,0.1040326114418355
10184,28,100.0,10,4409.72,11/14/2003 0:00,Shipped,4,11,2003,Classic Cars,169,S18_3232,"Iberia Gift Imports, Corp.",(95) 555 82 82,"C/ Romero, 33",Sevilla,41101,Spain,EMEA,Roel,Jose Pedro,Medium,51502.740000000005,81.98538461538462,0.0856210756942252
10192,26,100.0,12,3918.46,11/20/2003 0:00,Shipped,4,11,2003,Classic Cars,169,S18_3232,Online Diecast Creations Co.,6035558647,2304 Long Airport Avenue,Nashua,62005,USA,EMEA,Young,Valarie,Medium,63981.45,87.591875,0.06124368860036777
10195,50,100.0,10,7620.5,11/25/2003 0:00,Shipped,4,11,2003,Classic Cars,169,S18_3232,Mini Classics,9145554562,3758 North Pendale Street,White Plains,24067,USA,EMEA,Frick,Steve,Large,38682.95,79.273,0.19699893622384024
10203,48,100.0,1,8291.04,12/2/2003 0:00,Shipped,4,12,2003,Classic Cars,169,S18_3232,Euro Shopping Channel,(91) 555 94 44,"C/ Moralzarzal, 86",Madrid,28034,Spain,EMEA,Freyre,Diego,Large,45116.18,86.94545454545454,0.18377087776491718
10207,25,100.0,11,3937.25,12/9/2003 0:00,Shipped,4,12,2003,Classic Cars,169,S18_3232,Diecast Collectables,6175552555,6251 Ingle Ln.,Boston,51003,USA,EMEA,Franco,Valarie,Medium,63730.78,83.64875,0.06177941020022037
10212,40,100.0,11,5554.4,1/16/2004 0:00,Shipped,1,1,2004,Classic Cars,169,S18_3232,Euro Shopping Channel,(91) 555 94 44,"C/ Moralzarzal, 86",Madrid,28034,Spain,EMEA,Freyre,Diego,Medium,65165.17,87.60125,0.08523571717836384
10225,43,100.0,2,6407.86,2/22/2004 0:00,Shipped,1,2,2004,Classic Cars,169,S18_3232,"Vida Sport, Ltd",0897-034555,Grenzacherweg 237,Gensve,1203,Switzerland,EMEA,Holz,Michael,Medium,50432.549999999996,85.34071428571428,0.12705802105981157
10229,22,100.0,5,4172.52,3/11/2004 0:00,Shipped,1,3,2004,Classic Cars,169,S18_3232,Mini Gifts Distributors Ltd.,4155551450,5677 Strong St.,San Rafael,97562,USA,EMEA,Nelson,Valarie,Medium,48922.77,82.845,0.08528789355140767
10239,47,100.0,1,7083.37,4/12/2004 0:00,Shipped,2,4,2004,Classic Cars,169,S18_3232,"Oulu Toy Supplies, Inc.",981-443655,Torikatu 38,Oulu,90110,Finland,EMEA,Koskitalo,Pirkko,Large,17813.4,82.352,0.3976427857680173
10246,36,100.0,9,7132.68,5/5/2004 0:00,Shipped,2,5,2004,Classic Cars,169,S18_3232,Euro Shopping Channel,(91) 555 94 44,"C/ Moralzarzal, 86",Madrid,28034,Spain,EMEA,Freyre,Diego,Large,41317.75,81.59454545454545,0.1726299229749926
10253,40,100.0,6,6773.6,6/1/2004 0:00,Cancelled,2,6,2004,Classic Cars,169,S18_3232,"UK Collectables, Ltd.",(171) 555-2282,Berkeley Gardens 12  Brewery,Liverpool,WX1 6LT,UK,EMEA,Devon,Elizabeth,Medium,50408.25,90.67357142857144,0.13437482951699375
10259,27,100.0,8,3657.69,6/15/2004 0:00,Shipped,2,6,2004,Classic Cars,169,S18_3232,Handji Gifts& Co,+65 224 1555,Village Close - 106 Linden Road Sandown,Singapore,69045,Singapore,APAC,Victorino,Wendy,Medium,45788.72,81.47692307692309,0.07988190104462409
10266,29,100.0,7,4812.55,7/6/2004 0:00,Shipped,3,7,2004,Classic Cars,169,S18_3232,L'ordine Souveniers,0522-556555,Strada Provinciale 124,Reggio Emilia,42100,Italy,EMEA,Moroni,Maurizio,Medium,56421.65,86.83,0.08529615847817283
10271,20,100.0,9,3928.6,7/20/2004 0:00,Shipped,3,7,2004,Classic Cars,169,S18_3232,Mini Gifts Distributors Ltd.,4155551450,5677 Strong St.,San Rafael,97562,USA,EMEA,Nelson,Valarie,Medium,41121.58,83.53818181818181,0.0955362123731627
10278,42,100.0,7,6401.22,8/6/2004 0:00,Shipped,3,8,2004,Classic Cars,169,S18_3232,Signal Gift Stores,7025551838,8489 Strong St.,Las Vegas,83030,USA,EMEA,King,Sue,Medium,34453.85,87.503,0.18579113800054278
10281,25,100.0,5,4191.25,8/19/2004 0:00,Shipped,3,8,2004,Classic Cars,169,S18_3232,Diecast Classics Inc.,2155551555,7586 Pompton St.,Allentown,70267,USA,EMEA,Yu,Kyung,Medium,44781.35,82.7942857142857,0.09359365003511506
10287,36,100.0,5,5852.52,8/30/2004 0:00,Shipped,3,8,2004,Classic Cars,169,S18_3232,"Vida Sport, Ltd",0897-034555,Grenzacherweg 237,Gensve,1203,Switzerland,EMEA,Holz,Michael,Medium,67281.01,89.31294117647059,0.08698620903580373
10292,21,100.0,12,2844.87,9/8/2004 0:00,Shipped,3,9,2004,Classic Cars,169,S18_3232,Land of Toys Inc.,2125557818,897 Long Airport Avenue,NYC,10022,USA,EMEA,Yu,Kwai,Small,39775.74,79.42833333333333,0.07152274225444957
10301,23,100.0,9,4011.66,10/5/2003 0:00,Shipped,4,10,2003,Classic Cars,169,S18_3232,"Norway Gifts By Mail, Co.",+47 2212 1555,"Drammensveien 126 A, PB 744 Sentrum",Oslo,N 0106,Norway,EMEA,Klaeboe,Jan,Medium,45078.759999999995,86.73363636363636,0.08899224379730056
10305,37,100.0,9,7455.87,10/13/2004 0:00,Shipped,4,10,2004,Classic Cars,169,S18_3232,Marta's Replicas Co.,6175558555,39323 Spinnaker Dr.,Cambridge,51247,USA,EMEA,Hernandez,Marta,Large,54251.659999999996,85.99928571428572,0.13743118643742883
10310,48,100.0,3,8940.96,10/16/2004 0:00,Shipped,4,10,2004,Classic Cars,169,S18_3232,"Toms Spezialitten, Ltd",0221-5554327,Mehrheimerstr. 369,Koln,50739,Germany,EMEA,Pfalzheim,Henriette,Large,68943.4,85.85235294117648,0.1296855101431029
10313,25,100.0,3,4572.25,10/22/2004 0:00,Shipped,4,10,2004,Classic Cars,169,S18_3232,Canadian Gift Exchange Network,(604) 555-3392,1900 Oak St.,Vancouver,V3F 2K1,Canada,EMEA,Tannamuri,Yoshi,Medium,36576.71,85.57545454545455,0.12500440854303188
10321,33,100.0,11,5700.09,11/4/2004 0:00,Shipped,4,11,2004,Classic Cars,169,S18_3232,FunGiftIdeas.com,5085552555,1785 First Street,New Bedford,50553,USA,EMEA,Benitez,Violeta,Medium,49504.380000000005,84.79866666666666,0.11514314490960192
10324,27,100.0,12,3155.49,11/5/2004 0:00,Shipped,4,11,2004,Classic Cars,169,S18_3232,Vitachrome Inc.,2125551500,2678 Kingston Rd.,NYC,10022,USA,EMEA,Frick,Michael,Medium,56372.87,86.96642857142857,0.0559753299769907
10331,27,100.0,11,4170.69,11/17/2004 0:00,Shipped,4,11,2004,Classic Cars,169,S18_3232,Motor Mint Distributors Inc.,2155559857,11328 Douglas Av.,Philadelphia,71270,USA,EMEA,Hernandez,Rosa,Medium,48996.1,84.39714285714285,0.08512289753674271
10334,20,100.0,3,2878.8,11/19/2004 0:00,On Hold,4,11,2004,Classic Cars,169,S18_3232,"Volvo Model Replicas, Co",0921-12 3555,BerguvsvÂgen  8,Lule,S-958 22,Sweden,EMEA,Berglund,Christina,Small,26260.21,93.56333333333333,0.1096259321612432
10342,30,100.0,4,5029.5,11/24/2004 0:00,Shipped,4,11,2004,Classic Cars,169,S18_3232,"Australian Collectors, Co.",03 9520 4555,636 St Kilda Road,Melbourne,3004,Australia,APAC,Ferguson,Peter,Medium,43779.09,80.99909090909091,0.11488361224502383
10349,48,100.0,6,7396.8,12/1/2004 0:00,Shipped,4,12,2004,Classic Cars,169,S18_3232,Muscle Machine Inc,2125557413,4092 Furth Circle,NYC,10022,USA,EMEA,Young,Jeff,Large,41706.52,83.106,0.17735356486228054
10358,32,93.49,12,2991.68,12/10/2004 0:00,Shipped,4,12,2004,Classic Cars,169,S18_3232,Euro Shopping Channel,(91) 555 94 44,"C/ Moralzarzal, 86",Madrid,28034,Spain,EMEA,Freyre,Diego,Small,51435.45,85.22214285714286,0.05816377615049543
10366,34,100.0,1,6275.72,1/10/2005 0:00,Shipped,1,1,2005,Classic Cars,169,S18_3232,Royale Belge,(071) 23 67 2555,"Boulevard Tirou, 255",Charleroi,B-6000,Belgium,EMEA,Cartrain,Pascale,Medium,16628.16,100.0,0.37741518003194585
10370,27,56.85,9,1534.95,1/20/2005 0:00,Shipped,1,1,2005,Classic Cars,169,S18_3232,"Anna's Decorations, Ltd",02 9936 8555,201 Miller Street,North Sydney,2060,Australia,APAC,O'Hara,Anna,Small,29852.17,86.31888888888889,0.05141837260071881
10377,39,100.0,3,7264.53,2/9/2005 0:00,Shipped,1,2,2005,Classic Cars,169,S18_3232,"Toys of Finland, Co.",90-224 8555,Keskuskatu 45,Helsinki,21240,Finland,EMEA,Karttunen,Matti,Large,26422.82,89.265,0.27493393967789964
10383,47,100.0,6,6869.05,2/22/2005 0:00,Shipped,1,2,2005,Classic Cars,169,S18_3232,Euro Shopping Channel,(91) 555 94 44,"C/ Moralzarzal, 86",Madrid,28034,Spain,EMEA,Freyre,Diego,Medium,41249.74,81.16,0.16652347384492608
10394,22,100.0,5,3353.02,3/15/2005 0:00,Shipped,1,3,2005,Classic Cars,169,S18_3232,Euro Shopping Channel,(91) 555 94 44,"C/ Moralzarzal, 86",Madrid,28034,Spain,EMEA,Freyre,Diego,Medium,22353.86,73.17714285714285,0.1499973606348076
10405,55,100.0,1,8289.05,4/14/2005 0:00,Shipped,2,4,2005,Classic Cars,169,S18_3232,Mini Caravy,88.60.1555,"24, place Kluber",Strasbourg,67000,France,EMEA,Citeaux,Frederique,Large,35680.35,82.352,0.23231414490048444
10412,60,100.0,9,11887.8,5/3/2005 0:00,Shipped,2,5,2005,Classic Cars,169,S18_3232,Euro Shopping Channel,(91) 555 94 44,"C/ Moralzarzal, 86",Madrid,28034,Spain,EMEA,Freyre,Diego,Large,52287.74,81.59454545454545,0.22735348668731906
10419,35,100.0,6,5926.9,5/17/2005 0:00,Shipped,2,5,2005,Classic Cars,169,S18_3232,Salzburg Collectables,6562-9555,Geislweg 14,Salzburg,5020,Austria,EMEA,Pipps,Georg,Medium,59475.1,90.67357142857144,0.09965346842628259
10425,28,100.0,8,3793.16,5/31/2005 0:00,In Process,2,5,2005,Classic Cars,169,S18_3232,La Rochelle Gifts,40.67.8555,"67, rue des Cinquante Otages",Nantes,44000,France,EMEA,Labrune,Janine,Medium,43784.69,81.47692307692309,0.08663210816383535
10105,38,100.0,13,4330.1,2/11/2003 0:00,Shipped,1,2,2003,Trains,100,S18_3259,Danish Wholesale Imports,31 12 3555,Vinb'ltet 34,Kobenhavn,1734,Denmark,EMEA,Petersen,Jytte,Medium,58871.11,85.284,0.0735522058272725
10117,21,95.8,7,2011.8,4/16/2003 0:00,Shipped,2,4,2003,Trains,100,S18_3259,"Dragon Souveniers, Ltd.",+65 221 7555,"Bronz Sok., Bronz Apt. 3/6 Tesvikiye",Singapore,79903,Singapore,Japan,Natividad,Eric,Small,43657.47,87.43416666666667,0.04608146097334545
10128,41,100.0,4,4837.18,6/6/2003 0:00,Shipped,2,6,2003,Trains,100,S18_3259,Euro Shopping Channel,(91) 555 94 44,"C/ Moralzarzal, 86",Madrid,28034,Spain,EMEA,Freyre,Diego,Medium,17448.08,97.28999999999999,0.27723279581478305
10142,22,97.81,10,2151.82,8/8/2003 0:00,Shipped,3,8,2003,Trains,100,S18_3259,Mini Gifts Distributors Ltd.,4155551450,5677 Strong St.,San Rafael,97562,USA,EMEA,Nelson,Valarie,Small,63088.16,85.518125,0.03410814327125724
10153,29,88.74,9,2573.46,9/28/2003 0:00,Shipped,3,9,2003,Trains,100,S18_3259,Euro Shopping Channel,(91) 555 94 44,"C/ Moralzarzal, 86",Madrid,28034,Spain,EMEA,Freyre,Diego,Small,47727.82,86.91461538461539,0.05391949600882672
10165,50,100.0,1,5344.5,10/22/2003 0:00,Shipped,4,10,2003,Trains,100,S18_3259,"Dragon Souveniers, Ltd.",+65 221 7555,"Bronz Sok., Bronz Apt. 3/6 Tesvikiye",Singapore,79903,Singapore,Japan,Natividad,Eric,Medium,77809.37,85.15388888888889,0.06868710028111011
10177,29,100.0,11,3070.52,11/7/2003 0:00,Shipped,4,11,2003,Trains,100,S18_3259,CAF Imports,+34 913 728 555,"Merchants House, 27-30 Merchant's Quay",Madrid,28023,Spain,EMEA,Fernandez,Jesus,Medium,34311.35,84.59363636363636,0.08948992097367198
10185,49,80.67,11,3952.83,11/14/2003 0:00,Shipped,4,11,2003,Trains,100,S18_3259,Mini Creations Ltd.,5085559555,4575 Hillside Dr.,New Bedford,50553,USA,EMEA,Tam,Wing C,Medium,52191.44,83.18625,0.07573713237266494
10196,35,100.0,3,3564.75,11/26/2003 0:00,Shipped,4,11,2003,Trains,100,S18_3259,Super Scale Inc.,2035559545,567 North Pendale Street,New Haven,97823,USA,EMEA,Murphy,Leslie,Medium,42498.76,94.56125,0.08387891787901576
10208,48,100.0,11,5614.56,1/2/2004 0:00,Shipped,1,1,2004,Trains,100,S18_3259,"Saveley & Henriot, Co.",78.32.5555,"2, rue du Commerce",Lyon,69004,France,EMEA,Saveley,Mary,Medium,54536.87,88.116,0.10294980258309654
10221,23,80.67,5,1855.41,2/18/2004 0:00,Shipped,1,2,2004,Trains,100,S18_3259,Petit Auto,(02) 5554 67,Rue Joseph-Bens 532,Bruxelles,B-1180,Belgium,EMEA,Dewey,Catherine,Small,18800.09,93.44,0.09869154881705354
10232,48,95.8,8,4598.4,3/20/2004 0:00,Shipped,1,3,2004,Trains,100,S18_3259,giftsbymail.co.uk,(198) 555-8888,Garden House Crowther Way,Cowes,PO31 7PJ,UK,EMEA,Bennett,Helen,Medium,26906.68,87.74375,0.17090179836382635
10248,42,100.0,14,5082.42,5/7/2004 0:00,Cancelled,2,5,2004,Trains,100,S18_3259,Land of Toys Inc.,2125557818,897 Long Airport Avenue,NYC,10022,USA,EMEA,Yu,Kwai,Medium,45357.659999999996,87.77785714285714,0.11205207676057363
10273,47,100.0,15,5450.59,7/21/2004 0:00,Shipped,3,7,2004,Trains,100,S18_3259,Petit Auto,(02) 5554 67,Rue Joseph-Bens 532,Bruxelles,B-1180,Belgium,EMEA,Dewey,Catherine,Medium,47760.479999999996,86.49533333333333,0.11412343427034236
10282,36,100.0,3,4174.92,8/20/2004 0:00,Shipped,3,8,2004,Trains,100,S18_3259,Mini Gifts Distributors Ltd.,4155551450,5677 Strong St.,San Rafael,97562,USA,EMEA,Nelson,Valarie,Medium,52807.15,89.22,0.07905974853784005
10293,22,100.0,6,2418.24,9/9/2004 0:00,Shipped,3,9,2004,Trains,100,S18_3259,Amica Models & Co.,011-4988555,Via Monte Bianco 34,Torino,10100,Italy,EMEA,Accorti,Paolo,Small,38039.0,92.4388888888889,0.06357264912326822
10306,40,91.76,11,3670.4,10/14/2004 0:00,Shipped,4,10,2004,Trains,100,S18_3259,"AV Stores, Co.",(171) 555-1555,Fauntleroy Circus,Manchester,EC2 5NT,UK,EMEA,Ashworth,Victoria,Medium,57827.61,85.14999999999999,0.06347141097479214
10314,23,100.0,3,2481.7,10/22/2004 0:00,Shipped,4,10,2004,Trains,100,S18_3259,Heintze Collectables,86 21 3555,Smagsloget 45,Aaarhus,8200,Denmark,EMEA,Ibsen,Palle,Small,60273.94,86.30199999999999,0.041173681362127644
10326,32,100.0,6,3807.68,11/9/2004 0:00,Shipped,4,11,2004,Trains,100,S18_3259,"Volvo Model Replicas, Co",0921-12 3555,BerguvsvÂgen  8,Lule,S-958 22,Sweden,EMEA,Berglund,Christina,Medium,20146.32,87.35166666666667,0.1890012667325844
10336,21,100.0,7,2230.41,11/20/2004 0:00,Shipped,4,11,2004,Trains,100,S18_3259,"La Corne D'abondance, Co.",(1) 42.34.2555,"265, boulevard Charonne",Paris,75012,France,EMEA,Bertrand,Marie,Small,56812.67,92.10916666666667,0.03925902443944282
10350,41,93.04,2,3814.64,12/2/2004 0:00,Shipped,4,12,2004,Trains,100,S18_3259,Euro Shopping Channel,(91) 555 94 44,"C/ Moralzarzal, 86",Madrid,28034,Spain,EMEA,Freyre,Diego,Medium,52269.17,84.99470588235295,0.0729806882336184
10372,25,84.71,5,2117.75,1/26/2005 0:00,Shipped,1,1,2005,Trains,100,S18_3259,"Tokyo Collectables, Ltd",+81 3 3584 0555,2-2-8 Roppongi,Minato-ku,106-0032,Japan,Japan,Shimamura,Akiko,Small,38191.39,92.24222222222221,0.05545097991981963
10383,26,100.0,12,3340.48,2/22/2005 0:00,Shipped,1,2,2005,Trains,100,S18_3259,Euro Shopping Channel,(91) 555 94 44,"C/ Moralzarzal, 86",Madrid,28034,Spain,EMEA,Freyre,Diego,Medium,41249.74,81.16,0.08098184376434858
10396,24,89.75,4,2154.0,3/23/2005 0:00,Shipped,1,3,2005,Trains,100,S18_3259,Mini Gifts Distributors Ltd.,4155551450,5677 Strong St.,San Rafael,97562,USA,EMEA,Nelson,Valarie,Small,32194.79,91.27375,0.0669052352880699
10414,48,100.0,14,5808.48,5/6/2005 0:00,On Hold,2,5,2005,Trains,100,S18_3259,Gifts4AllAges.com,6175559555,8616 Spinnaker Dr.,Boston,51003,USA,EMEA,Yoshido,Juri,Medium,48316.89,87.77785714285714,0.12021634670608973
10108,26,68.35,9,1777.1,3/3/2003 0:00,Shipped,1,3,2003,Classic Cars,80,S18_3278,Cruz & Sons Co.,+63 2 555 3587,15 McCallum Street - NatWest Center #13-03,Makati City,1227 MM,Philippines,Japan,Cruz,Arnold,Small,55245.020000000004,82.81125,0.03216760533347621
10122,21,73.17,13,1536.57,5/8/2003 0:00,Shipped,2,5,2003,Classic Cars,80,S18_3278,Marseille Mini Autos,91.24.4555,"12, rue des Bouchers",Marseille,13008,France,EMEA,Lebihan,Laurence,Small,52481.840000000004,79.76,0.029278127443702427
10135,45,78.0,10,3510.0,7/2/2003 0:00,Shipped,3,7,2003,Classic Cars,80,S18_3278,Mini Gifts Distributors Ltd.,4155551450,5677 Strong St.,San Rafael,97562,USA,EMEA,Nelson,Valarie,Medium,59280.51,79.85588235294118,0.059210016917870645
10147,36,86.04,10,3097.44,9/5/2003 0:00,Shipped,3,9,2003,Classic Cars,80,S18_3278,Collectables For Less Inc.,6175558555,7825 Douglas Av.,Brickhaven,58339,USA,EMEA,Nelson,Allen,Medium,34992.4,82.3709090909091,0.08851750665858872
10159,21,81.21,5,1705.41,10/10/2003 0:00,Shipped,4,10,2003,Classic Cars,80,S18_3278,Corporate Gift Ideas Co.,6505551386,7734 Strong St.,San Francisco,28034,USA,EMEA,Brown,Julie,Small,62498.29,83.05611111111111,0.02728730658070805
10169,32,70.76,5,2264.32,11/4/2003 0:00,Shipped,4,11,2003,Classic Cars,80,S18_3278,"Anna's Decorations, Ltd",02 9936 8555,201 Miller Street,North Sydney,2060,Australia,APAC,O'Hara,Anna,Small,41791.95,80.17461538461538,0.05418076926298008
10181,30,82.82,17,2484.6,11/12/2003 0:00,Shipped,4,11,2003,Classic Cars,80,S18_3278,Herkku Gifts,+47 2267 3215,"Drammen 121, PR 744 Sentrum",Bergen,N 5804,Norway,EMEA,Oeztan,Veysel,Small,60795.84,88.24470588235295,0.0408679278055867
10191,36,94.88,6,3415.68,11/20/2003 0:00,Shipped,4,11,2003,Classic Cars,80,S18_3278,"Toms Spezialitten, Ltd",0221-5554327,Mehrheimerstr. 369,Koln,50739,Germany,EMEA,Pfalzheim,Henriette,Medium,31363.18,84.28444444444443,0.10890732381091457
10203,33,86.04,11,2839.32,12/2/2003 0:00,Shipped,4,12,2003,Classic Cars,80,S18_3278,Euro Shopping Channel,(91) 555 94 44,"C/ Moralzarzal, 86",Madrid,28034,Spain,EMEA,Freyre,Diego,Small,45116.18,86.94545454545454,0.0629335196375225
10211,35,78.0,5,2730.0,1/15/2004 0:00,Shipped,1,1,2004,Classic Cars,80,S18_3278,Auto Canal Petit,(1) 47.55.6555,"25, rue Lauriston",Paris,75016,France,EMEA,Perrier,Dominique,Small,51172.65,82.83133333333333,0.053348810350841706
10225,37,95.69,12,3540.53,2/22/2004 0:00,Shipped,1,2,2004,Classic Cars,80,S18_3278,"Vida Sport, Ltd",0897-034555,Grenzacherweg 237,Gensve,1203,Switzerland,EMEA,Holz,Michael,Medium,50432.549999999996,85.34071428571428,0.0702032714982685
10238,41,73.17,6,2999.97,4/9/2004 0:00,Shipped,2,4,2004,Classic Cars,80,S18_3278,Danish Wholesale Imports,31 12 3555,Vinb'ltet 34,Kobenhavn,1734,Denmark,EMEA,Petersen,Jytte,Small,31329.56,87.95,0.09575525478174604
10252,20,76.39,2,1527.8,5/26/2004 0:00,Shipped,2,5,2004,Classic Cars,80,S18_3278,Auto Canal Petit,(1) 47.55.6555,"25, rue Lauriston",Paris,75016,France,EMEA,Perrier,Dominique,Small,27931.21,78.11444444444444,0.05469866862194656
10265,45,86.84,2,3907.8,7/2/2004 0:00,Shipped,3,7,2004,Classic Cars,80,S18_3278,"Australian Collectables, Ltd",61-9-3844-6555,7 Allen Street,Glen Waverly,3150,Australia,APAC,Connery,Sean,Medium,12334.82,93.42,0.31681046014453396
10276,38,69.96,6,2658.48,8/2/2004 0:00,Shipped,3,8,2004,Classic Cars,80,S18_3278,Online Mini Collectables,6175557555,7635 Spinnaker Dr.,Brickhaven,58339,USA,EMEA,Barajas,Miguel,Small,52505.36,80.24285714285715,0.05063254494398286
10287,43,70.76,15,3042.68,8/30/2004 0:00,Shipped,3,8,2004,Classic Cars,80,S18_3278,"Vida Sport, Ltd",0897-034555,Grenzacherweg 237,Gensve,1203,Switzerland,EMEA,Holz,Michael,Medium,67281.01,89.31294117647059,0.04522345904141451
10300,49,78.8,8,3861.2,10/4/2003 0:00,Shipped,4,10,2003,Classic Cars,80,S18_3278,"Blauer See Auto, Co.",+49 69 66 90 2555,Lyonerstr. 34,Frankfurt,60528,Germany,EMEA,Keitel,Roland,Medium,27257.79,88.32375,0.14165491773177502
10310,27,80.41,13,2171.07,10/16/2004 0:00,Shipped,4,10,2004,Classic Cars,80,S18_3278,"Toms Spezialitten, Ltd",0221-5554327,Mehrheimerstr. 369,Koln,50739,Germany,EMEA,Pfalzheim,Henriette,Small,68943.4,85.85235294117648,0.03149061403992261
10319,46,73.98,1,3403.08,11/3/2004 0:00,Shipped,4,11,2004,Classic Cars,80,S18_3278,Microscale Inc.,2125551957,5290 North Pendale Street,NYC,10022,USA,EMEA,Kuo,Kee,Medium,31446.15,79.55222222222223,0.10821928916576433
10329,38,59.1,10,2245.8,11/15/2004 0:00,Shipped,4,11,2004,Classic Cars,80,S18_3278,Land of Toys Inc.,2125557818,897 Long Airport Avenue,NYC,10022,USA,EMEA,Yu,Kwai,Small,53152.28,87.41266666666667,0.042252185607089675
10342,25,66.74,5,1668.5,11/24/2004 0:00,Shipped,4,11,2004,Classic Cars,80,S18_3278,"Australian Collectors, Co.",03 9520 4555,636 St Kilda Road,Melbourne,3004,Australia,APAC,Ferguson,Peter,Small,43779.09,80.99909090909091,0.0381118017756879
10363,46,60.3,10,2773.8,1/6/2005 0:00,Shipped,1,1,2005,Classic Cars,80,S18_3278,Suominen Souveniers,+358 9 8045 555,"Software Engineering Center, SEC Oy",Espoo,FIN-02271,Finland,EMEA,Suominen,Kalle,Small,51373.49,87.70666666666666,0.053992827818394276
10378,22,100.0,4,2464.0,2/10/2005 0:00,Shipped,1,2,2005,Classic Cars,80,S18_3278,Euro Shopping Channel,(91) 555 94 44,"C/ Moralzarzal, 86",Madrid,28034,Spain,EMEA,Freyre,Diego,Small,33680.5,78.354,0.0731580588174166
10390,40,100.0,9,5491.6,3/4/2005 0:00,Shipped,1,3,2005,Classic Cars,80,S18_3278,Mini Gifts Distributors Ltd.,4155551450,5677 Strong St.,San Rafael,97562,USA,EMEA,Nelson,Valarie,Medium,61133.28,81.740625,0.08982995841217746
10103,46,100.0,16,4791.82,1/29/2003 0:00,Shipped,1,1,2003,Vintage Cars,99,S18_3320,Baane Mini Imports,07-98 9555,Erling Skakkes gate 78,Stavern,4110,Norway,EMEA,Bergulfsen,Jonas,Medium,54702.0,88.59625,0.08759862527878322
10111,39,100.0,4,4178.85,3/25/2003 0:00,Shipped,1,3,2003,Vintage Cars,99,S18_3320,Mini Wheels Co.,6505555787,5557 North Pendale Street,San Francisco,28034,USA,EMEA,Murphy,Julie,Medium,18695.58,83.28833333333334,0.2235207466149753
10126,38,82.34,16,3128.92,5/28/2003 0:00,Shipped,2,5,2003,Vintage Cars,99,S18_3320,"Corrida Auto Replicas, Ltd",(91) 555 22 82,"C/ Araquil, 67",Madrid,28023,Spain,EMEA,Sommer,MartÂ¡n,Medium,61073.21,86.85000000000001,0.05123228335304465
10139,30,100.0,5,3095.4,7/16/2003 0:00,Shipped,3,7,2003,Vintage Cars,99,S18_3320,Souveniers And Things Co.,+61 2 9495 8555,"Monitor Money Building, 815 Pacific Hwy",Chatswood,2067,Australia,APAC,Huxley,Adrian,Medium,28397.260000000002,88.04875,0.10900347427885648
10149,42,94.25,2,3958.5,9/12/2003 0:00,Shipped,3,9,2003,Vintage Cars,99,S18_3320,Signal Collectibles Ltd.,4155554312,2793 Furth Circle,Brisbane,94217,USA,EMEA,Taylor,Sue,Medium,34100.03,75.16818181818182,0.11608494186075496
10163,43,100.0,6,4991.44,10/20/2003 0:00,Shipped,4,10,2003,Vintage Cars,99,S18_3320,Classic Legends Inc.,2125558493,5905 Pompton St.,NYC,10022,USA,EMEA,Hernandez,Maria,Medium,25284.75,93.585,0.19740911023442984
10173,29,95.24,4,2761.96,11/5/2003 0:00,Shipped,4,11,2003,Vintage Cars,99,S18_3320,Rovelli Gifts,035-640555,Via Ludovico il Moro 22,Bergamo,24100,Italy,EMEA,Rovelli,Giovanni,Small,40077.71,74.569375,0.06891511516002287
10182,33,86.31,1,2848.23,11/12/2003 0:00,Shipped,4,11,2003,Vintage Cars,99,S18_3320,Mini Gifts Distributors Ltd.,4155551450,5677 Strong St.,San Rafael,97562,USA,EMEA,Nelson,Valarie,Small,50360.89,77.46529411764706,0.05655638730769055
10193,32,79.37,5,2539.84,11/21/2003 0:00,Shipped,4,11,2003,Vintage Cars,99,S18_3320,"Australian Collectables, Ltd",61-9-3844-6555,7 Allen Street,Glen Waverly,3150,Australia,APAC,Connery,Sean,Small,37878.55,76.986875,0.06705219708779771
10206,28,87.3,11,2444.4,12/5/2003 0:00,Shipped,4,12,2003,Vintage Cars,99,S18_3320,Canadian Gift Exchange Network,(604) 555-3392,1900 Oak St.,Vancouver,V3F 2K1,Canada,EMEA,Tannamuri,Yoshi,Small,38662.21,86.77,0.06322452855126492
10215,41,100.0,8,4555.92,1/29/2004 0:00,Shipped,1,1,2004,Vintage Cars,99,S18_3320,West Coast Collectables Co.,3105553722,3675 Furth Circle,Burbank,94019,USA,EMEA,Thompson,Steve,Medium,37850.08,82.707,0.1203675130937636
10227,33,100.0,1,3666.96,3/2/2004 0:00,Shipped,1,3,2004,Vintage Cars,99,S18_3320,"Saveley & Henriot, Co.",78.32.5555,"2, rue du Commerce",Lyon,69004,France,EMEA,Saveley,Mary,Medium,46802.270000000004,76.42333333333333,0.07835004584179356
10244,36,84.33,5,3035.88,4/29/2004 0:00,Shipped,2,4,2004,Vintage Cars,99,S18_3320,Euro Shopping Channel,(91) 555 94 44,"C/ Moralzarzal, 86",Madrid,28034,Spain,EMEA,Freyre,Diego,Medium,28327.64,81.39666666666668,0.10717024079662126
10257,26,89.29,5,2321.54,6/14/2004 0:00,Shipped,2,6,2004,Vintage Cars,99,S18_3320,The Sharp Gifts Warehouse,4085553659,3086 Ingle Ln.,San Jose,94217,USA,EMEA,Frick,Sue,Small,16128.1,78.97200000000001,0.1439437999516372
10280,34,100.0,7,3474.46,8/17/2004 0:00,Shipped,3,8,2004,Vintage Cars,99,S18_3320,Amica Models & Co.,011-4988555,Via Monte Bianco 34,Torino,10100,Italy,EMEA,Accorti,Paolo,Medium,56078.26,81.5564705882353,0.061957343184328474
10290,26,96.23,2,2501.98,9/7/2004 0:00,Shipped,3,9,2004,Vintage Cars,99,S18_3320,Auto-Moto Classics Inc.,6175558428,16780 Pompton St.,Brickhaven,58339,USA,EMEA,Taylor,Leslie,Small,7673.379999999999,98.11500000000001,0.3260597025039813
10304,38,100.0,11,3958.46,10/11/2004 0:00,Shipped,4,10,2004,Vintage Cars,99,S18_3320,Auto Assoc. & Cie.,30.59.8555,"67, avenue de l'Europe",Versailles,78000,France,EMEA,Tonini,Daniel,Medium,59074.9,81.46235294117646,0.06700747694875489
10312,33,100.0,8,3535.95,10/21/2004 0:00,Shipped,4,10,2004,Vintage Cars,99,S18_3320,Mini Gifts Distributors Ltd.,4155551450,5677 Strong St.,San Rafael,97562,USA,EMEA,Nelson,Valarie,Medium,63075.08,76.92764705882352,0.05605938193023298
10323,33,91.27,2,3011.91,11/5/2004 0:00,Shipped,4,11,2004,Vintage Cars,99,S18_3320,"Blauer See Auto, Co.",+49 69 66 90 2555,Lyonerstr. 34,Frankfurt,60528,Germany,EMEA,Keitel,Roland,Medium,9214.970000000001,95.63499999999999,0.32684968046559015
10333,46,100.0,2,11336.7,11/18/2004 0:00,Shipped,4,11,2004,Vintage Cars,99,S18_3320,Mini Wheels Co.,6505555787,5557 North Pendale Street,San Francisco,28034,USA,EMEA,Murphy,Julie,Large,30348.72,85.3975,0.3735478794492816
10347,26,100.0,12,2656.94,11/29/2004 0:00,Shipped,4,11,2004,Vintage Cars,99,S18_3320,"Australian Collectors, Co.",03 9520 4555,636 St Kilda Road,Melbourne,3004,Australia,APAC,Ferguson,Peter,Small,47442.91,89.45916666666666,0.05600288852433377
10357,25,100.0,3,2604.25,12/10/2004 0:00,Shipped,4,12,2004,Vintage Cars,99,S18_3320,Mini Gifts Distributors Ltd.,4155551450,5677 Strong St.,San Rafael,97562,USA,EMEA,Nelson,Valarie,Small,42152.11,91.77000000000001,0.06178219785438973
10369,45,73.08,4,3288.6,1/20/2005 0:00,Shipped,1,1,2005,Vintage Cars,99,S18_3320,Collectables For Less Inc.,6175558555,7825 Douglas Av.,Brickhaven,58339,USA,EMEA,Nelson,Allen,Medium,31474.78,87.1325,0.10448365326143662
10382,50,100.0,7,8935.5,2/17/2005 0:00,Shipped,1,2,2005,Vintage Cars,99,S18_3320,Mini Gifts Distributors Ltd.,4155551450,5677 Strong St.,San Rafael,97562,USA,EMEA,Nelson,Valarie,Large,55741.020000000004,92.67461538461538,0.1603038480458377
10392,36,100.0,1,4035.96,3/10/2005 0:00,Shipped,1,3,2005,Vintage Cars,99,S18_3320,Mini Auto Werke,7675-3555,Kirchgasse 6,Graz,8010,Austria,EMEA,Mendel,Roland,Medium,8775.16,82.29333333333334,0.4599300753490535
10423,21,89.29,5,1875.09,5/30/2005 0:00,In Process,2,5,2005,Vintage Cars,99,S18_3320,Petit Auto,(02) 5554 67,Rue Joseph-Bens 532,Bruxelles,B-1180,Belgium,EMEA,Dewey,Catherine,Small,8411.95,78.97200000000001,0.22290788699409766
10108,29,100.0,8,4049.56,3/3/2003 0:00,Shipped,1,3,2003,Classic Cars,146,S18_3482,Cruz & Sons Co.,+63 2 555 3587,15 McCallum Street - NatWest Center #13-03,Makati City,1227 MM,Philippines,Japan,Cruz,Arnold,Medium,55245.020000000004,82.81125,0.07330181073334754
10122,21,100.0,12,2469.39,5/8/2003 0:00,Shipped,2,5,2003,Classic Cars,146,S18_3482,Marseille Mini Autos,91.24.4555,"12, rue des Bouchers",Marseille,13008,France,EMEA,Lebihan,Laurence,Small,52481.840000000004,79.76,0.04705227560619063
10135,42,100.0,9,5432.7,7/2/2003 0:00,Shipped,3,7,2003,Classic Cars,146,S18_3482,Mini Gifts Distributors Ltd.,4155551450,5677 Strong St.,San Rafael,97562,USA,EMEA,Nelson,Valarie,Medium,59280.51,79.85588235294118,0.09164394840732645
10147,37,100.0,9,4405.22,9/5/2003 0:00,Shipped,3,9,2003,Classic Cars,146,S18_3482,Collectables For Less Inc.,6175558555,7825 Douglas Av.,Brickhaven,58339,USA,EMEA,Nelson,Allen,Medium,34992.4,82.3709090909091,0.1258907648517964
10159,25,100.0,4,3638.0,10/10/2003 0:00,Shipped,4,10,2003,Classic Cars,146,S18_3482,Corporate Gift Ideas Co.,6505551386,7734 Strong St.,San Francisco,28034,USA,EMEA,Brown,Julie,Medium,62498.29,83.05611111111111,0.05820959261445393
10169,36,100.0,4,4444.92,11/4/2003 0:00,Shipped,4,11,2003,Classic Cars,146,S18_3482,"Anna's Decorations, Ltd",02 9936 8555,201 Miller Street,North Sydney,2060,Australia,APAC,O'Hara,Anna,Medium,41791.95,80.17461538461538,0.10635828191792918
10181,22,100.0,16,3395.48,11/12/2003 0:00,Shipped,4,11,2003,Classic Cars,146,S18_3482,Herkku Gifts,+47 2267 3215,"Drammen 121, PR 744 Sentrum",Bergen,N 5804,Norway,EMEA,Oeztan,Veysel,Medium,60795.84,88.24470588235295,0.05585053187849695
10191,23,100.0,5,3414.58,11/20/2003 0:00,Shipped,4,11,2003,Classic Cars,146,S18_3482,"Toms Spezialitten, Ltd",0221-5554327,Mehrheimerstr. 369,Koln,50739,Germany,EMEA,Pfalzheim,Henriette,Medium,31363.18,84.28444444444443,0.10887225083680928
10203,32,100.0,10,5127.04,12/2/2003 0:00,Shipped,4,12,2003,Classic Cars,146,S18_3482,Euro Shopping Channel,(91) 555 94 44,"C/ Moralzarzal, 86",Madrid,28034,Spain,EMEA,Freyre,Diego,Medium,45116.18,86.94545454545454,0.11364082686078475
10211,28,100.0,4,3745.28,1/15/2004 0:00,Shipped,1,1,2004,Classic Cars,146,S18_3482,Auto Canal Petit,(1) 47.55.6555,"25, rue Lauriston",Paris,75016,France,EMEA,Perrier,Dominique,Medium,51172.65,82.83133333333333,0.07318909612849833
10225,27,100.0,11,4564.08,2/22/2004 0:00,Shipped,1,2,2004,Classic Cars,146,S18_3482,"Vida Sport, Ltd",0897-034555,Grenzacherweg 237,Gensve,1203,Switzerland,EMEA,Holz,Michael,Medium,50432.549999999996,85.34071428571428,0.09049869578278315
10238,49,100.0,5,6554.24,4/9/2004 0:00,Shipped,2,4,2004,Classic Cars,146,S18_3482,Danish Wholesale Imports,31 12 3555,Vinb'ltet 34,Kobenhavn,1734,Denmark,EMEA,Petersen,Jytte,Medium,31329.56,87.95,0.2092030657308944
10252,41,100.0,1,6749.83,5/26/2004 0:00,Shipped,2,5,2004,Classic Cars,146,S18_3482,Auto Canal Petit,(1) 47.55.6555,"25, rue Lauriston",Paris,75016,France,EMEA,Perrier,Dominique,Medium,27931.21,78.11444444444444,0.2416590616733038
10265,49,100.0,1,8427.02,7/2/2004 0:00,Shipped,3,7,2004,Classic Cars,146,S18_3482,"Australian Collectables, Ltd",61-9-3844-6555,7 Allen Street,Glen Waverly,3150,Australia,APAC,Connery,Sean,Large,12334.82,93.42,0.6831895398554662
10276,30,100.0,5,3924.6,8/2/2004 0:00,Shipped,3,8,2004,Classic Cars,146,S18_3482,Online Mini Collectables,6175557555,7635 Spinnaker Dr.,Brickhaven,58339,USA,EMEA,Barajas,Miguel,Medium,52505.36,80.24285714285715,0.07474665443680416
10287,40,100.0,14,6761.6,8/30/2004 0:00,Shipped,3,8,2004,Classic Cars,146,S18_3482,"Vida Sport, Ltd",0897-034555,Grenzacherweg 237,Gensve,1203,Switzerland,EMEA,Holz,Michael,Medium,67281.01,89.31294117647059,0.10049789680624593
10300,23,100.0,7,3786.49,10/4/2003 0:00,Shipped,4,10,2003,Classic Cars,146,S18_3482,"Blauer See Auto, Co.",+49 69 66 90 2555,Lyonerstr. 34,Frankfurt,60528,Germany,EMEA,Keitel,Roland,Medium,27257.79,88.32375,0.1389140498917924
10310,49,100.0,12,6266.12,10/16/2004 0:00,Shipped,4,10,2004,Classic Cars,146,S18_3482,"Toms Spezialitten, Ltd",0221-5554327,Mehrheimerstr. 369,Koln,50739,Germany,EMEA,Pfalzheim,Henriette,Medium,68943.4,85.85235294117648,0.09088788774560003
10320,25,100.0,5,3491.0,11/3/2004 0:00,Shipped,4,11,2004,Classic Cars,146,S18_3482,"Volvo Model Replicas, Co",0921-12 3555,BerguvsvÂgen  8,Lule,S-958 22,Sweden,EMEA,Berglund,Christina,Medium,19599.35,86.92999999999999,0.17811815187748575
10330,37,100.0,3,4405.22,11/16/2004 0:00,Shipped,4,11,2004,Classic Cars,146,S18_3482,Cruz & Sons Co.,+63 2 555 3587,15 McCallum Street - NatWest Center #13-03,Makati City,1227 MM,Philippines,Japan,Cruz,Arnold,Medium,15928.75,87.66499999999999,0.2765577964372597
10342,55,100.0,7,6548.3,11/24/2004 0:00,Shipped,4,11,2004,Classic Cars,146,S18_3482,"Australian Collectors, Co.",03 9520 4555,636 St Kilda Road,Melbourne,3004,Australia,APAC,Ferguson,Peter,Medium,43779.09,80.99909090909091,0.1495759733699353
10355,23,100.0,7,3177.91,12/7/2004 0:00,Shipped,4,12,2004,Classic Cars,146,S18_3482,Euro Shopping Channel,(91) 555 94 44,"C/ Moralzarzal, 86",Madrid,28034,Spain,EMEA,Freyre,Diego,Medium,29884.13,76.03099999999999,0.10634105794614064
10363,24,100.0,11,4142.64,1/6/2005 0:00,Shipped,1,1,2005,Classic Cars,146,S18_3482,Suominen Souveniers,+358 9 8045 555,"Software Engineering Center, SEC Oy",Espoo,FIN-02271,Finland,EMEA,Suominen,Kalle,Medium,51373.49,87.70666666666666,0.08063769854841477
10378,43,96.49,10,4149.07,2/10/2005 0:00,Shipped,1,2,2005,Classic Cars,146,S18_3482,Euro Shopping Channel,(91) 555 94 44,"C/ Moralzarzal, 86",Madrid,28034,Spain,EMEA,Freyre,Diego,Medium,33680.5,78.354,0.12318908567271862
10390,50,100.0,1,7397.0,3/4/2005 0:00,Shipped,1,3,2005,Classic Cars,146,S18_3482,Mini Gifts Distributors Ltd.,4155551450,5677 Strong St.,San Rafael,97562,USA,EMEA,Nelson,Valarie,Large,61133.28,81.740625,0.12099792453472151
10109,47,100.0,2,6241.6,3/10/2003 0:00,Shipped,1,3,2003,Classic Cars,141,S18_3685,Motor Mint Distributors Inc.,2155559857,11328 Douglas Av.,Philadelphia,71270,USA,EMEA,Hernandez,Rosa,Medium,27398.82,88.68333333333334,0.22780543103681108
10123,34,100.0,4,5331.88,5/20/2003 0:00,Shipped,2,5,2003,Classic Cars,141,S18_3685,Atelier graphique,40.32.2555,"54, rue Royale",Nantes,44000,France,EMEA,Schmitt,Carine,Medium,16560.3,89.9675,0.32196759720536466
10137,31,100.0,4,5124.3,7/10/2003 0:00,Shipped,3,7,2003,Classic Cars,141,S18_3685,Reims Collectables,26.47.1555,59 rue de l'Abbaye,Reims,51100,France,EMEA,Henriot,Paul,Medium,15146.32,87.34,0.33831980309408494
10148,28,100.0,11,3639.44,9/11/2003 0:00,Shipped,3,9,2003,Classic Cars,141,S18_3685,"Anna's Decorations, Ltd",02 9936 8555,201 Miller Street,North Sydney,2060,Australia,APAC,O'Hara,Anna,Medium,47191.76,88.97,0.07712024302547733
10161,36,100.0,10,5544.0,10/17/2003 0:00,Shipped,4,10,2003,Classic Cars,141,S18_3685,Heintze Collectables,86 21 3555,Smagsloget 45,Aaarhus,8200,Denmark,EMEA,Ibsen,Palle,Medium,40321.61,90.30666666666667,0.13749450976783914
10172,48,100.0,8,5493.12,11/5/2003 0:00,Shipped,4,11,2003,Classic Cars,141,S18_3685,Gift Depot Inc.,2035552570,25593 South Bay Ln.,Bridgewater,97562,USA,EMEA,King,Julie,Medium,26115.8,84.1,0.21033703734903775
10181,39,100.0,4,5785.26,11/12/2003 0:00,Shipped,4,11,2003,Classic Cars,141,S18_3685,Herkku Gifts,+47 2267 3215,"Drammen 121, PR 744 Sentrum",Bergen,N 5804,Norway,EMEA,Oeztan,Veysel,Medium,60795.84,88.24470588235295,0.09515881349776564
10192,45,100.0,9,5340.6,11/20/2003 0:00,Shipped,4,11,2003,Classic Cars,141,S18_3685,Online Diecast Creations Co.,6035558647,2304 Long Airport Avenue,Nashua,62005,USA,EMEA,Young,Valarie,Medium,63981.45,87.591875,0.08347106856753013
10204,35,100.0,15,5735.8,12/2/2003 0:00,Shipped,4,12,2003,Classic Cars,141,S18_3685,Muscle Machine Inc,2125557413,4092 Furth Circle,NYC,10022,USA,EMEA,Young,Jeff,Medium,64316.090000000004,85.04470588235294,0.08918141634542771
10212,45,100.0,8,6357.6,1/16/2004 0:00,Shipped,1,1,2004,Classic Cars,141,S18_3685,Euro Shopping Channel,(91) 555 94 44,"C/ Moralzarzal, 86",Madrid,28034,Spain,EMEA,Freyre,Diego,Medium,65165.17,87.60125,0.09756131995051959
10226,46,100.0,6,7343.9,2/26/2004 0:00,Shipped,1,2,2004,Classic Cars,141,S18_3685,Collectable Mini Designs Co.,7605558146,361 Furth Circle,San Diego,91217,USA,EMEA,Thompson,Valarie,Large,25872.22,85.08857142857143,0.2838527192486767
10240,37,100.0,1,5959.22,4/13/2004 0:00,Shipped,2,4,2004,Classic Cars,141,S18_3685,Osaka Souveniers Co.,+81 06 6342 5555,"Dojima Avanza 4F, 1-6-20 Dojima, Kita-ku",Osaka,530-0003,Japan,Japan,Kentary,Mory,Medium,17114.43,100.0,0.34819856694029544
10253,31,100.0,3,4029.38,6/1/2004 0:00,Cancelled,2,6,2004,Classic Cars,141,S18_3685,"UK Collectables, Ltd.",(171) 555-2282,Berkeley Gardens 12  Brewery,Liverpool,WX1 6LT,UK,EMEA,Devon,Elizabeth,Medium,50408.25,90.67357142857144,0.07993493128604941
10266,33,100.0,4,5035.14,7/6/2004 0:00,Shipped,3,7,2004,Classic Cars,141,S18_3685,L'ordine Souveniers,0522-556555,Strada Provinciale 124,Reggio Emilia,42100,Italy,EMEA,Moroni,Maurizio,Medium,56421.65,86.83,0.0892412752906021
10278,31,100.0,4,4116.8,8/6/2004 0:00,Shipped,3,8,2004,Classic Cars,141,S18_3685,Signal Gift Stores,7025551838,8489 Strong St.,Las Vegas,83030,USA,EMEA,King,Sue,Medium,34453.85,87.503,0.11948737223851617
10287,27,100.0,2,4310.55,8/30/2004 0:00,Shipped,3,8,2004,Classic Cars,141,S18_3685,"Vida Sport, Ltd",0897-034555,Grenzacherweg 237,Gensve,1203,Switzerland,EMEA,Holz,Michael,Medium,67281.01,89.31294117647059,0.0640678551050289
10301,39,100.0,6,6446.7,10/5/2003 0:00,Shipped,4,10,2003,Classic Cars,141,S18_3685,"Norway Gifts By Mail, Co.",+47 2212 1555,"Drammensveien 126 A, PB 744 Sentrum",Oslo,N 0106,Norway,EMEA,Klaeboe,Jan,Medium,45078.759999999995,86.73363636363636,0.14300970124289134
10311,32,100.0,11,3616.64,10/16/2004 0:00,Shipped,4,10,2004,Classic Cars,141,S18_3685,Euro Shopping Channel,(91) 555 94 44,"C/ Moralzarzal, 86",Madrid,28034,Spain,EMEA,Freyre,Diego,Medium,34872.13,86.76181818181819,0.10371147389046784
10321,28,100.0,8,4232.76,11/4/2004 0:00,Shipped,4,11,2004,Classic Cars,141,S18_3685,FunGiftIdeas.com,5085552555,1785 First Street,New Bedford,50553,USA,EMEA,Benitez,Violeta,Medium,49504.380000000005,84.79866666666666,0.08550273733354503
10331,26,67.91,12,1765.66,11/17/2004 0:00,Shipped,4,11,2004,Classic Cars,141,S18_3685,Motor Mint Distributors Inc.,2155559857,11328 Douglas Av.,Philadelphia,71270,USA,EMEA,Hernandez,Rosa,Small,48996.1,84.39714285714285,0.03603674578180713
10343,44,84.88,2,3734.72,11/24/2004 0:00,Shipped,4,11,2004,Classic Cars,141,S18_3685,Reims Collectables,26.47.1555,59 rue de l'Abbaye,Reims,51100,France,EMEA,Henriot,Paul,Medium,18681.17,78.90166666666666,0.19991895582557195
10367,46,100.0,6,4808.38,1/12/2005 0:00,Resolved,1,1,2005,Classic Cars,141,S18_3685,Toys4GrownUps.com,6265557265,78934 Hillside Dr.,Pasadena,90003,USA,EMEA,Young,Julie,Medium,44273.36,74.21615384615384,0.10860662032427627
10379,32,70.83,4,2266.56,2/10/2005 0:00,Shipped,1,2,2005,Classic Cars,141,S18_3685,Euro Shopping Channel,(91) 555 94 44,"C/ Moralzarzal, 86",Madrid,28034,Spain,EMEA,Freyre,Diego,Small,18094.97,84.026,0.12525911897063105
10406,65,100.0,1,10468.9,4/15/2005 0:00,Disputed,2,4,2005,Classic Cars,141,S18_3685,Danish Wholesale Imports,31 12 3555,Vinb'ltet 34,Kobenhavn,1734,Denmark,EMEA,Petersen,Jytte,Large,26012.87,100.0,0.40245078686050406
10419,43,100.0,3,5589.14,5/17/2005 0:00,Shipped,2,5,2005,Classic Cars,141,S18_3685,Salzburg Collectables,6562-9555,Geislweg 14,Salzburg,5020,Austria,EMEA,Pipps,Georg,Medium,59475.1,90.67357142857144,0.09397445317452179
10108,43,67.77,12,2914.11,3/3/2003 0:00,Shipped,1,3,2003,Motorcycles,62,S18_3782,Cruz & Sons Co.,+63 2 555 3587,15 McCallum Street - NatWest Center #13-03,Makati City,1227 MM,Philippines,Japan,Cruz,Arnold,Small,55245.020000000004,82.81125,0.05274882695309007
10122,35,49.74,16,1740.9,5/8/2003 0:00,Shipped,2,5,2003,Motorcycles,62,S18_3782,Marseille Mini Autos,91.24.4555,"12, rue des Bouchers",Marseille,13008,France,EMEA,Lebihan,Laurence,Small,52481.840000000004,79.76,0.033171474170875105
10135,45,50.36,13,2266.2,7/2/2003 0:00,Shipped,3,7,2003,Motorcycles,62,S18_3782,Mini Gifts Distributors Ltd.,4155551450,5677 Strong St.,San Rafael,97562,USA,EMEA,Nelson,Valarie,Small,59280.51,79.85588235294118,0.03822841605107648
10146,47,67.14,2,3155.58,9/3/2003 0:00,Shipped,3,9,2003,Motorcycles,62,S18_3782,Gift Ideas Corp.,2035554407,2440 Pompton St.,Glendale,97561,USA,EMEA,Lewis,Dan,Medium,7600.12,83.57,0.41520133892622746
10159,21,64.66,8,1357.86,10/10/2003 0:00,Shipped,4,10,2003,Motorcycles,62,S18_3782,Corporate Gift Ideas Co.,6505551386,7734 Strong St.,San Francisco,28034,USA,EMEA,Brown,Julie,Small,62498.29,83.05611111111111,0.021726354433057288
10169,38,68.39,8,2598.82,11/4/2003 0:00,Shipped,4,11,2003,Motorcycles,62,S18_3782,"Anna's Decorations, Ltd",02 9936 8555,201 Miller Street,North Sydney,2060,Australia,APAC,O'Hara,Anna,Small,41791.95,80.17461538461538,0.06218470303491463
10180,21,50.36,3,1057.56,11/11/2003 0:00,Shipped,4,11,2003,Motorcycles,62,S18_3782,Daedalus Designs Imports,20.16.1555,"184, chausse de Tournai",Lille,59000,France,EMEA,Rance,Martine,Small,48874.28,82.245,0.021638375030793293
10191,43,72.74,9,3127.82,11/20/2003 0:00,Shipped,4,11,2003,Motorcycles,62,S18_3782,"Toms Spezialitten, Ltd",0221-5554327,Mehrheimerstr. 369,Koln,50739,Germany,EMEA,Pfalzheim,Henriette,Medium,31363.18,84.28444444444443,0.09972904533277557
10211,46,54.09,8,2488.14,1/15/2004 0:00,Shipped,1,1,2004,Motorcycles,62,S18_3782,Auto Canal Petit,(1) 47.55.6555,"25, rue Lauriston",Paris,75016,France,EMEA,Perrier,Dominique,Small,51172.65,82.83133333333333,0.048622457504155045
10224,38,58.44,1,2220.72,2/21/2004 0:00,Shipped,1,2,2004,Motorcycles,62,S18_3782,Daedalus Designs Imports,20.16.1555,"184, chausse de Tournai",Lille,59000,France,EMEA,Rance,Martine,Small,20178.129999999997,75.91666666666667,0.11005578812308178
10237,26,52.22,1,1357.72,4/5/2004 0:00,Shipped,2,4,2004,Motorcycles,62,S18_3782,Vitachrome Inc.,2125551500,2678 Kingston Rd.,NYC,10022,USA,EMEA,Frick,Michael,Small,24804.34,82.27111111111111,0.05473719518439112
10252,31,52.84,5,1638.04,5/26/2004 0:00,Shipped,2,5,2004,Motorcycles,62,S18_3782,Auto Canal Petit,(1) 47.55.6555,"25, rue Lauriston",Paris,75016,France,EMEA,Perrier,Dominique,Small,27931.21,78.11444444444444,0.05864550801773357
10264,48,54.71,3,2626.08,6/30/2004 0:00,Shipped,2,6,2004,Motorcycles,62,S18_3782,Gifts4AllAges.com,6175559555,8616 Spinnaker Dr.,Boston,51003,USA,EMEA,Yoshido,Juri,Small,19548.35,74.73428571428572,0.13433768067381646
10276,33,50.36,9,1661.88,8/2/2004 0:00,Shipped,3,8,2004,Motorcycles,62,S18_3782,Online Mini Collectables,6175557555,7635 Spinnaker Dr.,Brickhaven,58339,USA,EMEA,Barajas,Miguel,Small,52505.36,80.24285714285715,0.03165162566259902
10286,38,57.2,1,2173.6,8/28/2004 0:00,Shipped,3,8,2004,Motorcycles,62,S18_3782,"La Corne D'abondance, Co.",(1) 42.34.2555,"265, boulevard Charonne",Paris,75012,France,EMEA,Bertrand,Marie,Small,2173.6,57.2,1.0
10299,39,55.95,3,2182.05,9/30/2004 0:00,Shipped,3,9,2004,Motorcycles,62,S18_3782,"Toys of Finland, Co.",90-224 8555,Keskuskatu 45,Helsinki,21240,Finland,EMEA,Karttunen,Matti,Small,42744.06,84.18818181818182,0.051049198414937665
10310,42,67.14,16,2819.88,10/16/2004 0:00,Shipped,4,10,2004,Motorcycles,62,S18_3782,"Toms Spezialitten, Ltd",0221-5554327,Mehrheimerstr. 369,Koln,50739,Germany,EMEA,Pfalzheim,Henriette,Small,68943.4,85.85235294117648,0.040901377071626874
10319,44,59.06,4,2598.64,11/3/2004 0:00,Shipped,4,11,2004,Motorcycles,62,S18_3782,Microscale Inc.,2125551957,5290 North Pendale Street,NYC,10022,USA,EMEA,Kuo,Kee,Small,31446.15,79.55222222222223,0.0826377791875953
10330,29,69.63,2,2019.27,11/16/2004 0:00,Shipped,4,11,2004,Motorcycles,62,S18_3782,Cruz & Sons Co.,+63 2 555 3587,15 McCallum Street - NatWest Center #13-03,Makati City,1227 MM,Philippines,Japan,Cruz,Arnold,Small,15928.75,87.66499999999999,0.1267688927254179
10342,26,55.95,8,1454.7,11/24/2004 0:00,Shipped,4,11,2004,Motorcycles,62,S18_3782,"Australian Collectors, Co.",03 9520 4555,636 St Kilda Road,Melbourne,3004,Australia,APAC,Ferguson,Peter,Small,43779.09,80.99909090909091,0.033228191814859566
10355,31,53.47,1,1657.57,12/7/2004 0:00,Shipped,4,12,2004,Motorcycles,62,S18_3782,Euro Shopping Channel,(91) 555 94 44,"C/ Moralzarzal, 86",Madrid,28034,Spain,EMEA,Freyre,Diego,Small,29884.13,76.03099999999999,0.055466563691163165
10363,32,89.12,12,2851.84,1/6/2005 0:00,Shipped,1,1,2005,Motorcycles,62,S18_3782,Suominen Souveniers,+358 9 8045 555,"Software Engineering Center, SEC Oy",Espoo,FIN-02271,Finland,EMEA,Suominen,Kalle,Small,51373.49,87.70666666666666,0.05551189923051753
10378,28,100.0,9,4609.64,2/10/2005 0:00,Shipped,1,2,2005,Motorcycles,62,S18_3782,Euro Shopping Channel,(91) 555 94 44,"C/ Moralzarzal, 86",Madrid,28034,Spain,EMEA,Freyre,Diego,Medium,33680.5,78.354,0.13686376389899202
10390,36,100.0,2,5079.96,3/4/2005 0:00,Shipped,1,3,2005,Motorcycles,62,S18_3782,Mini Gifts Distributors Ltd.,4155551450,5677 Strong St.,San Rafael,97562,USA,EMEA,Nelson,Valarie,Medium,61133.28,81.740625,0.08309647380281247
10403,36,52.22,1,1879.92,4/8/2005 0:00,Shipped,2,4,2005,Motorcycles,62,S18_3782,"UK Collectables, Ltd.",(171) 555-2282,Berkeley Gardens 12  Brewery,Liverpool,WX1 6LT,UK,EMEA,Devon,Elizabeth,Small,40802.81,82.27111111111111,0.04607329740280143
10106,41,100.0,17,4774.86,2/17/2003 0:00,Shipped,1,2,2003,Vintage Cars,105,S18_3856,Rovelli Gifts,035-640555,Via Ludovico il Moro 22,Bergamo,24100,Italy,EMEA,Rovelli,Giovanni,Medium,56181.32,78.88222222222223,0.08499017111025514
10119,27,99.52,8,2687.04,4/28/2003 0:00,Shipped,2,4,2003,Vintage Cars,105,S18_3856,Salzburg Collectables,6562-9555,Geislweg 14,Salzburg,5020,Austria,EMEA,Pipps,Georg,Small,38629.14,79.57214285714285,0.06955992289758457
10130,33,100.0,1,3423.75,6/16/2003 0:00,Shipped,2,6,2003,Vintage Cars,105,S18_3856,Auto-Moto Classics Inc.,6175558428,16780 Pompton St.,Brickhaven,58339,USA,EMEA,Taylor,Leslie,Medium,7277.35,98.17,0.4704665846771146
10143,34,100.0,12,3455.76,8/10/2003 0:00,Shipped,3,8,2003,Vintage Cars,105,S18_3856,Mini Creations Ltd.,5085559555,4575 Hillside Dr.,New Bedford,50553,USA,EMEA,Tam,Wing C,Medium,45738.39,81.08375,0.07555491131191981
10155,29,100.0,10,3622.97,10/6/2003 0:00,Shipped,4,10,2003,Vintage Cars,105,S18_3856,"Toys of Finland, Co.",90-224 8555,Keskuskatu 45,Helsinki,21240,Finland,EMEA,Karttunen,Matti,Medium,42083.5,81.96538461538461,0.08609003528698896
10167,34,100.0,6,3599.58,10/23/2003 0:00,Cancelled,4,10,2003,Vintage Cars,105,S18_3856,Scandinavian Gift Ideas,0695-34 6555,?kergatan 24,Boras,S-844 67,Sweden,EMEA,Larsson,Maria,Medium,48710.92,81.586875,0.07389677714976436
10178,48,100.0,9,5386.56,11/8/2003 0:00,Shipped,4,11,2003,Vintage Cars,105,S18_3856,Alpha Cognac,61.77.6555,1 rue Alsace-Lorraine,Toulouse,31000,France,EMEA,Roulet,Annette,Medium,38098.24,82.72166666666666,0.14138605877856827
10186,46,100.0,6,4918.78,11/14/2003 0:00,Shipped,4,11,2003,Vintage Cars,105,S18_3856,"Double Decker Gift Stores, Ltd",(171) 555-7555,120 Hanover Sq.,London,WA1 1DP,UK,EMEA,Hardy,Thomas,Medium,27541.82,84.99444444444445,0.17859313582036335
10197,22,100.0,3,2538.8,11/26/2003 0:00,Shipped,4,11,2003,Vintage Cars,105,S18_3856,Enaco Distributors,(93) 203 4555,"Rambla de CataluÂ¤a, 23",Barcelona,8022,Spain,EMEA,Saavedra,Eduardo,Small,44009.31,83.48214285714286,0.05768779378726911
10209,20,100.0,5,2498.6,1/9/2004 0:00,Shipped,1,1,2004,Vintage Cars,105,S18_3856,"Men 'R' US Retailers, Ltd.",2155554369,6047 Douglas Av.,Los Angeles,28034,USA,EMEA,Chandler,Michael,Small,23889.32,85.36625,0.10459067064278095
10222,45,85.75,9,3858.75,2/19/2004 0:00,Shipped,1,2,2004,Vintage Cars,105,S18_3856,Collectable Mini Designs Co.,7605558146,361 Furth Circle,San Diego,91217,USA,EMEA,Thompson,Valarie,Medium,61617.01,80.55444444444444,0.06262475248312113
10249,46,100.0,5,5600.5,5/8/2004 0:00,Shipped,2,5,2004,Vintage Cars,105,S18_3856,Cambridge Collectables Co.,6175555555,4658 Baden Av.,Cambridge,51247,USA,EMEA,Tseng,Kyung,Medium,14380.92,78.216,0.38943961860576376
10262,34,100.0,14,4103.46,6/24/2004 0:00,Cancelled,2,6,2004,Vintage Cars,105,S18_3856,Euro Shopping Channel,(91) 555 94 44,"C/ Moralzarzal, 86",Madrid,28034,Spain,EMEA,Freyre,Diego,Medium,50010.65,78.62375,0.08205172298300462
10273,50,85.75,1,4287.5,7/21/2004 0:00,Shipped,3,7,2004,Vintage Cars,105,S18_3856,Petit Auto,(02) 5554 67,Rue Joseph-Bens 532,Bruxelles,B-1180,Belgium,EMEA,Dewey,Catherine,Medium,47760.479999999996,86.49533333333333,0.08977087332455622
10283,46,100.0,3,5795.54,8/20/2004 0:00,Shipped,3,8,2004,Vintage Cars,105,S18_3856,"Royal Canadian Collectables, Ltd.",(604) 555-4555,23 Tsawassen Blvd.,Tsawassen,T2F 8M4,Canada,EMEA,Lincoln,Elizabeth,Medium,43332.35,84.92857142857143,0.13374626578064658
10296,22,84.7,12,1863.4,9/15/2004 0:00,Shipped,3,9,2004,Vintage Cars,105,S18_3856,"Bavarian Collectables Imports, Co.",+49 89 61 08 9555,Hansastr. 15,Munich,80686,Germany,EMEA,Donnermeyer,Michael,Small,34993.92,79.71857142857142,0.053249250155455584
10307,48,86.81,6,4166.88,10/14/2004 0:00,Shipped,4,10,2004,Vintage Cars,105,S18_3856,"Classic Gift Ideas, Inc",2155554695,782 First Street,Philadelphia,71270,USA,EMEA,Cervantes,Francisca,Medium,27445.31,84.45333333333333,0.15182484730542303
10316,47,86.81,14,4080.07,11/1/2004 0:00,Shipped,4,11,2004,Vintage Cars,105,S18_3856,giftsbymail.co.uk,(198) 555-8888,Garden House Crowther Way,Cowes,PO31 7PJ,UK,EMEA,Bennett,Helen,Medium,51334.16,79.435,0.07948060316950739
10328,34,100.0,6,3815.48,11/12/2004 0:00,Shipped,4,11,2004,Vintage Cars,105,S18_3856,Rovelli Gifts,035-640555,Via Ludovico il Moro 22,Bergamo,24100,Italy,EMEA,Rovelli,Giovanni,Medium,41696.69,81.40714285714286,0.09150558473586272
10338,45,100.0,2,5526.45,11/22/2004 0:00,Shipped,4,11,2004,Vintage Cars,105,S18_3856,Royale Belge,(071) 23 67 2555,"Boulevard Tirou, 255",Charleroi,B-6000,Belgium,EMEA,Cartrain,Pascale,Medium,13463.48,94.19333333333333,0.4104770831909729
10351,20,100.0,2,3374.6,12/3/2004 0:00,Shipped,4,12,2004,Vintage Cars,105,S18_3856,"Stylish Desk Decors, Co.",(171) 555-0297,35 King George,London,WX3 6FW,UK,EMEA,Brown,Ann,Medium,13739.9,80.39,0.24560586321588948
10373,50,60.49,6,3024.5,1/31/2005 0:00,Shipped,1,1,2005,Vintage Cars,105,S18_3856,"Oulu Toy Supplies, Inc.",981-443655,Torikatu 38,Oulu,90110,Finland,EMEA,Koskitalo,Pirkko,Medium,49055.4,79.01235294117647,0.06165478214426954
10386,22,57.55,6,1266.1,3/1/2005 0:00,Resolved,1,3,2005,Vintage Cars,105,S18_3856,Euro Shopping Channel,(91) 555 94 44,"C/ Moralzarzal, 86",Madrid,28034,Spain,EMEA,Freyre,Diego,Small,53815.72,77.94666666666666,0.023526582938962814
10398,45,100.0,17,4811.85,3/30/2005 0:00,Shipped,1,3,2005,Vintage Cars,105,S18_3856,Reims Collectables,26.47.1555,59 rue de l'Abbaye,Reims,51100,France,EMEA,Henriot,Paul,Medium,52029.07,77.58611111111111,0.09248387487994693
10400,58,100.0,6,7307.42,4/1/2005 0:00,Shipped,2,4,2005,Vintage Cars,105,S18_3856,The Sharp Gifts Warehouse,4085553659,3086 Ingle Ln.,San Jose,94217,USA,EMEA,Frick,Sue,Large,37526.84,78.95333333333333,0.1947251620440197
10415,51,100.0,5,6209.25,5/9/2005 0:00,Disputed,2,5,2005,Vintage Cars,105,S18_3856,"Australian Collectables, Ltd",61-9-3844-6555,7 Allen Street,Glen Waverly,3150,Australia,APAC,Connery,Sean,Medium,14378.09,78.216,0.43185499603911226
10104,38,100.0,3,5348.5,1/31/2003 0:00,Shipped,1,1,2003,Classic Cars,143,S18_4027,Euro Shopping Channel,(91) 555 94 44,"C/ Moralzarzal, 86",Madrid,28034,Spain,EMEA,Freyre,Diego,Medium,44621.96,81.68384615384616,0.11986250716015164
10117,22,100.0,12,2780.58,4/16/2003 0:00,Shipped,2,4,2003,Classic Cars,143,S18_4027,"Dragon Souveniers, Ltd.",+65 221 7555,"Bronz Sok., Bronz Apt. 3/6 Tesvikiye",Singapore,79903,Singapore,Japan,Natividad,Eric,Small,43657.47,87.43416666666667,0.06369081854720395
10127,25,100.0,5,3447.0,6/3/2003 0:00,Shipped,2,6,2003,Classic Cars,143,S18_4027,Muscle Machine Inc,2125557413,4092 Furth Circle,NYC,10022,USA,EMEA,Young,Jeff,Medium,68462.15,85.852,0.05034898845566492
10142,24,100.0,15,3791.52,8/8/2003 0:00,Shipped,3,8,2003,Classic Cars,143,S18_4027,Mini Gifts Distributors Ltd.,4155551450,5677 Strong St.,San Rafael,97562,USA,EMEA,Nelson,Valarie,Medium,63088.16,85.518125,0.0600987570409408
10152,35,100.0,1,4524.1,9/25/2003 0:00,Shipped,3,9,2003,Classic Cars,143,S18_4027,"Australian Gift Network, Co",61-7-3844-6555,31 Duncan St. West End,South Brisbane,4101,Australia,APAC,Calaghan,Tony,Medium,10640.29,79.065,0.42518577971089133
10165,28,100.0,6,3337.6,10/22/2003 0:00,Shipped,4,10,2003,Classic Cars,143,S18_4027,"Dragon Souveniers, Ltd.",+65 221 7555,"Bronz Sok., Bronz Apt. 3/6 Tesvikiye",Singapore,79903,Singapore,Japan,Natividad,Eric,Medium,77809.37,85.15388888888889,0.042894576835669024
10176,36,100.0,5,5532.12,11/6/2003 0:00,Shipped,4,11,2003,Classic Cars,143,S18_4027,L'ordine Souveniers,0522-556555,Strada Provinciale 124,Reggio Emilia,42100,Italy,EMEA,Moroni,Maurizio,Medium,44669.74,89.72200000000001,0.12384491156653252
10185,39,100.0,16,5096.91,11/14/2003 0:00,Shipped,4,11,2003,Classic Cars,143,S18_4027,Mini Creations Ltd.,5085559555,4575 Hillside Dr.,New Bedford,50553,USA,EMEA,Tam,Wing C,Medium,52191.44,83.18625,0.09765796843313769
10196,27,100.0,8,4537.08,11/26/2003 0:00,Shipped,4,11,2003,Classic Cars,143,S18_4027,Super Scale Inc.,2035559545,567 North Pendale Street,New Haven,97823,USA,EMEA,Murphy,Leslie,Medium,42498.76,94.56125,0.10675793834926006
10207,40,100.0,1,6146.8,12/9/2003 0:00,Shipped,4,12,2003,Classic Cars,143,S18_4027,Diecast Collectables,6175552555,6251 Ingle Ln.,Boston,51003,USA,EMEA,Franco,Valarie,Medium,63730.78,83.64875,0.0964494707267038
10220,50,100.0,5,8258.0,2/12/2004 0:00,Shipped,1,2,2004,Classic Cars,143,S18_4027,"Clover Collections, Co.",+353 1862 1555,25 Maiden Lane,Dublin,2,Ireland,EMEA,Cassidy,Dean,Large,38784.47,86.38111111111111,0.21292027453256418
10230,42,100.0,3,7238.28,3/15/2004 0:00,Shipped,1,3,2004,Classic Cars,143,S18_4027,"Blauer See Auto, Co.",+49 69 66 90 2555,Lyonerstr. 34,Frankfurt,60528,Germany,EMEA,Keitel,Roland,Large,37266.49,83.42125,0.19423025887332024
10247,48,100.0,5,6756.0,5/5/2004 0:00,Shipped,2,5,2004,Classic Cars,143,S18_4027,Suominen Souveniers,+358 9 8045 555,"Software Engineering Center, SEC Oy",Espoo,FIN-02271,Finland,EMEA,Suominen,Kalle,Medium,31018.23,85.59333333333332,0.21780739906822535
10272,25,100.0,5,3734.0,7/20/2004 0:00,Shipped,3,7,2004,Classic Cars,143,S18_4027,Diecast Classics Inc.,2155551555,7586 Pompton St.,Allentown,70267,USA,EMEA,Yu,Kyung,Medium,27149.26,86.90833333333335,0.13753597703952153
10282,31,100.0,8,4674.8,8/20/2004 0:00,Shipped,3,8,2004,Classic Cars,143,S18_4027,Mini Gifts Distributors Ltd.,4155551450,5677 Strong St.,San Rafael,97562,USA,EMEA,Nelson,Valarie,Medium,52807.15,89.22,0.08852589090681849
10292,44,100.0,2,7140.76,9/8/2004 0:00,Shipped,3,9,2004,Classic Cars,143,S18_4027,Land of Toys Inc.,2125557818,897 Long Airport Avenue,NYC,10022,USA,EMEA,Yu,Kwai,Large,39775.74,79.42833333333333,0.17952550977052847
10306,23,100.0,16,3600.65,10/14/2004 0:00,Shipped,4,10,2004,Classic Cars,143,S18_4027,"AV Stores, Co.",(171) 555-1555,Fauntleroy Circus,Manchester,EC2 5NT,UK,EMEA,Ashworth,Victoria,Medium,57827.61,85.14999999999999,0.06226523973582861
10314,29,100.0,8,4206.74,10/22/2004 0:00,Shipped,4,10,2004,Classic Cars,143,S18_4027,Heintze Collectables,86 21 3555,Smagsloget 45,Aaarhus,8200,Denmark,EMEA,Ibsen,Palle,Medium,60273.94,86.30199999999999,0.06979367866112618
10324,49,100.0,13,5379.71,11/5/2004 0:00,Shipped,4,11,2004,Classic Cars,143,S18_4027,Vitachrome Inc.,2125551500,2678 Kingston Rd.,NYC,10022,USA,EMEA,Frick,Michael,Medium,56372.87,86.96642857142857,0.09543083401643379
10337,36,100.0,3,5679.36,11/21/2004 0:00,Shipped,4,11,2004,Classic Cars,143,S18_4027,Classic Legends Inc.,2125558493,5905 Pompton St.,NYC,10022,USA,EMEA,Hernandez,Maria,Medium,27733.04,83.19444444444444,0.2047867813986494
10349,34,100.0,5,4394.84,12/1/2004 0:00,Shipped,4,12,2004,Classic Cars,143,S18_4027,Muscle Machine Inc,2125557413,4092 Furth Circle,NYC,10022,USA,EMEA,Young,Jeff,Medium,41706.52,83.106,0.10537537056556147
10358,25,100.0,13,2528.25,12/10/2004 0:00,Shipped,4,12,2004,Classic Cars,143,S18_4027,Euro Shopping Channel,(91) 555 94 44,"C/ Moralzarzal, 86",Madrid,28034,Spain,EMEA,Freyre,Diego,Small,51435.45,85.22214285714286,0.04915384234025366
10372,48,100.0,6,7031.52,1/26/2005 0:00,Shipped,1,1,2005,Classic Cars,143,S18_4027,"Tokyo Collectables, Ltd",+81 3 3584 0555,2-2-8 Roppongi,Minato-ku,106-0032,Japan,Japan,Shimamura,Akiko,Large,38191.39,92.24222222222221,0.1841127018419597
10383,38,100.0,1,5340.9,2/22/2005 0:00,Shipped,1,2,2005,Classic Cars,143,S18_4027,Euro Shopping Channel,(91) 555 94 44,"C/ Moralzarzal, 86",Madrid,28034,Spain,EMEA,Freyre,Diego,Medium,41249.74,81.16,0.12947717973495104
10394,37,100.0,1,6376.58,3/15/2005 0:00,Shipped,1,3,2005,Classic Cars,143,S18_4027,Euro Shopping Channel,(91) 555 94 44,"C/ Moralzarzal, 86",Madrid,28034,Spain,EMEA,Freyre,Diego,Medium,22353.86,73.17714285714285,0.2852563270951862
10413,49,100.0,5,6896.75,5/5/2005 0:00,Shipped,2,5,2005,Classic Cars,143,S18_4027,Gift Depot Inc.,2035552570,25593 South Bay Ln.,Bridgewater,97562,USA,EMEA,King,Julie,Medium,31648.47,85.59333333333332,0.21791732744110537
10100,22,86.51,4,1903.22,1/6/2003 0:00,Shipped,1,1,2003,Vintage Cars,92,S18_4409,Online Diecast Creations Co.,6035558647,2304 Long Airport Avenue,Nashua,62005,USA,EMEA,Young,Valarie,Small,12133.25,72.195,0.15685986854305317
10110,28,89.27,8,2499.56,3/18/2003 0:00,Shipped,1,3,2003,Vintage Cars,92,S18_4409,"AV Stores, Co.",(171) 555-1555,Fauntleroy Circus,Manchester,EC2 5NT,UK,EMEA,Ashworth,Victoria,Small,51017.92,75.720625,0.04899376532794751
10124,36,85.59,7,3081.24,5/21/2003 0:00,Shipped,2,5,2003,Vintage Cars,92,S18_4409,Signal Gift Stores,7025551838,8489 Strong St.,Las Vegas,83030,USA,EMEA,King,Sue,Medium,33847.62,72.39307692307692,0.09103269299288988
10148,34,100.0,1,3598.22,9/11/2003 0:00,Shipped,3,9,2003,Vintage Cars,92,S18_4409,"Anna's Decorations, Ltd",02 9936 8555,201 Miller Street,North Sydney,2060,Australia,APAC,O'Hara,Anna,Medium,47191.76,88.97,0.076246785455766
10162,39,100.0,10,3912.09,10/18/2003 0:00,Shipped,4,10,2003,Vintage Cars,92,S18_4409,Corporate Gift Ideas Co.,6505551386,7734 Strong St.,San Francisco,28034,USA,EMEA,Brown,Julie,Medium,33180.59,71.476,0.11790296676460547
10173,21,75.46,14,1584.66,11/5/2003 0:00,Shipped,4,11,2003,Vintage Cars,92,S18_4409,Rovelli Gifts,035-640555,Via Ludovico il Moro 22,Bergamo,24100,Italy,EMEA,Rovelli,Giovanni,Small,40077.71,74.569375,0.0395396842783682
10182,36,100.0,11,3942.72,11/12/2003 0:00,Shipped,4,11,2003,Vintage Cars,92,S18_4409,Mini Gifts Distributors Ltd.,4155551450,5677 Strong St.,San Rafael,97562,USA,EMEA,Nelson,Valarie,Medium,50360.89,77.46529411764706,0.07828932332212556
10193,24,97.55,15,2341.2,11/21/2003 0:00,Shipped,4,11,2003,Vintage Cars,92,S18_4409,"Australian Collectables, Ltd",61-9-3844-6555,7 Allen Street,Glen Waverly,3150,Australia,APAC,Connery,Sean,Small,37878.55,76.986875,0.061808068154668
10204,29,85.59,5,2482.11,12/2/2003 0:00,Shipped,4,12,2003,Vintage Cars,92,S18_4409,Muscle Machine Inc,2125557413,4092 Furth Circle,NYC,10022,USA,EMEA,Young,Jeff,Small,64316.090000000004,85.04470588235294,0.038592364678885174
10213,38,94.79,1,3602.02,1/22/2004 0:00,Shipped,1,1,2004,Vintage Cars,92,S18_4409,"Double Decker Gift Stores, Ltd",(171) 555-7555,120 Hanover Sq.,London,WA1 1DP,UK,EMEA,Hardy,Thomas,Medium,8477.22,92.72666666666667,0.42490580638464026
10227,34,100.0,11,3566.94,3/2/2004 0:00,Shipped,1,3,2004,Vintage Cars,92,S18_4409,"Saveley & Henriot, Co.",78.32.5555,"2, rue du Commerce",Lyon,69004,France,EMEA,Saveley,Mary,Medium,46802.270000000004,76.42333333333333,0.07621297001192463
10241,42,90.19,3,3787.98,4/13/2004 0:00,Shipped,2,4,2004,Vintage Cars,92,S18_4409,Mini Caravy,88.60.1555,"24, place Kluber",Strasbourg,67000,France,EMEA,Citeaux,Frederique,Medium,39341.229999999996,83.97666666666667,0.0962852457841303
10280,35,100.0,17,3704.05,8/17/2004 0:00,Shipped,3,8,2004,Vintage Cars,92,S18_4409,Amica Models & Co.,011-4988555,Via Monte Bianco 34,Torino,10100,Italy,EMEA,Accorti,Paolo,Medium,56078.26,81.5564705882353,0.06605144310825621
10288,35,80.99,6,2834.65,9/1/2004 0:00,Shipped,3,9,2004,Vintage Cars,92,S18_4409,Handji Gifts& Co,+65 224 1555,Village Close - 106 Linden Road Sandown,Singapore,69045,Singapore,APAC,Victorino,Wendy,Small,42902.84,75.91142857142857,0.06607138361935948
10302,38,89.27,2,3392.26,10/6/2003 0:00,Shipped,4,10,2003,Vintage Cars,92,S18_4409,"UK Collectables, Ltd.",(171) 555-2282,Berkeley Gardens 12  Brewery,Liverpool,WX1 6LT,UK,EMEA,Devon,Elizabeth,Medium,26797.21,89.40833333333335,0.12659004426207057
10311,41,81.91,1,3358.31,10/16/2004 0:00,Shipped,4,10,2004,Vintage Cars,92,S18_4409,Euro Shopping Channel,(91) 555 94 44,"C/ Moralzarzal, 86",Madrid,28034,Spain,EMEA,Freyre,Diego,Medium,34872.13,86.76181818181819,0.096303552435713
10332,50,100.0,2,7310.0,11/17/2004 0:00,Shipped,4,11,2004,Vintage Cars,92,S18_4409,"AV Stores, Co.",(171) 555-1555,Fauntleroy Circus,Manchester,EC2 5NT,UK,EMEA,Ashworth,Victoria,Large,48962.28,73.125,0.149298602924537
10344,21,100.0,4,2203.11,11/25/2004 0:00,Shipped,4,11,2004,Vintage Cars,92,S18_4409,Marseille Mini Autos,91.24.4555,"12, rue des Bouchers",Marseille,13008,France,EMEA,Lebihan,Laurence,Small,20136.86,73.57857142857142,0.109406829068683
10367,43,62.72,8,2696.96,1/12/2005 0:00,Resolved,1,1,2005,Vintage Cars,92,S18_4409,Toys4GrownUps.com,6265557265,78934 Hillside Dr.,Pasadena,90003,USA,EMEA,Young,Julie,Small,44273.36,74.21615384615384,0.06091609039837952
10380,32,100.0,1,3376.64,2/16/2005 0:00,Shipped,1,2,2005,Vintage Cars,92,S18_4409,Euro Shopping Channel,(91) 555 94 44,"C/ Moralzarzal, 86",Madrid,28034,Spain,EMEA,Freyre,Diego,Medium,38360.4,79.01,0.08802410819490933
10407,6,90.19,3,541.14,4/22/2005 0:00,On Hold,2,4,2005,Vintage Cars,92,S18_4409,The Sharp Gifts Warehouse,4085553659,3086 Ingle Ln.,San Jose,94217,USA,EMEA,Frick,Sue,Small,57883.09,83.97666666666667,0.009348844368882173
10420,66,92.95,6,6134.7,5/29/2005 0:00,In Process,2,5,2005,Vintage Cars,92,S18_4409,Souveniers And Things Co.,+61 2 9495 8555,"Monitor Money Building, 815 Pacific Hwy",Chatswood,2067,Australia,APAC,Huxley,Adrian,Medium,43971.43,77.13076923076923,0.13951559000924008
10105,41,82.5,10,3382.5,2/11/2003 0:00,Shipped,1,2,2003,Vintage Cars,87,S18_4522,Danish Wholesale Imports,31 12 3555,Vinb'ltet 34,Kobenhavn,1734,Denmark,EMEA,Petersen,Jytte,Medium,58871.11,85.284,0.05745602554461773
10117,23,97.42,4,2240.66,4/16/2003 0:00,Shipped,2,4,2003,Vintage Cars,87,S18_4522,"Dragon Souveniers, Ltd.",+65 221 7555,"Bronz Sok., Bronz Apt. 3/6 Tesvikiye",Singapore,79903,Singapore,Japan,Natividad,Eric,Small,43657.47,87.43416666666667,0.05132363373324198
10128,43,92.16,1,3962.88,6/6/2003 0:00,Shipped,2,6,2003,Vintage Cars,87,S18_4522,Euro Shopping Channel,(91) 555 94 44,"C/ Moralzarzal, 86",Madrid,28034,Spain,EMEA,Freyre,Diego,Medium,17448.08,97.28999999999999,0.22712413056336284
10142,24,70.22,7,1685.28,8/8/2003 0:00,Shipped,3,8,2003,Vintage Cars,87,S18_4522,Mini Gifts Distributors Ltd.,4155551450,5677 Strong St.,San Rafael,97562,USA,EMEA,Nelson,Valarie,Small,63088.16,85.518125,0.026713094818425515
10153,22,83.38,6,1834.36,9/28/2003 0:00,Shipped,3,9,2003,Vintage Cars,87,S18_4522,Euro Shopping Channel,(91) 555 94 44,"C/ Moralzarzal, 86",Madrid,28034,Spain,EMEA,Freyre,Diego,Small,47727.82,86.91461538461539,0.03843376881659376
10166,26,73.73,1,1916.98,10/21/2003 0:00,Shipped,4,10,2003,Vintage Cars,87,S18_4522,FunGiftIdeas.com,5085552555,1785 First Street,New Bedford,50553,USA,EMEA,Benitez,Violeta,Small,11861.689999999999,91.24333333333334,0.16161103518975797
10177,35,74.6,8,2611.0,11/7/2003 0:00,Shipped,4,11,2003,Vintage Cars,87,S18_4522,CAF Imports,+34 913 728 555,"Merchants House, 27-30 Merchant's Quay",Madrid,28023,Spain,EMEA,Fernandez,Jesus,Small,34311.35,84.59363636363636,0.07609726810516054
10185,47,77.24,8,3630.28,11/14/2003 0:00,Shipped,4,11,2003,Vintage Cars,87,S18_4522,Mini Creations Ltd.,5085559555,4575 Hillside Dr.,New Bedford,50553,USA,EMEA,Tam,Wing C,Medium,52191.44,83.18625,0.06955700015174902
10197,50,100.0,14,5090.5,11/26/2003 0:00,Shipped,4,11,2003,Vintage Cars,87,S18_4522,Enaco Distributors,(93) 203 4555,"Rambla de CataluÂ¤a, 23",Barcelona,8022,Spain,EMEA,Saavedra,Eduardo,Medium,44009.31,83.48214285714286,0.11566870737123577
10208,45,87.77,8,3949.65,1/2/2004 0:00,Shipped,1,1,2004,Vintage Cars,87,S18_4522,"Saveley & Henriot, Co.",78.32.5555,"2, rue du Commerce",Lyon,69004,France,EMEA,Saveley,Mary,Medium,54536.87,88.116,0.07242164796036149
10221,39,89.53,2,3491.67,2/18/2004 0:00,Shipped,1,2,2004,Vintage Cars,87,S18_4522,Petit Auto,(02) 5554 67,Rue Joseph-Bens 532,Bruxelles,B-1180,Belgium,EMEA,Dewey,Catherine,Medium,18800.09,93.44,0.1857262385446027
10232,23,89.53,5,2059.19,3/20/2004 0:00,Shipped,1,3,2004,Vintage Cars,87,S18_4522,giftsbymail.co.uk,(198) 555-8888,Garden House Crowther Way,Cowes,PO31 7PJ,UK,EMEA,Bennett,Helen,Small,26906.68,87.74375,0.07653080944954933
10248,42,75.48,11,3170.16,5/7/2004 0:00,Cancelled,2,5,2004,Vintage Cars,87,S18_4522,Land of Toys Inc.,2125557818,897 Long Airport Avenue,NYC,10022,USA,EMEA,Yu,Kwai,Medium,45357.659999999996,87.77785714285714,0.06989249445407898
10261,20,89.53,9,1790.6,6/17/2004 0:00,Shipped,2,6,2004,Vintage Cars,87,S18_4522,Quebec Home Shopping Network,(514) 555-8054,43 rue St. Laurent,Montreal,H1J 1C3,Canada,EMEA,Fresnisre,Jean,Small,24564.53,81.30333333333334,0.07289372114996705
10273,33,71.09,12,2345.97,7/21/2004 0:00,Shipped,3,7,2004,Vintage Cars,87,S18_4522,Petit Auto,(02) 5554 67,Rue Joseph-Bens 532,Bruxelles,B-1180,Belgium,EMEA,Dewey,Catherine,Small,47760.479999999996,86.49533333333333,0.049119481211244105
10283,34,100.0,14,3580.88,8/20/2004 0:00,Shipped,3,8,2004,Vintage Cars,87,S18_4522,"Royal Canadian Collectables, Ltd.",(604) 555-4555,23 Tsawassen Blvd.,Tsawassen,T2F 8M4,Canada,EMEA,Lincoln,Elizabeth,Medium,43332.35,84.92857142857143,0.08263756754480199
10293,49,100.0,3,4946.06,9/9/2004 0:00,Shipped,3,9,2004,Vintage Cars,87,S18_4522,Amica Models & Co.,011-4988555,Via Monte Bianco 34,Torino,10100,Italy,EMEA,Accorti,Paolo,Medium,38039.0,92.4388888888889,0.13002602592076554
10306,39,90.4,8,3525.6,10/14/2004 0:00,Shipped,4,10,2004,Vintage Cars,87,S18_4522,"AV Stores, Co.",(171) 555-1555,Fauntleroy Circus,Manchester,EC2 5NT,UK,EMEA,Ashworth,Victoria,Medium,57827.61,85.14999999999999,0.06096741677548147
10315,36,100.0,7,3602.16,10/29/2004 0:00,Shipped,4,10,2004,Vintage Cars,87,S18_4522,La Rochelle Gifts,40.67.8555,"67, rue des Cinquante Otages",Nantes,44000,France,EMEA,Labrune,Janine,Medium,20719.91,83.13571428571429,0.17385017599014668
10326,50,86.01,5,4300.5,11/9/2004 0:00,Shipped,4,11,2004,Vintage Cars,87,S18_4522,"Volvo Model Replicas, Co",0921-12 3555,BerguvsvÂgen  8,Lule,S-958 22,Sweden,EMEA,Berglund,Christina,Medium,20146.32,87.35166666666667,0.21346330247906317
10337,29,100.0,2,4498.19,11/21/2004 0:00,Shipped,4,11,2004,Vintage Cars,87,S18_4522,Classic Legends Inc.,2125558493,5905 Pompton St.,NYC,10022,USA,EMEA,Hernandez,Maria,Medium,27733.04,83.19444444444444,0.16219606649685717
10350,30,100.0,3,3023.1,12/2/2004 0:00,Shipped,4,12,2004,Vintage Cars,87,S18_4522,Euro Shopping Channel,(91) 555 94 44,"C/ Moralzarzal, 86",Madrid,28034,Spain,EMEA,Freyre,Diego,Medium,52269.17,84.99470588235295,0.05783715333532176
10372,41,86.89,7,3562.49,1/26/2005 0:00,Shipped,1,1,2005,Vintage Cars,87,S18_4522,"Tokyo Collectables, Ltd",+81 3 3584 0555,2-2-8 Roppongi,Minato-ku,106-0032,Japan,Japan,Shimamura,Akiko,Medium,38191.39,92.24222222222221,0.09327992513495842
10383,28,58.58,7,1640.24,2/22/2005 0:00,Shipped,1,2,2005,Vintage Cars,87,S18_4522,Euro Shopping Channel,(91) 555 94 44,"C/ Moralzarzal, 86",Madrid,28034,Spain,EMEA,Freyre,Diego,Small,41249.74,81.16,0.03976364457085063
10396,45,100.0,5,4739.4,3/23/2005 0:00,Shipped,1,3,2005,Vintage Cars,87,S18_4522,Mini Gifts Distributors Ltd.,4155551450,5677 Strong St.,San Rafael,97562,USA,EMEA,Nelson,Valarie,Medium,32194.79,91.27375,0.1472101541895443
10414,16,75.48,11,1207.68,5/6/2005 0:00,On Hold,2,5,2005,Vintage Cars,87,S18_4522,Gifts4AllAges.com,6175559555,8616 Spinnaker Dr.,Boston,51003,USA,EMEA,Yoshido,Juri,Small,48316.89,87.77785714285714,0.024994986225313758
10103,36,100.0,5,4228.2,1/29/2003 0:00,Shipped,1,1,2003,Trucks and Buses,121,S18_4600,Baane Mini Imports,07-98 9555,Erling Skakkes gate 78,Stavern,4110,Norway,EMEA,Bergulfsen,Jonas,Medium,54702.0,88.59625,0.07729516288252715
10114,41,100.0,9,4815.45,4/1/2003 0:00,Shipped,2,4,2003,Trucks and Buses,121,S18_4600,"La Corne D'abondance, Co.",(1) 42.34.2555,"265, boulevard Charonne",Paris,75012,France,EMEA,Bertrand,Marie,Medium,38217.41,85.446,0.12600147419723104
10126,50,100.0,5,7083.0,5/28/2003 0:00,Shipped,2,5,2003,Trucks and Buses,121,S18_4600,"Corrida Auto Replicas, Ltd",(91) 555 22 82,"C/ Araquil, 67",Madrid,28023,Spain,EMEA,Sommer,MartÂ¡n,Large,61073.21,86.85000000000001,0.11597556440868263
10140,40,100.0,5,4601.2,7/24/2003 0:00,Shipped,3,7,2003,Trucks and Buses,121,S18_4600,Technics Stores Inc.,6505556809,9408 Furth Circle,Burlingame,94217,USA,EMEA,Hirano,Juri,Medium,42031.83,87.82,0.10946941877144059
10150,49,100.0,2,6467.02,9/19/2003 0:00,Shipped,3,9,2003,Trucks and Buses,121,S18_4600,"Dragon Souveniers, Ltd.",+65 221 7555,"Bronz Sok., Bronz Apt. 3/6 Tesvikiye",Singapore,79903,Singapore,Japan,Natividad,Eric,Medium,44219.36,85.64454545454545,0.14624861146791812
10164,45,100.0,3,5012.55,10/21/2003 0:00,Resolved,4,10,2003,Trucks and Buses,121,S18_4600,Mini Auto Werke,7675-3555,Kirchgasse 6,Graz,8010,Austria,EMEA,Mendel,Roland,Medium,28550.59,86.23375,0.1755673000102625
10175,47,100.0,10,5121.59,11/6/2003 0:00,Shipped,4,11,2003,Trucks and Buses,121,S18_4600,"Stylish Desk Decors, Co.",(171) 555-0297,35 King George,London,WX3 6FW,UK,EMEA,Brown,Ann,Medium,42688.31,85.38916666666667,0.11997640571856792
10183,21,100.0,2,2441.04,11/13/2003 0:00,Shipped,4,11,2003,Trucks and Buses,121,S18_4600,"Classic Gift Ideas, Inc",2155554695,782 First Street,Philadelphia,71270,USA,EMEA,Cervantes,Francisca,Small,40061.659999999996,87.91666666666667,0.060932073209148105
10194,32,100.0,5,4262.08,11/25/2003 0:00,Shipped,4,11,2003,Trucks and Buses,121,S18_4600,"Saveley & Henriot, Co.",78.32.5555,"2, rue du Commerce",Lyon,69004,France,EMEA,Saveley,Mary,Medium,41535.11,86.34818181818183,0.10261390905188406
10207,47,100.0,16,6658.02,12/9/2003 0:00,Shipped,4,12,2003,Trucks and Buses,121,S18_4600,Diecast Collectables,6175552555,6251 Ingle Ln.,Boston,51003,USA,EMEA,Franco,Valarie,Medium,63730.78,83.64875,0.10447102640199916
10217,38,100.0,5,4509.08,2/4/2004 0:00,Shipped,1,2,2004,Trucks and Buses,121,S18_4600,Handji Gifts& Co,+65 224 1555,Village Close - 106 Linden Road Sandown,Singapore,69045,Singapore,APAC,Victorino,Wendy,Medium,24219.59,87.34714285714286,0.1861749104753631
10229,41,100.0,10,4716.23,3/11/2004 0:00,Shipped,1,3,2004,Trucks and Buses,121,S18_4600,Mini Gifts Distributors Ltd.,4155551450,5677 Strong St.,San Rafael,97562,USA,EMEA,Nelson,Valarie,Medium,48922.77,82.845,0.09640153245615488
10245,21,100.0,3,2390.22,5/4/2004 0:00,Shipped,2,5,2004,Trucks and Buses,121,S18_4600,Super Scale Inc.,2035559545,567 North Pendale Street,New Haven,97823,USA,EMEA,Murphy,Leslie,Small,36973.31,92.11444444444444,0.06464717386677038
10259,41,100.0,13,4666.62,6/15/2004 0:00,Shipped,2,6,2004,Trucks and Buses,121,S18_4600,Handji Gifts& Co,+65 224 1555,Village Close - 106 Linden Road Sandown,Singapore,69045,Singapore,APAC,Victorino,Wendy,Medium,45788.72,81.47692307692309,0.10191636717514706
10270,38,100.0,3,5383.08,7/19/2004 0:00,Shipped,3,7,2004,Trucks and Buses,121,S18_4600,Souveniers And Things Co.,+61 2 9495 8555,"Monitor Money Building, 815 Pacific Hwy",Chatswood,2067,Australia,APAC,Huxley,Adrian,Medium,41297.14,89.86454545454545,0.13034994675176054
10281,25,99.29,10,2482.25,8/19/2004 0:00,Shipped,3,8,2004,Trucks and Buses,121,S18_4600,Diecast Classics Inc.,2155551555,7586 Pompton St.,Allentown,70267,USA,EMEA,Yu,Kyung,Small,44781.35,82.7942857142857,0.0554304414672626
10291,48,100.0,5,5288.64,9/8/2004 0:00,Shipped,3,9,2004,Trucks and Buses,121,S18_4600,Scandinavian Gift Ideas,0695-34 6555,?kergatan 24,Boras,S-844 67,Sweden,EMEA,Larsson,Maria,Medium,53941.69,86.83428571428571,0.09804364676004775
10305,22,99.29,14,2184.38,10/13/2004 0:00,Shipped,4,10,2004,Trucks and Buses,121,S18_4600,Marta's Replicas Co.,6175558555,39323 Spinnaker Dr.,Cambridge,51247,USA,EMEA,Hernandez,Marta,Small,54251.659999999996,85.99928571428572,0.0402638370881186
10313,28,100.0,8,2881.76,10/22/2004 0:00,Shipped,4,10,2004,Trucks and Buses,121,S18_4600,Canadian Gift Exchange Network,(604) 555-3392,1900 Oak St.,Vancouver,V3F 2K1,Canada,EMEA,Tannamuri,Yoshi,Small,36576.71,85.57545454545455,0.07878674708578219
10323,47,100.0,1,6203.06,11/5/2004 0:00,Shipped,4,11,2004,Trucks and Buses,121,S18_4600,"Blauer See Auto, Co.",+49 69 66 90 2555,Lyonerstr. 34,Frankfurt,60528,Germany,EMEA,Keitel,Roland,Medium,9214.970000000001,95.63499999999999,0.6731503195344097
10334,49,100.0,4,6763.47,11/19/2004 0:00,On Hold,4,11,2004,Trucks and Buses,121,S18_4600,"Volvo Model Replicas, Co",0921-12 3555,BerguvsvÂgen  8,Lule,S-958 22,Sweden,EMEA,Berglund,Christina,Medium,26260.21,93.56333333333333,0.2575558230493968
10347,45,100.0,4,5884.65,11/29/2004 0:00,Shipped,4,11,2004,Trucks and Buses,121,S18_4600,"Australian Collectors, Co.",03 9520 4555,636 St Kilda Road,Melbourne,3004,Australia,APAC,Ferguson,Peter,Medium,47442.91,89.45916666666666,0.12403644717408774
10357,28,100.0,2,3559.64,12/10/2004 0:00,Shipped,4,12,2004,Trucks and Buses,121,S18_4600,Mini Gifts Distributors Ltd.,4155551450,5677 Strong St.,San Rafael,97562,USA,EMEA,Nelson,Valarie,Medium,42152.11,91.77000000000001,0.0844474926640683
10370,29,57.53,6,1668.37,1/20/2005 0:00,Shipped,1,1,2005,Trucks and Buses,121,S18_4600,"Anna's Decorations, Ltd",02 9936 8555,201 Miller Street,North Sydney,2060,Australia,APAC,O'Hara,Anna,Small,29852.17,86.31888888888889,0.05588772943474461
10382,39,100.0,1,4890.6,2/17/2005 0:00,Shipped,1,2,2005,Trucks and Buses,121,S18_4600,Mini Gifts Distributors Ltd.,4155551450,5677 Strong St.,San Rafael,97562,USA,EMEA,Nelson,Valarie,Medium,55741.020000000004,92.67461538461538,0.08773789930647125
10411,46,100.0,3,5235.72,5/1/2005 0:00,Shipped,2,5,2005,Trucks and Buses,121,S18_4600,Quebec Home Shopping Network,(514) 555-8054,43 rue St. Laurent,Montreal,H1J 1C3,Canada,EMEA,Fresnisre,Jean,Medium,33692.97,92.11444444444444,0.15539502750870582
10425,38,100.0,13,4325.16,5/31/2005 0:00,In Process,2,5,2005,Trucks and Buses,121,S18_4600,La Rochelle Gifts,40.67.8555,"67, rue des Cinquante Otages",Nantes,44000,France,EMEA,Labrune,Janine,Medium,43784.69,81.47692307692309,0.09878247396521478
10103,41,47.29,9,1938.89,1/29/2003 0:00,Shipped,1,1,2003,Vintage Cars,50,S18_4668,Baane Mini Imports,07-98 9555,Erling Skakkes gate 78,Stavern,4110,Norway,EMEA,Bergulfsen,Jonas,Small,54702.0,88.59625,0.0354445906913824
10113,50,49.81,3,2490.5,3/26/2003 0:00,Shipped,1,3,2003,Vintage Cars,50,S18_4668,Mini Gifts Distributors Ltd.,4155551450,5677 Strong St.,San Rafael,97562,USA,EMEA,Nelson,Valarie,Small,12398.560000000001,79.5825,0.2008701010439922
10126,43,53.83,9,2314.69,5/28/2003 0:00,Shipped,2,5,2003,Vintage Cars,50,S18_4668,"Corrida Auto Replicas, Ltd",(91) 555 22 82,"C/ Araquil, 67",Madrid,28023,Spain,EMEA,Sommer,MartÂ¡n,Small,61073.21,86.85000000000001,0.0379002511903337
10140,29,43.27,9,1254.83,7/24/2003 0:00,Shipped,3,7,2003,Vintage Cars,50,S18_4668,Technics Stores Inc.,6505556809,9408 Furth Circle,Burlingame,94217,USA,EMEA,Hirano,Juri,Small,42031.83,87.82,0.029854279482953747
10150,30,42.76,6,1282.8,9/19/2003 0:00,Shipped,3,9,2003,Vintage Cars,50,S18_4668,"Dragon Souveniers, Ltd.",+65 221 7555,"Bronz Sok., Bronz Apt. 3/6 Tesvikiye",Singapore,79903,Singapore,Japan,Natividad,Eric,Small,44219.36,85.64454545454545,0.02900991782784735
10164,25,53.83,7,1345.75,10/21/2003 0:00,Resolved,4,10,2003,Vintage Cars,50,S18_4668,Mini Auto Werke,7675-3555,Kirchgasse 6,Graz,8010,Austria,EMEA,Mendel,Roland,Small,28550.59,86.23375,0.04713562837055206
10174,49,44.78,2,2194.22,11/6/2003 0:00,Shipped,4,11,2003,Vintage Cars,50,S18_4668,"Australian Gift Network, Co",61-7-3844-6555,31 Duncan St. West End,South Brisbane,4101,Australia,APAC,Calaghan,Tony,Small,27098.8,87.624,0.08097111311201971
10183,40,49.3,6,1972.0,11/13/2003 0:00,Shipped,4,11,2003,Vintage Cars,50,S18_4668,"Classic Gift Ideas, Inc",2155554695,782 First Street,Philadelphia,71270,USA,EMEA,Cervantes,Francisca,Small,40061.659999999996,87.91666666666667,0.049224121017451605
10194,41,44.78,9,1835.98,11/25/2003 0:00,Shipped,4,11,2003,Vintage Cars,50,S18_4668,"Saveley & Henriot, Co.",78.32.5555,"2, rue du Commerce",Lyon,69004,France,EMEA,Saveley,Mary,Small,41535.11,86.34818181818183,0.04420308505262174
10206,21,53.33,4,1119.93,12/5/2003 0:00,Shipped,4,12,2003,Vintage Cars,50,S18_4668,Canadian Gift Exchange Network,(604) 555-3392,1900 Oak St.,Vancouver,V3F 2K1,Canada,EMEA,Tannamuri,Yoshi,Small,38662.21,86.77,0.028967045598272838
10215,46,45.28,1,2082.88,1/29/2004 0:00,Shipped,1,1,2004,Vintage Cars,50,S18_4668,West Coast Collectables Co.,3105553722,3675 Furth Circle,Burbank,94019,USA,EMEA,Thompson,Steve,Small,37850.08,82.707,0.0550297383783601
10229,39,40.25,14,1569.75,3/11/2004 0:00,Shipped,1,3,2004,Vintage Cars,50,S18_4668,Mini Gifts Distributors Ltd.,4155551450,5677 Strong St.,San Rafael,97562,USA,EMEA,Nelson,Valarie,Small,48922.77,82.845,0.032086286201701175
10245,45,59.87,7,2694.15,5/4/2004 0:00,Shipped,2,5,2004,Vintage Cars,50,S18_4668,Super Scale Inc.,2035559545,567 North Pendale Street,New Haven,97823,USA,EMEA,Murphy,Leslie,Small,36973.31,92.11444444444444,0.07286742788243737
10258,21,59.87,4,1257.27,6/15/2004 0:00,Shipped,2,6,2004,Vintage Cars,50,S18_4668,"Tokyo Collectables, Ltd",+81 3 3584 0555,2-2-8 Roppongi,Minato-ku,106-0032,Japan,Japan,Shimamura,Akiko,Small,25928.75,83.7,0.04848941811695512
10270,44,58.36,7,2567.84,7/19/2004 0:00,Shipped,3,7,2004,Vintage Cars,50,S18_4668,Souveniers And Things Co.,+61 2 9495 8555,"Monitor Money Building, 815 Pacific Hwy",Chatswood,2067,Australia,APAC,Huxley,Adrian,Small,41297.14,89.86454545454545,0.062179608563692305
10281,44,59.87,14,2634.28,8/19/2004 0:00,Shipped,3,8,2004,Vintage Cars,50,S18_4668,Diecast Classics Inc.,2155551555,7586 Pompton St.,Allentown,70267,USA,EMEA,Yu,Kyung,Small,44781.35,82.7942857142857,0.05882538154834547
10291,29,51.82,9,1502.78,9/8/2004 0:00,Shipped,3,9,2004,Vintage Cars,50,S18_4668,Scandinavian Gift Ideas,0695-34 6555,?kergatan 24,Boras,S-844 67,Sweden,EMEA,Larsson,Maria,Small,53941.69,86.83428571428571,0.02785934218968668
10304,34,49.3,4,1676.2,10/11/2004 0:00,Shipped,4,10,2004,Vintage Cars,50,S18_4668,Auto Assoc. & Cie.,30.59.8555,"67, avenue de l'Europe",Versailles,78000,France,EMEA,Tonini,Daniel,Small,59074.9,81.46235294117646,0.028374148750146003
10312,39,56.85,1,2217.15,10/21/2004 0:00,Shipped,4,10,2004,Vintage Cars,50,S18_4668,Mini Gifts Distributors Ltd.,4155551450,5677 Strong St.,San Rafael,97562,USA,EMEA,Nelson,Valarie,Small,63075.08,76.92764705882352,0.03515096611847341
10324,38,100.0,6,6832.02,11/5/2004 0:00,Shipped,4,11,2004,Vintage Cars,50,S18_4668,Vitachrome Inc.,2125551500,2678 Kingston Rd.,NYC,10022,USA,EMEA,Frick,Michael,Medium,56372.87,86.96642857142857,0.12119340384834053
10333,24,79.86,8,1916.64,11/18/2004 0:00,Shipped,4,11,2004,Vintage Cars,50,S18_4668,Mini Wheels Co.,6505555787,5557 North Pendale Street,San Francisco,28034,USA,EMEA,Murphy,Julie,Small,30348.72,85.3975,0.06315389907712747
10348,29,100.0,6,7110.8,11/1/2004 0:00,Shipped,4,11,2004,Vintage Cars,50,S18_4668,"Corrida Auto Replicas, Ltd",(91) 555 22 82,"C/ Araquil, 67",Madrid,28023,Spain,EMEA,Sommer,MartÂ¡n,Large,34546.6,85.6875,0.2058321224085728
10358,30,100.0,8,5302.8,12/10/2004 0:00,Shipped,4,12,2004,Vintage Cars,50,S18_4668,Euro Shopping Channel,(91) 555 94 44,"C/ Moralzarzal, 86",Madrid,28034,Spain,EMEA,Freyre,Diego,Medium,51435.45,85.22214285714286,0.10309621088179458
10370,20,100.0,2,2730.0,1/20/2005 0:00,Shipped,1,1,2005,Vintage Cars,50,S18_4668,"Anna's Decorations, Ltd",02 9936 8555,201 Miller Street,North Sydney,2060,Australia,APAC,O'Hara,Anna,Small,29852.17,86.31888888888889,0.0914506382618081
10382,39,100.0,2,7827.3,2/17/2005 0:00,Shipped,1,2,2005,Vintage Cars,50,S18_4668,Mini Gifts Distributors Ltd.,4155551450,5677 Strong St.,San Rafael,97562,USA,EMEA,Nelson,Valarie,Large,55741.020000000004,92.67461538461538,0.1404226187464815
10411,35,59.87,7,2095.45,5/1/2005 0:00,Shipped,2,5,2005,Vintage Cars,50,S18_4668,Quebec Home Shopping Network,(514) 555-8054,43 rue St. Laurent,Montreal,H1J 1C3,Canada,EMEA,Fresnisre,Jean,Small,33692.97,92.11444444444444,0.062192498910010004
10424,26,59.87,4,1556.62,5/31/2005 0:00,In Process,2,5,2005,Vintage Cars,50,S18_4668,Euro Shopping Channel,(91) 555 94 44,"C/ Moralzarzal, 86",Madrid,28034,Spain,EMEA,Freyre,Diego,Small,35133.34,83.7,0.044306063699039146
10108,44,100.0,11,5565.12,3/3/2003 0:00,Shipped,1,3,2003,Classic Cars,148,S18_4721,Cruz & Sons Co.,+63 2 555 3587,15 McCallum Street - NatWest Center #13-03,Makati City,1227 MM,Philippines,Japan,Cruz,Arnold,Medium,55245.020000000004,82.81125,0.1007352336916522
10122,28,100.0,15,3583.16,5/8/2003 0:00,Shipped,2,5,2003,Classic Cars,148,S18_4721,Marseille Mini Autos,91.24.4555,"12, rue des Bouchers",Marseille,13008,France,EMEA,Lebihan,Laurence,Medium,52481.840000000004,79.76,0.06827428306629492
10135,31,100.0,12,4705.18,7/2/2003 0:00,Shipped,3,7,2003,Classic Cars,148,S18_4721,Mini Gifts Distributors Ltd.,4155551450,5677 Strong St.,San Rafael,97562,USA,EMEA,Nelson,Valarie,Medium,59280.51,79.85588235294118,0.07937144940217282
10146,29,100.0,1,4444.54,9/3/2003 0:00,Shipped,3,9,2003,Classic Cars,148,S18_4721,Gift Ideas Corp.,2035554407,2440 Pompton St.,Glendale,97561,USA,EMEA,Lewis,Dan,Medium,7600.12,83.57,0.5847986610737725
10159,32,100.0,7,4618.88,10/10/2003 0:00,Shipped,4,10,2003,Classic Cars,148,S18_4721,Corporate Gift Ideas Co.,6505551386,7734 Strong St.,San Francisco,28034,USA,EMEA,Brown,Julie,Medium,62498.29,83.05611111111111,0.07390410201623117
10169,33,100.0,7,4910.4,11/4/2003 0:00,Shipped,4,11,2003,Classic Cars,148,S18_4721,"Anna's Decorations, Ltd",02 9936 8555,201 Miller Street,North Sydney,2060,Australia,APAC,O'Hara,Anna,Medium,41791.95,80.17461538461538,0.11749631208881137
10180,44,100.0,2,5565.12,11/11/2003 0:00,Shipped,4,11,2003,Classic Cars,148,S18_4721,Daedalus Designs Imports,20.16.1555,"184, chausse de Tournai",Lille,59000,France,EMEA,Rance,Martine,Medium,48874.28,82.245,0.11386602523863268
10191,32,100.0,8,4237.76,11/20/2003 0:00,Shipped,4,11,2003,Classic Cars,148,S18_4721,"Toms Spezialitten, Ltd",0221-5554327,Mehrheimerstr. 369,Koln,50739,Germany,EMEA,Pfalzheim,Henriette,Medium,31363.18,84.28444444444443,0.13511895158590423
10211,41,100.0,7,5673.58,1/15/2004 0:00,Shipped,1,1,2004,Classic Cars,148,S18_4721,Auto Canal Petit,(1) 47.55.6555,"25, rue Lauriston",Paris,75016,France,EMEA,Perrier,Dominique,Medium,51172.65,82.83133333333333,0.11087133458986392
10225,35,100.0,14,5260.15,2/22/2004 0:00,Shipped,1,2,2004,Classic Cars,148,S18_4721,"Vida Sport, Ltd",0897-034555,Grenzacherweg 237,Gensve,1203,Switzerland,EMEA,Holz,Michael,Medium,50432.549999999996,85.34071428571428,0.10430069469023479
10238,44,100.0,8,6350.96,4/9/2004 0:00,Shipped,2,4,2004,Classic Cars,148,S18_4721,Danish Wholesale Imports,31 12 3555,Vinb'ltet 34,Kobenhavn,1734,Denmark,EMEA,Petersen,Jytte,Medium,31329.56,87.95,0.2027146247824738
10252,26,100.0,4,3559.4,5/26/2004 0:00,Shipped,2,5,2004,Classic Cars,148,S18_4721,Auto Canal Petit,(1) 47.55.6555,"25, rue Lauriston",Paris,75016,France,EMEA,Perrier,Dominique,Medium,27931.21,78.11444444444444,0.12743450784982105
10264,20,100.0,2,2410.6,6/30/2004 0:00,Shipped,2,6,2004,Classic Cars,148,S18_4721,Gifts4AllAges.com,6175559555,8616 Spinnaker Dr.,Boston,51003,USA,EMEA,Yoshido,Juri,Small,19548.35,74.73428571428572,0.12331475546529502
10276,48,100.0,8,5713.92,8/2/2004 0:00,Shipped,3,8,2004,Classic Cars,148,S18_4721,Online Mini Collectables,6175557555,7635 Spinnaker Dr.,Brickhaven,58339,USA,EMEA,Barajas,Miguel,Medium,52505.36,80.24285714285715,0.10882546086723337
10287,34,100.0,17,4300.32,8/30/2004 0:00,Shipped,3,8,2004,Classic Cars,148,S18_4721,"Vida Sport, Ltd",0897-034555,Grenzacherweg 237,Gensve,1203,Switzerland,EMEA,Holz,Michael,Medium,67281.01,89.31294117647059,0.06391580625796195
10299,49,100.0,2,7947.31,9/30/2004 0:00,Shipped,3,9,2004,Classic Cars,148,S18_4721,"Toys of Finland, Co.",90-224 8555,Keskuskatu 45,Helsinki,21240,Finland,EMEA,Karttunen,Matti,Large,42744.06,84.18818181818182,0.18592782248574424
10310,40,100.0,15,5356.8,10/16/2004 0:00,Shipped,4,10,2004,Classic Cars,148,S18_4721,"Toms Spezialitten, Ltd",0221-5554327,Mehrheimerstr. 369,Koln,50739,Germany,EMEA,Pfalzheim,Henriette,Medium,68943.4,85.85235294117648,0.07769851791469526
10319,45,100.0,3,7901.1,11/3/2004 0:00,Shipped,4,11,2004,Classic Cars,148,S18_4721,Microscale Inc.,2125551957,5290 North Pendale Street,NYC,10022,USA,EMEA,Kuo,Kee,Large,31446.15,79.55222222222223,0.251258103138222
10330,50,100.0,4,6101.0,11/16/2004 0:00,Shipped,4,11,2004,Classic Cars,148,S18_4721,Cruz & Sons Co.,+63 2 555 3587,15 McCallum Street - NatWest Center #13-03,Makati City,1227 MM,Philippines,Japan,Cruz,Arnold,Medium,15928.75,87.66499999999999,0.38301812759946635
10342,38,100.0,11,6276.46,11/24/2004 0:00,Shipped,4,11,2004,Classic Cars,148,S18_4721,"Australian Collectors, Co.",03 9520 4555,636 St Kilda Road,Melbourne,3004,Australia,APAC,Ferguson,Peter,Medium,43779.09,80.99909090909091,0.14336661634584
10355,25,100.0,2,4203.5,12/7/2004 0:00,Shipped,4,12,2004,Classic Cars,148,S18_4721,Euro Shopping Channel,(91) 555 94 44,"C/ Moralzarzal, 86",Madrid,28034,Spain,EMEA,Freyre,Diego,Medium,29884.13,76.03099999999999,0.1406599422502847
10363,28,58.18,13,1629.04,1/6/2005 0:00,Shipped,1,1,2005,Classic Cars,148,S18_4721,Suominen Souveniers,+358 9 8045 555,"Software Engineering Center, SEC Oy",Espoo,FIN-02271,Finland,EMEA,Suominen,Kalle,Small,51373.49,87.70666666666666,0.03170973978991889
10378,49,67.14,8,3289.86,2/10/2005 0:00,Shipped,1,2,2005,Classic Cars,148,S18_4721,Euro Shopping Channel,(91) 555 94 44,"C/ Moralzarzal, 86",Madrid,28034,Spain,EMEA,Freyre,Diego,Medium,33680.5,78.354,0.09767847864491323
10390,49,100.0,3,6862.94,3/4/2005 0:00,Shipped,1,3,2005,Classic Cars,148,S18_4721,Mini Gifts Distributors Ltd.,4155551450,5677 Strong St.,San Rafael,97562,USA,EMEA,Nelson,Valarie,Medium,61133.28,81.740625,0.11226192999950273
10110,42,61.29,9,2574.18,3/18/2003 0:00,Shipped,1,3,2003,Classic Cars,71,S18_4933,"AV Stores, Co.",(171) 555-1555,Fauntleroy Circus,Manchester,EC2 5NT,UK,EMEA,Ashworth,Victoria,Small,51017.92,75.720625,0.05045638865716203
10124,23,57.73,8,1327.79,5/21/2003 0:00,Shipped,2,5,2003,Classic Cars,71,S18_4933,Signal Gift Stores,7025551838,8489 Strong St.,Las Vegas,83030,USA,EMEA,King,Sue,Small,33847.62,72.39307692307692,0.039228459785355656
10148,29,81.25,2,2356.25,9/11/2003 0:00,Shipped,3,9,2003,Classic Cars,71,S18_4933,"Anna's Decorations, Ltd",02 9936 8555,201 Miller Street,North Sydney,2060,Australia,APAC,O'Hara,Anna,Small,47191.76,88.97,0.04992926731276816
10161,25,80.54,1,2013.5,10/17/2003 0:00,Shipped,4,10,2003,Classic Cars,71,S18_4933,Heintze Collectables,86 21 3555,Smagsloget 45,Aaarhus,8200,Denmark,EMEA,Ibsen,Palle,Small,40321.61,90.30666666666667,0.04993600205944158
10173,39,71.98,15,2807.22,11/5/2003 0:00,Shipped,4,11,2003,Classic Cars,71,S18_4933,Rovelli Gifts,035-640555,Via Ludovico il Moro 22,Bergamo,24100,Italy,EMEA,Rovelli,Giovanni,Small,40077.71,74.569375,0.07004442120071232
10182,44,69.84,12,3072.96,11/12/2003 0:00,Shipped,4,11,2003,Classic Cars,71,S18_4933,Mini Gifts Distributors Ltd.,4155551450,5677 Strong St.,San Rafael,97562,USA,EMEA,Nelson,Valarie,Medium,50360.89,77.46529411764706,0.06101877865939224
10193,25,76.26,16,1906.5,11/21/2003 0:00,Shipped,4,11,2003,Classic Cars,71,S18_4933,"Australian Collectables, Ltd",61-9-3844-6555,7 Allen Street,Glen Waverly,3150,Australia,APAC,Connery,Sean,Small,37878.55,76.986875,0.05033191608443301
10204,45,76.26,6,3431.7,12/2/2003 0:00,Shipped,4,12,2003,Classic Cars,71,S18_4933,Muscle Machine Inc,2125557413,4092 Furth Circle,NYC,10022,USA,EMEA,Young,Jeff,Medium,64316.090000000004,85.04470588235294,0.05335678832466339
10213,25,83.39,2,2084.75,1/22/2004 0:00,Shipped,1,1,2004,Classic Cars,71,S18_4933,"Double Decker Gift Stores, Ltd",(171) 555-7555,120 Hanover Sq.,London,WA1 1DP,UK,EMEA,Hardy,Thomas,Small,8477.22,92.72666666666667,0.24592378161708675
10227,37,57.73,12,2136.01,3/2/2004 0:00,Shipped,1,3,2004,Classic Cars,71,S18_4933,"Saveley & Henriot, Co.",78.32.5555,"2, rue du Commerce",Lyon,69004,France,EMEA,Saveley,Mary,Small,46802.270000000004,76.42333333333333,0.045639025628457765
10241,30,66.99,4,2009.7,4/13/2004 0:00,Shipped,2,4,2004,Classic Cars,71,S18_4933,Mini Caravy,88.60.1555,"24, place Kluber",Strasbourg,67000,France,EMEA,Citeaux,Frederique,Small,39341.229999999996,83.97666666666667,0.05108381207196624
10267,36,75.55,1,2719.8,7/7/2004 0:00,Shipped,3,7,2004,Classic Cars,71,S18_4933,Muscle Machine Inc,2125557413,4092 Furth Circle,NYC,10022,USA,EMEA,Young,Jeff,Small,23252.18,89.93833333333333,0.11696967768183457
10279,26,60.58,1,1575.08,8/9/2004 0:00,Shipped,3,8,2004,Classic Cars,71,S18_4933,Euro Shopping Channel,(91) 555 94 44,"C/ Moralzarzal, 86",Madrid,28034,Spain,EMEA,Freyre,Diego,Small,21986.27,81.095,0.07163925486223902
10288,23,73.41,7,1688.43,9/1/2004 0:00,Shipped,3,9,2004,Classic Cars,71,S18_4933,Handji Gifts& Co,+65 224 1555,Village Close - 106 Linden Road Sandown,Singapore,69045,Singapore,APAC,Victorino,Wendy,Small,42902.84,75.91142857142857,0.03935473735538254
10302,23,72.7,3,1672.1,10/6/2003 0:00,Shipped,4,10,2003,Classic Cars,71,S18_4933,"UK Collectables, Ltd.",(171) 555-2282,Berkeley Gardens 12  Brewery,Liverpool,WX1 6LT,UK,EMEA,Devon,Elizabeth,Small,26797.21,89.40833333333335,0.06239828698584666
10311,25,66.99,2,1674.75,10/16/2004 0:00,Shipped,4,10,2004,Classic Cars,71,S18_4933,Euro Shopping Channel,(91) 555 94 44,"C/ Moralzarzal, 86",Madrid,28034,Spain,EMEA,Freyre,Diego,Small,34872.13,86.76181818181819,0.048025457578874595
10332,21,100.0,3,3472.98,11/17/2004 0:00,Shipped,4,11,2004,Classic Cars,71,S18_4933,"AV Stores, Co.",(171) 555-1555,Fauntleroy Circus,Manchester,EC2 5NT,UK,EMEA,Ashworth,Victoria,Medium,48962.28,73.125,0.07093174582556205
10344,26,63.43,5,1649.18,11/25/2004 0:00,Shipped,4,11,2004,Classic Cars,71,S18_4933,Marseille Mini Autos,91.24.4555,"12, rue des Bouchers",Marseille,13008,France,EMEA,Lebihan,Laurence,Small,20136.86,73.57857142857142,0.08189856809850195
10367,44,85.25,9,3751.0,1/12/2005 0:00,Resolved,1,1,2005,Classic Cars,71,S18_4933,Toys4GrownUps.com,6265557265,78934 Hillside Dr.,Pasadena,90003,USA,EMEA,Young,Julie,Medium,44273.36,74.21615384615384,0.08472363516118948
10380,24,100.0,2,4536.0,2/16/2005 0:00,Shipped,1,2,2005,Classic Cars,71,S18_4933,Euro Shopping Channel,(91) 555 94 44,"C/ Moralzarzal, 86",Madrid,28034,Spain,EMEA,Freyre,Diego,Medium,38360.4,79.01,0.11824694215910157
10407,66,66.99,4,4421.34,4/22/2005 0:00,On Hold,2,4,2005,Classic Cars,71,S18_4933,The Sharp Gifts Warehouse,4085553659,3086 Ingle Ln.,San Jose,94217,USA,EMEA,Frick,Sue,Medium,57883.09,83.97666666666667,0.07638396637083474
10420,36,57.73,7,2078.28,5/29/2005 0:00,In Process,2,5,2005,Classic Cars,71,S18_4933,Souveniers And Things Co.,+61 2 9495 8555,"Monitor Money Building, 815 Pacific Hwy",Chatswood,2067,Australia,APAC,Huxley,Adrian,Small,43971.43,77.13076923076923,0.04726432594982697
10110,36,85.25,13,3069.0,3/18/2003 0:00,Shipped,1,3,2003,Classic Cars,73,S24_1046,"AV Stores, Co.",(171) 555-1555,Fauntleroy Circus,Manchester,EC2 5NT,UK,EMEA,Ashworth,Victoria,Medium,51017.92,75.720625,0.060155333655311706
10124,22,77.9,12,1713.8,5/21/2003 0:00,Shipped,2,5,2003,Classic Cars,73,S24_1046,Signal Gift Stores,7025551838,8489 Strong St.,Las Vegas,83030,USA,EMEA,King,Sue,Small,33847.62,72.39307692307692,0.05063280667887431
10148,25,60.26,6,1506.5,9/11/2003 0:00,Shipped,3,9,2003,Classic Cars,73,S24_1046,"Anna's Decorations, Ltd",02 9936 8555,201 Miller Street,North Sydney,2060,Australia,APAC,O'Hara,Anna,Small,47191.76,88.97,0.03192294587021124
10161,37,72.76,5,2692.12,10/17/2003 0:00,Shipped,4,10,2003,Classic Cars,73,S24_1046,Heintze Collectables,86 21 3555,Smagsloget 45,Aaarhus,8200,Denmark,EMEA,Ibsen,Palle,Small,40321.61,90.30666666666667,0.06676618319556188
10172,32,75.69,3,2422.08,11/5/2003 0:00,Shipped,4,11,2003,Classic Cars,73,S24_1046,Gift Depot Inc.,2035552570,25593 South Bay Ln.,Bridgewater,97562,USA,EMEA,King,Julie,Small,26115.8,84.1,0.09274385620965087
10182,47,74.22,16,3488.34,11/12/2003 0:00,Shipped,4,11,2003,Classic Cars,73,S24_1046,Mini Gifts Distributors Ltd.,4155551450,5677 Strong St.,San Rafael,97562,USA,EMEA,Nelson,Valarie,Medium,50360.89,77.46529411764706,0.06926684576066865
10192,37,69.82,4,2583.34,11/20/2003 0:00,Shipped,4,11,2003,Classic Cars,73,S24_1046,Online Diecast Creations Co.,6035558647,2304 Long Airport Avenue,Nashua,62005,USA,EMEA,Young,Valarie,Small,63981.45,87.591875,0.040376390344388884
10204,20,62.47,10,1249.4,12/2/2003 0:00,Shipped,4,12,2003,Classic Cars,73,S24_1046,Muscle Machine Inc,2125557413,4092 Furth Circle,NYC,10022,USA,EMEA,Young,Jeff,Small,64316.090000000004,85.04470588235294,0.01942593214233017
10212,41,82.31,3,3374.71,1/16/2004 0:00,Shipped,1,1,2004,Classic Cars,73,S24_1046,Euro Shopping Channel,(91) 555 94 44,"C/ Moralzarzal, 86",Madrid,28034,Spain,EMEA,Freyre,Diego,Medium,65165.17,87.60125,0.051787020581700316
10226,21,60.26,1,1265.46,2/26/2004 0:00,Shipped,1,2,2004,Classic Cars,73,S24_1046,Collectable Mini Designs Co.,7605558146,361 Furth Circle,San Diego,91217,USA,EMEA,Thompson,Valarie,Small,25872.22,85.08857142857143,0.04891192174463575
10241,22,76.43,8,1681.46,4/13/2004 0:00,Shipped,2,4,2004,Classic Cars,73,S24_1046,Mini Caravy,88.60.1555,"24, place Kluber",Strasbourg,67000,France,EMEA,Citeaux,Frederique,Small,39341.229999999996,83.97666666666667,0.04274040237176113
10267,40,80.1,5,3204.0,7/7/2004 0:00,Shipped,3,7,2004,Classic Cars,73,S24_1046,Muscle Machine Inc,2125557413,4092 Furth Circle,NYC,10022,USA,EMEA,Young,Jeff,Medium,23252.18,89.93833333333333,0.1377935316172505
10279,32,74.96,5,2398.72,8/9/2004 0:00,Shipped,3,8,2004,Classic Cars,73,S24_1046,Euro Shopping Channel,(91) 555 94 44,"C/ Moralzarzal, 86",Madrid,28034,Spain,EMEA,Freyre,Diego,Small,21986.27,81.095,0.10910081610022981
10288,36,66.14,11,2381.04,9/1/2004 0:00,Shipped,3,9,2004,Classic Cars,73,S24_1046,Handji Gifts& Co,+65 224 1555,Village Close - 106 Linden Road Sandown,Singapore,69045,Singapore,APAC,Victorino,Wendy,Small,42902.84,75.91142857142857,0.05549842388056362
10301,27,72.02,1,1944.54,10/5/2003 0:00,Shipped,4,10,2003,Classic Cars,73,S24_1046,"Norway Gifts By Mail, Co.",+47 2212 1555,"Drammensveien 126 A, PB 744 Sentrum",Oslo,N 0106,Norway,EMEA,Klaeboe,Jan,Small,45078.759999999995,86.73363636363636,0.04313650153642203
10311,26,87.45,6,2273.7,10/16/2004 0:00,Shipped,4,10,2004,Classic Cars,73,S24_1046,Euro Shopping Channel,(91) 555 94 44,"C/ Moralzarzal, 86",Madrid,28034,Spain,EMEA,Freyre,Diego,Small,34872.13,86.76181818181819,0.06520106457506324
10321,30,70.55,3,2116.5,11/4/2004 0:00,Shipped,4,11,2004,Classic Cars,73,S24_1046,FunGiftIdeas.com,5085552555,1785 First Street,New Bedford,50553,USA,EMEA,Benitez,Violeta,Small,49504.380000000005,84.79866666666666,0.04275379269470701
10332,23,56.84,4,1307.32,11/17/2004 0:00,Shipped,4,11,2004,Classic Cars,73,S24_1046,"AV Stores, Co.",(171) 555-1555,Fauntleroy Circus,Manchester,EC2 5NT,UK,EMEA,Ashworth,Victoria,Small,48962.28,73.125,0.026700553977470003
10344,29,59.53,7,1726.37,11/25/2004 0:00,Shipped,4,11,2004,Classic Cars,73,S24_1046,Marseille Mini Autos,91.24.4555,"12, rue des Bouchers",Marseille,13008,France,EMEA,Lebihan,Laurence,Small,20136.86,73.57857142857142,0.08573183703914115
10367,21,60.37,10,1267.77,1/12/2005 0:00,Resolved,1,1,2005,Classic Cars,73,S24_1046,Toys4GrownUps.com,6265557265,78934 Hillside Dr.,Pasadena,90003,USA,EMEA,Young,Julie,Small,44273.36,74.21615384615384,0.028635052772141078
10380,34,100.0,3,3441.82,2/16/2005 0:00,Shipped,1,2,2005,Classic Cars,73,S24_1046,Euro Shopping Channel,(91) 555 94 44,"C/ Moralzarzal, 86",Madrid,28034,Spain,EMEA,Freyre,Diego,Medium,38360.4,79.01,0.08972325627469996
10407,26,76.43,8,1987.18,4/22/2005 0:00,On Hold,2,4,2005,Classic Cars,73,S24_1046,The Sharp Gifts Warehouse,4085553659,3086 Ingle Ln.,San Jose,94217,USA,EMEA,Frick,Sue,Small,57883.09,83.97666666666667,0.034330924627555305
10420,60,64.67,11,3880.2,5/29/2005 0:00,In Process,2,5,2005,Classic Cars,73,S24_1046,Souveniers And Things Co.,+61 2 9495 8555,"Monitor Money Building, 815 Pacific Hwy",Chatswood,2067,Australia,APAC,Huxley,Adrian,Medium,43971.43,77.13076923076923,0.08824366185043334
10104,35,55.49,6,1942.15,1/31/2003 0:00,Shipped,1,1,2003,Classic Cars,57,S24_1444,Euro Shopping Channel,(91) 555 94 44,"C/ Moralzarzal, 86",Madrid,28034,Spain,EMEA,Freyre,Diego,Small,44621.96,81.68384615384616,0.04352453366010817
10115,47,69.36,2,3259.92,4/4/2003 0:00,Shipped,2,4,2003,Classic Cars,57,S24_1444,Classic Legends Inc.,2125558493,5905 Pompton St.,NYC,10022,USA,EMEA,Hernandez,Maria,Medium,24777.41,93.872,0.131568230900647
10127,20,60.69,8,1213.8,6/3/2003 0:00,Shipped,2,6,2003,Classic Cars,57,S24_1444,Muscle Machine Inc,2125557413,4092 Furth Circle,NYC,10022,USA,EMEA,Young,Jeff,Small,68462.15,85.852,0.017729504551054855
10141,20,54.33,2,1086.6,8/1/2003 0:00,Shipped,3,8,2003,Classic Cars,57,S24_1444,Suominen Souveniers,+358 9 8045 555,"Software Engineering Center, SEC Oy",Espoo,FIN-02271,Finland,EMEA,Suominen,Kalle,Small,31569.43,81.93,0.03441937342549422
10152,25,65.31,4,1632.75,9/25/2003 0:00,Shipped,3,9,2003,Classic Cars,57,S24_1444,"Australian Gift Network, Co",61-7-3844-6555,31 Duncan St. West End,South Brisbane,4101,Australia,APAC,Calaghan,Tony,Small,10640.29,79.065,0.15344976499700666
10165,25,69.36,9,1734.0,10/22/2003 0:00,Shipped,4,10,2003,Classic Cars,57,S24_1444,"Dragon Souveniers, Ltd.",+65 221 7555,"Bronz Sok., Bronz Apt. 3/6 Tesvikiye",Singapore,79903,Singapore,Japan,Natividad,Eric,Small,77809.37,85.15388888888889,0.022285233770688546
10176,27,68.78,8,1857.06,11/6/2003 0:00,Shipped,4,11,2003,Classic Cars,57,S24_1444,L'ordine Souveniers,0522-556555,Strada Provinciale 124,Reggio Emilia,42100,Italy,EMEA,Moroni,Maurizio,Small,44669.74,89.72200000000001,0.04157310967111069
10184,31,60.11,3,1863.41,11/14/2003 0:00,Shipped,4,11,2003,Classic Cars,57,S24_1444,"Iberia Gift Imports, Corp.",(95) 555 82 82,"C/ Romero, 33",Sevilla,41101,Spain,EMEA,Roel,Jose Pedro,Small,51502.740000000005,81.98538461538462,0.03618079348788045
10195,44,66.47,3,2924.68,11/25/2003 0:00,Shipped,4,11,2003,Classic Cars,57,S24_1444,Mini Classics,9145554562,3758 North Pendale Street,White Plains,24067,USA,EMEA,Frick,Steve,Small,38682.95,79.273,0.07560643642741828
10207,49,46.82,4,2294.18,12/9/2003 0:00,Shipped,4,12,2003,Classic Cars,57,S24_1444,Diecast Collectables,6175552555,6251 Ingle Ln.,Boston,51003,USA,EMEA,Franco,Valarie,Small,63730.78,83.64875,0.035997990296054744
10220,26,56.07,8,1457.82,2/12/2004 0:00,Shipped,1,2,2004,Classic Cars,57,S24_1444,"Clover Collections, Co.",+353 1862 1555,25 Maiden Lane,Dublin,2,Ireland,EMEA,Cassidy,Dean,Small,38784.47,86.38111111111111,0.037587725190005174
10230,36,54.33,6,1955.88,3/15/2004 0:00,Shipped,1,3,2004,Classic Cars,57,S24_1444,"Blauer See Auto, Co.",+49 69 66 90 2555,Lyonerstr. 34,Frankfurt,60528,Germany,EMEA,Keitel,Roland,Small,37266.49,83.42125,0.052483611952722144
10246,44,52.6,2,2314.4,5/5/2004 0:00,Shipped,2,5,2004,Classic Cars,57,S24_1444,Euro Shopping Channel,(91) 555 94 44,"C/ Moralzarzal, 86",Madrid,28034,Spain,EMEA,Freyre,Diego,Small,41317.75,81.59454545454545,0.056014666819950265
10259,28,46.82,1,1310.96,6/15/2004 0:00,Shipped,2,6,2004,Classic Cars,57,S24_1444,Handji Gifts& Co,+65 224 1555,Village Close - 106 Linden Road Sandown,Singapore,69045,Singapore,APAC,Victorino,Wendy,Small,45788.72,81.47692307692309,0.028630632173164045
10271,45,64.74,2,2913.3,7/20/2004 0:00,Shipped,3,7,2004,Classic Cars,57,S24_1444,Mini Gifts Distributors Ltd.,4155551450,5677 Strong St.,San Rafael,97562,USA,EMEA,Nelson,Valarie,Small,41121.58,83.53818181818181,0.07084601321252734
10282,29,46.82,11,1357.78,8/20/2004 0:00,Shipped,3,8,2004,Classic Cars,57,S24_1444,Mini Gifts Distributors Ltd.,4155551450,5677 Strong St.,San Rafael,97562,USA,EMEA,Nelson,Valarie,Small,52807.15,89.22,0.02571204846313425
10292,40,53.75,5,2150.0,9/8/2004 0:00,Shipped,3,9,2004,Classic Cars,57,S24_1444,Land of Toys Inc.,2125557818,897 Long Airport Avenue,NYC,10022,USA,EMEA,Yu,Kwai,Small,39775.74,79.42833333333333,0.054053048415943994
10305,45,61.85,2,2783.25,10/13/2004 0:00,Shipped,4,10,2004,Classic Cars,57,S24_1444,Marta's Replicas Co.,6175558555,39323 Spinnaker Dr.,Cambridge,51247,USA,EMEA,Hernandez,Marta,Small,54251.659999999996,85.99928571428572,0.05130257765384506
10314,44,53.18,11,2339.92,10/22/2004 0:00,Shipped,4,10,2004,Classic Cars,57,S24_1444,Heintze Collectables,86 21 3555,Smagsloget 45,Aaarhus,8200,Denmark,EMEA,Ibsen,Palle,Small,60273.94,86.30199999999999,0.03882142099885954
10324,25,69.16,14,1729.0,11/5/2004 0:00,Shipped,4,11,2004,Classic Cars,57,S24_1444,Vitachrome Inc.,2125551500,2678 Kingston Rd.,NYC,10022,USA,EMEA,Frick,Michael,Small,56372.87,86.96642857142857,0.030670781884974102
10336,45,100.0,4,5972.4,11/20/2004 0:00,Shipped,4,11,2004,Classic Cars,57,S24_1444,"La Corne D'abondance, Co.",(1) 42.34.2555,"265, boulevard Charonne",Paris,75012,France,EMEA,Bertrand,Marie,Medium,56812.67,92.10916666666667,0.10512443791147291
10349,48,47.4,4,2275.2,12/1/2004 0:00,Shipped,4,12,2004,Classic Cars,57,S24_1444,Muscle Machine Inc,2125557413,4092 Furth Circle,NYC,10022,USA,EMEA,Young,Jeff,Small,41706.52,83.106,0.05455262150857947
10358,44,60.76,14,2673.44,12/10/2004 0:00,Shipped,4,12,2004,Classic Cars,57,S24_1444,Euro Shopping Channel,(91) 555 94 44,"C/ Moralzarzal, 86",Madrid,28034,Spain,EMEA,Freyre,Diego,Small,51435.45,85.22214285714286,0.05197660368481272
10371,25,97.27,12,2431.75,1/23/2005 0:00,Shipped,1,1,2005,Classic Cars,57,S24_1444,Mini Gifts Distributors Ltd.,4155551450,5677 Strong St.,San Rafael,97562,USA,EMEA,Nelson,Valarie,Small,36124.270000000004,83.8225,0.06731623919320721
10383,22,91.76,2,2018.72,2/22/2005 0:00,Shipped,1,2,2005,Classic Cars,57,S24_1444,Euro Shopping Channel,(91) 555 94 44,"C/ Moralzarzal, 86",Madrid,28034,Spain,EMEA,Freyre,Diego,Small,41249.74,81.16,0.04893897513050992
10394,31,50.29,2,1558.99,3/15/2005 0:00,Shipped,1,3,2005,Classic Cars,57,S24_1444,Euro Shopping Channel,(91) 555 94 44,"C/ Moralzarzal, 86",Madrid,28034,Spain,EMEA,Freyre,Diego,Small,22353.86,73.17714285714285,0.06974142273414971
10412,21,52.6,2,1104.6,5/3/2005 0:00,Shipped,2,5,2005,Classic Cars,57,S24_1444,Euro Shopping Channel,(91) 555 94 44,"C/ Moralzarzal, 86",Madrid,28034,Spain,EMEA,Freyre,Diego,Small,52287.74,81.59454545454545,0.021125411042818065
10425,55,46.82,1,2575.1,5/31/2005 0:00,In Process,2,5,2005,Classic Cars,57,S24_1444,La Rochelle Gifts,40.67.8555,"67, rue des Cinquante Otages",Nantes,44000,France,EMEA,Labrune,Janine,Small,43784.69,81.47692307692309,0.05881279506603792
10107,25,100.0,3,2845.75,2/24/2003 0:00,Shipped,1,2,2003,Motorcycles,112,S24_1578,Land of Toys Inc.,2125557818,897 Long Airport Avenue,NYC,10022,USA,EMEA,Yu,Kwai,Small,25783.76,92.80125,0.1103698607185298
10120,35,98.05,1,3431.75,4/29/2003 0:00,Shipped,2,4,2003,Motorcycles,112,S24_1578,"Australian Collectors, Co.",03 9520 4555,636 St Kilda Road,Melbourne,3004,Australia,APAC,Ferguson,Peter,Medium,50397.66,84.97933333333334,0.06809343925888622
10134,35,93.54,3,3273.9,7/1/2003 0:00,Shipped,3,7,2003,Motorcycles,112,S24_1578,Lyon Souveniers,+33 1 46 62 7555,27 rue du Colonel Pierre Avia,Paris,75508,France,EMEA,Da Cunha,Daniel,Medium,25624.88,90.44142857142857,0.12776254952218313
10145,43,95.8,7,4119.4,8/25/2003 0:00,Shipped,3,8,2003,Motorcycles,112,S24_1578,Toys4GrownUps.com,6265557265,78934 Hillside Dr.,Pasadena,90003,USA,EMEA,Young,Julie,Medium,55776.119999999995,83.8375,0.0738559799426708
10159,44,100.0,15,5355.68,10/10/2003 0:00,Shipped,4,10,2003,Motorcycles,112,S24_1578,Corporate Gift Ideas Co.,6505551386,7734 Strong St.,San Francisco,28034,USA,EMEA,Brown,Julie,Medium,62498.29,83.05611111111111,0.08569322456662415
10168,50,100.0,2,5747.5,10/28/2003 0:00,Shipped,4,10,2003,Motorcycles,112,S24_1578,Technics Stores Inc.,6505556809,9408 Furth Circle,Burlingame,94217,USA,EMEA,Hirano,Juri,Medium,62305.47,86.58777777777777,0.0922471173076778
10180,48,100.0,10,5355.36,11/11/2003 0:00,Shipped,4,11,2003,Motorcycles,112,S24_1578,Daedalus Designs Imports,20.16.1555,"184, chausse de Tournai",Lille,59000,France,EMEA,Rance,Martine,Medium,48874.28,82.245,0.10957419730786827
10188,25,100.0,2,2535.75,11/18/2003 0:00,Shipped,4,11,2003,Motorcycles,112,S24_1578,Herkku Gifts,+47 2267 3215,"Drammen 121, PR 744 Sentrum",Bergen,N 5804,Norway,EMEA,Oeztan,Veysel,Small,34481.340000000004,94.00625,0.07353977542636103
10201,39,100.0,3,4351.23,12/1/2003 0:00,Shipped,4,12,2003,Motorcycles,112,S24_1578,Mini Wheels Co.,6505555787,5557 North Pendale Street,San Francisco,28034,USA,EMEA,Murphy,Julie,Medium,25431.88,91.03714285714285,0.17109352513459483
10211,25,90.16,15,2254.0,1/15/2004 0:00,Shipped,1,1,2004,Motorcycles,112,S24_1578,Auto Canal Petit,(1) 47.55.6555,"25, rue Lauriston",Paris,75016,France,EMEA,Perrier,Dominique,Small,51172.65,82.83133333333333,0.044046966494797515
10223,32,91.29,2,2921.28,2/20/2004 0:00,Shipped,1,2,2004,Motorcycles,112,S24_1578,"Australian Collectors, Co.",03 9520 4555,636 St Kilda Road,Melbourne,3004,Australia,APAC,Ferguson,Peter,Small,49637.57,85.01933333333334,0.0588521960281295
10237,20,100.0,8,2299.0,4/5/2004 0:00,Shipped,2,4,2004,Motorcycles,112,S24_1578,Vitachrome Inc.,2125551500,2678 Kingston Rd.,NYC,10022,USA,EMEA,Frick,Michael,Small,24804.34,82.27111111111111,0.09268539295945791
10251,26,100.0,3,2637.18,5/18/2004 0:00,Shipped,2,5,2004,Motorcycles,112,S24_1578,Tekni Collectables Inc.,2015559350,7476 Moss Rd.,Newark,94019,USA,EMEA,Brown,William,Small,27987.07,93.53000000000002,0.09422851338135789
10263,42,100.0,3,4307.52,6/28/2004 0:00,Shipped,2,6,2004,Motorcycles,112,S24_1578,Gift Depot Inc.,2035552570,25593 South Bay Ln.,Bridgewater,97562,USA,EMEA,King,Julie,Medium,44130.520000000004,87.51272727272728,0.09760863910055897
10275,21,100.0,2,2153.76,7/23/2004 0:00,Shipped,3,7,2004,Motorcycles,112,S24_1578,La Rochelle Gifts,40.67.8555,"67, rue des Cinquante Otages",Nantes,44000,France,EMEA,Labrune,Janine,Small,56002.9,82.95166666666667,0.03845800842456373
10285,34,100.0,7,3716.88,8/27/2004 0:00,Shipped,3,8,2004,Motorcycles,112,S24_1578,Marta's Replicas Co.,6175558555,39323 Spinnaker Dr.,Cambridge,51247,USA,EMEA,Hernandez,Marta,Medium,48828.72,84.42615384615384,0.07612077482268632
10299,47,100.0,10,5455.76,9/30/2004 0:00,Shipped,3,9,2004,Motorcycles,112,S24_1578,"Toys of Finland, Co.",90-224 8555,Keskuskatu 45,Helsinki,21240,Finland,EMEA,Karttunen,Matti,Medium,42744.06,84.18818181818182,0.12763785190269714
10309,21,100.0,6,2650.62,10/15/2004 0:00,Shipped,4,10,2004,Motorcycles,112,S24_1578,Baane Mini Imports,07-98 9555,Erling Skakkes gate 78,Stavern,4110,Norway,EMEA,Bergulfsen,Jonas,Small,19769.68,88.24666666666667,0.13407500778970624
10318,48,100.0,2,6437.28,11/2/2004 0:00,Shipped,4,11,2004,Motorcycles,112,S24_1578,Diecast Classics Inc.,2155551555,7586 Pompton St.,Allentown,70267,USA,EMEA,Yu,Kyung,Medium,44040.729999999996,92.69666666666666,0.1461665144969214
10329,30,87.78,7,2633.4,11/15/2004 0:00,Shipped,4,11,2004,Motorcycles,112,S24_1578,Land of Toys Inc.,2125557818,897 Long Airport Avenue,NYC,10022,USA,EMEA,Yu,Kwai,Small,53152.28,87.41266666666667,0.049544440991054386
10339,27,84.39,10,2278.53,11/23/2004 0:00,Shipped,4,11,2004,Motorcycles,112,S24_1578,"Tokyo Collectables, Ltd",+81 3 3584 0555,2-2-8 Roppongi,Minato-ku,106-0032,Japan,Japan,Shimamura,Akiko,Small,55888.65,79.908125,0.040769100702915534
10362,50,96.92,2,4846.0,1/5/2005 0:00,Shipped,1,1,2005,Motorcycles,112,S24_1578,Technics Stores Inc.,6505556809,9408 Furth Circle,Burlingame,94217,USA,EMEA,Hirano,Juri,Medium,13529.57,86.64750000000001,0.3581784195654407
10374,38,100.0,6,4197.1,2/2/2005 0:00,Shipped,1,2,2005,Motorcycles,112,S24_1578,"Australian Gift Network, Co",61-7-3844-6555,31 Duncan St. West End,South Brisbane,4101,Australia,APAC,Calaghan,Tony,Medium,21730.03,86.11166666666666,0.19314745538777445
10389,45,100.0,1,4597.65,3/3/2005 0:00,Shipped,1,3,2005,Motorcycles,112,S24_1578,Scandinavian Gift Ideas,0695-34 6555,?kergatan 24,Boras,S-844 67,Sweden,EMEA,Larsson,Maria,Medium,31606.72,87.7875,0.14546431898026746
10403,46,100.0,8,5287.7,4/8/2005 0:00,Shipped,2,4,2005,Motorcycles,112,S24_1578,"UK Collectables, Ltd.",(171) 555-2282,Berkeley Gardens 12  Brewery,Liverpool,WX1 6LT,UK,EMEA,Devon,Elizabeth,Medium,40802.81,82.27111111111111,0.1295915648946727
10417,35,100.0,3,3550.05,5/13/2005 0:00,Disputed,2,5,2005,Motorcycles,112,S24_1578,Euro Shopping Channel,(91) 555 94 44,"C/ Moralzarzal, 86",Madrid,28034,Spain,EMEA,Freyre,Diego,Medium,31821.9,93.53000000000002,0.11155996342141733
10110,29,59.37,15,1721.73,3/18/2003 0:00,Shipped,1,3,2003,Classic Cars,50,S24_1628,"AV Stores, Co.",(171) 555-1555,Fauntleroy Circus,Manchester,EC2 5NT,UK,EMEA,Ashworth,Victoria,Small,51017.92,75.720625,0.03374755380070375
10123,50,59.87,1,2993.5,5/20/2003 0:00,Shipped,2,5,2003,Classic Cars,50,S24_1628,Atelier graphique,40.32.2555,"54, rue Royale",Nantes,44000,France,EMEA,Schmitt,Carine,Small,16560.3,89.9675,0.1807636335090548
10137,26,49.81,1,1295.06,7/10/2003 0:00,Shipped,3,7,2003,Classic Cars,50,S24_1628,Reims Collectables,26.47.1555,59 rue de l'Abbaye,Reims,51100,France,EMEA,Henriot,Paul,Small,15146.32,87.34,0.08550327736374248
10148,47,56.85,8,2671.95,9/11/2003 0:00,Shipped,3,9,2003,Classic Cars,50,S24_1628,"Anna's Decorations, Ltd",02 9936 8555,201 Miller Street,North Sydney,2060,Australia,APAC,O'Hara,Anna,Small,47191.76,88.97,0.056618994502430076
10161,23,53.33,7,1226.59,10/17/2003 0:00,Shipped,4,10,2003,Classic Cars,50,S24_1628,Heintze Collectables,86 21 3555,Smagsloget 45,Aaarhus,8200,Denmark,EMEA,Ibsen,Palle,Small,40321.61,90.30666666666667,0.030420164274194406
10172,34,42.76,5,1453.84,11/5/2003 0:00,Shipped,4,11,2003,Classic Cars,50,S24_1628,Gift Depot Inc.,2035552570,25593 South Bay Ln.,Bridgewater,97562,USA,EMEA,King,Julie,Small,26115.8,84.1,0.05566898199557356
10181,34,53.83,1,1830.22,11/12/2003 0:00,Shipped,4,11,2003,Classic Cars,50,S24_1628,Herkku Gifts,+47 2267 3215,"Drammen 121, PR 744 Sentrum",Bergen,N 5804,Norway,EMEA,Oeztan,Veysel,Small,60795.84,88.24470588235295,0.030104362403743416
10192,47,53.83,6,2530.01,11/20/2003 0:00,Shipped,4,11,2003,Classic Cars,50,S24_1628,Online Diecast Creations Co.,6035558647,2304 Long Airport Avenue,Nashua,62005,USA,EMEA,Young,Valarie,Small,63981.45,87.591875,0.03954286750300283
10204,45,49.81,12,2241.45,12/2/2003 0:00,Shipped,4,12,2003,Classic Cars,50,S24_1628,Muscle Machine Inc,2125557413,4092 Furth Circle,NYC,10022,USA,EMEA,Young,Jeff,Small,64316.090000000004,85.04470588235294,0.03485053273605407
10212,45,53.33,5,2399.85,1/16/2004 0:00,Shipped,1,1,2004,Classic Cars,50,S24_1628,Euro Shopping Channel,(91) 555 94 44,"C/ Moralzarzal, 86",Madrid,28034,Spain,EMEA,Freyre,Diego,Small,65165.17,87.60125,0.03682718851189984
10226,36,43.27,3,1557.72,2/26/2004 0:00,Shipped,1,2,2004,Classic Cars,50,S24_1628,Collectable Mini Designs Co.,7605558146,361 Furth Circle,San Diego,91217,USA,EMEA,Thompson,Valarie,Small,25872.22,85.08857142857143,0.06020820787702021
10241,21,40.25,10,845.25,4/13/2004 0:00,Shipped,2,4,2004,Classic Cars,50,S24_1628,Mini Caravy,88.60.1555,"24, place Kluber",Strasbourg,67000,France,EMEA,Citeaux,Frederique,Small,39341.229999999996,83.97666666666667,0.021485093374050586
10266,28,48.3,1,1352.4,7/6/2004 0:00,Shipped,3,7,2004,Classic Cars,50,S24_1628,L'ordine Souveniers,0522-556555,Strada Provinciale 124,Reggio Emilia,42100,Italy,EMEA,Moroni,Maurizio,Small,56421.65,86.83,0.023969522337613312
10278,35,45.28,1,1584.8,8/6/2004 0:00,Shipped,3,8,2004,Classic Cars,50,S24_1628,Signal Gift Stores,7025551838,8489 Strong St.,Las Vegas,83030,USA,EMEA,King,Sue,Small,34453.85,87.503,0.04599776222396046
10288,50,52.32,13,2616.0,9/1/2004 0:00,Shipped,3,9,2004,Classic Cars,50,S24_1628,Handji Gifts& Co,+65 224 1555,Village Close - 106 Linden Road Sandown,Singapore,69045,Singapore,APAC,Victorino,Wendy,Small,42902.84,75.91142857142857,0.0609749844066267
10301,22,51.32,3,1129.04,10/5/2003 0:00,Shipped,4,10,2003,Classic Cars,50,S24_1628,"Norway Gifts By Mail, Co.",+47 2212 1555,"Drammensveien 126 A, PB 744 Sentrum",Oslo,N 0106,Norway,EMEA,Klaeboe,Jan,Small,45078.759999999995,86.73363636363636,0.025045941813838714
10311,45,49.3,8,2218.5,10/16/2004 0:00,Shipped,4,10,2004,Classic Cars,50,S24_1628,Euro Shopping Channel,(91) 555 94 44,"C/ Moralzarzal, 86",Madrid,28034,Spain,EMEA,Freyre,Diego,Small,34872.13,86.76181818181819,0.06361813861097673
10321,48,42.26,5,2028.48,11/4/2004 0:00,Shipped,4,11,2004,Classic Cars,50,S24_1628,FunGiftIdeas.com,5085552555,1785 First Street,New Bedford,50553,USA,EMEA,Benitez,Violeta,Small,49504.380000000005,84.79866666666666,0.04097576820475279
10332,20,87.96,5,1759.2,11/17/2004 0:00,Shipped,4,11,2004,Classic Cars,50,S24_1628,"AV Stores, Co.",(171) 555-1555,Fauntleroy Circus,Manchester,EC2 5NT,UK,EMEA,Ashworth,Victoria,Small,48962.28,73.125,0.03592969935223605
10343,27,36.21,6,977.67,11/24/2004 0:00,Shipped,4,11,2004,Classic Cars,50,S24_1628,Reims Collectables,26.47.1555,59 rue de l'Abbaye,Reims,51100,France,EMEA,Henriot,Paul,Small,18681.17,78.90166666666666,0.05233451652118149
10367,38,38.5,11,1463.0,1/12/2005 0:00,Resolved,1,1,2005,Classic Cars,50,S24_1628,Toys4GrownUps.com,6265557265,78934 Hillside Dr.,Pasadena,90003,USA,EMEA,Young,Julie,Small,44273.36,74.21615384615384,0.03304470227694487
10379,32,100.0,3,3970.56,2/10/2005 0:00,Shipped,1,2,2005,Classic Cars,50,S24_1628,Euro Shopping Channel,(91) 555 94 44,"C/ Moralzarzal, 86",Madrid,28034,Spain,EMEA,Freyre,Diego,Medium,18094.97,84.026,0.219428935223435
10407,64,40.25,10,2576.0,4/22/2005 0:00,On Hold,2,4,2005,Classic Cars,50,S24_1628,The Sharp Gifts Warehouse,4085553659,3086 Ingle Ln.,San Jose,94217,USA,EMEA,Frick,Sue,Small,57883.09,83.97666666666667,0.044503498344680634
10420,37,60.37,13,2233.69,5/29/2005 0:00,In Process,2,5,2005,Classic Cars,50,S24_1628,Souveniers And Things Co.,+61 2 9495 8555,"Monitor Money Building, 815 Pacific Hwy",Chatswood,2067,Australia,APAC,Huxley,Adrian,Small,43971.43,77.13076923076923,0.050798666315832804
10106,28,88.63,4,2481.64,2/17/2003 0:00,Shipped,1,2,2003,Planes,109,S24_1785,Rovelli Gifts,035-640555,Via Ludovico il Moro 22,Bergamo,24100,Italy,EMEA,Rovelli,Giovanni,Small,56181.32,78.88222222222223,0.04417197744730811
10120,39,100.0,10,4651.53,4/29/2003 0:00,Shipped,2,4,2003,Planes,109,S24_1785,"Australian Collectors, Co.",03 9520 4555,636 St Kilda Road,Melbourne,3004,Australia,APAC,Ferguson,Peter,Medium,50397.66,84.97933333333334,0.09229654710159162
10133,41,94.1,5,3858.1,6/27/2003 0:00,Shipped,2,6,2003,Planes,109,S24_1785,Euro Shopping Channel,(91) 555 94 44,"C/ Moralzarzal, 86",Madrid,28034,Spain,EMEA,Freyre,Diego,Medium,22167.74,78.18625,0.17404119680219993
10145,40,87.54,16,3501.6,8/25/2003 0:00,Shipped,3,8,2003,Planes,109,S24_1785,Toys4GrownUps.com,6265557265,78934 Hillside Dr.,Pasadena,90003,USA,EMEA,Young,Julie,Medium,55776.119999999995,83.8375,0.06277955512143907
10168,49,100.0,11,6433.7,10/28/2003 0:00,Shipped,4,10,2003,Planes,109,S24_1785,Technics Stores Inc.,6505556809,9408 Furth Circle,Burlingame,94217,USA,EMEA,Hirano,Juri,Medium,62305.47,86.58777777777777,0.10326059654152356
10210,27,98.48,9,2658.96,1/12/2004 0:00,Shipped,1,1,2004,Planes,109,S24_1785,Osaka Souveniers Co.,+81 06 6342 5555,"Dojima Avanza 4F, 1-6-20 Dojima, Kita-ku",Osaka,530-0003,Japan,Japan,Kentary,Mory,Small,50490.64,78.96588235294118,0.052662434066987465
10223,34,100.0,11,3608.76,2/20/2004 0:00,Shipped,1,2,2004,Planes,109,S24_1785,"Australian Collectors, Co.",03 9520 4555,636 St Kilda Road,Melbourne,3004,Australia,APAC,Ferguson,Peter,Medium,49637.57,85.01933333333334,0.07270218908782199
10235,23,96.29,5,2214.67,4/2/2004 0:00,Shipped,2,4,2004,Planes,109,S24_1785,"Royal Canadian Collectables, Ltd.",(604) 555-4555,23 Tsawassen Blvd.,Tsawassen,T2F 8M4,Canada,EMEA,Lincoln,Elizabeth,Small,31302.5,81.33333333333333,0.07075057902723425
10250,31,88.63,6,2747.53,5/11/2004 0:00,Shipped,2,5,2004,Planes,109,S24_1785,The Sharp Gifts Warehouse,4085553659,3086 Ingle Ln.,San Jose,94217,USA,EMEA,Frick,Sue,Small,48472.24,82.75928571428572,0.056682546546229354
10262,34,97.38,1,3310.92,6/24/2004 0:00,Cancelled,2,6,2004,Planes,109,S24_1785,Euro Shopping Channel,(91) 555 94 44,"C/ Moralzarzal, 86",Madrid,28034,Spain,EMEA,Freyre,Diego,Medium,50010.65,78.62375,0.06620429848442282
10275,25,95.2,11,2380.0,7/23/2004 0:00,Shipped,3,7,2004,Planes,109,S24_1785,La Rochelle Gifts,40.67.8555,"67, rue des Cinquante Otages",Nantes,44000,France,EMEA,Labrune,Janine,Small,56002.9,82.95166666666667,0.042497799221111764
10284,22,100.0,3,2310.88,8/21/2004 0:00,Shipped,3,8,2004,Planes,109,S24_1785,"Norway Gifts By Mail, Co.",+47 2212 1555,"Drammensveien 126 A, PB 744 Sentrum",Oslo,N 0106,Norway,EMEA,Klaeboe,Jan,Small,34145.47,76.56538461538462,0.06767749865501925
10297,32,100.0,6,4061.76,9/16/2004 0:00,Shipped,3,9,2004,Planes,109,S24_1785,"Clover Collections, Co.",+353 1862 1555,25 Maiden Lane,Dublin,2,Ireland,EMEA,Cassidy,Dean,Medium,18971.96,85.79285714285713,0.21409279800294753
10308,31,100.0,9,3493.7,10/15/2004 0:00,Shipped,4,10,2004,Planes,109,S24_1785,Mini Classics,9145554562,3758 North Pendale Street,White Plains,24067,USA,EMEA,Frick,Steve,Medium,46873.04,80.71875,0.07453538323949119
10316,25,100.0,1,2872.25,11/1/2004 0:00,Shipped,4,11,2004,Planes,109,S24_1785,giftsbymail.co.uk,(198) 555-8888,Garden House Crowther Way,Cowes,PO31 7PJ,UK,EMEA,Bennett,Helen,Small,51334.16,79.435,0.05595202103238857
10328,47,87.54,14,4114.38,11/12/2004 0:00,Shipped,4,11,2004,Planes,109,S24_1785,Rovelli Gifts,035-640555,Via Ludovico il Moro 22,Bergamo,24100,Italy,EMEA,Rovelli,Giovanni,Medium,41696.69,81.40714285714286,0.09867401944854615
10339,21,50.65,7,1063.65,11/23/2004 0:00,Shipped,4,11,2004,Planes,109,S24_1785,"Tokyo Collectables, Ltd",+81 3 3584 0555,2-2-8 Roppongi,Minato-ku,106-0032,Japan,Japan,Shimamura,Akiko,Small,55888.65,79.908125,0.01903159228215389
10353,28,71.73,2,2008.44,12/4/2004 0:00,Shipped,4,12,2004,Planes,109,S24_1785,Gift Ideas Corp.,2035554407,2440 Pompton St.,Glendale,97561,USA,EMEA,Lewis,Dan,Small,29343.35,80.03,0.06844617264218299
10374,46,94.1,3,4328.6,2/2/2005 0:00,Shipped,1,2,2005,Planes,109,S24_1785,"Australian Gift Network, Co",61-7-3844-6555,31 Duncan St. West End,South Brisbane,4101,Australia,APAC,Calaghan,Tony,Medium,21730.03,86.11166666666666,0.1991989886806415
10386,33,41.71,11,1376.43,3/1/2005 0:00,Resolved,1,3,2005,Planes,109,S24_1785,Euro Shopping Channel,(91) 555 94 44,"C/ Moralzarzal, 86",Madrid,28034,Spain,EMEA,Freyre,Diego,Small,53815.72,77.94666666666666,0.025576727394895023
10398,43,100.0,16,5552.16,3/30/2005 0:00,Shipped,1,3,2005,Planes,109,S24_1785,Reims Collectables,26.47.1555,59 rue de l'Abbaye,Reims,51100,France,EMEA,Henriot,Paul,Medium,52029.07,77.58611111111111,0.10671265121594524
10401,38,96.29,5,3659.02,4/3/2005 0:00,On Hold,2,4,2005,Planes,109,S24_1785,Tekni Collectables Inc.,2015559350,7476 Moss Rd.,Newark,94019,USA,EMEA,Brown,William,Medium,46519.0,81.33333333333333,0.07865646295062233
10416,47,88.63,6,4165.61,5/10/2005 0:00,Shipped,2,5,2005,Planes,109,S24_1785,L'ordine Souveniers,0522-556555,Strada Provinciale 124,Reggio Emilia,42100,Italy,EMEA,Moroni,Maurizio,Medium,41509.94,82.75928571428572,0.1003521084347508
10101,45,31.2,3,1404.0,1/9/2003 0:00,Shipped,1,1,2003,Vintage Cars,33,S24_1937,"Blauer See Auto, Co.",+49 69 66 90 2555,Lyonerstr. 34,Frankfurt,60528,Germany,EMEA,Keitel,Roland,Small,11432.34,71.24,0.12280950356619905
10110,20,35.51,3,710.2,3/18/2003 0:00,Shipped,1,3,2003,Vintage Cars,33,S24_1937,"AV Stores, Co.",(171) 555-1555,Fauntleroy Circus,Manchester,EC2 5NT,UK,EMEA,Ashworth,Victoria,Small,51017.92,75.720625,0.013920598879766169
10124,45,37.84,2,1702.8,5/21/2003 0:00,Shipped,2,5,2003,Vintage Cars,33,S24_1937,Signal Gift Stores,7025551838,8489 Strong St.,Las Vegas,83030,USA,EMEA,King,Sue,Small,33847.62,72.39307692307692,0.05030782075667358
10149,36,33.19,7,1194.84,9/12/2003 0:00,Shipped,3,9,2003,Vintage Cars,33,S24_1937,Signal Collectibles Ltd.,4155554312,2793 Furth Circle,Brisbane,94217,USA,EMEA,Taylor,Sue,Small,34100.03,75.16818181818182,0.03503926536135012
10162,37,27.22,5,1007.14,10/18/2003 0:00,Shipped,4,10,2003,Vintage Cars,33,S24_1937,Corporate Gift Ideas Co.,6505551386,7734 Strong St.,San Francisco,28034,USA,EMEA,Brown,Julie,Small,33180.59,71.476,0.03035328787101134
10173,31,31.53,9,977.43,11/5/2003 0:00,Shipped,4,11,2003,Vintage Cars,33,S24_1937,Rovelli Gifts,035-640555,Via Ludovico il Moro 22,Bergamo,24100,Italy,EMEA,Rovelli,Giovanni,Small,40077.71,74.569375,0.02438836949516327
10182,39,36.84,6,1436.76,11/12/2003 0:00,Shipped,4,11,2003,Vintage Cars,33,S24_1937,Mini Gifts Distributors Ltd.,4155551450,5677 Strong St.,San Rafael,97562,USA,EMEA,Nelson,Valarie,Small,50360.89,77.46529411764706,0.028529281353049957
10193,26,29.21,10,759.46,11/21/2003 0:00,Shipped,4,11,2003,Vintage Cars,33,S24_1937,"Australian Collectables, Ltd",61-9-3844-6555,7 Allen Street,Glen Waverly,3150,Australia,APAC,Connery,Sean,Small,37878.55,76.986875,0.020049869913183055
10205,32,37.17,5,1189.44,12/3/2003 0:00,Shipped,4,12,2003,Vintage Cars,33,S24_1937,Euro Shopping Channel,(91) 555 94 44,"C/ Moralzarzal, 86",Madrid,28034,Spain,EMEA,Freyre,Diego,Small,16384.76,67.772,0.07259428883914078
10214,20,34.19,3,683.8,1/26/2004 0:00,Shipped,1,1,2004,Vintage Cars,33,S24_1937,"Corrida Auto Replicas, Ltd",(91) 555 22 82,"C/ Araquil, 67",Madrid,28023,Spain,EMEA,Sommer,MartÂ¡n,Small,24995.469999999998,68.56714285714285,0.02735695708062301
10227,42,29.21,6,1226.82,3/2/2004 0:00,Shipped,1,3,2004,Vintage Cars,33,S24_1937,"Saveley & Henriot, Co.",78.32.5555,"2, rue du Commerce",Lyon,69004,France,EMEA,Saveley,Mary,Small,46802.270000000004,76.42333333333333,0.02621283112977212
10243,33,29.54,1,974.82,4/26/2004 0:00,Shipped,2,4,2004,Vintage Cars,33,S24_1937,Diecast Collectables,6175552555,6251 Ingle Ln.,Boston,51003,USA,EMEA,Franco,Valarie,Small,7129.0,64.77,0.13674007574694907
10280,20,28.88,12,577.6,8/17/2004 0:00,Shipped,3,8,2004,Vintage Cars,33,S24_1937,Amica Models & Co.,011-4988555,Via Monte Bianco 34,Torino,10100,Italy,EMEA,Accorti,Paolo,Small,56078.26,81.5564705882353,0.010299891615752699
10288,29,38.17,1,1106.93,9/1/2004 0:00,Shipped,3,9,2004,Vintage Cars,33,S24_1937,Handji Gifts& Co,+65 224 1555,Village Close - 106 Linden Road Sandown,Singapore,69045,Singapore,APAC,Victorino,Wendy,Small,42902.84,75.91142857142857,0.025800856073863645
10304,23,30.2,16,694.6,10/11/2004 0:00,Shipped,4,10,2004,Vintage Cars,33,S24_1937,Auto Assoc. & Cie.,30.59.8555,"67, avenue de l'Europe",Versailles,78000,France,EMEA,Tonini,Daniel,Small,59074.9,81.46235294117646,0.011757954732043559
10312,39,29.54,13,1152.06,10/21/2004 0:00,Shipped,4,10,2004,Vintage Cars,33,S24_1937,Mini Gifts Distributors Ltd.,4155551450,5677 Strong St.,San Rafael,97562,USA,EMEA,Nelson,Valarie,Small,63075.08,76.92764705882352,0.018264899545113535
10322,20,100.0,3,2624.0,11/4/2004 0:00,Shipped,4,11,2004,Vintage Cars,33,S24_1937,Online Diecast Creations Co.,6035558647,2304 Long Airport Avenue,Nashua,62005,USA,EMEA,Young,Valarie,Small,55570.6,81.72071428571428,0.047219213037109554
10332,45,81.91,6,3685.95,11/17/2004 0:00,Shipped,4,11,2004,Vintage Cars,33,S24_1937,"AV Stores, Co.",(171) 555-1555,Fauntleroy Circus,Manchester,EC2 5NT,UK,EMEA,Ashworth,Victoria,Medium,48962.28,73.125,0.07528142071815283
10344,20,35.18,6,703.6,11/25/2004 0:00,Shipped,4,11,2004,Vintage Cars,33,S24_1937,Marseille Mini Autos,91.24.4555,"12, rue des Bouchers",Marseille,13008,France,EMEA,Lebihan,Laurence,Small,20136.86,73.57857142857142,0.03494089942523313
10356,48,100.0,5,9720.0,12/9/2004 0:00,Shipped,4,12,2004,Vintage Cars,33,S24_1937,Lyon Souveniers,+33 1 46 62 7555,27 rue du Colonel Pierre Avia,Paris,75508,France,EMEA,Da Cunha,Daniel,Large,32623.93,79.63777777777779,0.2979408060279678
10367,23,36.29,13,834.67,1/12/2005 0:00,Resolved,1,1,2005,Vintage Cars,33,S24_1937,Toys4GrownUps.com,6265557265,78934 Hillside Dr.,Pasadena,90003,USA,EMEA,Young,Julie,Small,44273.36,74.21615384615384,0.018852646376963482
10380,32,70.56,4,2257.92,2/16/2005 0:00,Shipped,1,2,2005,Vintage Cars,33,S24_1937,Euro Shopping Channel,(91) 555 94 44,"C/ Moralzarzal, 86",Madrid,28034,Spain,EMEA,Freyre,Diego,Small,38360.4,79.01,0.058860700096975006
10391,33,100.0,8,8344.71,3/9/2005 0:00,Shipped,1,3,2005,Vintage Cars,33,S24_1937,"Anna's Decorations, Ltd",02 9936 8555,201 Miller Street,North Sydney,2060,Australia,APAC,O'Hara,Anna,Large,35160.25,77.89500000000001,0.23733363670622362
10409,61,29.54,1,1801.94,4/23/2005 0:00,Shipped,2,4,2005,Vintage Cars,33,S24_1937,Handji Gifts& Co,+65 224 1555,Village Close - 106 Linden Road Sandown,Singapore,69045,Singapore,APAC,Victorino,Wendy,Small,2587.58,64.77,0.6963804017653561
10420,45,26.88,1,1209.6,5/29/2005 0:00,In Process,2,5,2005,Vintage Cars,33,S24_1937,Souveniers And Things Co.,+61 2 9495 8555,"Monitor Money Building, 815 Pacific Hwy",Chatswood,2067,Australia,APAC,Huxley,Adrian,Small,43971.43,77.13076923076923,0.027508771036102303
10107,38,83.03,7,3155.14,2/24/2003 0:00,Shipped,1,2,2003,Motorcycles,76,S24_2000,Land of Toys Inc.,2125557818,897 Long Airport Avenue,NYC,10022,USA,EMEA,Yu,Kwai,Medium,25783.76,92.80125,0.12236927430289454
10120,34,83.79,5,2848.86,4/29/2003 0:00,Shipped,2,4,2003,Motorcycles,76,S24_2000,"Australian Collectors, Co.",03 9520 4555,636 St Kilda Road,Melbourne,3004,Australia,APAC,Ferguson,Peter,Small,50397.66,84.97933333333334,0.056527624496851635
10134,43,83.03,7,3570.29,7/1/2003 0:00,Shipped,3,7,2003,Motorcycles,76,S24_2000,Lyon Souveniers,+33 1 46 62 7555,27 rue du Colonel Pierre Avia,Paris,75508,France,EMEA,Da Cunha,Daniel,Medium,25624.88,90.44142857142857,0.13932904271161464
10145,47,83.03,11,3902.41,8/25/2003 0:00,Shipped,3,8,2003,Motorcycles,76,S24_2000,Toys4GrownUps.com,6265557265,78934 Hillside Dr.,Pasadena,90003,USA,EMEA,Young,Julie,Medium,55776.119999999995,83.8375,0.0699656053522547
10158,22,67.03,1,1474.66,10/10/2003 0:00,Shipped,4,10,2003,Motorcycles,76,S24_2000,Baane Mini Imports,07-98 9555,Erling Skakkes gate 78,Stavern,4110,Norway,EMEA,Bergulfsen,Jonas,Small,1474.66,67.03,1.0
10168,29,75.41,6,2186.89,10/28/2003 0:00,Shipped,4,10,2003,Motorcycles,76,S24_2000,Technics Stores Inc.,6505556809,9408 Furth Circle,Burlingame,94217,USA,EMEA,Hirano,Juri,Small,62305.47,86.58777777777777,0.0350994864495846
10180,28,68.55,14,1919.4,11/11/2003 0:00,Shipped,4,11,2003,Motorcycles,76,S24_2000,Daedalus Designs Imports,20.16.1555,"184, chausse de Tournai",Lille,59000,France,EMEA,Rance,Martine,Small,48874.28,82.245,0.039272189789803555
10188,40,91.4,6,3656.0,11/18/2003 0:00,Shipped,4,11,2003,Motorcycles,76,S24_2000,Herkku Gifts,+47 2267 3215,"Drammen 121, PR 744 Sentrum",Bergen,N 5804,Norway,EMEA,Oeztan,Veysel,Medium,34481.340000000004,94.00625,0.10602836200681295
10201,25,73.88,7,1847.0,12/1/2003 0:00,Shipped,4,12,2003,Motorcycles,76,S24_2000,Mini Wheels Co.,6505555787,5557 North Pendale Street,San Francisco,28034,USA,EMEA,Murphy,Julie,Small,25431.88,91.03714285714285,0.07262538200085876
10210,30,61.7,4,1851.0,1/12/2004 0:00,Shipped,1,1,2004,Motorcycles,76,S24_2000,Osaka Souveniers Co.,+81 06 6342 5555,"Dojima Avanza 4F, 1-6-20 Dojima, Kita-ku",Osaka,530-0003,Japan,Japan,Kentary,Mory,Small,50490.64,78.96588235294118,0.03666026019872198
10223,38,69.31,6,2633.78,2/20/2004 0:00,Shipped,1,2,2004,Motorcycles,76,S24_2000,"Australian Collectors, Co.",03 9520 4555,636 St Kilda Road,Melbourne,3004,Australia,APAC,Ferguson,Peter,Small,49637.57,85.01933333333334,0.05306021225454832
10236,36,87.6,3,3153.6,4/3/2004 0:00,Shipped,2,4,2004,Motorcycles,76,S24_2000,Motor Mint Distributors Inc.,2155559857,11328 Douglas Av.,Philadelphia,71270,USA,EMEA,Hernandez,Rosa,Medium,7287.24,81.10666666666667,0.43275643453488566
10250,32,87.6,1,2803.2,5/11/2004 0:00,Shipped,2,5,2004,Motorcycles,76,S24_2000,The Sharp Gifts Warehouse,4085553659,3086 Ingle Ln.,San Jose,94217,USA,EMEA,Frick,Sue,Small,48472.24,82.75928571428572,0.057831038961681985
10263,37,62.46,7,2311.02,6/28/2004 0:00,Shipped,2,6,2004,Motorcycles,76,S24_2000,Gift Depot Inc.,2035552570,25593 South Bay Ln.,Bridgewater,97562,USA,EMEA,King,Julie,Small,44130.520000000004,87.51272727272728,0.05236783976259513
10275,30,79.98,6,2399.4,7/23/2004 0:00,Shipped,3,7,2004,Motorcycles,76,S24_2000,La Rochelle Gifts,40.67.8555,"67, rue des Cinquante Otages",Nantes,44000,France,EMEA,Labrune,Janine,Small,56002.9,82.95166666666667,0.0428442098534183
10285,39,70.08,11,2733.12,8/27/2004 0:00,Shipped,3,8,2004,Motorcycles,76,S24_2000,Marta's Replicas Co.,6175558555,39323 Spinnaker Dr.,Cambridge,51247,USA,EMEA,Hernandez,Marta,Small,48828.72,84.42615384615384,0.05597361552791062
10297,32,65.51,1,2096.32,9/16/2004 0:00,Shipped,3,9,2004,Motorcycles,76,S24_2000,"Clover Collections, Co.",+353 1862 1555,25 Maiden Lane,Dublin,2,Ireland,EMEA,Cassidy,Dean,Small,18971.96,85.79285714285713,0.11049569996985026
10308,47,63.22,4,2971.34,10/15/2004 0:00,Shipped,4,10,2004,Motorcycles,76,S24_2000,Mini Classics,9145554562,3758 North Pendale Street,White Plains,24067,USA,EMEA,Frick,Steve,Small,46873.04,80.71875,0.06339123726560086
10318,26,86.83,6,2257.58,11/2/2004 0:00,Shipped,4,11,2004,Motorcycles,76,S24_2000,Diecast Classics Inc.,2155551555,7586 Pompton St.,Allentown,70267,USA,EMEA,Yu,Kyung,Small,44040.729999999996,92.69666666666666,0.05126118481687293
10329,37,94.43,4,3493.91,11/15/2004 0:00,Shipped,4,11,2004,Motorcycles,76,S24_2000,Land of Toys Inc.,2125557818,897 Long Airport Avenue,NYC,10022,USA,EMEA,Yu,Kwai,Medium,53152.28,87.41266666666667,0.06573396287045448
10340,55,79.98,8,4398.9,11/24/2004 0:00,Shipped,4,11,2004,Motorcycles,76,S24_2000,Enaco Distributors,(93) 203 4555,"Rambla de CataluÂ¤a, 23",Barcelona,8022,Spain,EMEA,Saavedra,Eduardo,Medium,30183.35,81.36,0.1457392900390447
10363,21,100.0,8,3595.62,1/6/2005 0:00,Shipped,1,1,2005,Motorcycles,76,S24_2000,Suominen Souveniers,+358 9 8045 555,"Software Engineering Center, SEC Oy",Espoo,FIN-02271,Finland,EMEA,Suominen,Kalle,Medium,51373.49,87.70666666666666,0.06998979434724019
10375,23,100.0,9,2443.29,2/3/2005 0:00,Shipped,1,2,2005,Motorcycles,76,S24_2000,La Rochelle Gifts,40.67.8555,"67, rue des Cinquante Otages",Nantes,44000,France,EMEA,Labrune,Janine,Small,59617.4,85.766,0.0409828338706485
10389,49,81.4,2,3988.6,3/3/2005 0:00,Shipped,1,3,2005,Motorcycles,76,S24_2000,Scandinavian Gift Ideas,0695-34 6555,?kergatan 24,Boras,S-844 67,Sweden,EMEA,Larsson,Maria,Medium,31606.72,87.7875,0.1261946826497656
10402,59,87.6,3,5168.4,4/7/2005 0:00,Shipped,2,4,2005,Motorcycles,76,S24_2000,Auto Canal Petit,(1) 47.55.6555,"25, rue Lauriston",Paris,75016,France,EMEA,Perrier,Dominique,Medium,14066.8,81.10666666666667,0.36741831830977906
10416,32,87.6,1,2803.2,5/10/2005 0:00,Shipped,2,5,2005,Motorcycles,76,S24_2000,L'ordine Souveniers,0522-556555,Strada Provinciale 124,Reggio Emilia,42100,Italy,EMEA,Moroni,Maurizio,Small,41509.94,82.75928571428572,0.067530813101633
10105,43,100.0,9,6341.21,2/11/2003 0:00,Shipped,1,2,2003,Ships,122,S24_2011,Danish Wholesale Imports,31 12 3555,Vinb'ltet 34,Kobenhavn,1734,Denmark,EMEA,Petersen,Jytte,Medium,58871.11,85.284,0.1077134438266919
10117,41,100.0,3,5189.78,4/16/2003 0:00,Shipped,2,4,2003,Ships,122,S24_2011,"Dragon Souveniers, Ltd.",+65 221 7555,"Bronz Sok., Bronz Apt. 3/6 Tesvikiye",Singapore,79903,Singapore,Japan,Natividad,Eric,Medium,43657.47,87.43416666666667,0.11887496000111779
10129,45,100.0,9,6027.75,6/12/2003 0:00,Shipped,2,6,2003,Ships,122,S24_2011,"Stylish Desk Decors, Co.",(171) 555-0297,35 King George,London,WX3 6FW,UK,EMEA,Brown,Ann,Medium,32376.29,84.39111111111112,0.18617790982228044
10142,33,100.0,6,3366.0,8/8/2003 0:00,Shipped,3,8,2003,Ships,122,S24_2011,Mini Gifts Distributors Ltd.,4155551450,5677 Strong St.,San Rafael,97562,USA,EMEA,Nelson,Valarie,Medium,63088.16,85.518125,0.0533539098303073
10153,40,100.0,5,5456.4,9/28/2003 0:00,Shipped,3,9,2003,Ships,122,S24_2011,Euro Shopping Channel,(91) 555 94 44,"C/ Moralzarzal, 86",Madrid,28034,Spain,EMEA,Freyre,Diego,Medium,47727.82,86.91461538461539,0.11432326052185077
10167,33,100.0,16,3812.16,10/23/2003 0:00,Cancelled,4,10,2003,Ships,122,S24_2011,Scandinavian Gift Ideas,0695-34 6555,?kergatan 24,Boras,S-844 67,Sweden,EMEA,Larsson,Maria,Medium,48710.92,81.586875,0.0782608909870723
10177,50,100.0,7,6083.0,11/7/2003 0:00,Shipped,4,11,2003,Ships,122,S24_2011,CAF Imports,+34 913 728 555,"Merchants House, 27-30 Merchant's Quay",Madrid,28023,Spain,EMEA,Fernandez,Jesus,Medium,34311.35,84.59363636363636,0.1772882734138995
10185,30,100.0,7,3170.7,11/14/2003 0:00,Shipped,4,11,2003,Ships,122,S24_2011,Mini Creations Ltd.,5085559555,4575 Hillside Dr.,New Bedford,50553,USA,EMEA,Tam,Wing C,Medium,52191.44,83.18625,0.060751341599312066
10197,41,100.0,13,4534.6,11/26/2003 0:00,Shipped,4,11,2003,Ships,122,S24_2011,Enaco Distributors,(93) 203 4555,"Rambla de CataluÂ¤a, 23",Barcelona,8022,Spain,EMEA,Saavedra,Eduardo,Medium,44009.31,83.48214285714286,0.10303728915540827
10208,35,100.0,7,4301.15,1/2/2004 0:00,Shipped,1,1,2004,Ships,122,S24_2011,"Saveley & Henriot, Co.",78.32.5555,"2, rue du Commerce",Lyon,69004,France,EMEA,Saveley,Mary,Medium,54536.87,88.116,0.0788668289911027
10221,49,100.0,1,6804.63,2/18/2004 0:00,Shipped,1,2,2004,Ships,122,S24_2011,Petit Auto,(02) 5554 67,Rue Joseph-Bens 532,Bruxelles,B-1180,Belgium,EMEA,Dewey,Catherine,Medium,18800.09,93.44,0.3619466715318916
10232,46,100.0,4,5652.94,3/20/2004 0:00,Shipped,1,3,2004,Ships,122,S24_2011,giftsbymail.co.uk,(198) 555-8888,Garden House Crowther Way,Cowes,PO31 7PJ,UK,EMEA,Bennett,Helen,Medium,26906.68,87.74375,0.21009429628627535
10248,48,100.0,10,6960.48,5/7/2004 0:00,Cancelled,2,5,2004,Ships,122,S24_2011,Land of Toys Inc.,2125557818,897 Long Airport Avenue,NYC,10022,USA,EMEA,Yu,Kwai,Medium,45357.659999999996,87.77785714285714,0.1534576519159057
10261,36,100.0,8,4512.6,6/17/2004 0:00,Shipped,2,6,2004,Ships,122,S24_2011,Quebec Home Shopping Network,(514) 555-8054,43 rue St. Laurent,Montreal,H1J 1C3,Canada,EMEA,Fresnisre,Jean,Medium,24564.53,81.30333333333334,0.183703901519793
10273,22,100.0,11,2784.76,7/21/2004 0:00,Shipped,3,7,2004,Ships,122,S24_2011,Petit Auto,(02) 5554 67,Rue Joseph-Bens 532,Bruxelles,B-1180,Belgium,EMEA,Dewey,Catherine,Small,47760.479999999996,86.49533333333333,0.0583067841864236
10283,42,100.0,13,5316.36,8/20/2004 0:00,Shipped,3,8,2004,Ships,122,S24_2011,"Royal Canadian Collectables, Ltd.",(604) 555-4555,23 Tsawassen Blvd.,Tsawassen,T2F 8M4,Canada,EMEA,Lincoln,Elizabeth,Medium,43332.35,84.92857142857143,0.12268801484341375
10293,21,100.0,2,2941.89,9/9/2004 0:00,Shipped,3,9,2004,Ships,122,S24_2011,Amica Models & Co.,011-4988555,Via Monte Bianco 34,Torino,10100,Italy,EMEA,Accorti,Paolo,Small,38039.0,92.4388888888889,0.0773387838797024
10306,29,100.0,7,3207.4,10/14/2004 0:00,Shipped,4,10,2004,Ships,122,S24_2011,"AV Stores, Co.",(171) 555-1555,Fauntleroy Circus,Manchester,EC2 5NT,UK,EMEA,Ashworth,Victoria,Medium,57827.61,85.14999999999999,0.055464854936941026
10315,35,100.0,6,4215.05,10/29/2004 0:00,Shipped,4,10,2004,Ships,122,S24_2011,La Rochelle Gifts,40.67.8555,"67, rue des Cinquante Otages",Nantes,44000,France,EMEA,Labrune,Janine,Medium,20719.91,83.13571428571429,0.20342993767830073
10326,41,100.0,4,4333.29,11/9/2004 0:00,Shipped,4,11,2004,Ships,122,S24_2011,"Volvo Model Replicas, Co",0921-12 3555,BerguvsvÂgen  8,Lule,S-958 22,Sweden,EMEA,Berglund,Christina,Medium,20146.32,87.35166666666667,0.21509089501209153
10337,29,71.97,4,2087.13,11/21/2004 0:00,Shipped,4,11,2004,Ships,122,S24_2011,Classic Legends Inc.,2125558493,5905 Pompton St.,NYC,10022,USA,EMEA,Hernandez,Maria,Small,27733.04,83.19444444444444,0.0752578873430392
10350,34,50.33,7,1711.22,12/2/2004 0:00,Shipped,4,12,2004,Ships,122,S24_2011,Euro Shopping Channel,(91) 555 94 44,"C/ Moralzarzal, 86",Madrid,28034,Spain,EMEA,Freyre,Diego,Small,52269.17,84.99470588235295,0.03273861054231395
10372,37,100.0,8,3910.53,1/26/2005 0:00,Shipped,1,1,2005,Ships,122,S24_2011,"Tokyo Collectables, Ltd",+81 3 3584 0555,2-2-8 Roppongi,Minato-ku,106-0032,Japan,Japan,Shimamura,Akiko,Medium,38191.39,92.24222222222221,0.10239297391375386
10384,28,80.54,3,2255.12,2/23/2005 0:00,Shipped,1,2,2005,Ships,122,S24_2011,Corporate Gift Ideas Co.,6505551386,7734 Strong St.,San Francisco,28034,USA,EMEA,Brown,Julie,Small,17707.67,94.6025,0.1273527234243692
10396,49,100.0,6,5720.75,3/23/2005 0:00,Shipped,1,3,2005,Ships,122,S24_2011,Mini Gifts Distributors Ltd.,4155551450,5677 Strong St.,San Rafael,97562,USA,EMEA,Nelson,Valarie,Medium,32194.79,91.27375,0.17769179423130263
10414,23,100.0,10,3335.23,5/6/2005 0:00,On Hold,2,5,2005,Ships,122,S24_2011,Gifts4AllAges.com,6175559555,8616 Spinnaker Dr.,Boston,51003,USA,EMEA,Yoshido,Juri,Medium,48316.89,87.77785714285714,0.06902824250484665
10101,46,53.76,2,2472.96,1/9/2003 0:00,Shipped,1,1,2003,Vintage Cars,44,S24_2022,"Blauer See Auto, Co.",+49 69 66 90 2555,Lyonerstr. 34,Frankfurt,60528,Germany,EMEA,Keitel,Roland,Small,11432.34,71.24,0.21631267089677178
10110,39,44.35,2,1729.65,3/18/2003 0:00,Shipped,1,3,2003,Vintage Cars,44,S24_2022,"AV Stores, Co.",(171) 555-1555,Fauntleroy Circus,Manchester,EC2 5NT,UK,EMEA,Ashworth,Victoria,Small,51017.92,75.720625,0.03390279337142714
10124,22,45.25,1,995.5,5/21/2003 0:00,Shipped,2,5,2003,Vintage Cars,44,S24_2022,Signal Gift Stores,7025551838,8489 Strong St.,Las Vegas,83030,USA,EMEA,King,Sue,Small,33847.62,72.39307692307692,0.0294112259591664
10149,49,49.28,6,2414.72,9/12/2003 0:00,Shipped,3,9,2003,Vintage Cars,44,S24_2022,Signal Collectibles Ltd.,4155554312,2793 Furth Circle,Brisbane,94217,USA,EMEA,Taylor,Sue,Small,34100.03,75.16818181818182,0.07081284092711941
10162,43,36.29,4,1560.47,10/18/2003 0:00,Shipped,4,10,2003,Vintage Cars,44,S24_2022,Corporate Gift Ideas Co.,6505551386,7734 Strong St.,San Francisco,28034,USA,EMEA,Brown,Julie,Small,33180.59,71.476,0.04702960375327866
10173,27,41.22,8,1112.94,11/5/2003 0:00,Shipped,4,11,2003,Vintage Cars,44,S24_2022,Rovelli Gifts,035-640555,Via Ludovico il Moro 22,Bergamo,24100,Italy,EMEA,Rovelli,Giovanni,Small,40077.71,74.569375,0.02776955070536715
10182,31,36.74,5,1138.94,11/12/2003 0:00,Shipped,4,11,2003,Vintage Cars,44,S24_2022,Mini Gifts Distributors Ltd.,4155551450,5677 Strong St.,San Rafael,97562,USA,EMEA,Nelson,Valarie,Small,50360.89,77.46529411764706,0.02261556537225613
10193,20,50.62,9,1012.4,11/21/2003 0:00,Shipped,4,11,2003,Vintage Cars,44,S24_2022,"Australian Collectables, Ltd",61-9-3844-6555,7 Allen Street,Glen Waverly,3150,Australia,APAC,Connery,Sean,Small,37878.55,76.986875,0.026727527848874888
10205,24,38.08,4,913.92,12/3/2003 0:00,Shipped,4,12,2003,Vintage Cars,44,S24_2022,Euro Shopping Channel,(91) 555 94 44,"C/ Moralzarzal, 86",Madrid,28034,Spain,EMEA,Freyre,Diego,Small,16384.76,67.772,0.05577866261086522
10214,49,47.94,2,2349.06,1/26/2004 0:00,Shipped,1,1,2004,Vintage Cars,44,S24_2022,"Corrida Auto Replicas, Ltd",(91) 555 22 82,"C/ Araquil, 67",Madrid,28023,Spain,EMEA,Sommer,MartÂ¡n,Small,24995.469999999998,68.56714285714285,0.09397942907254796
10227,24,48.38,5,1161.12,3/2/2004 0:00,Shipped,1,3,2004,Vintage Cars,44,S24_2022,"Saveley & Henriot, Co.",78.32.5555,"2, rue du Commerce",Lyon,69004,France,EMEA,Saveley,Mary,Small,46802.270000000004,76.42333333333333,0.024809053065161152
10244,39,45.25,9,1764.75,4/29/2004 0:00,Shipped,2,4,2004,Vintage Cars,44,S24_2022,Euro Shopping Channel,(91) 555 94 44,"C/ Moralzarzal, 86",Madrid,28034,Spain,EMEA,Freyre,Diego,Small,28327.64,81.39666666666668,0.062297812313344844
10255,37,45.7,2,1690.9,6/4/2004 0:00,Shipped,2,6,2004,Vintage Cars,44,S24_2022,Mini Caravy,88.60.1555,"24, place Kluber",Strasbourg,67000,France,EMEA,Citeaux,Frederique,Small,5416.9,72.85,0.31215270726799466
10280,45,47.49,11,2137.05,8/17/2004 0:00,Shipped,3,8,2004,Vintage Cars,44,S24_2022,Amica Models & Co.,011-4988555,Via Monte Bianco 34,Torino,10100,Italy,EMEA,Accorti,Paolo,Small,56078.26,81.5564705882353,0.03810835072272214
10289,45,48.38,4,2177.1,9/3/2004 0:00,Shipped,3,9,2004,Vintage Cars,44,S24_2022,Herkku Gifts,+47 2267 3215,"Drammen 121, PR 744 Sentrum",Bergen,N 5804,Norway,EMEA,Oeztan,Veysel,Small,16363.1,76.1125,0.13304936106239038
10304,44,39.42,15,1734.48,10/11/2004 0:00,Shipped,4,10,2004,Vintage Cars,44,S24_2022,Auto Assoc. & Cie.,30.59.8555,"67, avenue de l'Europe",Versailles,78000,France,EMEA,Tonini,Daniel,Small,59074.9,81.46235294117646,0.02936069295081329
10312,23,37.63,12,865.49,10/21/2004 0:00,Shipped,4,10,2004,Vintage Cars,44,S24_2022,Mini Gifts Distributors Ltd.,4155551450,5677 Strong St.,San Rafael,97562,USA,EMEA,Nelson,Valarie,Small,63075.08,76.92764705882352,0.013721583864816343
10322,30,100.0,4,3500.1,11/4/2004 0:00,Shipped,4,11,2004,Vintage Cars,44,S24_2022,Online Diecast Creations Co.,6035558647,2304 Long Airport Avenue,Nashua,62005,USA,EMEA,Young,Valarie,Medium,55570.6,81.72071428571428,0.06298474373139754
10332,26,85.52,10,2223.52,11/17/2004 0:00,Shipped,4,11,2004,Vintage Cars,44,S24_2022,"AV Stores, Co.",(171) 555-1555,Fauntleroy Circus,Manchester,EC2 5NT,UK,EMEA,Ashworth,Victoria,Small,48962.28,73.125,0.045412917862485164
10345,43,53.76,1,2311.68,11/25/2004 0:00,Shipped,4,11,2004,Vintage Cars,44,S24_2022,Atelier graphique,40.32.2555,"54, rue Royale",Nantes,44000,France,EMEA,Schmitt,Carine,Small,2311.68,53.76,1.0
10356,26,31.86,7,828.36,12/9/2004 0:00,Shipped,4,12,2004,Vintage Cars,44,S24_2022,Lyon Souveniers,+33 1 46 62 7555,27 rue du Colonel Pierre Avia,Paris,75508,France,EMEA,Da Cunha,Daniel,Small,32623.93,79.63777777777779,0.02539117758038348
10367,28,30.59,12,856.52,1/12/2005 0:00,Resolved,1,1,2005,Vintage Cars,44,S24_2022,Toys4GrownUps.com,6265557265,78934 Hillside Dr.,Pasadena,90003,USA,EMEA,Young,Julie,Small,44273.36,74.21615384615384,0.01934617115122954
10380,27,68.35,5,1845.45,2/16/2005 0:00,Shipped,1,2,2005,Vintage Cars,44,S24_2022,Euro Shopping Channel,(91) 555 94 44,"C/ Moralzarzal, 86",Madrid,28034,Spain,EMEA,Freyre,Diego,Small,38360.4,79.01,0.04810820533675353
10391,24,100.0,1,4042.08,3/9/2005 0:00,Shipped,1,3,2005,Vintage Cars,44,S24_2022,"Anna's Decorations, Ltd",02 9936 8555,201 Miller Street,North Sydney,2060,Australia,APAC,O'Hara,Anna,Medium,35160.25,77.89500000000001,0.1149616399200802
10421,40,45.7,2,1828.0,5/29/2005 0:00,In Process,2,5,2005,Vintage Cars,44,S24_2022,Mini Gifts Distributors Ltd.,4155551450,5677 Strong St.,San Rafael,97562,USA,EMEA,Nelson,Valarie,Small,7261.75,72.85,0.25172995490067823
10103,36,100.0,1,3680.28,1/29/2003 0:00,Shipped,1,1,2003,Trucks and Buses,127,S24_2300,Baane Mini Imports,07-98 9555,Erling Skakkes gate 78,Stavern,4110,Norway,EMEA,Bergulfsen,Jonas,Medium,54702.0,88.59625,0.06727871010200724
10114,21,100.0,5,2925.09,4/1/2003 0:00,Shipped,2,4,2003,Trucks and Buses,127,S24_2300,"La Corne D'abondance, Co.",(1) 42.34.2555,"265, boulevard Charonne",Paris,75012,France,EMEA,Bertrand,Marie,Small,38217.41,85.446,0.07653815368440718
10126,27,100.0,1,3415.77,5/28/2003 0:00,Shipped,2,5,2003,Trucks and Buses,127,S24_2300,"Corrida Auto Replicas, Ltd",(91) 555 22 82,"C/ Araquil, 67",Madrid,28023,Spain,EMEA,Sommer,MartÂ¡n,Medium,61073.21,86.85000000000001,0.055929105412995325
10140,47,100.0,1,5105.14,7/24/2003 0:00,Shipped,3,7,2003,Trucks and Buses,127,S24_2300,Technics Stores Inc.,6505556809,9408 Furth Circle,Burlingame,94217,USA,EMEA,Hirano,Juri,Medium,42031.83,87.82,0.12145890388308099
10151,42,100.0,8,5098.8,9/21/2003 0:00,Shipped,3,9,2003,Trucks and Buses,127,S24_2300,"Oulu Toy Supplies, Inc.",981-443655,Torikatu 38,Oulu,90110,Finland,EMEA,Koskitalo,Pirkko,Medium,37501.58,87.34400000000001,0.13596227145629597
10165,32,100.0,17,4661.76,10/22/2003 0:00,Shipped,4,10,2003,Trucks and Buses,127,S24_2300,"Dragon Souveniers, Ltd.",+65 221 7555,"Bronz Sok., Bronz Apt. 3/6 Tesvikiye",Singapore,79903,Singapore,Japan,Natividad,Eric,Medium,77809.37,85.15388888888889,0.059912578652159765
10175,28,100.0,6,2969.96,11/6/2003 0:00,Shipped,4,11,2003,Trucks and Buses,127,S24_2300,"Stylish Desk Decors, Co.",(171) 555-0297,35 King George,London,WX3 6FW,UK,EMEA,Brown,Ann,Small,42688.31,85.38916666666667,0.06957314543489776
10184,24,100.0,11,3496.32,11/14/2003 0:00,Shipped,4,11,2003,Trucks and Buses,127,S24_2300,"Iberia Gift Imports, Corp.",(95) 555 82 82,"C/ Romero, 33",Sevilla,41101,Spain,EMEA,Roel,Jose Pedro,Medium,51502.740000000005,81.98538461538462,0.06788609693387186
10194,49,100.0,1,5760.93,11/25/2003 0:00,Shipped,4,11,2003,Trucks and Buses,127,S24_2300,"Saveley & Henriot, Co.",78.32.5555,"2, rue du Commerce",Lyon,69004,France,EMEA,Saveley,Mary,Medium,41535.11,86.34818181818183,0.13870024661063857
10207,46,100.0,12,6819.04,12/9/2003 0:00,Shipped,4,12,2003,Trucks and Buses,127,S24_2300,Diecast Collectables,6175552555,6251 Ingle Ln.,Boston,51003,USA,EMEA,Franco,Valarie,Medium,63730.78,83.64875,0.10699759205834293
10217,28,100.0,1,3148.88,2/4/2004 0:00,Shipped,1,2,2004,Trucks and Buses,127,S24_2300,Handji Gifts& Co,+65 224 1555,Village Close - 106 Linden Road Sandown,Singapore,69045,Singapore,APAC,Victorino,Wendy,Medium,24219.59,87.34714285714286,0.130013761587211
10229,48,100.0,6,5704.32,3/11/2004 0:00,Shipped,1,3,2004,Trucks and Buses,127,S24_2300,Mini Gifts Distributors Ltd.,4155551450,5677 Strong St.,San Rafael,97562,USA,EMEA,Nelson,Valarie,Medium,48922.77,82.845,0.11659846733944133
10246,29,100.0,10,3520.6,5/5/2004 0:00,Shipped,2,5,2004,Trucks and Buses,127,S24_2300,Euro Shopping Channel,(91) 555 94 44,"C/ Moralzarzal, 86",Madrid,28034,Spain,EMEA,Freyre,Diego,Medium,41317.75,81.59454545454545,0.0852079312160028
10259,47,100.0,9,5285.62,6/15/2004 0:00,Shipped,2,6,2004,Trucks and Buses,127,S24_2300,Handji Gifts& Co,+65 224 1555,Village Close - 106 Linden Road Sandown,Singapore,69045,Singapore,APAC,Victorino,Wendy,Medium,45788.72,81.47692307692309,0.11543498049301225
10271,43,100.0,10,5605.05,7/20/2004 0:00,Shipped,3,7,2004,Trucks and Buses,127,S24_2300,Mini Gifts Distributors Ltd.,4155551450,5677 Strong St.,San Rafael,97562,USA,EMEA,Nelson,Valarie,Medium,41121.58,83.53818181818181,0.1363043443369637
10281,25,100.0,6,2779.5,8/19/2004 0:00,Shipped,3,8,2004,Trucks and Buses,127,S24_2300,Diecast Classics Inc.,2155551555,7586 Pompton St.,Allentown,70267,USA,EMEA,Yu,Kyung,Small,44781.35,82.7942857142857,0.06206824939399996
10291,48,100.0,1,5398.08,9/8/2004 0:00,Shipped,3,9,2004,Trucks and Buses,127,S24_2300,Scandinavian Gift Ideas,0695-34 6555,?kergatan 24,Boras,S-844 67,Sweden,EMEA,Larsson,Maria,Medium,53941.69,86.83428571428571,0.10007250421705363
10305,24,100.0,10,3189.6,10/13/2004 0:00,Shipped,4,10,2004,Trucks and Buses,127,S24_2300,Marta's Replicas Co.,6175558555,39323 Spinnaker Dr.,Cambridge,51247,USA,EMEA,Hernandez,Marta,Medium,54251.659999999996,85.99928571428572,0.05879267104453578
10313,42,100.0,4,5581.8,10/22/2004 0:00,Shipped,4,10,2004,Trucks and Buses,127,S24_2300,Canadian Gift Exchange Network,(604) 555-3392,1900 Oak St.,Vancouver,V3F 2K1,Canada,EMEA,Tannamuri,Yoshi,Medium,36576.71,85.57545454545455,0.15260530539788844
10324,31,100.0,2,3820.44,11/5/2004 0:00,Shipped,4,11,2004,Trucks and Buses,127,S24_2300,Vitachrome Inc.,2125551500,2678 Kingston Rd.,NYC,10022,USA,EMEA,Frick,Michael,Medium,56372.87,86.96642857142857,0.06777089759666308
10334,42,100.0,5,5528.04,11/19/2004 0:00,On Hold,4,11,2004,Trucks and Buses,127,S24_2300,"Volvo Model Replicas, Co",0921-12 3555,BerguvsvÂgen  8,Lule,S-958 22,Sweden,EMEA,Berglund,Christina,Medium,26260.21,93.56333333333333,0.21051012158699417
10348,37,100.0,1,5981.42,11/1/2004 0:00,Shipped,4,11,2004,Trucks and Buses,127,S24_2300,"Corrida Auto Replicas, Ltd",(91) 555 22 82,"C/ Araquil, 67",Madrid,28023,Spain,EMEA,Sommer,MartÂ¡n,Medium,34546.6,85.6875,0.17314062744235323
10358,41,100.0,7,5684.65,12/10/2004 0:00,Shipped,4,12,2004,Trucks and Buses,127,S24_2300,Euro Shopping Channel,(91) 555 94 44,"C/ Moralzarzal, 86",Madrid,28034,Spain,EMEA,Freyre,Diego,Medium,51435.45,85.22214285714286,0.1105200790505381
10371,20,100.0,5,3449.4,1/23/2005 0:00,Shipped,1,1,2005,Trucks and Buses,127,S24_2300,Mini Gifts Distributors Ltd.,4155551450,5677 Strong St.,San Rafael,97562,USA,EMEA,Nelson,Valarie,Medium,36124.270000000004,83.8225,0.09548705067258105
10382,20,100.0,3,2654.4,2/17/2005 0:00,Shipped,1,2,2005,Trucks and Buses,127,S24_2300,Mini Gifts Distributors Ltd.,4155551450,5677 Strong St.,San Rafael,97562,USA,EMEA,Nelson,Valarie,Small,55741.020000000004,92.67461538461538,0.04762022654052617
10412,70,100.0,10,8498.0,5/3/2005 0:00,Shipped,2,5,2005,Trucks and Buses,127,S24_2300,Euro Shopping Channel,(91) 555 94 44,"C/ Moralzarzal, 86",Madrid,28034,Spain,EMEA,Freyre,Diego,Large,52287.74,81.59454545454545,0.16252375795932278
10425,49,100.0,9,5510.54,5/31/2005 0:00,In Process,2,5,2005,Trucks and Buses,127,S24_2300,La Rochelle Gifts,40.67.8555,"67, rue des Cinquante Otages",Nantes,44000,France,EMEA,Labrune,Janine,Medium,43784.69,81.47692307692309,0.12585540744949889
10108,35,58.87,15,2060.45,3/3/2003 0:00,Shipped,1,3,2003,Motorcycles,69,S24_2360,Cruz & Sons Co.,+63 2 555 3587,15 McCallum Street - NatWest Center #13-03,Makati City,1227 MM,Philippines,Japan,Cruz,Arnold,Small,55245.020000000004,82.81125,0.037296574424264844
10121,32,76.88,2,2460.16,5/7/2003 0:00,Shipped,2,5,2003,Motorcycles,69,S24_2360,Reims Collectables,26.47.1555,59 rue de l'Abbaye,Reims,51100,France,EMEA,Henriot,Paul,Small,18971.96,83.964,0.1296734760140755
10135,29,61.64,16,1787.56,7/2/2003 0:00,Shipped,3,7,2003,Motorcycles,69,S24_2360,Mini Gifts Distributors Ltd.,4155551450,5677 Strong St.,San Rafael,97562,USA,EMEA,Nelson,Valarie,Small,59280.51,79.85588235294118,0.030154261493364344
10145,27,60.95,3,1645.65,8/25/2003 0:00,Shipped,3,8,2003,Motorcycles,69,S24_2360,Toys4GrownUps.com,6265557265,78934 Hillside Dr.,Pasadena,90003,USA,EMEA,Young,Julie,Small,55776.119999999995,83.8375,0.02950456216746522
10159,27,80.34,11,2169.18,10/10/2003 0:00,Shipped,4,10,2003,Motorcycles,69,S24_2360,Corporate Gift Ideas Co.,6505551386,7734 Strong St.,San Francisco,28034,USA,EMEA,Brown,Julie,Small,62498.29,83.05611111111111,0.03470782960621802
10169,38,74.11,11,2816.18,11/4/2003 0:00,Shipped,4,11,2003,Motorcycles,69,S24_2360,"Anna's Decorations, Ltd",02 9936 8555,201 Miller Street,North Sydney,2060,Australia,APAC,O'Hara,Anna,Small,41791.95,80.17461538461538,0.06738570466321864
10180,35,72.03,6,2521.05,11/11/2003 0:00,Shipped,4,11,2003,Motorcycles,69,S24_2360,Daedalus Designs Imports,20.16.1555,"184, chausse de Tournai",Lille,59000,France,EMEA,Rance,Martine,Small,48874.28,82.245,0.05158234556089625
10190,42,76.19,3,3199.98,11/19/2003 0:00,Shipped,4,11,2003,Motorcycles,69,S24_2360,Euro Shopping Channel,(91) 555 94 44,"C/ Moralzarzal, 86",Madrid,28034,Spain,EMEA,Freyre,Diego,Medium,10986.56,65.405,0.29126314333148867
10211,21,63.72,11,1338.12,1/15/2004 0:00,Shipped,1,1,2004,Motorcycles,69,S24_2360,Auto Canal Petit,(1) 47.55.6555,"25, rue Lauriston",Paris,75016,France,EMEA,Perrier,Dominique,Small,51172.65,82.83133333333333,0.02614912458119718
10224,37,80.34,4,2972.58,2/21/2004 0:00,Shipped,1,2,2004,Motorcycles,69,S24_2360,Daedalus Designs Imports,20.16.1555,"184, chausse de Tournai",Lille,59000,France,EMEA,Rance,Martine,Small,20178.129999999997,75.91666666666667,0.1473169218356706
10237,26,79.65,4,2070.9,4/5/2004 0:00,Shipped,2,4,2004,Motorcycles,69,S24_2360,Vitachrome Inc.,2125551500,2678 Kingston Rd.,NYC,10022,USA,EMEA,Frick,Michael,Small,24804.34,82.27111111111111,0.0834894216092829
10252,47,65.8,8,3092.6,5/26/2004 0:00,Shipped,2,5,2004,Motorcycles,69,S24_2360,Auto Canal Petit,(1) 47.55.6555,"25, rue Lauriston",Paris,75016,France,EMEA,Perrier,Dominique,Medium,27931.21,78.11444444444444,0.11072202027767504
10264,37,65.1,6,2408.7,6/30/2004 0:00,Shipped,2,6,2004,Motorcycles,69,S24_2360,Gifts4AllAges.com,6175559555,8616 Spinnaker Dr.,Boston,51003,USA,EMEA,Yoshido,Juri,Small,19548.35,74.73428571428572,0.12321756056137731
10276,46,75.49,12,3472.54,8/2/2004 0:00,Shipped,3,8,2004,Motorcycles,69,S24_2360,Online Mini Collectables,6175557555,7635 Spinnaker Dr.,Brickhaven,58339,USA,EMEA,Barajas,Miguel,Medium,52505.36,80.24285714285715,0.0661368667884574
10285,38,59.56,3,2263.28,8/27/2004 0:00,Shipped,3,8,2004,Motorcycles,69,S24_2360,Marta's Replicas Co.,6175558555,39323 Spinnaker Dr.,Cambridge,51247,USA,EMEA,Hernandez,Marta,Small,48828.72,84.42615384615384,0.046351409580263424
10299,33,66.49,6,2194.17,9/30/2004 0:00,Shipped,3,9,2004,Motorcycles,69,S24_2360,"Toys of Finland, Co.",90-224 8555,Keskuskatu 45,Helsinki,21240,Finland,EMEA,Karttunen,Matti,Small,42744.06,84.18818181818182,0.05133274658513955
10309,24,56.1,2,1346.4,10/15/2004 0:00,Shipped,4,10,2004,Motorcycles,69,S24_2360,Baane Mini Imports,07-98 9555,Erling Skakkes gate 78,Stavern,4110,Norway,EMEA,Bergulfsen,Jonas,Small,19769.68,88.24666666666667,0.06810428899203225
10319,31,81.73,7,2533.63,11/3/2004 0:00,Shipped,4,11,2004,Motorcycles,69,S24_2360,Microscale Inc.,2125551957,5290 North Pendale Street,NYC,10022,USA,EMEA,Kuo,Kee,Small,31446.15,79.55222222222223,0.08057043549051315
10330,42,81.03,1,3403.26,11/16/2004 0:00,Shipped,4,11,2004,Motorcycles,69,S24_2360,Cruz & Sons Co.,+63 2 555 3587,15 McCallum Street - NatWest Center #13-03,Makati City,1227 MM,Philippines,Japan,Cruz,Arnold,Medium,15928.75,87.66499999999999,0.2136551832378561
10341,32,100.0,6,3307.2,11/24/2004 0:00,Shipped,4,11,2004,Motorcycles,69,S24_2360,Salzburg Collectables,6562-9555,Geislweg 14,Salzburg,5020,Austria,EMEA,Pipps,Georg,Medium,45001.11,91.536,0.07349152054249328
10355,41,70.65,3,2896.65,12/7/2004 0:00,Shipped,4,12,2004,Motorcycles,69,S24_2360,Euro Shopping Channel,(91) 555 94 44,"C/ Moralzarzal, 86",Madrid,28034,Spain,EMEA,Freyre,Diego,Small,29884.13,76.03099999999999,0.096929373550443
10363,43,61.23,14,2632.89,1/6/2005 0:00,Shipped,1,1,2005,Motorcycles,69,S24_2360,Suominen Souveniers,+358 9 8045 555,"Software Engineering Center, SEC Oy",Espoo,FIN-02271,Finland,EMEA,Suominen,Kalle,Small,51373.49,87.70666666666666,0.05124997347853922
10375,20,100.0,14,2046.0,2/3/2005 0:00,Shipped,1,2,2005,Motorcycles,69,S24_2360,La Rochelle Gifts,40.67.8555,"67, rue des Cinquante Otages",Nantes,44000,France,EMEA,Labrune,Janine,Small,59617.4,85.766,0.03431883980180283
10390,35,65.13,4,2279.55,3/4/2005 0:00,Shipped,1,3,2005,Motorcycles,69,S24_2360,Mini Gifts Distributors Ltd.,4155551450,5677 Strong St.,San Rafael,97562,USA,EMEA,Nelson,Valarie,Small,61133.28,81.740625,0.03728820046953149
10403,27,79.65,4,2150.55,4/8/2005 0:00,Shipped,2,4,2005,Motorcycles,69,S24_2360,"UK Collectables, Ltd.",(171) 555-2282,Berkeley Gardens 12  Brewery,Liverpool,WX1 6LT,UK,EMEA,Devon,Elizabeth,Small,40802.81,82.27111111111111,0.05270592883186232
10110,43,78.15,11,3360.45,3/18/2003 0:00,Shipped,1,3,2003,Classic Cars,90,S24_2766,"AV Stores, Co.",(171) 555-1555,Fauntleroy Circus,Manchester,EC2 5NT,UK,EMEA,Ashworth,Victoria,Medium,51017.92,75.720625,0.06586803225219687
10124,32,72.7,10,2326.4,5/21/2003 0:00,Shipped,2,5,2003,Classic Cars,90,S24_2766,Signal Gift Stores,7025551838,8489 Strong St.,Las Vegas,83030,USA,EMEA,King,Sue,Small,33847.62,72.39307692307692,0.06873156812798063
10148,21,73.6,4,1545.6,9/11/2003 0:00,Shipped,3,9,2003,Classic Cars,90,S24_2766,"Anna's Decorations, Ltd",02 9936 8555,201 Miller Street,North Sydney,2060,Australia,APAC,O'Hara,Anna,Small,47191.76,88.97,0.032751480343178554
10161,20,100.0,3,2144.6,10/17/2003 0:00,Shipped,4,10,2003,Classic Cars,90,S24_2766,Heintze Collectables,86 21 3555,Smagsloget 45,Aaarhus,8200,Denmark,EMEA,Ibsen,Palle,Small,40321.61,90.30666666666667,0.053187360326137766
10172,22,74.51,1,1639.22,11/5/2003 0:00,Shipped,4,11,2003,Classic Cars,90,S24_2766,Gift Depot Inc.,2035552570,25593 South Bay Ln.,Bridgewater,97562,USA,EMEA,King,Julie,Small,26115.8,84.1,0.06276736688135152
10182,36,73.6,14,2649.6,11/12/2003 0:00,Shipped,4,11,2003,Classic Cars,90,S24_2766,Mini Gifts Distributors Ltd.,4155551450,5677 Strong St.,San Rafael,97562,USA,EMEA,Nelson,Valarie,Small,50360.89,77.46529411764706,0.05261225526395582
10192,46,83.6,2,3845.6,11/20/2003 0:00,Shipped,4,11,2003,Classic Cars,90,S24_2766,Online Diecast Creations Co.,6035558647,2304 Long Airport Avenue,Nashua,62005,USA,EMEA,Young,Valarie,Medium,63981.45,87.591875,0.06010492103570644
10204,47,96.32,8,4527.04,12/2/2003 0:00,Shipped,4,12,2003,Classic Cars,90,S24_2766,Muscle Machine Inc,2125557413,4092 Furth Circle,NYC,10022,USA,EMEA,Young,Jeff,Medium,64316.090000000004,85.04470588235294,0.07038736341092874
10212,45,88.14,1,3966.3,1/16/2004 0:00,Shipped,1,1,2004,Classic Cars,90,S24_2766,Euro Shopping Channel,(91) 555 94 44,"C/ Moralzarzal, 86",Madrid,28034,Spain,EMEA,Freyre,Diego,Medium,65165.17,87.60125,0.0608653364980096
10227,47,88.14,14,4142.58,3/2/2004 0:00,Shipped,1,3,2004,Classic Cars,90,S24_2766,"Saveley & Henriot, Co.",78.32.5555,"2, rue du Commerce",Lyon,69004,France,EMEA,Saveley,Mary,Medium,46802.270000000004,76.42333333333333,0.08851237343829689
10241,47,94.5,6,4441.5,4/13/2004 0:00,Shipped,2,4,2004,Classic Cars,90,S24_2766,Mini Caravy,88.60.1555,"24, place Kluber",Strasbourg,67000,France,EMEA,Citeaux,Frederique,Medium,39341.229999999996,83.97666666666667,0.11289682605246457
10267,38,87.24,3,3315.12,7/7/2004 0:00,Shipped,3,7,2004,Classic Cars,90,S24_2766,Muscle Machine Inc,2125557413,4092 Furth Circle,NYC,10022,USA,EMEA,Young,Jeff,Medium,23252.18,89.93833333333333,0.14257243836921957
10279,49,79.97,3,3918.53,8/9/2004 0:00,Shipped,3,8,2004,Classic Cars,90,S24_2766,Euro Shopping Channel,(91) 555 94 44,"C/ Moralzarzal, 86",Madrid,28034,Spain,EMEA,Freyre,Diego,Medium,21986.27,81.095,0.17822622936951107
10288,35,80.87,9,2830.45,9/1/2004 0:00,Shipped,3,9,2004,Classic Cars,90,S24_2766,Handji Gifts& Co,+65 224 1555,Village Close - 106 Linden Road Sandown,Singapore,69045,Singapore,APAC,Victorino,Wendy,Small,42902.84,75.91142857142857,0.06597348800219287
10302,49,100.0,5,5298.86,10/6/2003 0:00,Shipped,4,10,2003,Classic Cars,90,S24_2766,"UK Collectables, Ltd.",(171) 555-2282,Berkeley Gardens 12  Brewery,Liverpool,WX1 6LT,UK,EMEA,Devon,Elizabeth,Medium,26797.21,89.40833333333335,0.19773924225693645
10311,28,93.6,4,2620.8,10/16/2004 0:00,Shipped,4,10,2004,Classic Cars,90,S24_2766,Euro Shopping Channel,(91) 555 94 44,"C/ Moralzarzal, 86",Madrid,28034,Spain,EMEA,Freyre,Diego,Small,34872.13,86.76181818181819,0.07515457186010721
10321,30,72.7,1,2181.0,11/4/2004 0:00,Shipped,4,11,2004,Classic Cars,90,S24_2766,FunGiftIdeas.com,5085552555,1785 First Street,New Bedford,50553,USA,EMEA,Benitez,Violeta,Small,49504.380000000005,84.79866666666666,0.04405670770949964
10332,39,86.72,7,3382.08,11/17/2004 0:00,Shipped,4,11,2004,Classic Cars,90,S24_2766,"AV Stores, Co.",(171) 555-1555,Fauntleroy Circus,Manchester,EC2 5NT,UK,EMEA,Ashworth,Victoria,Medium,48962.28,73.125,0.06907521463461261
10346,25,100.0,1,2876.75,11/29/2004 0:00,Shipped,4,11,2004,Classic Cars,90,S24_2766,Signal Gift Stores,7025551838,8489 Strong St.,Las Vegas,83030,USA,EMEA,King,Sue,Small,14449.61,86.11166666666666,0.19908841830333135
10368,40,100.0,2,4107.2,1/19/2005 0:00,Shipped,1,1,2005,Classic Cars,90,S24_2766,Mini Gifts Distributors Ltd.,4155551450,5677 Strong St.,San Rafael,97562,USA,EMEA,Nelson,Valarie,Medium,15702.09,83.308,0.2615702750398195
10380,36,37.5,6,1350.0,2/16/2005 0:00,Shipped,1,2,2005,Classic Cars,90,S24_2766,Euro Shopping Channel,(91) 555 94 44,"C/ Moralzarzal, 86",Madrid,28034,Spain,EMEA,Freyre,Diego,Small,38360.4,79.01,0.03519254230925642
10407,76,94.5,6,7182.0,4/22/2005 0:00,On Hold,2,4,2005,Classic Cars,90,S24_2766,The Sharp Gifts Warehouse,4085553659,3086 Ingle Ln.,San Jose,94217,USA,EMEA,Frick,Sue,Large,57883.09,83.97666666666667,0.12407768831968025
10420,39,100.0,9,3933.93,5/29/2005 0:00,In Process,2,5,2005,Classic Cars,90,S24_2766,Souveniers And Things Co.,+61 2 9495 8555,"Monitor Money Building, 815 Pacific Hwy",Chatswood,2067,Australia,APAC,Huxley,Adrian,Medium,43971.43,77.13076923076923,0.08946559163529591
10104,44,39.6,10,1742.4,1/31/2003 0:00,Shipped,1,1,2003,Classic Cars,35,S24_2840,Euro Shopping Channel,(91) 555 94 44,"C/ Moralzarzal, 86",Madrid,28034,Spain,EMEA,Freyre,Diego,Small,44621.96,81.68384615384616,0.03904803823050355
10114,24,30.06,1,721.44,4/1/2003 0:00,Shipped,2,4,2003,Classic Cars,35,S24_2840,"La Corne D'abondance, Co.",(1) 42.34.2555,"265, boulevard Charonne",Paris,75012,France,EMEA,Bertrand,Marie,Small,38217.41,85.446,0.01887726038996363
10127,39,38.19,12,1489.41,6/3/2003 0:00,Shipped,2,6,2003,Classic Cars,35,S24_2840,Muscle Machine Inc,2125557413,4092 Furth Circle,NYC,10022,USA,EMEA,Young,Jeff,Small,68462.15,85.852,0.02175523263584331
10141,21,42.43,6,891.03,8/1/2003 0:00,Shipped,3,8,2003,Classic Cars,35,S24_2840,Suominen Souveniers,+358 9 8045 555,"Software Engineering Center, SEC Oy",Espoo,FIN-02271,Finland,EMEA,Suominen,Kalle,Small,31569.43,81.93,0.028224456380745548
10151,30,40.31,4,1209.3,9/21/2003 0:00,Shipped,3,9,2003,Classic Cars,35,S24_2840,"Oulu Toy Supplies, Inc.",981-443655,Torikatu 38,Oulu,90110,Finland,EMEA,Koskitalo,Pirkko,Small,37501.58,87.34400000000001,0.03224664134151148
10165,27,31.82,13,859.14,10/22/2003 0:00,Shipped,4,10,2003,Classic Cars,35,S24_2840,"Dragon Souveniers, Ltd.",+65 221 7555,"Bronz Sok., Bronz Apt. 3/6 Tesvikiye",Singapore,79903,Singapore,Japan,Natividad,Eric,Small,77809.37,85.15388888888889,0.011041600773788556
10175,37,31.12,2,1151.44,11/6/2003 0:00,Shipped,4,11,2003,Classic Cars,35,S24_2840,"Stylish Desk Decors, Co.",(171) 555-0297,35 King George,London,WX3 6FW,UK,EMEA,Brown,Ann,Small,42688.31,85.38916666666667,0.026973192426685434
10184,42,31.82,7,1336.44,11/14/2003 0:00,Shipped,4,11,2003,Classic Cars,35,S24_2840,"Iberia Gift Imports, Corp.",(95) 555 82 82,"C/ Romero, 33",Sevilla,41101,Spain,EMEA,Roel,Jose Pedro,Small,51502.740000000005,81.98538461538462,0.02594891067931531
10195,32,28.29,7,905.28,11/25/2003 0:00,Shipped,4,11,2003,Classic Cars,35,S24_2840,Mini Classics,9145554562,3758 North Pendale Street,White Plains,24067,USA,EMEA,Frick,Steve,Small,38682.95,79.273,0.0234025584915318
10207,42,29.7,8,1247.4,12/9/2003 0:00,Shipped,4,12,2003,Classic Cars,35,S24_2840,Diecast Collectables,6175552555,6251 Ingle Ln.,Boston,51003,USA,EMEA,Franco,Valarie,Small,63730.78,83.64875,0.01957295987904118
10219,21,40.31,3,846.51,2/10/2004 0:00,Shipped,1,2,2004,Classic Cars,35,S24_2840,Signal Collectibles Ltd.,4155554312,2793 Furth Circle,Brisbane,94217,USA,EMEA,Taylor,Sue,Small,16118.48,73.875,0.05251797936281833
10229,33,32.88,2,1085.04,3/11/2004 0:00,Shipped,1,3,2004,Classic Cars,35,S24_2840,Mini Gifts Distributors Ltd.,4155551450,5677 Strong St.,San Rafael,97562,USA,EMEA,Nelson,Valarie,Small,48922.77,82.845,0.022178629705554287
10246,49,36.07,6,1767.43,5/5/2004 0:00,Shipped,2,5,2004,Classic Cars,35,S24_2840,Euro Shopping Channel,(91) 555 94 44,"C/ Moralzarzal, 86",Madrid,28034,Spain,EMEA,Freyre,Diego,Small,41317.75,81.59454545454545,0.042776530667812264
10259,31,33.24,5,1030.44,6/15/2004 0:00,Shipped,2,6,2004,Classic Cars,35,S24_2840,Handji Gifts& Co,+65 224 1555,Village Close - 106 Linden Road Sandown,Singapore,69045,Singapore,APAC,Victorino,Wendy,Small,45788.72,81.47692307692309,0.02250423248345881
10271,38,41.72,6,1585.36,7/20/2004 0:00,Shipped,3,7,2004,Classic Cars,35,S24_2840,Mini Gifts Distributors Ltd.,4155551450,5677 Strong St.,San Rafael,97562,USA,EMEA,Nelson,Valarie,Small,41121.58,83.53818181818181,0.03855299334315461
10281,20,40.66,2,813.2,8/19/2004 0:00,Shipped,3,8,2004,Classic Cars,35,S24_2840,Diecast Classics Inc.,2155551555,7586 Pompton St.,Allentown,70267,USA,EMEA,Yu,Kyung,Small,44781.35,82.7942857142857,0.018159345352473745
10292,39,30.06,9,1172.34,9/8/2004 0:00,Shipped,3,9,2004,Classic Cars,35,S24_2840,Land of Toys Inc.,2125557818,897 Long Airport Avenue,NYC,10022,USA,EMEA,Yu,Kwai,Small,39775.74,79.42833333333333,0.02947374454881292
10305,48,31.47,6,1510.56,10/13/2004 0:00,Shipped,4,10,2004,Classic Cars,35,S24_2840,Marta's Replicas Co.,6175558555,39323 Spinnaker Dr.,Cambridge,51247,USA,EMEA,Hernandez,Marta,Small,54251.659999999996,85.99928571428572,0.027843571975493468
10314,39,37.13,15,1448.07,10/22/2004 0:00,Shipped,4,10,2004,Classic Cars,35,S24_2840,Heintze Collectables,86 21 3555,Smagsloget 45,Aaarhus,8200,Denmark,EMEA,Ibsen,Palle,Small,60273.94,86.30199999999999,0.024024810722511253
10324,30,100.0,9,3338.1,11/5/2004 0:00,Shipped,4,11,2004,Classic Cars,35,S24_2840,Vitachrome Inc.,2125551500,2678 Kingston Rd.,NYC,10022,USA,EMEA,Frick,Michael,Medium,56372.87,86.96642857142857,0.05921465414125624
10335,33,37.13,2,1225.29,11/19/2004 0:00,Shipped,4,11,2004,Classic Cars,35,S24_2840,Mini Gifts Distributors Ltd.,4155551450,5677 Strong St.,San Rafael,97562,USA,EMEA,Nelson,Valarie,Small,8395.57,65.91,0.1459448256640109
10349,36,37.13,3,1336.68,12/1/2004 0:00,Shipped,4,12,2004,Classic Cars,35,S24_2840,Muscle Machine Inc,2125557413,4092 Furth Circle,NYC,10022,USA,EMEA,Young,Jeff,Small,41706.52,83.106,0.03204966513629044
10358,36,82.94,4,2985.84,12/10/2004 0:00,Shipped,4,12,2004,Classic Cars,35,S24_2840,Euro Shopping Channel,(91) 555 94 44,"C/ Moralzarzal, 86",Madrid,28034,Spain,EMEA,Freyre,Diego,Small,51435.45,85.22214285714286,0.0580502357809643
10371,45,100.0,8,5545.8,1/23/2005 0:00,Shipped,1,1,2005,Classic Cars,35,S24_2840,Mini Gifts Distributors Ltd.,4155551450,5677 Strong St.,San Rafael,97562,USA,EMEA,Nelson,Valarie,Medium,36124.270000000004,83.8225,0.1535200572911231
10383,40,100.0,3,6089.6,2/22/2005 0:00,Shipped,1,2,2005,Classic Cars,35,S24_2840,Euro Shopping Channel,(91) 555 94 44,"C/ Moralzarzal, 86",Madrid,28034,Spain,EMEA,Freyre,Diego,Medium,41249.74,81.16,0.1476275971678852
10394,46,38.9,6,1789.4,3/15/2005 0:00,Shipped,1,3,2005,Classic Cars,35,S24_2840,Euro Shopping Channel,(91) 555 94 44,"C/ Moralzarzal, 86",Madrid,28034,Spain,EMEA,Freyre,Diego,Small,22353.86,73.17714285714285,0.0800488148355586
10412,30,36.07,6,1082.1,5/3/2005 0:00,Shipped,2,5,2005,Classic Cars,35,S24_2840,Euro Shopping Channel,(91) 555 94 44,"C/ Moralzarzal, 86",Madrid,28034,Spain,EMEA,Freyre,Diego,Small,52287.74,81.59454545454545,0.020695099845585218
10425,31,33.24,5,1030.44,5/31/2005 0:00,In Process,2,5,2005,Classic Cars,35,S24_2840,La Rochelle Gifts,40.67.8555,"67, rue des Cinquante Otages",Nantes,44000,France,EMEA,Labrune,Janine,Small,43784.69,81.47692307692309,0.023534253639799666
10106,49,74.68,13,3659.32,2/17/2003 0:00,Shipped,1,2,2003,Planes,68,S24_2841,Rovelli Gifts,035-640555,Via Ludovico il Moro 22,Bergamo,24100,Italy,EMEA,Rovelli,Giovanni,Medium,56181.32,78.88222222222223,0.06513410507264693
10119,41,59.6,4,2443.6,4/28/2003 0:00,Shipped,2,4,2003,Planes,68,S24_2841,Salzburg Collectables,6562-9555,Geislweg 14,Salzburg,5020,Austria,EMEA,Pipps,Georg,Small,38629.14,79.57214285714285,0.06325794465007505
10131,35,67.14,5,2349.9,6/16/2003 0:00,Shipped,2,6,2003,Planes,68,S24_2841,Gift Ideas Corp.,2035554407,2440 Pompton St.,Glendale,97561,USA,EMEA,Lewis,Dan,Small,20350.95,77.63,0.11546881103830534
10143,27,60.97,8,1646.19,8/10/2003 0:00,Shipped,3,8,2003,Planes,68,S24_2841,Mini Creations Ltd.,5085559555,4575 Hillside Dr.,New Bedford,50553,USA,EMEA,Tam,Wing C,Small,45738.39,81.08375,0.03599142864451504
10155,23,72.62,6,1670.26,10/6/2003 0:00,Shipped,4,10,2003,Planes,68,S24_2841,"Toys of Finland, Co.",90-224 8555,Keskuskatu 45,Helsinki,21240,Finland,EMEA,Karttunen,Matti,Small,42083.5,81.96538461538461,0.03968918934974515
10167,21,69.88,2,1467.48,10/23/2003 0:00,Cancelled,4,10,2003,Planes,68,S24_2841,Scandinavian Gift Ideas,0695-34 6555,?kergatan 24,Boras,S-844 67,Sweden,EMEA,Larsson,Maria,Small,48710.92,81.586875,0.03012630432765384
10178,34,80.84,5,2748.56,11/8/2003 0:00,Shipped,4,11,2003,Planes,68,S24_2841,Alpha Cognac,61.77.6555,1 rue Alsace-Lorraine,Toulouse,31000,France,EMEA,Roulet,Annette,Small,38098.24,82.72166666666666,0.07214401505161394
10186,22,69.2,2,1522.4,11/14/2003 0:00,Shipped,4,11,2003,Planes,68,S24_2841,"Double Decker Gift Stores, Ltd",(171) 555-7555,120 Hanover Sq.,London,WA1 1DP,UK,EMEA,Hardy,Thomas,Small,27541.82,84.99444444444445,0.05527594036995377
10198,48,67.82,5,3255.36,11/27/2003 0:00,Shipped,4,11,2003,Planes,68,S24_2841,Cruz & Sons Co.,+63 2 555 3587,15 McCallum Street - NatWest Center #13-03,Makati City,1227 MM,Philippines,Japan,Cruz,Arnold,Medium,22841.96,78.22500000000001,0.14251666669585272
10209,43,82.21,1,3535.03,1/9/2004 0:00,Shipped,1,1,2004,Planes,68,S24_2841,"Men 'R' US Retailers, Ltd.",2155554369,6047 Douglas Av.,Los Angeles,28034,USA,EMEA,Chandler,Michael,Medium,23889.32,85.36625,0.14797532956149442
10222,32,81.53,5,2608.96,2/19/2004 0:00,Shipped,1,2,2004,Planes,68,S24_2841,Collectable Mini Designs Co.,7605558146,361 Furth Circle,San Diego,91217,USA,EMEA,Thompson,Valarie,Small,61617.01,80.55444444444444,0.04234155471029834
10249,20,67.82,1,1356.4,5/8/2004 0:00,Shipped,2,5,2004,Planes,68,S24_2841,Cambridge Collectables Co.,6175555555,4658 Baden Av.,Cambridge,51247,USA,EMEA,Tseng,Kyung,Small,14380.92,78.216,0.09431941767286099
10262,24,67.14,10,1611.36,6/24/2004 0:00,Cancelled,2,6,2004,Planes,68,S24_2841,Euro Shopping Channel,(91) 555 94 44,"C/ Moralzarzal, 86",Madrid,28034,Spain,EMEA,Freyre,Diego,Small,50010.65,78.62375,0.03222033706820447
10274,40,65.08,2,2603.2,7/21/2004 0:00,Shipped,3,7,2004,Planes,68,S24_2841,Collectables For Less Inc.,6175558555,7825 Douglas Av.,Brickhaven,58339,USA,EMEA,Nelson,Allen,Small,15110.8,77.306,0.17227413505572173
10284,30,73.99,12,2219.7,8/21/2004 0:00,Shipped,3,8,2004,Planes,68,S24_2841,"Norway Gifts By Mail, Co.",+47 2212 1555,"Drammensveien 126 A, PB 744 Sentrum",Oslo,N 0106,Norway,EMEA,Klaeboe,Jan,Small,34145.47,76.56538461538462,0.06500715907556696
10296,21,71.25,8,1496.25,9/15/2004 0:00,Shipped,3,9,2004,Planes,68,S24_2841,"Bavarian Collectables Imports, Co.",+49 89 61 08 9555,Hansastr. 15,Munich,80686,Germany,EMEA,Donnermeyer,Michael,Small,34993.92,79.71857142857142,0.042757427575990346
10307,25,75.36,2,1884.0,10/14/2004 0:00,Shipped,4,10,2004,Planes,68,S24_2841,"Classic Gift Ideas, Inc",2155554695,782 First Street,Philadelphia,71270,USA,EMEA,Cervantes,Francisca,Small,27445.31,84.45333333333333,0.06864560830247499
10316,34,63.71,10,2166.14,11/1/2004 0:00,Shipped,4,11,2004,Planes,68,S24_2841,giftsbymail.co.uk,(198) 555-8888,Garden House Crowther Way,Cowes,PO31 7PJ,UK,EMEA,Bennett,Helen,Small,51334.16,79.435,0.04219685293379691
10328,48,58.92,1,2828.16,11/12/2004 0:00,Shipped,4,11,2004,Planes,68,S24_2841,Rovelli Gifts,035-640555,Via Ludovico il Moro 22,Bergamo,24100,Italy,EMEA,Rovelli,Giovanni,Small,41696.69,81.40714285714286,0.06782696660094602
10339,55,100.0,12,6214.45,11/23/2004 0:00,Shipped,4,11,2004,Planes,68,S24_2841,"Tokyo Collectables, Ltd",+81 3 3584 0555,2-2-8 Roppongi,Minato-ku,106-0032,Japan,Japan,Shimamura,Akiko,Medium,55888.65,79.908125,0.11119341762594015
10351,25,74.68,5,1867.0,12/3/2004 0:00,Shipped,4,12,2004,Planes,68,S24_2841,"Stylish Desk Decors, Co.",(171) 555-0297,35 King George,London,WX3 6FW,UK,EMEA,Brown,Ann,Small,13739.9,80.39,0.13588162941506124
10373,38,70.44,7,2676.72,1/31/2005 0:00,Shipped,1,1,2005,Planes,68,S24_2841,"Oulu Toy Supplies, Inc.",981-443655,Torikatu 38,Oulu,90110,Finland,EMEA,Koskitalo,Pirkko,Small,49055.4,79.01235294117647,0.05456524663951369
10386,39,55.96,1,2182.44,3/1/2005 0:00,Resolved,1,3,2005,Planes,68,S24_2841,Euro Shopping Channel,(91) 555 94 44,"C/ Moralzarzal, 86",Madrid,28034,Spain,EMEA,Freyre,Diego,Small,53815.72,77.94666666666666,0.04055394966377854
10398,28,57.55,3,1611.4,3/30/2005 0:00,Shipped,1,3,2005,Planes,68,S24_2841,Reims Collectables,26.47.1555,59 rue de l'Abbaye,Reims,51100,France,EMEA,Henriot,Paul,Small,52029.07,77.58611111111111,0.030971147475824575
10400,24,61.66,2,1479.84,4/1/2005 0:00,Shipped,2,4,2005,Planes,68,S24_2841,The Sharp Gifts Warehouse,4085553659,3086 Ingle Ln.,San Jose,94217,USA,EMEA,Frick,Sue,Small,37526.84,78.95333333333333,0.03943417564601762
10415,21,67.82,1,1424.22,5/9/2005 0:00,Disputed,2,5,2005,Planes,68,S24_2841,"Australian Collectables, Ltd",61-9-3844-6555,7 Allen Street,Glen Waverly,3150,Australia,APAC,Connery,Sean,Small,14378.09,78.216,0.09905488142027209
10110,46,100.0,10,5942.28,3/18/2003 0:00,Shipped,1,3,2003,Classic Cars,117,S24_2887,"AV Stores, Co.",(171) 555-1555,Fauntleroy Circus,Manchester,EC2 5NT,UK,EMEA,Ashworth,Victoria,Medium,51017.92,75.720625,0.11647436822198945
10124,25,93.95,9,2348.75,5/21/2003 0:00,Shipped,2,5,2003,Classic Cars,117,S24_2887,Signal Gift Stores,7025551838,8489 Strong St.,Las Vegas,83030,USA,EMEA,King,Sue,Small,33847.62,72.39307692307692,0.06939188043354304
10148,34,100.0,3,4392.12,9/11/2003 0:00,Shipped,3,9,2003,Classic Cars,117,S24_2887,"Anna's Decorations, Ltd",02 9936 8555,201 Miller Street,North Sydney,2060,Australia,APAC,O'Hara,Anna,Medium,47191.76,88.97,0.093069637580798
10161,25,100.0,2,2759.75,10/17/2003 0:00,Shipped,4,10,2003,Classic Cars,117,S24_2887,Heintze Collectables,86 21 3555,Smagsloget 45,Aaarhus,8200,Denmark,EMEA,Ibsen,Palle,Small,40321.61,90.30666666666667,0.06844344757066992
10173,23,100.0,16,2728.03,11/5/2003 0:00,Shipped,4,11,2003,Classic Cars,117,S24_2887,Rovelli Gifts,035-640555,Via Ludovico il Moro 22,Bergamo,24100,Italy,EMEA,Rovelli,Giovanni,Small,40077.71,74.569375,0.06806850990238715
10182,20,100.0,13,2395.8,11/12/2003 0:00,Shipped,4,11,2003,Classic Cars,117,S24_2887,Mini Gifts Distributors Ltd.,4155551450,5677 Strong St.,San Rafael,97562,USA,EMEA,Nelson,Valarie,Small,50360.89,77.46529411764706,0.04757263026924267
10192,23,100.0,1,3052.33,11/20/2003 0:00,Shipped,4,11,2003,Classic Cars,117,S24_2887,Online Diecast Creations Co.,6035558647,2304 Long Airport Avenue,Nashua,62005,USA,EMEA,Young,Valarie,Medium,63981.45,87.591875,0.047706483676128
10204,42,100.0,7,4242.0,12/2/2003 0:00,Shipped,4,12,2003,Classic Cars,117,S24_2887,Muscle Machine Inc,2125557413,4092 Furth Circle,NYC,10022,USA,EMEA,Young,Jeff,Medium,64316.090000000004,85.04470588235294,0.06595550195915205
10213,27,100.0,3,2790.45,1/22/2004 0:00,Shipped,1,1,2004,Classic Cars,117,S24_2887,"Double Decker Gift Stores, Ltd",(171) 555-7555,120 Hanover Sq.,London,WA1 1DP,UK,EMEA,Hardy,Thomas,Small,8477.22,92.72666666666667,0.329170411998273
10227,33,100.0,13,4340.49,3/2/2004 0:00,Shipped,1,3,2004,Classic Cars,117,S24_2887,"Saveley & Henriot, Co.",78.32.5555,"2, rue du Commerce",Lyon,69004,France,EMEA,Saveley,Mary,Medium,46802.270000000004,76.42333333333333,0.09274101448498116
10241,28,98.65,5,2762.2,4/13/2004 0:00,Shipped,2,4,2004,Classic Cars,117,S24_2887,Mini Caravy,88.60.1555,"24, place Kluber",Strasbourg,67000,France,EMEA,Citeaux,Frederique,Small,39341.229999999996,83.97666666666667,0.0702113279122183
10267,43,100.0,2,4645.72,7/7/2004 0:00,Shipped,3,7,2004,Classic Cars,117,S24_2887,Muscle Machine Inc,2125557413,4092 Furth Circle,NYC,10022,USA,EMEA,Young,Jeff,Medium,23252.18,89.93833333333333,0.19979718030739485
10279,48,100.0,2,5580.96,8/9/2004 0:00,Shipped,3,8,2004,Classic Cars,117,S24_2887,Euro Shopping Channel,(91) 555 94 44,"C/ Moralzarzal, 86",Madrid,28034,Spain,EMEA,Freyre,Diego,Medium,21986.27,81.095,0.25383841824920733
10288,48,100.0,8,6539.04,9/1/2004 0:00,Shipped,3,9,2004,Classic Cars,117,S24_2887,Handji Gifts& Co,+65 224 1555,Village Close - 106 Linden Road Sandown,Singapore,69045,Singapore,APAC,Victorino,Wendy,Medium,42902.84,75.91142857142857,0.1524150848755001
10302,45,100.0,4,5548.95,10/6/2003 0:00,Shipped,4,10,2003,Classic Cars,117,S24_2887,"UK Collectables, Ltd.",(171) 555-2282,Berkeley Gardens 12  Brewery,Liverpool,WX1 6LT,UK,EMEA,Devon,Elizabeth,Medium,26797.21,89.40833333333335,0.20707193024945508
10311,43,100.0,3,4595.41,10/16/2004 0:00,Shipped,4,10,2004,Classic Cars,117,S24_2887,Euro Shopping Channel,(91) 555 94 44,"C/ Moralzarzal, 86",Madrid,28034,Spain,EMEA,Freyre,Diego,Medium,34872.13,86.76181818181819,0.1317788732721517
10332,44,42.26,11,1859.44,11/17/2004 0:00,Shipped,4,11,2004,Classic Cars,117,S24_2887,"AV Stores, Co.",(171) 555-1555,Fauntleroy Circus,Manchester,EC2 5NT,UK,EMEA,Ashworth,Victoria,Small,48962.28,73.125,0.03797698963365268
10346,24,87.24,5,2093.76,11/29/2004 0:00,Shipped,4,11,2004,Classic Cars,117,S24_2887,Signal Gift Stores,7025551838,8489 Strong St.,Las Vegas,83030,USA,EMEA,King,Sue,Small,14449.61,86.11166666666666,0.1449007966304973
10368,31,100.0,5,4223.13,1/19/2005 0:00,Shipped,1,1,2005,Classic Cars,117,S24_2887,Mini Gifts Distributors Ltd.,4155551450,5677 Strong St.,San Rafael,97562,USA,EMEA,Nelson,Valarie,Medium,15702.09,83.308,0.26895336862799796
10380,44,36.29,7,1596.76,2/16/2005 0:00,Shipped,1,2,2005,Classic Cars,117,S24_2887,Euro Shopping Channel,(91) 555 94 44,"C/ Moralzarzal, 86",Madrid,28034,Spain,EMEA,Freyre,Diego,Small,38360.4,79.01,0.041625217672391315
10407,59,98.65,5,5820.35,4/22/2005 0:00,On Hold,2,4,2005,Classic Cars,117,S24_2887,The Sharp Gifts Warehouse,4085553659,3086 Ingle Ln.,San Jose,94217,USA,EMEA,Frick,Sue,Medium,57883.09,83.97666666666667,0.10055354681306752
10420,55,96.3,8,5296.5,5/29/2005 0:00,In Process,2,5,2005,Classic Cars,117,S24_2887,Souveniers And Things Co.,+61 2 9495 8555,"Monitor Money Building, 815 Pacific Hwy",Chatswood,2067,Australia,APAC,Huxley,Adrian,Medium,43971.43,77.13076923076923,0.12045321246090927
10109,29,32.1,6,930.9,3/10/2003 0:00,Shipped,1,3,2003,Classic Cars,37,S24_2972,Motor Mint Distributors Inc.,2155559857,11328 Douglas Av.,Philadelphia,71270,USA,EMEA,Hernandez,Rosa,Small,27398.82,88.68333333333334,0.03397591575111629
10122,39,30.96,4,1207.44,5/8/2003 0:00,Shipped,2,5,2003,Classic Cars,37,S24_2972,Marseille Mini Autos,91.24.4555,"12, rue des Bouchers",Marseille,13008,France,EMEA,Lebihan,Laurence,Small,52481.840000000004,79.76,0.023006815309829075
10135,20,35.87,1,717.4,7/2/2003 0:00,Shipped,3,7,2003,Classic Cars,37,S24_2972,Mini Gifts Distributors Ltd.,4155551450,5677 Strong St.,San Rafael,97562,USA,EMEA,Nelson,Valarie,Small,59280.51,79.85588235294118,0.012101785224182449
10147,25,42.67,1,1066.75,9/5/2003 0:00,Shipped,3,9,2003,Classic Cars,37,S24_2972,Collectables For Less Inc.,6175558555,7825 Douglas Av.,Brickhaven,58339,USA,EMEA,Nelson,Allen,Small,34992.4,82.3709090909091,0.030485191070060928
10160,42,37.0,2,1554.0,10/11/2003 0:00,Shipped,4,10,2003,Classic Cars,37,S24_2972,"Men 'R' US Retailers, Ltd.",2155554369,6047 Douglas Av.,Los Angeles,28034,USA,EMEA,Chandler,Michael,Small,24159.14,87.59166666666665,0.06432348171333914
10171,36,35.49,4,1277.64,11/5/2003 0:00,Shipped,4,11,2003,Classic Cars,37,S24_2972,Quebec Home Shopping Network,(514) 555-8054,43 rue St. Laurent,Montreal,H1J 1C3,Canada,EMEA,Fresnisre,Jean,Small,15947.289999999999,83.8725,0.08011643357586148
10181,37,42.67,8,1578.79,11/12/2003 0:00,Shipped,4,11,2003,Classic Cars,37,S24_2972,Herkku Gifts,+47 2267 3215,"Drammen 121, PR 744 Sentrum",Bergen,N 5804,Norway,EMEA,Oeztan,Veysel,Small,60795.84,88.24470588235295,0.025968717596467128
10192,30,30.59,13,917.7,11/20/2003 0:00,Shipped,4,11,2003,Classic Cars,37,S24_2972,Online Diecast Creations Co.,6035558647,2304 Long Airport Avenue,Nashua,62005,USA,EMEA,Young,Valarie,Small,63981.45,87.591875,0.014343219792611767
10203,21,37.0,2,777.0,12/2/2003 0:00,Shipped,4,12,2003,Classic Cars,37,S24_2972,Euro Shopping Channel,(91) 555 94 44,"C/ Moralzarzal, 86",Madrid,28034,Spain,EMEA,Freyre,Diego,Small,45116.18,86.94545454545454,0.017222202766280302
10212,34,43.42,12,1476.28,1/16/2004 0:00,Shipped,1,1,2004,Classic Cars,37,S24_2972,Euro Shopping Channel,(91) 555 94 44,"C/ Moralzarzal, 86",Madrid,28034,Spain,EMEA,Freyre,Diego,Small,65165.17,87.60125,0.022654433342228678
10225,42,36.63,3,1538.46,2/22/2004 0:00,Shipped,1,2,2004,Classic Cars,37,S24_2972,"Vida Sport, Ltd",0897-034555,Grenzacherweg 237,Gensve,1203,Switzerland,EMEA,Holz,Michael,Small,50432.549999999996,85.34071428571428,0.03050529866128126
10239,20,44.56,2,891.2,4/12/2004 0:00,Shipped,2,4,2004,Classic Cars,37,S24_2972,"Oulu Toy Supplies, Inc.",981-443655,Torikatu 38,Oulu,90110,Finland,EMEA,Koskitalo,Pirkko,Small,17813.4,82.352,0.050029752882661364
10253,40,42.67,7,1706.8,6/1/2004 0:00,Cancelled,2,6,2004,Classic Cars,37,S24_2972,"UK Collectables, Ltd.",(171) 555-2282,Berkeley Gardens 12  Brewery,Liverpool,WX1 6LT,UK,EMEA,Devon,Elizabeth,Small,50408.25,90.67357142857144,0.033859536881363665
10266,34,40.4,8,1373.6,7/6/2004 0:00,Shipped,3,7,2004,Classic Cars,37,S24_2972,L'ordine Souveniers,0522-556555,Strada Provinciale 124,Reggio Emilia,42100,Italy,EMEA,Moroni,Maurizio,Small,56421.65,86.83,0.024345264628028423
10278,31,38.89,8,1205.59,8/6/2004 0:00,Shipped,3,8,2004,Classic Cars,37,S24_2972,Signal Gift Stores,7025551838,8489 Strong St.,Las Vegas,83030,USA,EMEA,King,Sue,Small,34453.85,87.503,0.034991445077981125
10287,36,39.65,6,1427.4,8/30/2004 0:00,Shipped,3,8,2004,Classic Cars,37,S24_2972,"Vida Sport, Ltd",0897-034555,Grenzacherweg 237,Gensve,1203,Switzerland,EMEA,Holz,Michael,Small,67281.01,89.31294117647059,0.021215496021834396
10301,48,34.36,10,1649.28,10/5/2003 0:00,Shipped,4,10,2003,Classic Cars,37,S24_2972,"Norway Gifts By Mail, Co.",+47 2212 1555,"Drammensveien 126 A, PB 744 Sentrum",Oslo,N 0106,Norway,EMEA,Klaeboe,Jan,Small,45078.759999999995,86.73363636363636,0.03658663193042577
10310,33,41.91,4,1383.03,10/16/2004 0:00,Shipped,4,10,2004,Classic Cars,37,S24_2972,"Toms Spezialitten, Ltd",0221-5554327,Mehrheimerstr. 369,Koln,50739,Germany,EMEA,Pfalzheim,Henriette,Small,68943.4,85.85235294117648,0.020060368360133096
10321,37,33.23,12,1229.51,11/4/2004 0:00,Shipped,4,11,2004,Classic Cars,37,S24_2972,FunGiftIdeas.com,5085552555,1785 First Street,New Bedford,50553,USA,EMEA,Benitez,Violeta,Small,49504.380000000005,84.79866666666666,0.02483638821453778
10331,27,42.24,13,1140.48,11/17/2004 0:00,Shipped,4,11,2004,Classic Cars,37,S24_2972,Motor Mint Distributors Inc.,2155559857,11328 Douglas Av.,Philadelphia,71270,USA,EMEA,Hernandez,Rosa,Small,48996.1,84.39714285714285,0.023276954696394205
10342,39,40.4,9,1575.6,11/24/2004 0:00,Shipped,4,11,2004,Classic Cars,37,S24_2972,"Australian Collectors, Co.",03 9520 4555,636 St Kilda Road,Melbourne,3004,Australia,APAC,Ferguson,Peter,Small,43779.09,80.99909090909091,0.03598978416408381
10355,36,38.52,4,1386.72,12/7/2004 0:00,Shipped,4,12,2004,Classic Cars,37,S24_2972,Euro Shopping Channel,(91) 555 94 44,"C/ Moralzarzal, 86",Madrid,28034,Spain,EMEA,Freyre,Diego,Small,29884.13,76.03099999999999,0.046403224721616454
10367,36,100.0,2,5018.4,1/12/2005 0:00,Resolved,1,1,2005,Classic Cars,37,S24_2972,Toys4GrownUps.com,6265557265,78934 Hillside Dr.,Pasadena,90003,USA,EMEA,Young,Julie,Medium,44273.36,74.21615384615384,0.11335033076324001
10378,41,100.0,7,5856.85,2/10/2005 0:00,Shipped,1,2,2005,Classic Cars,37,S24_2972,Euro Shopping Channel,(91) 555 94 44,"C/ Moralzarzal, 86",Madrid,28034,Spain,EMEA,Freyre,Diego,Medium,33680.5,78.354,0.1738943899288906
10390,37,100.0,5,4894.73,3/4/2005 0:00,Shipped,1,3,2005,Classic Cars,37,S24_2972,Mini Gifts Distributors Ltd.,4155551450,5677 Strong St.,San Rafael,97562,USA,EMEA,Nelson,Valarie,Medium,61133.28,81.740625,0.0800665365902173
10405,47,44.56,2,2094.32,4/14/2005 0:00,Shipped,2,4,2005,Classic Cars,37,S24_2972,Mini Caravy,88.60.1555,"24, place Kluber",Strasbourg,67000,France,EMEA,Citeaux,Frederique,Small,35680.35,82.352,0.05869673363630122
10419,15,42.67,7,640.05,5/17/2005 0:00,Shipped,2,5,2005,Classic Cars,37,S24_2972,Salzburg Collectables,6562-9555,Geislweg 14,Salzburg,5020,Austria,EMEA,Pipps,Georg,Small,59475.1,90.67357142857144,0.010761646470539772
10105,44,72.58,4,3193.52,2/11/2003 0:00,Shipped,1,2,2003,Vintage Cars,88,S24_3151,Danish Wholesale Imports,31 12 3555,Vinb'ltet 34,Kobenhavn,1734,Denmark,EMEA,Petersen,Jytte,Medium,58871.11,85.284,0.05424596206866152
10119,35,87.62,13,3066.7,4/28/2003 0:00,Shipped,2,4,2003,Vintage Cars,88,S24_3151,Salzburg Collectables,6562-9555,Geislweg 14,Salzburg,5020,Austria,EMEA,Pipps,Georg,Medium,38629.14,79.57214285714285,0.0793882545663714
10129,41,94.71,4,3883.11,6/12/2003 0:00,Shipped,2,6,2003,Vintage Cars,88,S24_3151,"Stylish Desk Decors, Co.",(171) 555-0297,35 King George,London,WX3 6FW,UK,EMEA,Brown,Ann,Medium,32376.29,84.39111111111112,0.11993684267097929
10142,49,98.25,1,4814.25,8/8/2003 0:00,Shipped,3,8,2003,Vintage Cars,88,S24_3151,Mini Gifts Distributors Ltd.,4155551450,5677 Strong St.,San Rafael,97562,USA,EMEA,Nelson,Valarie,Medium,63088.16,85.518125,0.07630988128358791
10154,31,91.17,2,2826.27,10/2/2003 0:00,Shipped,4,10,2003,Vintage Cars,88,S24_3151,Boards & Toys Co.,3105552373,4097 Douglas Av.,Glendale,92561,USA,EMEA,Young,Leslie,Small,5142.15,77.75,0.5496280738601558
10167,20,79.66,11,1593.2,10/23/2003 0:00,Cancelled,4,10,2003,Vintage Cars,88,S24_3151,Scandinavian Gift Ideas,0695-34 6555,?kergatan 24,Boras,S-844 67,Sweden,EMEA,Larsson,Maria,Small,48710.92,81.586875,0.03270724511054195
10177,45,72.58,2,3266.1,11/7/2003 0:00,Shipped,4,11,2003,Vintage Cars,88,S24_3151,CAF Imports,+34 913 728 555,"Merchants House, 27-30 Merchant's Quay",Madrid,28023,Spain,EMEA,Fernandez,Jesus,Medium,34311.35,84.59363636363636,0.0951900755872328
10185,33,74.35,2,2453.55,11/14/2003 0:00,Shipped,4,11,2003,Vintage Cars,88,S24_3151,Mini Creations Ltd.,5085559555,4575 Hillside Dr.,New Bedford,50553,USA,EMEA,Tam,Wing C,Small,52191.44,83.18625,0.047010582578292534
10197,47,83.2,8,3910.4,11/26/2003 0:00,Shipped,4,11,2003,Vintage Cars,88,S24_3151,Enaco Distributors,(93) 203 4555,"Rambla de CataluÂ¤a, 23",Barcelona,8022,Spain,EMEA,Saavedra,Eduardo,Medium,44009.31,83.48214285714286,0.08885392658962388
10208,20,89.4,2,1788.0,1/2/2004 0:00,Shipped,1,1,2004,Vintage Cars,88,S24_3151,"Saveley & Henriot, Co.",78.32.5555,"2, rue du Commerce",Lyon,69004,France,EMEA,Saveley,Mary,Small,54536.87,88.116,0.03278515983773913
10222,47,70.81,14,3328.07,2/19/2004 0:00,Shipped,1,2,2004,Vintage Cars,88,S24_3151,Collectable Mini Designs Co.,7605558146,361 Furth Circle,San Diego,91217,USA,EMEA,Thompson,Valarie,Medium,61617.01,80.55444444444444,0.05401219565830929
10233,40,94.71,2,3788.4,3/29/2004 0:00,Shipped,1,3,2004,Vintage Cars,88,S24_3151,Tekni Collectables Inc.,2015559350,7476 Moss Rd.,Newark,94019,USA,EMEA,Brown,William,Medium,8722.119999999999,82.59333333333333,0.43434394390354647
10248,30,100.0,5,3053.7,5/7/2004 0:00,Cancelled,2,5,2004,Vintage Cars,88,S24_3151,Land of Toys Inc.,2125557818,897 Long Airport Avenue,NYC,10022,USA,EMEA,Yu,Kwai,Medium,45357.659999999996,87.77785714285714,0.06732490168143594
10261,22,91.17,3,2005.74,6/17/2004 0:00,Shipped,2,6,2004,Vintage Cars,88,S24_3151,Quebec Home Shopping Network,(514) 555-8054,43 rue St. Laurent,Montreal,H1J 1C3,Canada,EMEA,Fresnisre,Jean,Small,24564.53,81.30333333333334,0.08165187772776439
10273,27,100.0,6,2796.12,7/21/2004 0:00,Shipped,3,7,2004,Vintage Cars,88,S24_3151,Petit Auto,(02) 5554 67,Rue Joseph-Bens 532,Bruxelles,B-1180,Belgium,EMEA,Dewey,Catherine,Small,47760.479999999996,86.49533333333333,0.05854463774233425
10283,34,92.94,8,3159.96,8/20/2004 0:00,Shipped,3,8,2004,Vintage Cars,88,S24_3151,"Royal Canadian Collectables, Ltd.",(604) 555-4555,23 Tsawassen Blvd.,Tsawassen,T2F 8M4,Canada,EMEA,Lincoln,Elizabeth,Medium,43332.35,84.92857142857143,0.07292380865565797
10295,46,84.97,3,3908.62,9/10/2004 0:00,Shipped,3,9,2004,Vintage Cars,88,S24_3151,Gifts4AllAges.com,6175559555,8616 Spinnaker Dr.,Boston,51003,USA,EMEA,Yoshido,Juri,Medium,15344.64,83.772,0.2547221700867534
10306,31,84.08,2,2606.48,10/14/2004 0:00,Shipped,4,10,2004,Vintage Cars,88,S24_3151,"AV Stores, Co.",(171) 555-1555,Fauntleroy Circus,Manchester,EC2 5NT,UK,EMEA,Ashworth,Victoria,Small,57827.61,85.14999999999999,0.045073279009801716
10315,24,86.74,1,2081.76,10/29/2004 0:00,Shipped,4,10,2004,Vintage Cars,88,S24_3151,La Rochelle Gifts,40.67.8555,"67, rue des Cinquante Otages",Nantes,44000,France,EMEA,Labrune,Janine,Small,20719.91,83.13571428571429,0.10047147888190636
10326,41,85.85,3,3519.85,11/9/2004 0:00,Shipped,4,11,2004,Vintage Cars,88,S24_3151,"Volvo Model Replicas, Co",0921-12 3555,BerguvsvÂgen  8,Lule,S-958 22,Sweden,EMEA,Berglund,Christina,Medium,20146.32,87.35166666666667,0.17471429025251262
10339,55,100.0,13,10758.0,11/23/2004 0:00,Shipped,4,11,2004,Vintage Cars,88,S24_3151,"Tokyo Collectables, Ltd",+81 3 3584 0555,2-2-8 Roppongi,Minato-ku,106-0032,Japan,Japan,Shimamura,Akiko,Large,55888.65,79.908125,0.19248988837626244
10350,30,100.0,9,3021.0,12/2/2004 0:00,Shipped,4,12,2004,Vintage Cars,88,S24_3151,Euro Shopping Channel,(91) 555 94 44,"C/ Moralzarzal, 86",Madrid,28034,Spain,EMEA,Freyre,Diego,Medium,52269.17,84.99470588235295,0.057796976688170104
10373,33,57.32,12,1891.56,1/31/2005 0:00,Shipped,1,1,2005,Vintage Cars,88,S24_3151,"Oulu Toy Supplies, Inc.",981-443655,Torikatu 38,Oulu,90110,Finland,EMEA,Koskitalo,Pirkko,Small,49055.4,79.01235294117647,0.038559669271884436
10384,43,97.87,2,4208.41,2/23/2005 0:00,Shipped,1,2,2005,Vintage Cars,88,S24_3151,Corporate Gift Ideas Co.,6505551386,7734 Strong St.,San Francisco,28034,USA,EMEA,Brown,Julie,Medium,17707.67,94.6025,0.2376602907101838
10396,27,83.2,7,2246.4,3/23/2005 0:00,Shipped,1,3,2005,Vintage Cars,88,S24_3151,Mini Gifts Distributors Ltd.,4155551450,5677 Strong St.,San Rafael,97562,USA,EMEA,Nelson,Valarie,Small,32194.79,91.27375,0.0697752648798144
10414,60,100.0,5,6107.4,5/6/2005 0:00,On Hold,2,5,2005,Vintage Cars,88,S24_3151,Gifts4AllAges.com,6175559555,8616 Spinnaker Dr.,Boston,51003,USA,EMEA,Yoshido,Juri,Medium,48316.89,87.77785714285714,0.12640300317342446
10110,27,73.62,12,1987.74,3/18/2003 0:00,Shipped,1,3,2003,Classic Cars,85,S24_3191,"AV Stores, Co.",(171) 555-1555,Fauntleroy Circus,Manchester,EC2 5NT,UK,EMEA,Ashworth,Victoria,Small,51017.92,75.720625,0.03896160407950775
10124,49,83.04,11,4068.96,5/21/2003 0:00,Shipped,2,5,2003,Classic Cars,85,S24_3191,Signal Gift Stores,7025551838,8489 Strong St.,Las Vegas,83030,USA,EMEA,King,Sue,Medium,33847.62,72.39307692307692,0.12021406527253614
10148,31,73.62,5,2282.22,9/11/2003 0:00,Shipped,3,9,2003,Classic Cars,85,S24_3191,"Anna's Decorations, Ltd",02 9936 8555,201 Miller Street,North Sydney,2060,Australia,APAC,O'Hara,Anna,Small,47191.76,88.97,0.04836056125052339
10161,20,77.05,4,1541.0,10/17/2003 0:00,Shipped,4,10,2003,Classic Cars,85,S24_3191,Heintze Collectables,86 21 3555,Smagsloget 45,Aaarhus,8200,Denmark,EMEA,Ibsen,Palle,Small,40321.61,90.30666666666667,0.038217719976955285
10172,24,81.33,2,1951.92,11/5/2003 0:00,Shipped,4,11,2003,Classic Cars,85,S24_3191,Gift Depot Inc.,2035552570,25593 South Bay Ln.,Bridgewater,97562,USA,EMEA,King,Julie,Small,26115.8,84.1,0.07474096141033398
10182,33,94.17,15,3107.61,11/12/2003 0:00,Shipped,4,11,2003,Classic Cars,85,S24_3191,Mini Gifts Distributors Ltd.,4155551450,5677 Strong St.,San Rafael,97562,USA,EMEA,Nelson,Valarie,Medium,50360.89,77.46529411764706,0.06170681256824492
10192,32,72.77,3,2328.64,11/20/2003 0:00,Shipped,4,11,2003,Classic Cars,85,S24_3191,Online Diecast Creations Co.,6035558647,2304 Long Airport Avenue,Nashua,62005,USA,EMEA,Young,Valarie,Small,63981.45,87.591875,0.03639554902241197
10204,40,79.62,9,3184.8,12/2/2003 0:00,Shipped,4,12,2003,Classic Cars,85,S24_3191,Muscle Machine Inc,2125557413,4092 Furth Circle,NYC,10022,USA,EMEA,Young,Jeff,Medium,64316.090000000004,85.04470588235294,0.04951793555858262
10212,27,79.62,2,2149.74,1/16/2004 0:00,Shipped,1,1,2004,Classic Cars,85,S24_3191,Euro Shopping Channel,(91) 555 94 44,"C/ Moralzarzal, 86",Madrid,28034,Spain,EMEA,Freyre,Diego,Small,65165.17,87.60125,0.032989095248274494
10227,40,79.62,15,3184.8,3/2/2004 0:00,Shipped,1,3,2004,Classic Cars,85,S24_3191,"Saveley & Henriot, Co.",78.32.5555,"2, rue du Commerce",Lyon,69004,France,EMEA,Saveley,Mary,Medium,46802.270000000004,76.42333333333333,0.06804798143337919
10241,26,81.33,7,2114.58,4/13/2004 0:00,Shipped,2,4,2004,Classic Cars,85,S24_3191,Mini Caravy,88.60.1555,"24, place Kluber",Strasbourg,67000,France,EMEA,Citeaux,Frederique,Small,39341.229999999996,83.97666666666667,0.0537497175355219
10267,44,96.74,4,4256.56,7/7/2004 0:00,Shipped,3,7,2004,Classic Cars,85,S24_3191,Muscle Machine Inc,2125557413,4092 Furth Circle,NYC,10022,USA,EMEA,Young,Jeff,Medium,23252.18,89.93833333333333,0.18306068506264792
10279,33,71.06,4,2344.98,8/9/2004 0:00,Shipped,3,8,2004,Classic Cars,85,S24_3191,Euro Shopping Channel,(91) 555 94 44,"C/ Moralzarzal, 86",Madrid,28034,Spain,EMEA,Freyre,Diego,Small,21986.27,81.095,0.10665656339160758
10288,34,68.49,10,2328.66,9/1/2004 0:00,Shipped,3,9,2004,Classic Cars,85,S24_3191,Handji Gifts& Co,+65 224 1555,Village Close - 106 Linden Road Sandown,Singapore,69045,Singapore,APAC,Victorino,Wendy,Small,42902.84,75.91142857142857,0.05427752568361442
10302,48,74.48,6,3575.04,10/6/2003 0:00,Shipped,4,10,2003,Classic Cars,85,S24_3191,"UK Collectables, Ltd.",(171) 555-2282,Berkeley Gardens 12  Brewery,Liverpool,WX1 6LT,UK,EMEA,Devon,Elizabeth,Medium,26797.21,89.40833333333335,0.13341090359779992
10311,25,83.04,5,2076.0,10/16/2004 0:00,Shipped,4,10,2004,Classic Cars,85,S24_3191,Euro Shopping Channel,(91) 555 94 44,"C/ Moralzarzal, 86",Madrid,28034,Spain,EMEA,Freyre,Diego,Small,34872.13,86.76181818181819,0.059531780823253416
10321,39,84.75,2,3305.25,11/4/2004 0:00,Shipped,4,11,2004,Classic Cars,85,S24_3191,FunGiftIdeas.com,5085552555,1785 First Street,New Bedford,50553,USA,EMEA,Benitez,Violeta,Medium,49504.380000000005,84.79866666666666,0.066766819420827
10332,45,34.19,12,1538.55,11/17/2004 0:00,Shipped,4,11,2004,Classic Cars,85,S24_3191,"AV Stores, Co.",(171) 555-1555,Fauntleroy Circus,Manchester,EC2 5NT,UK,EMEA,Ashworth,Victoria,Small,48962.28,73.125,0.0314231690190898
10346,24,100.0,2,3325.92,11/29/2004 0:00,Shipped,4,11,2004,Classic Cars,85,S24_3191,Signal Gift Stores,7025551838,8489 Strong St.,Las Vegas,83030,USA,EMEA,King,Sue,Medium,14449.61,86.11166666666666,0.2301736863486281
10368,46,79.62,1,3662.52,1/19/2005 0:00,Shipped,1,1,2005,Classic Cars,85,S24_3191,Mini Gifts Distributors Ltd.,4155551450,5677 Strong St.,San Rafael,97562,USA,EMEA,Nelson,Valarie,Medium,15702.09,83.308,0.23325047812106542
10380,44,79.06,9,3478.64,2/16/2005 0:00,Shipped,1,2,2005,Classic Cars,85,S24_3191,Euro Shopping Channel,(91) 555 94 44,"C/ Moralzarzal, 86",Madrid,28034,Spain,EMEA,Freyre,Diego,Medium,38360.4,79.01,0.09068310028049759
10407,13,81.33,7,1057.29,4/22/2005 0:00,On Hold,2,4,2005,Classic Cars,85,S24_3191,The Sharp Gifts Warehouse,4085553659,3086 Ingle Ln.,San Jose,94217,USA,EMEA,Frick,Sue,Small,57883.09,83.97666666666667,0.018265956430453176
10420,35,96.74,10,3385.9,5/29/2005 0:00,In Process,2,5,2005,Classic Cars,85,S24_3191,Souveniers And Things Co.,+61 2 9495 8555,"Monitor Money Building, 815 Pacific Hwy",Chatswood,2067,Australia,APAC,Huxley,Adrian,Medium,43971.43,77.13076923076923,0.07700227170233036
10108,30,63.07,5,1892.1,3/3/2003 0:00,Shipped,1,3,2003,Classic Cars,61,S24_3371,Cruz & Sons Co.,+63 2 555 3587,15 McCallum Street - NatWest Center #13-03,Makati City,1227 MM,Philippines,Japan,Cruz,Arnold,Small,55245.020000000004,82.81125,0.0342492409270555
10122,34,50.21,9,1707.14,5/8/2003 0:00,Shipped,2,5,2003,Classic Cars,61,S24_3371,Marseille Mini Autos,91.24.4555,"12, rue des Bouchers",Marseille,13008,France,EMEA,Lebihan,Laurence,Small,52481.840000000004,79.76,0.03252820404162659
10135,27,66.13,6,1785.51,7/2/2003 0:00,Shipped,3,7,2003,Classic Cars,61,S24_3371,Mini Gifts Distributors Ltd.,4155551450,5677 Strong St.,San Rafael,97562,USA,EMEA,Nelson,Valarie,Small,59280.51,79.85588235294118,0.030119680144452196
10147,30,68.58,6,2057.4,9/5/2003 0:00,Shipped,3,9,2003,Classic Cars,61,S24_3371,Collectables For Less Inc.,6175558555,7825 Douglas Av.,Brickhaven,58339,USA,EMEA,Nelson,Allen,Small,34992.4,82.3709090909091,0.05879562419268184
10159,50,69.8,1,3490.0,10/10/2003 0:00,Shipped,4,10,2003,Classic Cars,61,S24_3371,Corporate Gift Ideas Co.,6505551386,7734 Strong St.,San Francisco,28034,USA,EMEA,Brown,Julie,Medium,62498.29,83.05611111111111,0.05584152782420127
10169,34,50.21,1,1707.14,11/4/2003 0:00,Shipped,4,11,2003,Classic Cars,61,S24_3371,"Anna's Decorations, Ltd",02 9936 8555,201 Miller Street,North Sydney,2060,Australia,APAC,O'Hara,Anna,Small,41791.95,80.17461538461538,0.04084853662009072
10181,23,65.52,13,1506.96,11/12/2003 0:00,Shipped,4,11,2003,Classic Cars,61,S24_3371,Herkku Gifts,+47 2267 3215,"Drammen 121, PR 744 Sentrum",Bergen,N 5804,Norway,EMEA,Oeztan,Veysel,Small,60795.84,88.24470588235295,0.024787222283629933
10191,48,60.01,2,2880.48,11/20/2003 0:00,Shipped,4,11,2003,Classic Cars,61,S24_3371,"Toms Spezialitten, Ltd",0221-5554327,Mehrheimerstr. 369,Koln,50739,Germany,EMEA,Pfalzheim,Henriette,Small,31363.18,84.28444444444443,0.0918427276825883
10203,34,64.9,7,2206.6,12/2/2003 0:00,Shipped,4,12,2003,Classic Cars,61,S24_3371,Euro Shopping Channel,(91) 555 94 44,"C/ Moralzarzal, 86",Madrid,28034,Spain,EMEA,Freyre,Diego,Small,45116.18,86.94545454545454,0.04890928265646604
10211,48,48.98,1,2351.04,1/15/2004 0:00,Shipped,1,1,2004,Classic Cars,61,S24_3371,Auto Canal Petit,(1) 47.55.6555,"25, rue Lauriston",Paris,75016,France,EMEA,Perrier,Dominique,Small,51172.65,82.83133333333333,0.045943291973349044
10225,24,50.21,8,1205.04,2/22/2004 0:00,Shipped,1,2,2004,Classic Cars,61,S24_3371,"Vida Sport, Ltd",0897-034555,Grenzacherweg 237,Gensve,1203,Switzerland,EMEA,Holz,Michael,Small,50432.549999999996,85.34071428571428,0.023894092208305948
10238,47,62.45,2,2935.15,4/9/2004 0:00,Shipped,2,4,2004,Classic Cars,61,S24_3371,Danish Wholesale Imports,31 12 3555,Vinb'ltet 34,Kobenhavn,1734,Denmark,EMEA,Petersen,Jytte,Small,31329.56,87.95,0.09368628222036951
10253,24,52.66,12,1263.84,6/1/2004 0:00,Cancelled,2,6,2004,Classic Cars,61,S24_3371,"UK Collectables, Ltd.",(171) 555-2282,Berkeley Gardens 12  Brewery,Liverpool,WX1 6LT,UK,EMEA,Devon,Elizabeth,Small,50408.25,90.67357142857144,0.02507208641442621
10266,47,62.45,13,2935.15,7/6/2004 0:00,Shipped,3,7,2004,Classic Cars,61,S24_3371,L'ordine Souveniers,0522-556555,Strada Provinciale 124,Reggio Emilia,42100,Italy,EMEA,Moroni,Maurizio,Small,56421.65,86.83,0.05202169734490218
10276,20,61.23,2,1224.6,8/2/2004 0:00,Shipped,3,8,2004,Classic Cars,61,S24_3371,Online Mini Collectables,6175557555,7635 Spinnaker Dr.,Brickhaven,58339,USA,EMEA,Barajas,Miguel,Small,52505.36,80.24285714285715,0.02332333308446985
10287,20,67.97,11,1359.4,8/30/2004 0:00,Shipped,3,8,2004,Classic Cars,61,S24_3371,"Vida Sport, Ltd",0897-034555,Grenzacherweg 237,Gensve,1203,Switzerland,EMEA,Holz,Michael,Small,67281.01,89.31294117647059,0.02020480964836884
10300,31,58.78,4,1822.18,10/4/2003 0:00,Shipped,4,10,2003,Classic Cars,61,S24_3371,"Blauer See Auto, Co.",+49 69 66 90 2555,Lyonerstr. 34,Frankfurt,60528,Germany,EMEA,Keitel,Roland,Small,27257.79,88.32375,0.06684988034613225
10310,38,56.94,9,2163.72,10/16/2004 0:00,Shipped,4,10,2004,Classic Cars,61,S24_3371,"Toms Spezialitten, Ltd",0221-5554327,Mehrheimerstr. 369,Koln,50739,Germany,EMEA,Pfalzheim,Henriette,Small,68943.4,85.85235294117648,0.03138400485035551
10320,26,61.23,2,1591.98,11/3/2004 0:00,Shipped,4,11,2004,Classic Cars,61,S24_3371,"Volvo Model Replicas, Co",0921-12 3555,BerguvsvÂgen  8,Lule,S-958 22,Sweden,EMEA,Berglund,Christina,Small,19599.35,86.92999999999999,0.08122616311255221
10331,25,100.0,9,3078.5,11/17/2004 0:00,Shipped,4,11,2004,Classic Cars,61,S24_3371,Motor Mint Distributors Inc.,2155559857,11328 Douglas Av.,Philadelphia,71270,USA,EMEA,Hernandez,Rosa,Medium,48996.1,84.39714285714285,0.06283153148924098
10342,48,62.45,10,2997.6,11/24/2004 0:00,Shipped,4,11,2004,Classic Cars,61,S24_3371,"Australian Collectors, Co.",03 9520 4555,636 St Kilda Road,Melbourne,3004,Australia,APAC,Ferguson,Peter,Small,43779.09,80.99909090909091,0.06847104405322267
10355,44,62.45,6,2747.8,12/7/2004 0:00,Shipped,4,12,2004,Classic Cars,61,S24_3371,Euro Shopping Channel,(91) 555 94 44,"C/ Moralzarzal, 86",Madrid,28034,Spain,EMEA,Freyre,Diego,Small,29884.13,76.03099999999999,0.09194846896998507
10363,21,100.0,15,2447.76,1/6/2005 0:00,Shipped,1,1,2005,Classic Cars,61,S24_3371,Suominen Souveniers,+358 9 8045 555,"Software Engineering Center, SEC Oy",Espoo,FIN-02271,Finland,EMEA,Suominen,Kalle,Small,51373.49,87.70666666666666,0.04764636391259384
10378,46,41.54,6,1910.84,2/10/2005 0:00,Shipped,1,2,2005,Classic Cars,61,S24_3371,Euro Shopping Channel,(91) 555 94 44,"C/ Moralzarzal, 86",Madrid,28034,Spain,EMEA,Freyre,Diego,Small,33680.5,78.354,0.05673431213907157
10390,46,52.84,6,2430.64,3/4/2005 0:00,Shipped,1,3,2005,Classic Cars,61,S24_3371,Mini Gifts Distributors Ltd.,4155551450,5677 Strong St.,San Rafael,97562,USA,EMEA,Nelson,Valarie,Small,61133.28,81.740625,0.03975968572273563
10419,55,52.66,12,2896.3,5/17/2005 0:00,Shipped,2,5,2005,Classic Cars,61,S24_3371,Salzburg Collectables,6562-9555,Geislweg 14,Salzburg,5020,Austria,EMEA,Pipps,Georg,Small,59475.1,90.67357142857144,0.04869769029392133
10106,31,52.6,14,1630.6,2/17/2003 0:00,Shipped,1,2,2003,Vintage Cars,65,S24_3420,Rovelli Gifts,035-640555,Via Ludovico il Moro 22,Bergamo,24100,Italy,EMEA,Rovelli,Giovanni,Small,56181.32,78.88222222222223,0.029023881959341646
10119,20,72.98,5,1459.6,4/28/2003 0:00,Shipped,2,4,2003,Vintage Cars,65,S24_3420,Salzburg Collectables,6562-9555,Geislweg 14,Salzburg,5020,Austria,EMEA,Pipps,Georg,Small,38629.14,79.57214285714285,0.03778494680440724
10131,29,59.18,6,1716.22,6/16/2003 0:00,Shipped,2,6,2003,Vintage Cars,65,S24_3420,Gift Ideas Corp.,2035554407,2440 Pompton St.,Glendale,97561,USA,EMEA,Lewis,Dan,Small,20350.95,77.63,0.08433119829786816
10143,33,77.59,9,2560.47,8/10/2003 0:00,Shipped,3,8,2003,Vintage Cars,65,S24_3420,Mini Creations Ltd.,5085559555,4575 Hillside Dr.,New Bedford,50553,USA,EMEA,Tam,Wing C,Small,45738.39,81.08375,0.055980763642970374
10155,34,55.89,7,1900.26,10/6/2003 0:00,Shipped,4,10,2003,Vintage Cars,65,S24_3420,"Toys of Finland, Co.",90-224 8555,Keskuskatu 45,Helsinki,21240,Finland,EMEA,Karttunen,Matti,Small,42083.5,81.96538461538461,0.04515451423954757
10167,32,63.12,3,2019.84,10/23/2003 0:00,Cancelled,4,10,2003,Vintage Cars,65,S24_3420,Scandinavian Gift Ideas,0695-34 6555,?kergatan 24,Boras,S-844 67,Sweden,EMEA,Larsson,Maria,Small,48710.92,81.586875,0.04146585611604133
10178,27,73.64,6,1988.28,11/8/2003 0:00,Shipped,4,11,2003,Vintage Cars,65,S24_3420,Alpha Cognac,61.77.6555,1 rue Alsace-Lorraine,Toulouse,31000,France,EMEA,Roulet,Annette,Small,38098.24,82.72166666666666,0.05218823756687973
10186,21,69.04,3,1449.84,11/14/2003 0:00,Shipped,4,11,2003,Vintage Cars,65,S24_3420,"Double Decker Gift Stores, Ltd",(171) 555-7555,120 Hanover Sq.,London,WA1 1DP,UK,EMEA,Hardy,Thomas,Small,27541.82,84.99444444444445,0.05264140133077625
10198,27,71.67,6,1935.09,11/27/2003 0:00,Shipped,4,11,2003,Vintage Cars,65,S24_3420,Cruz & Sons Co.,+63 2 555 3587,15 McCallum Street - NatWest Center #13-03,Makati City,1227 MM,Philippines,Japan,Cruz,Arnold,Small,22841.96,78.22500000000001,0.08471646040882656
10209,36,77.59,2,2793.24,1/9/2004 0:00,Shipped,1,1,2004,Vintage Cars,65,S24_3420,"Men 'R' US Retailers, Ltd.",2155554369,6047 Douglas Av.,Los Angeles,28034,USA,EMEA,Chandler,Michael,Small,23889.32,85.36625,0.1169242155071806
10222,43,70.35,6,3025.05,2/19/2004 0:00,Shipped,1,2,2004,Vintage Cars,65,S24_3420,Collectable Mini Designs Co.,7605558146,361 Furth Circle,San Diego,91217,USA,EMEA,Thompson,Valarie,Medium,61617.01,80.55444444444444,0.04909439779697197
10249,25,69.7,2,1742.5,5/8/2004 0:00,Shipped,2,5,2004,Vintage Cars,65,S24_3420,Cambridge Collectables Co.,6175555555,4658 Baden Av.,Cambridge,51247,USA,EMEA,Tseng,Kyung,Small,14380.92,78.216,0.12116749137051037
10262,46,70.35,11,3236.1,6/24/2004 0:00,Cancelled,2,6,2004,Vintage Cars,65,S24_3420,Euro Shopping Channel,(91) 555 94 44,"C/ Moralzarzal, 86",Madrid,28034,Spain,EMEA,Freyre,Diego,Medium,50010.65,78.62375,0.0647082171497471
10274,24,72.33,3,1735.92,7/21/2004 0:00,Shipped,3,7,2004,Vintage Cars,65,S24_3420,Collectables For Less Inc.,6175558555,7825 Douglas Av.,Brickhaven,58339,USA,EMEA,Nelson,Allen,Small,15110.8,77.306,0.11487942398814094
10284,39,71.67,13,2795.13,8/21/2004 0:00,Shipped,3,8,2004,Vintage Cars,65,S24_3420,"Norway Gifts By Mail, Co.",+47 2212 1555,"Drammensveien 126 A, PB 744 Sentrum",Oslo,N 0106,Norway,EMEA,Klaeboe,Jan,Small,34145.47,76.56538461538462,0.08185946774198745
10296,31,53.92,9,1671.52,9/15/2004 0:00,Shipped,3,9,2004,Vintage Cars,65,S24_3420,"Bavarian Collectables Imports, Co.",+49 89 61 08 9555,Hansastr. 15,Munich,80686,Germany,EMEA,Donnermeyer,Michael,Small,34993.92,79.71857142857142,0.04776601192435715
10307,22,71.67,3,1576.74,10/14/2004 0:00,Shipped,4,10,2004,Vintage Cars,65,S24_3420,"Classic Gift Ideas, Inc",2155554695,782 First Street,Philadelphia,71270,USA,EMEA,Cervantes,Francisca,Small,27445.31,84.45333333333333,0.05745025288473695
10316,47,76.93,11,3615.71,11/1/2004 0:00,Shipped,4,11,2004,Vintage Cars,65,S24_3420,giftsbymail.co.uk,(198) 555-8888,Garden House Crowther Way,Cowes,PO31 7PJ,UK,EMEA,Bennett,Helen,Medium,51334.16,79.435,0.07043477481661334
10328,20,72.98,2,1459.6,11/12/2004 0:00,Shipped,4,11,2004,Vintage Cars,65,S24_3420,Rovelli Gifts,035-640555,Via Ludovico il Moro 22,Bergamo,24100,Italy,EMEA,Rovelli,Giovanni,Small,41696.69,81.40714285714286,0.03500517666989873
10339,29,99.69,14,2891.01,11/23/2004 0:00,Shipped,4,11,2004,Vintage Cars,65,S24_3420,"Tokyo Collectables, Ltd",+81 3 3584 0555,2-2-8 Roppongi,Minato-ku,106-0032,Japan,Japan,Shimamura,Akiko,Small,55888.65,79.908125,0.05172803422519599
10351,38,68.38,4,2598.44,12/3/2004 0:00,Shipped,4,12,2004,Vintage Cars,65,S24_3420,"Stylish Desk Decors, Co.",(171) 555-0297,35 King George,London,WX3 6FW,UK,EMEA,Brown,Ann,Small,13739.9,80.39,0.18911636911476795
10361,34,100.0,6,3871.92,12/17/2004 0:00,Shipped,4,12,2004,Vintage Cars,65,S24_3420,Souveniers And Things Co.,+61 2 9495 8555,"Monitor Money Building, 815 Pacific Hwy",Chatswood,2067,Australia,APAC,Huxley,Adrian,Medium,37905.15,79.61642857142859,0.10214759735814262
10373,46,66.0,11,3036.0,1/31/2005 0:00,Shipped,1,1,2005,Vintage Cars,65,S24_3420,"Oulu Toy Supplies, Inc.",981-443655,Torikatu 38,Oulu,90110,Finland,EMEA,Koskitalo,Pirkko,Medium,49055.4,79.01235294117647,0.06188921097371543
10386,35,63.76,9,2231.6,3/1/2005 0:00,Resolved,1,3,2005,Vintage Cars,65,S24_3420,Euro Shopping Channel,(91) 555 94 44,"C/ Moralzarzal, 86",Madrid,28034,Spain,EMEA,Freyre,Diego,Small,53815.72,77.94666666666666,0.041467437395616
10398,34,71.67,13,2436.78,3/30/2005 0:00,Shipped,1,3,2005,Vintage Cars,65,S24_3420,Reims Collectables,26.47.1555,59 rue de l'Abbaye,Reims,51100,France,EMEA,Henriot,Paul,Small,52029.07,77.58611111111111,0.04683497129585442
10400,38,57.2,3,2173.6,4/1/2005 0:00,Shipped,2,4,2005,Vintage Cars,65,S24_3420,The Sharp Gifts Warehouse,4085553659,3086 Ingle Ln.,San Jose,94217,USA,EMEA,Frick,Sue,Small,37526.84,78.95333333333333,0.05792121052558649
10415,18,69.7,2,1254.6,5/9/2005 0:00,Disputed,2,5,2005,Vintage Cars,65,S24_3420,"Australian Collectables, Ltd",61-9-3844-6555,7 Allen Street,Glen Waverly,3150,Australia,APAC,Connery,Sean,Small,14378.09,78.216,0.0872577651134469
10110,37,100.0,14,3724.42,3/18/2003 0:00,Shipped,1,3,2003,Classic Cars,107,S24_3432,"AV Stores, Co.",(171) 555-1555,Fauntleroy Circus,Manchester,EC2 5NT,UK,EMEA,Ashworth,Victoria,Medium,51017.92,75.720625,0.0730021921709078
10124,43,100.0,13,5203.0,5/21/2003 0:00,Shipped,2,5,2003,Classic Cars,107,S24_3432,Signal Gift Stores,7025551838,8489 Strong St.,Las Vegas,83030,USA,EMEA,King,Sue,Medium,33847.62,72.39307692307692,0.15371834120094705
10148,27,100.0,7,3469.5,9/11/2003 0:00,Shipped,3,9,2003,Classic Cars,107,S24_3432,"Anna's Decorations, Ltd",02 9936 8555,201 Miller Street,North Sydney,2060,Australia,APAC,O'Hara,Anna,Medium,47191.76,88.97,0.07351919063836568
10161,30,100.0,6,3148.2,10/17/2003 0:00,Shipped,4,10,2003,Classic Cars,107,S24_3432,Heintze Collectables,86 21 3555,Smagsloget 45,Aaarhus,8200,Denmark,EMEA,Ibsen,Palle,Medium,40321.61,90.30666666666667,0.07807723947530865
10172,22,98.51,4,2167.22,11/5/2003 0:00,Shipped,4,11,2003,Classic Cars,107,S24_3432,Gift Depot Inc.,2035552570,25593 South Bay Ln.,Bridgewater,97562,USA,EMEA,King,Julie,Small,26115.8,84.1,0.08298501290406574
10182,49,100.0,17,6244.07,11/12/2003 0:00,Shipped,4,11,2003,Classic Cars,107,S24_3432,Mini Gifts Distributors Ltd.,4155551450,5677 Strong St.,San Rafael,97562,USA,EMEA,Nelson,Valarie,Medium,50360.89,77.46529411764706,0.12398649031023876
10192,46,100.0,5,5566.0,11/20/2003 0:00,Shipped,4,11,2003,Classic Cars,107,S24_3432,Online Diecast Creations Co.,6035558647,2304 Long Airport Avenue,Nashua,62005,USA,EMEA,Young,Valarie,Medium,63981.45,87.591875,0.08699396465694353
10204,48,91.02,11,4368.96,12/2/2003 0:00,Shipped,4,12,2003,Classic Cars,107,S24_3432,Muscle Machine Inc,2125557413,4092 Furth Circle,NYC,10022,USA,EMEA,Young,Jeff,Medium,64316.090000000004,85.04470588235294,0.06792950255527037
10212,46,87.81,4,4039.26,1/16/2004 0:00,Shipped,1,1,2004,Classic Cars,107,S24_3432,Euro Shopping Channel,(91) 555 94 44,"C/ Moralzarzal, 86",Madrid,28034,Spain,EMEA,Freyre,Diego,Medium,65165.17,87.60125,0.06198495300480303
10226,48,92.09,2,4420.32,2/26/2004 0:00,Shipped,1,2,2004,Classic Cars,107,S24_3432,Collectable Mini Designs Co.,7605558146,361 Furth Circle,San Diego,91217,USA,EMEA,Thompson,Valarie,Medium,25872.22,85.08857142857143,0.17085197945904912
10241,27,86.73,9,2341.71,4/13/2004 0:00,Shipped,2,4,2004,Classic Cars,107,S24_3432,Mini Caravy,88.60.1555,"24, place Kluber",Strasbourg,67000,France,EMEA,Citeaux,Frederique,Small,39341.229999999996,83.97666666666667,0.05952304999106536
10267,43,100.0,6,5110.98,7/7/2004 0:00,Shipped,3,7,2004,Classic Cars,107,S24_3432,Muscle Machine Inc,2125557413,4092 Furth Circle,NYC,10022,USA,EMEA,Young,Jeff,Medium,23252.18,89.93833333333333,0.21980648696165261
10279,48,100.0,6,6168.0,8/9/2004 0:00,Shipped,3,8,2004,Classic Cars,107,S24_3432,Euro Shopping Channel,(91) 555 94 44,"C/ Moralzarzal, 86",Madrid,28034,Spain,EMEA,Freyre,Diego,Medium,21986.27,81.095,0.28053871802720515
10288,41,100.0,12,4873.26,9/1/2004 0:00,Shipped,3,9,2004,Classic Cars,107,S24_3432,Handji Gifts& Co,+65 224 1555,Village Close - 106 Linden Road Sandown,Singapore,69045,Singapore,APAC,Victorino,Wendy,Medium,42902.84,75.91142857142857,0.11358828459840889
10301,22,96.37,2,2120.14,10/5/2003 0:00,Shipped,4,10,2003,Classic Cars,107,S24_3432,"Norway Gifts By Mail, Co.",+47 2212 1555,"Drammensveien 126 A, PB 744 Sentrum",Oslo,N 0106,Norway,EMEA,Klaeboe,Jan,Small,45078.759999999995,86.73363636363636,0.047031905935300794
10311,46,92.09,7,4236.14,10/16/2004 0:00,Shipped,4,10,2004,Classic Cars,107,S24_3432,Euro Shopping Channel,(91) 555 94 44,"C/ Moralzarzal, 86",Madrid,28034,Spain,EMEA,Freyre,Diego,Medium,34872.13,86.76181818181819,0.12147637669393871
10321,21,89.95,4,1888.95,11/4/2004 0:00,Shipped,4,11,2004,Classic Cars,107,S24_3432,FunGiftIdeas.com,5085552555,1785 First Street,New Bedford,50553,USA,EMEA,Benitez,Violeta,Small,49504.380000000005,84.79866666666666,0.03815722972391534
10332,31,37.18,13,1152.58,11/17/2004 0:00,Shipped,4,11,2004,Classic Cars,107,S24_3432,"AV Stores, Co.",(171) 555-1555,Fauntleroy Circus,Manchester,EC2 5NT,UK,EMEA,Ashworth,Victoria,Small,48962.28,73.125,0.023540161936903264
10346,26,95.88,6,2492.88,11/29/2004 0:00,Shipped,4,11,2004,Classic Cars,107,S24_3432,Signal Gift Stores,7025551838,8489 Strong St.,Las Vegas,83030,USA,EMEA,King,Sue,Small,14449.61,86.11166666666666,0.17252230337012556
10368,20,99.58,4,1991.6,1/19/2005 0:00,Shipped,1,1,2005,Classic Cars,107,S24_3432,Mini Gifts Distributors Ltd.,4155551450,5677 Strong St.,San Rafael,97562,USA,EMEA,Nelson,Valarie,Small,15702.09,83.308,0.12683661856478978
10380,34,100.0,11,3953.18,2/16/2005 0:00,Shipped,1,2,2005,Classic Cars,107,S24_3432,Euro Shopping Channel,(91) 555 94 44,"C/ Moralzarzal, 86",Madrid,28034,Spain,EMEA,Freyre,Diego,Medium,38360.4,79.01,0.10305366993044911
10407,43,86.73,9,3729.39,4/22/2005 0:00,On Hold,2,4,2005,Classic Cars,107,S24_3432,The Sharp Gifts Warehouse,4085553659,3086 Ingle Ln.,San Jose,94217,USA,EMEA,Frick,Sue,Medium,57883.09,83.97666666666667,0.06442969786167256
10420,26,100.0,12,2617.16,5/29/2005 0:00,In Process,2,5,2005,Classic Cars,107,S24_3432,Souveniers And Things Co.,+61 2 9495 8555,"Monitor Money Building, 815 Pacific Hwy",Chatswood,2067,Australia,APAC,Huxley,Adrian,Small,43971.43,77.13076923076923,0.05951955622093709
10105,50,79.67,1,3983.5,2/11/2003 0:00,Shipped,1,2,2003,Vintage Cars,83,S24_3816,Danish Wholesale Imports,31 12 3555,Vinb'ltet 34,Kobenhavn,1734,Denmark,EMEA,Petersen,Jytte,Medium,58871.11,85.284,0.06766476799910856
10119,35,90.57,10,3169.95,4/28/2003 0:00,Shipped,2,4,2003,Vintage Cars,83,S24_3816,Salzburg Collectables,6562-9555,Geislweg 14,Salzburg,5020,Austria,EMEA,Pipps,Georg,Medium,38629.14,79.57214285714285,0.08206110723666123
10129,50,77.99,1,3899.5,6/12/2003 0:00,Shipped,2,6,2003,Vintage Cars,83,S24_3816,"Stylish Desk Decors, Co.",(171) 555-0297,35 King George,London,WX3 6FW,UK,EMEA,Brown,Ann,Medium,32376.29,84.39111111111112,0.12044307732603086
10143,23,80.51,14,1851.73,8/10/2003 0:00,Shipped,3,8,2003,Vintage Cars,83,S24_3816,Mini Creations Ltd.,5085559555,4575 Hillside Dr.,New Bedford,50553,USA,EMEA,Tam,Wing C,Small,45738.39,81.08375,0.04048524663854587
10155,37,67.93,12,2513.41,10/6/2003 0:00,Shipped,4,10,2003,Vintage Cars,83,S24_3816,"Toys of Finland, Co.",90-224 8555,Keskuskatu 45,Helsinki,21240,Finland,EMEA,Karttunen,Matti,Small,42083.5,81.96538461538461,0.05972435752729692
10167,29,83.86,8,2431.94,10/23/2003 0:00,Cancelled,4,10,2003,Vintage Cars,83,S24_3816,Scandinavian Gift Ideas,0695-34 6555,?kergatan 24,Boras,S-844 67,Sweden,EMEA,Larsson,Maria,Small,48710.92,81.586875,0.049925971424887895
10178,21,72.12,11,1514.52,11/8/2003 0:00,Shipped,4,11,2003,Vintage Cars,83,S24_3816,Alpha Cognac,61.77.6555,1 rue Alsace-Lorraine,Toulouse,31000,France,EMEA,Roulet,Annette,Small,38098.24,82.72166666666666,0.039753017462223976
10186,36,85.54,8,3079.44,11/14/2003 0:00,Shipped,4,11,2003,Vintage Cars,83,S24_3816,"Double Decker Gift Stores, Ltd",(171) 555-7555,120 Hanover Sq.,London,WA1 1DP,UK,EMEA,Hardy,Thomas,Medium,27541.82,84.99444444444445,0.11180960444879823
10197,22,86.38,5,1900.36,11/26/2003 0:00,Shipped,4,11,2003,Vintage Cars,83,S24_3816,Enaco Distributors,(93) 203 4555,"Rambla de CataluÂ¤a, 23",Barcelona,8022,Spain,EMEA,Saavedra,Eduardo,Small,44009.31,83.48214285714286,0.043180863321874395
10209,22,89.73,7,1974.06,1/9/2004 0:00,Shipped,1,1,2004,Vintage Cars,83,S24_3816,"Men 'R' US Retailers, Ltd.",2155554369,6047 Douglas Av.,Los Angeles,28034,USA,EMEA,Chandler,Michael,Small,23889.32,85.36625,0.08263357851960625
10222,46,80.51,11,3703.46,2/19/2004 0:00,Shipped,1,2,2004,Vintage Cars,83,S24_3816,Collectable Mini Designs Co.,7605558146,361 Furth Circle,San Diego,91217,USA,EMEA,Thompson,Valarie,Medium,61617.01,80.55444444444444,0.060104506856142485
10248,23,76.31,2,1755.13,5/7/2004 0:00,Cancelled,2,5,2004,Vintage Cars,83,S24_3816,Land of Toys Inc.,2125557818,897 Long Airport Avenue,NYC,10022,USA,EMEA,Yu,Kwai,Small,45357.659999999996,87.77785714285714,0.03869533833976445
10262,49,87.21,16,4273.29,6/24/2004 0:00,Cancelled,2,6,2004,Vintage Cars,83,S24_3816,Euro Shopping Channel,(91) 555 94 44,"C/ Moralzarzal, 86",Madrid,28034,Spain,EMEA,Freyre,Diego,Medium,50010.65,78.62375,0.08544759966127215
10273,48,83.02,3,3984.96,7/21/2004 0:00,Shipped,3,7,2004,Vintage Cars,83,S24_3816,Petit Auto,(02) 5554 67,Rue Joseph-Bens 532,Bruxelles,B-1180,Belgium,EMEA,Dewey,Catherine,Medium,47760.479999999996,86.49533333333333,0.08343634737339324
10283,33,72.96,5,2407.68,8/20/2004 0:00,Shipped,3,8,2004,Vintage Cars,83,S24_3816,"Royal Canadian Collectables, Ltd.",(604) 555-4555,23 Tsawassen Blvd.,Tsawassen,T2F 8M4,Canada,EMEA,Lincoln,Elizabeth,Small,43332.35,84.92857142857143,0.05556310700896674
10296,22,77.15,14,1697.3,9/15/2004 0:00,Shipped,3,9,2004,Vintage Cars,83,S24_3816,"Bavarian Collectables Imports, Co.",+49 89 61 08 9555,Hansastr. 15,Munich,80686,Germany,EMEA,Donnermeyer,Michael,Small,34993.92,79.71857142857142,0.04850271132813929
10307,22,91.41,8,2011.02,10/14/2004 0:00,Shipped,4,10,2004,Vintage Cars,83,S24_3816,"Classic Gift Ideas, Inc",2155554695,782 First Street,Philadelphia,71270,USA,EMEA,Cervantes,Francisca,Small,27445.31,84.45333333333333,0.0732737214482183
10316,25,92.25,16,2306.25,11/1/2004 0:00,Shipped,4,11,2004,Vintage Cars,83,S24_3816,giftsbymail.co.uk,(198) 555-8888,Garden House Crowther Way,Cowes,PO31 7PJ,UK,EMEA,Bennett,Helen,Small,51334.16,79.435,0.04492622456469532
10326,20,92.25,2,1845.0,11/9/2004 0:00,Shipped,4,11,2004,Vintage Cars,83,S24_3816,"Volvo Model Replicas, Co",0921-12 3555,BerguvsvÂgen  8,Lule,S-958 22,Sweden,EMEA,Berglund,Christina,Small,20146.32,87.35166666666667,0.09158000071477074
10339,42,59.36,16,2493.12,11/23/2004 0:00,Shipped,4,11,2004,Vintage Cars,83,S24_3816,"Tokyo Collectables, Ltd",+81 3 3584 0555,2-2-8 Roppongi,Minato-ku,106-0032,Japan,Japan,Shimamura,Akiko,Small,55888.65,79.908125,0.04460869961969022
10350,25,60.34,10,1508.5,12/2/2004 0:00,Shipped,4,12,2004,Vintage Cars,83,S24_3816,Euro Shopping Channel,(91) 555 94 44,"C/ Moralzarzal, 86",Madrid,28034,Spain,EMEA,Freyre,Diego,Small,52269.17,84.99470588235295,0.02886022487060728
10373,23,100.0,10,2394.3,1/31/2005 0:00,Shipped,1,1,2005,Vintage Cars,83,S24_3816,"Oulu Toy Supplies, Inc.",981-443655,Torikatu 38,Oulu,90110,Finland,EMEA,Koskitalo,Pirkko,Small,49055.4,79.01235294117647,0.04880808229063467
10385,37,85.54,2,3164.98,2/28/2005 0:00,Shipped,1,2,2005,Vintage Cars,83,S24_3816,Mini Gifts Distributors Ltd.,4155551450,5677 Strong St.,San Rafael,97562,USA,EMEA,Nelson,Valarie,Medium,5098.48,81.44,0.6207693273289294
10396,37,90.57,8,3351.09,3/23/2005 0:00,Shipped,1,3,2005,Vintage Cars,83,S24_3816,Mini Gifts Distributors Ltd.,4155551450,5677 Strong St.,San Rafael,97562,USA,EMEA,Nelson,Valarie,Medium,32194.79,91.27375,0.10408795957358317
10400,42,72.96,8,3064.32,4/1/2005 0:00,Shipped,2,4,2005,Vintage Cars,83,S24_3816,The Sharp Gifts Warehouse,4085553659,3086 Ingle Ln.,San Jose,94217,USA,EMEA,Frick,Sue,Medium,37526.84,78.95333333333333,0.08165675553816949
10414,51,76.31,2,3891.81,5/6/2005 0:00,On Hold,2,5,2005,Vintage Cars,83,S24_3816,Gifts4AllAges.com,6175559555,8616 Spinnaker Dr.,Boston,51003,USA,EMEA,Yoshido,Juri,Medium,48316.89,87.77785714285714,0.08054760974888905
10108,40,100.0,1,5448.8,3/3/2003 0:00,Shipped,1,3,2003,Classic Cars,140,S24_3856,Cruz & Sons Co.,+63 2 555 3587,15 McCallum Street - NatWest Center #13-03,Makati City,1227 MM,Philippines,Japan,Cruz,Arnold,Medium,55245.020000000004,82.81125,0.09862970454169444
10122,43,100.0,5,5494.97,5/8/2003 0:00,Shipped,2,5,2003,Classic Cars,140,S24_3856,Marseille Mini Autos,91.24.4555,"12, rue des Bouchers",Marseille,13008,France,EMEA,Lebihan,Laurence,Medium,52481.840000000004,79.76,0.10470231226649065
10135,47,100.0,2,6336.07,7/2/2003 0:00,Shipped,3,7,2003,Classic Cars,140,S24_3856,Mini Gifts Distributors Ltd.,4155551450,5677 Strong St.,San Rafael,97562,USA,EMEA,Nelson,Valarie,Medium,59280.51,79.85588235294118,0.10688285239111471
10147,23,100.0,2,2906.97,9/5/2003 0:00,Shipped,3,9,2003,Classic Cars,140,S24_3856,Collectables For Less Inc.,6175558555,7825 Douglas Av.,Brickhaven,58339,USA,EMEA,Nelson,Allen,Small,34992.4,82.3709090909091,0.08307432471050856
10160,35,100.0,3,4767.7,10/11/2003 0:00,Shipped,4,10,2003,Classic Cars,140,S24_3856,"Men 'R' US Retailers, Ltd.",2155554369,6047 Douglas Av.,Los Angeles,28034,USA,EMEA,Chandler,Michael,Medium,24159.14,87.59166666666665,0.19734560087817696
10170,34,100.0,1,3819.56,11/4/2003 0:00,Shipped,4,11,2003,Classic Cars,140,S24_3856,Mini Auto Werke,7675-3555,Kirchgasse 6,Graz,8010,Austria,EMEA,Mendel,Roland,Medium,14938.15,90.785,0.25569163517570787
10181,25,100.0,9,3861.75,11/12/2003 0:00,Shipped,4,11,2003,Classic Cars,140,S24_3856,Herkku Gifts,+47 2267 3215,"Drammen 121, PR 744 Sentrum",Bergen,N 5804,Norway,EMEA,Oeztan,Veysel,Medium,60795.84,88.24470588235295,0.06351997110328601
10192,45,100.0,14,6319.35,11/20/2003 0:00,Shipped,4,11,2003,Classic Cars,140,S24_3856,Online Diecast Creations Co.,6035558647,2304 Long Airport Avenue,Nashua,62005,USA,EMEA,Young,Valarie,Medium,63981.45,87.591875,0.09876847117406687
10203,47,100.0,3,6996.42,12/2/2003 0:00,Shipped,4,12,2003,Classic Cars,140,S24_3856,Euro Shopping Channel,(91) 555 94 44,"C/ Moralzarzal, 86",Madrid,28034,Spain,EMEA,Freyre,Diego,Medium,45116.18,86.94545454545454,0.1550756291866909
10212,49,100.0,13,6949.67,1/16/2004 0:00,Shipped,1,1,2004,Classic Cars,140,S24_3856,Euro Shopping Channel,(91) 555 94 44,"C/ Moralzarzal, 86",Madrid,28034,Spain,EMEA,Freyre,Diego,Medium,65165.17,87.60125,0.10664700176489987
10225,40,100.0,4,4550.0,2/22/2004 0:00,Shipped,1,2,2004,Classic Cars,140,S24_3856,"Vida Sport, Ltd",0897-034555,Grenzacherweg 237,Gensve,1203,Switzerland,EMEA,Holz,Michael,Medium,50432.549999999996,85.34071428571428,0.09021951101025033
10239,29,100.0,3,4479.63,4/12/2004 0:00,Shipped,2,4,2004,Classic Cars,140,S24_3856,"Oulu Toy Supplies, Inc.",981-443655,Torikatu 38,Oulu,90110,Finland,EMEA,Koskitalo,Pirkko,Medium,17813.4,82.352,0.25147529387988815
10253,39,100.0,8,5148.0,6/1/2004 0:00,Cancelled,2,6,2004,Classic Cars,140,S24_3856,"UK Collectables, Ltd.",(171) 555-2282,Berkeley Gardens 12  Brewery,Liverpool,WX1 6LT,UK,EMEA,Devon,Elizabeth,Medium,50408.25,90.67357142857144,0.10212614006635819
10266,24,100.0,9,2932.08,7/6/2004 0:00,Shipped,3,7,2004,Classic Cars,140,S24_3856,L'ordine Souveniers,0522-556555,Strada Provinciale 124,Reggio Emilia,42100,Italy,EMEA,Moroni,Maurizio,Small,56421.65,86.83,0.05196728560756376
10278,25,100.0,9,3159.75,8/6/2004 0:00,Shipped,3,8,2004,Classic Cars,140,S24_3856,Signal Gift Stores,7025551838,8489 Strong St.,Las Vegas,83030,USA,EMEA,King,Sue,Medium,34453.85,87.503,0.09170963477231137
10287,36,100.0,7,4297.32,8/30/2004 0:00,Shipped,3,8,2004,Classic Cars,140,S24_3856,"Vida Sport, Ltd",0897-034555,Grenzacherweg 237,Gensve,1203,Switzerland,EMEA,Holz,Michael,Medium,67281.01,89.31294117647059,0.06387121715325023
10301,50,100.0,11,7723.5,10/5/2003 0:00,Shipped,4,10,2003,Classic Cars,140,S24_3856,"Norway Gifts By Mail, Co.",+47 2212 1555,"Drammensveien 126 A, PB 744 Sentrum",Oslo,N 0106,Norway,EMEA,Klaeboe,Jan,Large,45078.759999999995,86.73363636363636,0.17133346170125355
10310,45,100.0,5,5497.65,10/16/2004 0:00,Shipped,4,10,2004,Classic Cars,140,S24_3856,"Toms Spezialitten, Ltd",0221-5554327,Mehrheimerstr. 369,Koln,50739,Germany,EMEA,Pfalzheim,Henriette,Medium,68943.4,85.85235294117648,0.07974149809844017
10321,26,100.0,13,4052.88,11/4/2004 0:00,Shipped,4,11,2004,Classic Cars,140,S24_3856,FunGiftIdeas.com,5085552555,1785 First Street,New Bedford,50553,USA,EMEA,Benitez,Violeta,Medium,49504.380000000005,84.79866666666666,0.08186911945973264
10331,21,100.0,1,3135.93,11/17/2004 0:00,Shipped,4,11,2004,Classic Cars,140,S24_3856,Motor Mint Distributors Inc.,2155559857,11328 Douglas Av.,Philadelphia,71270,USA,EMEA,Hernandez,Rosa,Medium,48996.1,84.39714285714285,0.06400366559787411
10342,42,100.0,6,5013.54,11/24/2004 0:00,Shipped,4,11,2004,Classic Cars,140,S24_3856,"Australian Collectors, Co.",03 9520 4555,636 St Kilda Road,Melbourne,3004,Australia,APAC,Ferguson,Peter,Medium,43779.09,80.99909090909091,0.11451905464458033
10355,32,100.0,8,5302.72,12/7/2004 0:00,Shipped,4,12,2004,Classic Cars,140,S24_3856,Euro Shopping Channel,(91) 555 94 44,"C/ Moralzarzal, 86",Madrid,28034,Spain,EMEA,Freyre,Diego,Medium,29884.13,76.03099999999999,0.1774426760959747
10363,31,94.58,1,2931.98,1/6/2005 0:00,Shipped,1,1,2005,Classic Cars,140,S24_3856,Suominen Souveniers,+358 9 8045 555,"Software Engineering Center, SEC Oy",Espoo,FIN-02271,Finland,EMEA,Suominen,Kalle,Small,51373.49,87.70666666666666,0.05707184775649854
10378,33,53.27,3,1757.91,2/10/2005 0:00,Shipped,1,2,2005,Classic Cars,140,S24_3856,Euro Shopping Channel,(91) 555 94 44,"C/ Moralzarzal, 86",Madrid,28034,Spain,EMEA,Freyre,Diego,Small,33680.5,78.354,0.05219370258755066
10390,45,100.0,8,6763.05,3/4/2005 0:00,Shipped,1,3,2005,Classic Cars,140,S24_3856,Mini Gifts Distributors Ltd.,4155551450,5677 Strong St.,San Rafael,97562,USA,EMEA,Nelson,Valarie,Medium,61133.28,81.740625,0.11062795910836128
10405,76,100.0,3,11739.7,4/14/2005 0:00,Shipped,2,4,2005,Classic Cars,140,S24_3856,Mini Caravy,88.60.1555,"24, place Kluber",Strasbourg,67000,France,EMEA,Citeaux,Frederique,Large,35680.35,82.352,0.3290242388317379
10419,70,100.0,8,9240.0,5/17/2005 0:00,Shipped,2,5,2005,Classic Cars,140,S24_3856,Salzburg Collectables,6562-9555,Geislweg 14,Salzburg,5020,Austria,EMEA,Pipps,Georg,Large,59475.1,90.67357142857144,0.15535913348611435
10106,50,64.83,11,3241.5,2/17/2003 0:00,Shipped,1,2,2003,Planes,68,S24_3949,Rovelli Gifts,035-640555,Via Ludovico il Moro 22,Bergamo,24100,Italy,EMEA,Rovelli,Giovanni,Medium,56181.32,78.88222222222223,0.05769711356016555
10119,28,70.29,2,1968.12,4/28/2003 0:00,Shipped,2,4,2003,Planes,68,S24_3949,Salzburg Collectables,6562-9555,Geislweg 14,Salzburg,5020,Austria,EMEA,Pipps,Georg,Small,38629.14,79.57214285714285,0.050949102154487516
10131,50,81.89,3,4094.5,6/16/2003 0:00,Shipped,2,6,2003,Planes,68,S24_3949,Gift Ideas Corp.,2035554407,2440 Pompton St.,Glendale,97561,USA,EMEA,Lewis,Dan,Medium,20350.95,77.63,0.20119453882988264
10143,28,66.19,6,1853.32,8/10/2003 0:00,Shipped,3,8,2003,Planes,68,S24_3949,Mini Creations Ltd.,5085559555,4575 Hillside Dr.,New Bedford,50553,USA,EMEA,Tam,Wing C,Small,45738.39,81.08375,0.04052000955870987
10155,44,77.11,4,3392.84,10/6/2003 0:00,Shipped,4,10,2003,Planes,68,S24_3949,"Toys of Finland, Co.",90-224 8555,Keskuskatu 45,Helsinki,21240,Finland,EMEA,Karttunen,Matti,Medium,42083.5,81.96538461538461,0.0806216213005097
10168,27,73.02,18,1971.54,10/28/2003 0:00,Shipped,4,10,2003,Planes,68,S24_3949,Technics Stores Inc.,6505556809,9408 Furth Circle,Burlingame,94217,USA,EMEA,Hirano,Juri,Small,62305.47,86.58777777777777,0.03164312860492024
10178,30,72.33,3,2169.9,11/8/2003 0:00,Shipped,4,11,2003,Planes,68,S24_3949,Alpha Cognac,61.77.6555,1 rue Alsace-Lorraine,Toulouse,31000,France,EMEA,Roulet,Annette,Small,38098.24,82.72166666666666,0.056955386915511066
10198,43,66.19,3,2846.17,11/27/2003 0:00,Shipped,4,11,2003,Planes,68,S24_3949,Cruz & Sons Co.,+63 2 555 3587,15 McCallum Street - NatWest Center #13-03,Makati City,1227 MM,Philippines,Japan,Cruz,Arnold,Small,22841.96,78.22500000000001,0.12460270484669443
10210,29,69.6,16,2018.4,1/12/2004 0:00,Shipped,1,1,2004,Planes,68,S24_3949,Osaka Souveniers Co.,+81 06 6342 5555,"Dojima Avanza 4F, 1-6-20 Dojima, Kita-ku",Osaka,530-0003,Japan,Japan,Kentary,Mory,Small,50490.64,78.96588235294118,0.03997572619400348
10222,48,56.64,3,2718.72,2/19/2004 0:00,Shipped,1,2,2004,Planes,68,S24_3949,Collectable Mini Designs Co.,7605558146,361 Furth Circle,San Diego,91217,USA,EMEA,Thompson,Valarie,Small,61617.01,80.55444444444444,0.04412288100315156
10235,33,60.05,12,1981.65,4/2/2004 0:00,Shipped,2,4,2004,Planes,68,S24_3949,"Royal Canadian Collectables, Ltd.",(604) 555-4555,23 Tsawassen Blvd.,Tsawassen,T2F 8M4,Canada,EMEA,Lincoln,Elizabeth,Small,31302.5,81.33333333333333,0.06330644517211086
10250,40,75.06,13,3002.4,5/11/2004 0:00,Shipped,2,5,2004,Planes,68,S24_3949,The Sharp Gifts Warehouse,4085553659,3086 Ingle Ln.,San Jose,94217,USA,EMEA,Frick,Sue,Medium,48472.24,82.75928571428572,0.06194060765502069
10262,48,61.42,8,2948.16,6/24/2004 0:00,Cancelled,2,6,2004,Planes,68,S24_3949,Euro Shopping Channel,(91) 555 94 44,"C/ Moralzarzal, 86",Madrid,28034,Spain,EMEA,Freyre,Diego,Small,50010.65,78.62375,0.05895064351293174
10275,41,81.89,18,3357.49,7/23/2004 0:00,Shipped,3,7,2004,Planes,68,S24_3949,La Rochelle Gifts,40.67.8555,"67, rue des Cinquante Otages",Nantes,44000,France,EMEA,Labrune,Janine,Medium,56002.9,82.95166666666667,0.0599520739104582
10284,21,55.96,10,1175.16,8/21/2004 0:00,Shipped,3,8,2004,Planes,68,S24_3949,"Norway Gifts By Mail, Co.",+47 2212 1555,"Drammensveien 126 A, PB 744 Sentrum",Oslo,N 0106,Norway,EMEA,Klaeboe,Jan,Small,34145.47,76.56538461538462,0.034416278352589674
10296,32,71.65,6,2292.8,9/15/2004 0:00,Shipped,3,9,2004,Planes,68,S24_3949,"Bavarian Collectables Imports, Co.",+49 89 61 08 9555,Hansastr. 15,Munich,80686,Germany,EMEA,Donnermeyer,Michael,Small,34993.92,79.71857142857142,0.06551995318043821
10308,43,76.43,16,3286.49,10/15/2004 0:00,Shipped,4,10,2004,Planes,68,S24_3949,Mini Classics,9145554562,3758 North Pendale Street,White Plains,24067,USA,EMEA,Frick,Steve,Medium,46873.04,80.71875,0.07011471839675856
10316,30,77.79,8,2333.7,11/1/2004 0:00,Shipped,4,11,2004,Planes,68,S24_3949,giftsbymail.co.uk,(198) 555-8888,Garden House Crowther Way,Cowes,PO31 7PJ,UK,EMEA,Bennett,Helen,Small,51334.16,79.435,0.045460956213172664
10328,35,76.43,3,2675.05,11/12/2004 0:00,Shipped,4,11,2004,Planes,68,S24_3949,Rovelli Gifts,035-640555,Via Ludovico il Moro 22,Bergamo,24100,Italy,EMEA,Rovelli,Giovanni,Small,41696.69,81.40714285714286,0.06415497249302043
10339,45,96.92,11,4361.4,11/23/2004 0:00,Shipped,4,11,2004,Planes,68,S24_3949,"Tokyo Collectables, Ltd",+81 3 3584 0555,2-2-8 Roppongi,Minato-ku,106-0032,Japan,Japan,Shimamura,Akiko,Medium,55888.65,79.908125,0.07803731169029847
10351,34,59.37,3,2018.58,12/3/2004 0:00,Shipped,4,12,2004,Planes,68,S24_3949,"Stylish Desk Decors, Co.",(171) 555-0297,35 King George,London,WX3 6FW,UK,EMEA,Brown,Ann,Small,13739.9,80.39,0.14691373299660113
10361,26,100.0,7,3710.98,12/17/2004 0:00,Shipped,4,12,2004,Planes,68,S24_3949,Souveniers And Things Co.,+61 2 9495 8555,"Monitor Money Building, 815 Pacific Hwy",Chatswood,2067,Australia,APAC,Huxley,Adrian,Medium,37905.15,79.61642857142859,0.09790173630759937
10373,39,73.0,13,2847.0,1/31/2005 0:00,Shipped,1,1,2005,Planes,68,S24_3949,"Oulu Toy Supplies, Inc.",981-443655,Torikatu 38,Oulu,90110,Finland,EMEA,Koskitalo,Pirkko,Small,49055.4,79.01235294117647,0.05803642412456121
10386,41,73.32,12,3006.12,3/1/2005 0:00,Resolved,1,3,2005,Planes,68,S24_3949,Euro Shopping Channel,(91) 555 94 44,"C/ Moralzarzal, 86",Madrid,28034,Spain,EMEA,Freyre,Diego,Medium,53815.72,77.94666666666666,0.05585951465482576
10398,41,68.24,2,2797.84,3/30/2005 0:00,Shipped,1,3,2005,Planes,68,S24_3949,Reims Collectables,26.47.1555,59 rue de l'Abbaye,Reims,51100,France,EMEA,Henriot,Paul,Small,52029.07,77.58611111111111,0.053774553341045694
10401,64,60.05,12,3843.2,4/3/2005 0:00,On Hold,2,4,2005,Planes,68,S24_3949,Tekni Collectables Inc.,2015559350,7476 Moss Rd.,Newark,94019,USA,EMEA,Brown,William,Medium,46519.0,81.33333333333333,0.08261570541069241
10416,18,75.06,13,1351.08,5/10/2005 0:00,Shipped,2,5,2005,Planes,68,S24_3949,L'ordine Souveniers,0522-556555,Strada Provinciale 124,Reggio Emilia,42100,Italy,EMEA,Moroni,Maurizio,Small,41509.94,82.75928571428572,0.03254834866058587
10100,49,34.47,1,1689.03,1/6/2003 0:00,Shipped,1,1,2003,Vintage Cars,41,S24_3969,Online Diecast Creations Co.,6035558647,2304 Long Airport Avenue,Nashua,62005,USA,EMEA,Young,Valarie,Small,12133.25,72.195,0.13920672532091566
10110,48,34.47,5,1654.56,3/18/2003 0:00,Shipped,1,3,2003,Vintage Cars,41,S24_3969,"AV Stores, Co.",(171) 555-1555,Fauntleroy Circus,Manchester,EC2 5NT,UK,EMEA,Ashworth,Victoria,Small,51017.92,75.720625,0.032430957592939895
10124,46,33.23,4,1528.58,5/21/2003 0:00,Shipped,2,5,2003,Vintage Cars,41,S24_3969,Signal Gift Stores,7025551838,8489 Strong St.,Las Vegas,83030,USA,EMEA,King,Sue,Small,33847.62,72.39307692307692,0.04516063463250887
10149,26,38.98,9,1013.48,9/12/2003 0:00,Shipped,3,9,2003,Vintage Cars,41,S24_3969,Signal Collectibles Ltd.,4155554312,2793 Furth Circle,Brisbane,94217,USA,EMEA,Taylor,Sue,Small,34100.03,75.16818181818182,0.029720794967042552
10162,37,38.98,7,1442.26,10/18/2003 0:00,Shipped,4,10,2003,Vintage Cars,41,S24_3969,Corporate Gift Ideas Co.,6505551386,7734 Strong St.,San Francisco,28034,USA,EMEA,Brown,Julie,Small,33180.59,71.476,0.043466978736665024
10173,35,33.23,11,1163.05,11/5/2003 0:00,Shipped,4,11,2003,Vintage Cars,41,S24_3969,Rovelli Gifts,035-640555,Via Ludovico il Moro 22,Bergamo,24100,Italy,EMEA,Rovelli,Giovanni,Small,40077.71,74.569375,0.029019871644362913
10182,23,42.26,8,971.98,11/12/2003 0:00,Shipped,4,11,2003,Vintage Cars,41,S24_3969,Mini Gifts Distributors Ltd.,4155551450,5677 Strong St.,San Rafael,97562,USA,EMEA,Nelson,Valarie,Small,50360.89,77.46529411764706,0.019300294335544903
10193,22,41.03,12,902.66,11/21/2003 0:00,Shipped,4,11,2003,Vintage Cars,41,S24_3969,"Australian Collectables, Ltd",61-9-3844-6555,7 Allen Street,Glen Waverly,3150,Australia,APAC,Connery,Sean,Small,37878.55,76.986875,0.02383037365474655
10204,39,33.23,2,1295.97,12/2/2003 0:00,Shipped,4,12,2003,Vintage Cars,41,S24_3969,Muscle Machine Inc,2125557413,4092 Furth Circle,NYC,10022,USA,EMEA,Young,Jeff,Small,64316.090000000004,85.04470588235294,0.02015001222866626
10214,44,34.88,5,1534.72,1/26/2004 0:00,Shipped,1,1,2004,Vintage Cars,41,S24_3969,"Corrida Auto Replicas, Ltd",(91) 555 22 82,"C/ Araquil, 67",Madrid,28023,Spain,EMEA,Sommer,MartÂ¡n,Small,24995.469999999998,68.56714285714285,0.06139992566653078
10227,27,43.9,8,1185.3,3/2/2004 0:00,Shipped,1,3,2004,Vintage Cars,41,S24_3969,"Saveley & Henriot, Co.",78.32.5555,"2, rue du Commerce",Lyon,69004,France,EMEA,Saveley,Mary,Small,46802.270000000004,76.42333333333333,0.025325694672501994
10242,46,36.93,1,1698.78,4/20/2004 0:00,Shipped,2,4,2004,Vintage Cars,41,S24_3969,Microscale Inc.,2125551957,5290 North Pendale Street,NYC,10022,USA,EMEA,Kuo,Kee,Small,1698.78,36.93,1.0
10280,33,41.85,14,1381.05,8/17/2004 0:00,Shipped,3,8,2004,Vintage Cars,41,S24_3969,Amica Models & Co.,011-4988555,Via Monte Bianco 34,Torino,10100,Italy,EMEA,Accorti,Paolo,Small,56078.26,81.5564705882353,0.024627190643932245
10288,33,40.62,3,1340.46,9/1/2004 0:00,Shipped,3,9,2004,Vintage Cars,41,S24_3969,Handji Gifts& Co,+65 224 1555,Village Close - 106 Linden Road Sandown,Singapore,69045,Singapore,APAC,Victorino,Wendy,Small,42902.84,75.91142857142857,0.03124408547312952
10303,24,40.21,1,965.04,10/6/2004 0:00,Shipped,4,10,2004,Vintage Cars,41,S24_3969,"Iberia Gift Imports, Corp.",(95) 555 82 82,"C/ Romero, 33",Sevilla,41101,Spain,EMEA,Roel,Jose Pedro,Small,3220.88,44.625,0.29961997963289533
10312,31,35.29,15,1093.99,10/21/2004 0:00,Shipped,4,10,2004,Vintage Cars,41,S24_3969,Mini Gifts Distributors Ltd.,4155551450,5677 Strong St.,San Rafael,97562,USA,EMEA,Nelson,Valarie,Small,63075.08,76.92764705882352,0.017344250692983662
10332,41,77.24,14,3166.84,11/17/2004 0:00,Shipped,4,11,2004,Vintage Cars,41,S24_3969,"AV Stores, Co.",(171) 555-1555,Fauntleroy Circus,Manchester,EC2 5NT,UK,EMEA,Ashworth,Victoria,Medium,48962.28,73.125,0.06467917752196181
10346,22,97.44,4,2143.68,11/29/2004 0:00,Shipped,4,11,2004,Vintage Cars,41,S24_3969,Signal Gift Stores,7025551838,8489 Strong St.,Las Vegas,83030,USA,EMEA,King,Sue,Small,14449.61,86.11166666666666,0.1483555611535536
10368,46,37.34,3,1717.64,1/19/2005 0:00,Shipped,1,1,2005,Vintage Cars,41,S24_3969,Mini Gifts Distributors Ltd.,4155551450,5677 Strong St.,San Rafael,97562,USA,EMEA,Nelson,Valarie,Small,15702.09,83.308,0.10938925964632734
10380,43,95.03,12,4086.29,2/16/2005 0:00,Shipped,1,2,2005,Vintage Cars,41,S24_3969,Euro Shopping Channel,(91) 555 94 44,"C/ Moralzarzal, 86",Madrid,28034,Spain,EMEA,Freyre,Diego,Medium,38360.4,79.01,0.10652365460214179
10408,15,36.93,1,553.95,4/22/2005 0:00,Shipped,2,4,2005,Vintage Cars,41,S24_3969,"Tokyo Collectables, Ltd",+81 3 3584 0555,2-2-8 Roppongi,Minato-ku,106-0032,Japan,Japan,Shimamura,Akiko,Small,553.95,36.93,1.0
10420,15,43.49,3,652.35,5/29/2005 0:00,In Process,2,5,2005,Vintage Cars,41,S24_3969,Souveniers And Things Co.,+61 2 9495 8555,"Monitor Money Building, 815 Pacific Hwy",Chatswood,2067,Australia,APAC,Huxley,Adrian,Small,43971.43,77.13076923076923,0.014835769498513013
10104,26,100.0,5,2921.62,1/31/2003 0:00,Shipped,1,1,2003,Classic Cars,118,S24_4048,Euro Shopping Channel,(91) 555 94 44,"C/ Moralzarzal, 86",Madrid,28034,Spain,EMEA,Freyre,Diego,Small,44621.96,81.68384615384616,0.06547493655590207
10115,44,100.0,1,5568.64,4/4/2003 0:00,Shipped,2,4,2003,Classic Cars,118,S24_4048,Classic Legends Inc.,2125558493,5905 Pompton St.,NYC,10022,USA,EMEA,Hernandez,Maria,Medium,24777.41,93.872,0.22474665431132634
10127,20,96.99,7,1939.8,6/3/2003 0:00,Shipped,2,6,2003,Classic Cars,118,S24_4048,Muscle Machine Inc,2125557413,4092 Furth Circle,NYC,10022,USA,EMEA,Young,Jeff,Small,68462.15,85.852,0.028333904208383758
10141,40,94.62,1,3784.8,8/1/2003 0:00,Shipped,3,8,2003,Classic Cars,118,S24_4048,Suominen Souveniers,+358 9 8045 555,"Software Engineering Center, SEC Oy",Espoo,FIN-02271,Finland,EMEA,Suominen,Kalle,Medium,31569.43,81.93,0.11988813228493514
10152,23,100.0,3,2802.09,9/25/2003 0:00,Shipped,3,9,2003,Classic Cars,118,S24_4048,"Australian Gift Network, Co",61-7-3844-6555,31 Duncan St. West End,South Brisbane,4101,Australia,APAC,Calaghan,Tony,Small,10640.29,79.065,0.2633471456135124
10165,24,99.36,8,2384.64,10/22/2003 0:00,Shipped,4,10,2003,Classic Cars,118,S24_4048,"Dragon Souveniers, Ltd.",+65 221 7555,"Bronz Sok., Bronz Apt. 3/6 Tesvikiye",Singapore,79903,Singapore,Japan,Natividad,Eric,Small,77809.37,85.15388888888889,0.030647208684506762
10176,29,100.0,7,2915.66,11/6/2003 0:00,Shipped,4,11,2003,Classic Cars,118,S24_4048,L'ordine Souveniers,0522-556555,Strada Provinciale 124,Reggio Emilia,42100,Italy,EMEA,Moroni,Maurizio,Small,44669.74,89.72200000000001,0.06527147908181243
10184,49,100.0,2,5795.72,11/14/2003 0:00,Shipped,4,11,2003,Classic Cars,118,S24_4048,"Iberia Gift Imports, Corp.",(95) 555 82 82,"C/ Romero, 33",Sevilla,41101,Spain,EMEA,Roel,Jose Pedro,Medium,51502.740000000005,81.98538461538462,0.1125322652736534
10195,34,100.0,2,3699.88,11/25/2003 0:00,Shipped,4,11,2003,Classic Cars,118,S24_4048,Mini Classics,9145554562,3758 North Pendale Street,White Plains,24067,USA,EMEA,Frick,Steve,Medium,38682.95,79.273,0.09564627309964727
10207,28,100.0,3,2980.6,12/9/2003 0:00,Shipped,4,12,2003,Classic Cars,118,S24_4048,Diecast Collectables,6175552555,6251 Ingle Ln.,Boston,51003,USA,EMEA,Franco,Valarie,Small,63730.78,83.64875,0.04676861008134531
10220,37,100.0,7,5032.74,2/12/2004 0:00,Shipped,1,2,2004,Classic Cars,118,S24_4048,"Clover Collections, Co.",+353 1862 1555,25 Maiden Lane,Dublin,2,Ireland,EMEA,Cassidy,Dean,Medium,38784.47,86.38111111111111,0.12976173195095872
10230,45,100.0,5,4737.15,3/15/2004 0:00,Shipped,1,3,2004,Classic Cars,118,S24_4048,"Blauer See Auto, Co.",+49 69 66 90 2555,Lyonerstr. 34,Frankfurt,60528,Germany,EMEA,Keitel,Roland,Medium,37266.49,83.42125,0.12711553999316813
10246,46,100.0,1,6311.2,5/5/2004 0:00,Shipped,2,5,2004,Classic Cars,118,S24_4048,Euro Shopping Channel,(91) 555 94 44,"C/ Moralzarzal, 86",Madrid,28034,Spain,EMEA,Freyre,Diego,Medium,41317.75,81.59454545454545,0.15274791100677068
10271,22,100.0,1,3070.54,7/20/2004 0:00,Shipped,3,7,2004,Classic Cars,118,S24_4048,Mini Gifts Distributors Ltd.,4155551450,5677 Strong St.,San Rafael,97562,USA,EMEA,Nelson,Valarie,Medium,41121.58,83.53818181818181,0.07466979624810136
10282,39,100.0,10,4797.39,8/20/2004 0:00,Shipped,3,8,2004,Classic Cars,118,S24_4048,Mini Gifts Distributors Ltd.,4155551450,5677 Strong St.,San Rafael,97562,USA,EMEA,Nelson,Valarie,Medium,52807.15,89.22,0.09084735684466971
10292,27,100.0,4,3832.38,9/8/2004 0:00,Shipped,3,9,2004,Classic Cars,118,S24_4048,Land of Toys Inc.,2125557818,897 Long Airport Avenue,NYC,10022,USA,EMEA,Yu,Kwai,Medium,39775.74,79.42833333333333,0.09634968450618393
10305,36,100.0,1,4641.48,10/13/2004 0:00,Shipped,4,10,2004,Classic Cars,118,S24_4048,Marta's Replicas Co.,6175558555,39323 Spinnaker Dr.,Cambridge,51247,USA,EMEA,Hernandez,Marta,Medium,54251.659999999996,85.99928571428572,0.08555461713060945
10314,38,100.0,10,4000.26,10/22/2004 0:00,Shipped,4,10,2004,Classic Cars,118,S24_4048,Heintze Collectables,86 21 3555,Smagsloget 45,Aaarhus,8200,Denmark,EMEA,Ibsen,Palle,Medium,60273.94,86.30199999999999,0.06636798589904692
10325,44,100.0,5,5325.76,11/5/2004 0:00,Shipped,4,11,2004,Classic Cars,118,S24_4048,Baane Mini Imports,07-98 9555,Erling Skakkes gate 78,Stavern,4110,Norway,EMEA,Bergulfsen,Jonas,Medium,40652.85,88.67222222222222,0.13100582124008528
10336,31,100.0,5,4618.69,11/20/2004 0:00,Shipped,4,11,2004,Classic Cars,118,S24_4048,"La Corne D'abondance, Co.",(1) 42.34.2555,"265, boulevard Charonne",Paris,75012,France,EMEA,Bertrand,Marie,Medium,56812.67,92.10916666666667,0.0812968304429276
10349,23,100.0,2,3182.97,12/1/2004 0:00,Shipped,4,12,2004,Classic Cars,118,S24_4048,Muscle Machine Inc,2125557413,4092 Furth Circle,NYC,10022,USA,EMEA,Young,Jeff,Medium,41706.52,83.106,0.07631828308859143
10359,22,100.0,7,2603.04,12/15/2004 0:00,Shipped,4,12,2004,Classic Cars,118,S24_4048,Reims Collectables,26.47.1555,59 rue de l'Abbaye,Reims,51100,France,EMEA,Henriot,Paul,Small,30214.42,85.2125,0.08615224121462534
10371,28,50.32,9,1408.96,1/23/2005 0:00,Shipped,1,1,2005,Classic Cars,118,S24_4048,Mini Gifts Distributors Ltd.,4155551450,5677 Strong St.,San Rafael,97562,USA,EMEA,Nelson,Valarie,Small,36124.270000000004,83.8225,0.039003141101536444
10383,21,93.91,4,1972.11,2/22/2005 0:00,Shipped,1,2,2005,Classic Cars,118,S24_4048,Euro Shopping Channel,(91) 555 94 44,"C/ Moralzarzal, 86",Madrid,28034,Spain,EMEA,Freyre,Diego,Small,41249.74,81.16,0.04780902861448339
10394,37,100.0,7,5207.75,3/15/2005 0:00,Shipped,1,3,2005,Classic Cars,118,S24_4048,Euro Shopping Channel,(91) 555 94 44,"C/ Moralzarzal, 86",Madrid,28034,Spain,EMEA,Freyre,Diego,Medium,22353.86,73.17714285714285,0.2329687132334192
10412,31,100.0,1,4253.2,5/3/2005 0:00,Shipped,2,5,2005,Classic Cars,118,S24_4048,Euro Shopping Channel,(91) 555 94 44,"C/ Moralzarzal, 86",Madrid,28034,Spain,EMEA,Freyre,Diego,Medium,52287.74,81.59454545454545,0.08134220373647819
10103,25,100.0,15,2873.0,1/29/2003 0:00,Shipped,1,1,2003,Vintage Cars,97,S24_4258,Baane Mini Imports,07-98 9555,Erling Skakkes gate 78,Stavern,4110,Norway,EMEA,Bergulfsen,Jonas,Small,54702.0,88.59625,0.05252093159299477
10111,26,86.68,3,2253.68,3/25/2003 0:00,Shipped,1,3,2003,Vintage Cars,97,S24_4258,Mini Wheels Co.,6505555787,5557 North Pendale Street,San Francisco,28034,USA,EMEA,Murphy,Julie,Small,18695.58,83.28833333333334,0.12054613978277216
10126,34,100.0,15,3576.12,5/28/2003 0:00,Shipped,2,5,2003,Vintage Cars,97,S24_4258,"Corrida Auto Replicas, Ltd",(91) 555 22 82,"C/ Araquil, 67",Madrid,28023,Spain,EMEA,Sommer,MartÂ¡n,Medium,61073.21,86.85000000000001,0.05855464286223043
10139,29,100.0,4,3276.13,7/16/2003 0:00,Shipped,3,7,2003,Vintage Cars,97,S24_4258,Souveniers And Things Co.,+61 2 9495 8555,"Monitor Money Building, 815 Pacific Hwy",Chatswood,2067,Australia,APAC,Huxley,Adrian,Medium,28397.260000000002,88.04875,0.11536782069819412
10149,20,90.57,1,1811.4,9/12/2003 0:00,Shipped,3,9,2003,Vintage Cars,97,S24_4258,Signal Collectibles Ltd.,4155554312,2793 Furth Circle,Brisbane,94217,USA,EMEA,Taylor,Sue,Small,34100.03,75.16818181818182,0.053120187870802464
10163,42,91.55,5,3845.1,10/20/2003 0:00,Shipped,4,10,2003,Vintage Cars,97,S24_4258,Classic Legends Inc.,2125558493,5905 Pompton St.,NYC,10022,USA,EMEA,Hernandez,Maria,Medium,25284.75,93.585,0.15207190104707383
10173,22,100.0,3,2571.14,11/5/2003 0:00,Shipped,4,11,2003,Vintage Cars,97,S24_4258,Rovelli Gifts,035-640555,Via Ludovico il Moro 22,Bergamo,24100,Italy,EMEA,Rovelli,Giovanni,Small,40077.71,74.569375,0.06415386507861852
10183,47,100.0,12,5035.11,11/13/2003 0:00,Shipped,4,11,2003,Vintage Cars,97,S24_4258,"Classic Gift Ideas, Inc",2155554695,782 First Street,Philadelphia,71270,USA,EMEA,Cervantes,Francisca,Medium,40061.659999999996,87.91666666666667,0.12568400810151154
10193,20,100.0,4,2279.0,11/21/2003 0:00,Shipped,4,11,2003,Vintage Cars,97,S24_4258,"Australian Collectables, Ltd",61-9-3844-6555,7 Allen Street,Glen Waverly,3150,Australia,APAC,Connery,Sean,Small,37878.55,76.986875,0.060165977842340845
10206,33,97.39,10,3213.87,12/5/2003 0:00,Shipped,4,12,2003,Vintage Cars,97,S24_4258,Canadian Gift Exchange Network,(604) 555-3392,1900 Oak St.,Vancouver,V3F 2K1,Canada,EMEA,Tannamuri,Yoshi,Medium,38662.21,86.77,0.08312690867904343
10215,39,90.57,7,3532.23,1/29/2004 0:00,Shipped,1,1,2004,Vintage Cars,97,S24_4258,West Coast Collectables Co.,3105553722,3675 Furth Circle,Burbank,94019,USA,EMEA,Thompson,Steve,Medium,37850.08,82.707,0.09332159932026564
10228,33,100.0,6,3406.59,3/10/2004 0:00,Shipped,1,3,2004,Vintage Cars,97,S24_4258,Cambridge Collectables Co.,6175555555,4658 Baden Av.,Cambridge,51247,USA,EMEA,Tseng,Kyung,Medium,21782.7,93.95166666666667,0.15638970375573277
10244,40,86.68,4,3467.2,4/29/2004 0:00,Shipped,2,4,2004,Vintage Cars,97,S24_4258,Euro Shopping Channel,(91) 555 94 44,"C/ Moralzarzal, 86",Madrid,28034,Spain,EMEA,Freyre,Diego,Medium,28327.64,81.39666666666668,0.12239635917429055
10257,46,78.89,4,3628.94,6/14/2004 0:00,Shipped,2,6,2004,Vintage Cars,97,S24_4258,The Sharp Gifts Warehouse,4085553659,3086 Ingle Ln.,San Jose,94217,USA,EMEA,Frick,Sue,Medium,16128.1,78.97200000000001,0.22500728542109732
10269,48,97.39,2,4674.72,7/16/2004 0:00,Shipped,3,7,2004,Vintage Cars,97,S24_4258,Salzburg Collectables,6562-9555,Geislweg 14,Salzburg,5020,Austria,EMEA,Pipps,Georg,Medium,6693.280000000001,80.235,0.6984199077283484
10280,21,78.89,6,1656.69,8/17/2004 0:00,Shipped,3,8,2004,Vintage Cars,97,S24_4258,Amica Models & Co.,011-4988555,Via Monte Bianco 34,Torino,10100,Italy,EMEA,Accorti,Paolo,Small,56078.26,81.5564705882353,0.029542464405992626
10290,45,100.0,1,5171.4,9/7/2004 0:00,Shipped,3,9,2004,Vintage Cars,97,S24_4258,Auto-Moto Classics Inc.,6175558428,16780 Pompton St.,Brickhaven,58339,USA,EMEA,Taylor,Leslie,Medium,7673.379999999999,98.11500000000001,0.6739402974960187
10304,33,100.0,10,3342.57,10/11/2004 0:00,Shipped,4,10,2004,Vintage Cars,97,S24_4258,Auto Assoc. & Cie.,30.59.8555,"67, avenue de l'Europe",Versailles,78000,France,EMEA,Tonini,Daniel,Medium,59074.9,81.46235294117646,0.056581898572828734
10312,44,100.0,7,4884.88,10/21/2004 0:00,Shipped,4,10,2004,Vintage Cars,97,S24_4258,Mini Gifts Distributors Ltd.,4155551450,5677 Strong St.,San Rafael,97562,USA,EMEA,Nelson,Valarie,Medium,63075.08,76.92764705882352,0.07744548243141348
10324,33,100.0,3,6267.69,11/5/2004 0:00,Shipped,4,11,2004,Vintage Cars,97,S24_4258,Vitachrome Inc.,2125551500,2678 Kingston Rd.,NYC,10022,USA,EMEA,Frick,Michael,Medium,56372.87,86.96642857142857,0.11118273736994408
10333,39,100.0,1,4424.16,11/18/2004 0:00,Shipped,4,11,2004,Vintage Cars,97,S24_4258,Mini Wheels Co.,6505555787,5557 North Pendale Street,San Francisco,28034,USA,EMEA,Murphy,Julie,Medium,30348.72,85.3975,0.14577748254292108
10348,39,50.31,2,1962.09,11/1/2004 0:00,Shipped,4,11,2004,Vintage Cars,97,S24_4258,"Corrida Auto Replicas, Ltd",(91) 555 22 82,"C/ Araquil, 67",Madrid,28023,Spain,EMEA,Sommer,MartÂ¡n,Small,34546.6,85.6875,0.056795458887415835
10358,41,100.0,6,6847.0,12/10/2004 0:00,Shipped,4,12,2004,Vintage Cars,97,S24_4258,Euro Shopping Channel,(91) 555 94 44,"C/ Moralzarzal, 86",Madrid,28034,Spain,EMEA,Freyre,Diego,Medium,51435.45,85.22214285714286,0.13311830653761172
10369,40,86.92,3,3476.8,1/20/2005 0:00,Shipped,1,1,2005,Vintage Cars,97,S24_4258,Collectables For Less Inc.,6175558555,7825 Douglas Av.,Brickhaven,58339,USA,EMEA,Nelson,Allen,Medium,31474.78,87.1325,0.11046304374486494
10382,33,100.0,4,4592.61,2/17/2005 0:00,Shipped,1,2,2005,Vintage Cars,97,S24_4258,Mini Gifts Distributors Ltd.,4155551450,5677 Strong St.,San Rafael,97562,USA,EMEA,Nelson,Valarie,Medium,55741.020000000004,92.67461538461538,0.08239192608961944
10423,28,78.89,4,2208.92,5/30/2005 0:00,In Process,2,5,2005,Vintage Cars,97,S24_4258,Petit Auto,(02) 5554 67,Rue Joseph-Bens 532,Bruxelles,B-1180,Belgium,EMEA,Dewey,Catherine,Small,8411.95,78.97200000000001,0.2625930967254917
10106,26,63.76,3,1657.76,2/17/2003 0:00,Shipped,1,2,2003,Planes,72,S24_4278,Rovelli Gifts,035-640555,Via Ludovico il Moro 22,Bergamo,24100,Italy,EMEA,Rovelli,Giovanni,Small,56181.32,78.88222222222223,0.02950731666682093
10120,29,85.49,9,2479.21,4/29/2003 0:00,Shipped,2,4,2003,Planes,72,S24_4278,"Australian Collectors, Co.",03 9520 4555,636 St Kilda Road,Melbourne,3004,Australia,APAC,Ferguson,Peter,Small,50397.66,84.97933333333334,0.049192958561964976
10133,46,77.52,4,3565.92,6/27/2003 0:00,Shipped,2,6,2003,Planes,72,S24_4278,Euro Shopping Channel,(91) 555 94 44,"C/ Moralzarzal, 86",Madrid,28034,Spain,EMEA,Freyre,Diego,Medium,22167.74,78.18625,0.16086078238016144
10145,33,84.77,15,2797.41,8/25/2003 0:00,Shipped,3,8,2003,Planes,72,S24_4278,Toys4GrownUps.com,6265557265,78934 Hillside Dr.,Pasadena,90003,USA,EMEA,Young,Julie,Small,55776.119999999995,83.8375,0.05015425956484603
10168,48,78.25,10,3756.0,10/28/2003 0:00,Shipped,4,10,2003,Planes,72,S24_4278,Technics Stores Inc.,6505556809,9408 Furth Circle,Burlingame,94217,USA,EMEA,Hirano,Juri,Medium,62305.47,86.58777777777777,0.06028363159767513
10210,40,71.0,8,2840.0,1/12/2004 0:00,Shipped,1,1,2004,Planes,72,S24_4278,Osaka Souveniers Co.,+81 06 6342 5555,"Dojima Avanza 4F, 1-6-20 Dojima, Kita-ku",Osaka,530-0003,Japan,Japan,Kentary,Mory,Small,50490.64,78.96588235294118,0.05624804914336598
10223,23,74.62,10,1716.26,2/20/2004 0:00,Shipped,1,2,2004,Planes,72,S24_4278,"Australian Collectors, Co.",03 9520 4555,636 St Kilda Road,Melbourne,3004,Australia,APAC,Ferguson,Peter,Small,49637.57,85.01933333333334,0.034575826334770215
10235,40,81.14,4,3245.6,4/2/2004 0:00,Shipped,2,4,2004,Planes,72,S24_4278,"Royal Canadian Collectables, Ltd.",(604) 555-4555,23 Tsawassen Blvd.,Tsawassen,T2F 8M4,Canada,EMEA,Lincoln,Elizabeth,Medium,31302.5,81.33333333333333,0.10368500918456992
10250,37,74.62,5,2760.94,5/11/2004 0:00,Shipped,2,5,2004,Planes,72,S24_4278,The Sharp Gifts Warehouse,4085553659,3086 Ingle Ln.,San Jose,94217,USA,EMEA,Frick,Sue,Small,48472.24,82.75928571428572,0.056959199739892365
10263,24,75.35,11,1808.4,6/28/2004 0:00,Shipped,2,6,2004,Planes,72,S24_4278,Gift Depot Inc.,2035552570,25593 South Bay Ln.,Bridgewater,97562,USA,EMEA,King,Julie,Small,44130.520000000004,87.51272727272728,0.04097844303670113
10275,27,62.31,10,1682.37,7/23/2004 0:00,Shipped,3,7,2004,Planes,72,S24_4278,La Rochelle Gifts,40.67.8555,"67, rue des Cinquante Otages",Nantes,44000,France,EMEA,Labrune,Janine,Small,56002.9,82.95166666666667,0.030040765746059576
10284,21,71.0,2,1491.0,8/21/2004 0:00,Shipped,3,8,2004,Planes,72,S24_4278,"Norway Gifts By Mail, Co.",+47 2212 1555,"Drammensveien 126 A, PB 744 Sentrum",Oslo,N 0106,Norway,EMEA,Klaeboe,Jan,Small,34145.47,76.56538461538462,0.0436661144216202
10297,23,72.45,5,1666.35,9/16/2004 0:00,Shipped,3,9,2004,Planes,72,S24_4278,"Clover Collections, Co.",+353 1862 1555,25 Maiden Lane,Dublin,2,Ireland,EMEA,Cassidy,Dean,Small,18971.96,85.79285714285713,0.08783225349410392
10308,44,83.32,8,3666.08,10/15/2004 0:00,Shipped,4,10,2004,Planes,72,S24_4278,Mini Classics,9145554562,3758 North Pendale Street,White Plains,24067,USA,EMEA,Frick,Steve,Medium,46873.04,80.71875,0.07821297701194546
10317,35,83.32,1,2916.2,11/2/2004 0:00,Shipped,4,11,2004,Planes,72,S24_4278,Technics Stores Inc.,6505556809,9408 Furth Circle,Burlingame,94217,USA,EMEA,Hirano,Juri,Small,2916.2,83.32,1.0
10328,43,60.86,4,2616.98,11/12/2004 0:00,Shipped,4,11,2004,Planes,72,S24_4278,Rovelli Gifts,035-640555,Via Ludovico il Moro 22,Bergamo,24100,Italy,EMEA,Rovelli,Giovanni,Small,41696.69,81.40714285714286,0.06276229599999424
10340,40,84.77,1,3390.8,11/24/2004 0:00,Shipped,4,11,2004,Planes,72,S24_4278,Enaco Distributors,(93) 203 4555,"Rambla de CataluÂ¤a, 23",Barcelona,8022,Spain,EMEA,Saavedra,Eduardo,Medium,30183.35,81.36,0.1123400815350185
10353,35,89.9,3,3146.5,12/4/2004 0:00,Shipped,4,12,2004,Planes,72,S24_4278,Gift Ideas Corp.,2035554407,2440 Pompton St.,Glendale,97561,USA,EMEA,Lewis,Dan,Medium,29343.35,80.03,0.10723042870019954
10361,25,62.46,1,1561.5,12/17/2004 0:00,Shipped,4,12,2004,Planes,72,S24_4278,Souveniers And Things Co.,+61 2 9495 8555,"Monitor Money Building, 815 Pacific Hwy",Chatswood,2067,Australia,APAC,Huxley,Adrian,Small,37905.15,79.61642857142859,0.04119492997653353
10375,43,100.0,2,10039.6,2/3/2005 0:00,Shipped,1,2,2005,Planes,72,S24_4278,La Rochelle Gifts,40.67.8555,"67, rue des Cinquante Otages",Nantes,44000,France,EMEA,Labrune,Janine,Large,59617.4,85.766,0.1684005005250145
10386,50,63.34,8,3167.0,3/1/2005 0:00,Resolved,1,3,2005,Planes,72,S24_4278,Euro Shopping Channel,(91) 555 94 44,"C/ Moralzarzal, 86",Madrid,28034,Spain,EMEA,Freyre,Diego,Medium,53815.72,77.94666666666666,0.058848975726795066
10398,45,78.25,14,3521.25,3/30/2005 0:00,Shipped,1,3,2005,Planes,72,S24_4278,Reims Collectables,26.47.1555,59 rue de l'Abbaye,Reims,51100,France,EMEA,Henriot,Paul,Medium,52029.07,77.58611111111111,0.06767851126303046
10401,52,81.14,4,4219.28,4/3/2005 0:00,On Hold,2,4,2005,Planes,72,S24_4278,Tekni Collectables Inc.,2015559350,7476 Moss Rd.,Newark,94019,USA,EMEA,Brown,William,Medium,46519.0,81.33333333333333,0.09070014402717169
10416,48,74.62,5,3581.76,5/10/2005 0:00,Shipped,2,5,2005,Planes,72,S24_4278,L'ordine Souveniers,0522-556555,Strada Provinciale 124,Reggio Emilia,42100,Italy,EMEA,Moroni,Maurizio,Medium,41509.94,82.75928571428572,0.08628680263088792
10108,31,68.71,10,2130.01,3/3/2003 0:00,Shipped,1,3,2003,Classic Cars,80,S24_4620,Cruz & Sons Co.,+63 2 555 3587,15 McCallum Street - NatWest Center #13-03,Makati City,1227 MM,Philippines,Japan,Cruz,Arnold,Small,55245.020000000004,82.81125,0.038555692440694206
10122,29,71.14,14,2063.06,5/8/2003 0:00,Shipped,2,5,2003,Classic Cars,80,S24_4620,Marseille Mini Autos,91.24.4555,"12, rue des Bouchers",Marseille,13008,France,EMEA,Lebihan,Laurence,Small,52481.840000000004,79.76,0.039309978461121026
10135,23,87.31,11,2008.13,7/2/2003 0:00,Shipped,3,7,2003,Classic Cars,80,S24_4620,Mini Gifts Distributors Ltd.,4155551450,5677 Strong St.,San Rafael,97562,USA,EMEA,Nelson,Valarie,Small,59280.51,79.85588235294118,0.03387504594680444
10147,31,64.67,11,2004.77,9/5/2003 0:00,Shipped,3,9,2003,Classic Cars,80,S24_4620,Collectables For Less Inc.,6175558555,7825 Douglas Av.,Brickhaven,58339,USA,EMEA,Nelson,Allen,Small,34992.4,82.3709090909091,0.057291583315234165
10159,23,67.1,6,1543.3,10/10/2003 0:00,Shipped,4,10,2003,Classic Cars,80,S24_4620,Corporate Gift Ideas Co.,6505551386,7734 Strong St.,San Francisco,28034,USA,EMEA,Brown,Julie,Small,62498.29,83.05611111111111,0.024693475613492784
10169,24,94.58,6,2269.92,11/4/2003 0:00,Shipped,4,11,2003,Classic Cars,80,S24_4620,"Anna's Decorations, Ltd",02 9936 8555,201 Miller Street,North Sydney,2060,Australia,APAC,O'Hara,Anna,Small,41791.95,80.17461538461538,0.054314766360507236
10180,28,71.14,1,1991.92,11/11/2003 0:00,Shipped,4,11,2003,Classic Cars,80,S24_4620,Daedalus Designs Imports,20.16.1555,"184, chausse de Tournai",Lille,59000,France,EMEA,Rance,Martine,Small,48874.28,82.245,0.04075599681468454
10191,44,66.29,7,2916.76,11/20/2003 0:00,Shipped,4,11,2003,Classic Cars,80,S24_4620,"Toms Spezialitten, Ltd",0221-5554327,Mehrheimerstr. 369,Koln,50739,Germany,EMEA,Pfalzheim,Henriette,Small,31363.18,84.28444444444443,0.09299949813762508
10211,22,92.16,6,2027.52,1/15/2004 0:00,Shipped,1,1,2004,Classic Cars,80,S24_4620,Auto Canal Petit,(1) 47.55.6555,"25, rue Lauriston",Paris,75016,France,EMEA,Perrier,Dominique,Small,51172.65,82.83133333333333,0.039621164821442706
10225,46,70.33,13,3235.18,2/22/2004 0:00,Shipped,1,2,2004,Classic Cars,80,S24_4620,"Vida Sport, Ltd",0897-034555,Grenzacherweg 237,Gensve,1203,Switzerland,EMEA,Holz,Michael,Medium,50432.549999999996,85.34071428571428,0.06414865002860257
10238,22,93.77,7,2062.94,4/9/2004 0:00,Shipped,2,4,2004,Classic Cars,80,S24_4620,Danish Wholesale Imports,31 12 3555,Vinb'ltet 34,Kobenhavn,1734,Denmark,EMEA,Petersen,Jytte,Small,31329.56,87.95,0.06584644023088738
10252,38,87.31,3,3317.78,5/26/2004 0:00,Shipped,2,5,2004,Classic Cars,80,S24_4620,Auto Canal Petit,(1) 47.55.6555,"25, rue Lauriston",Paris,75016,France,EMEA,Perrier,Dominique,Medium,27931.21,78.11444444444444,0.11878396961678353
10264,47,83.27,1,3913.69,6/30/2004 0:00,Shipped,2,6,2004,Classic Cars,80,S24_4620,Gifts4AllAges.com,6175559555,8616 Spinnaker Dr.,Boston,51003,USA,EMEA,Yoshido,Juri,Medium,19548.35,74.73428571428572,0.20020564395460488
10276,48,75.18,7,3608.64,8/2/2004 0:00,Shipped,3,8,2004,Classic Cars,80,S24_4620,Online Mini Collectables,6175557555,7635 Spinnaker Dr.,Brickhaven,58339,USA,EMEA,Barajas,Miguel,Medium,52505.36,80.24285714285715,0.06872898309810656
10287,40,88.12,16,3524.8,8/30/2004 0:00,Shipped,3,8,2004,Classic Cars,80,S24_4620,"Vida Sport, Ltd",0897-034555,Grenzacherweg 237,Gensve,1203,Switzerland,EMEA,Holz,Michael,Medium,67281.01,89.31294117647059,0.05238922542928533
10299,32,80.84,1,2586.88,9/30/2004 0:00,Shipped,3,9,2004,Classic Cars,80,S24_4620,"Toys of Finland, Co.",90-224 8555,Keskuskatu 45,Helsinki,21240,Finland,EMEA,Karttunen,Matti,Small,42744.06,84.18818181818182,0.060520221991079
10310,49,97.01,14,4753.49,10/16/2004 0:00,Shipped,4,10,2004,Classic Cars,80,S24_4620,"Toms Spezialitten, Ltd",0221-5554327,Mehrheimerstr. 369,Koln,50739,Germany,EMEA,Pfalzheim,Henriette,Medium,68943.4,85.85235294117648,0.06894771653269204
10319,43,85.69,2,3684.67,11/3/2004 0:00,Shipped,4,11,2004,Classic Cars,80,S24_4620,Microscale Inc.,2125551957,5290 North Pendale Street,NYC,10022,USA,EMEA,Kuo,Kee,Medium,31446.15,79.55222222222223,0.11717396247235352
10331,41,100.0,2,5715.4,11/17/2004 0:00,Shipped,4,11,2004,Classic Cars,80,S24_4620,Motor Mint Distributors Inc.,2155559857,11328 Douglas Av.,Philadelphia,71270,USA,EMEA,Hernandez,Rosa,Medium,48996.1,84.39714285714285,0.11665010072230238
10343,30,100.0,1,3098.7,11/24/2004 0:00,Shipped,4,11,2004,Classic Cars,80,S24_4620,Reims Collectables,26.47.1555,59 rue de l'Abbaye,Reims,51100,France,EMEA,Henriot,Paul,Medium,18681.17,78.90166666666666,0.1658729083885003
10355,28,95.39,9,2670.92,12/7/2004 0:00,Shipped,4,12,2004,Classic Cars,80,S24_4620,Euro Shopping Channel,(91) 555 94 44,"C/ Moralzarzal, 86",Madrid,28034,Spain,EMEA,Freyre,Diego,Small,29884.13,76.03099999999999,0.08937586605331994
10363,43,100.0,9,5154.41,1/6/2005 0:00,Shipped,1,1,2005,Classic Cars,80,S24_4620,Suominen Souveniers,+358 9 8045 555,"Software Engineering Center, SEC Oy",Espoo,FIN-02271,Finland,EMEA,Suominen,Kalle,Medium,51373.49,87.70666666666666,0.10033209735215576
10378,41,100.0,2,4894.17,2/10/2005 0:00,Shipped,1,2,2005,Classic Cars,80,S24_4620,Euro Shopping Channel,(91) 555 94 44,"C/ Moralzarzal, 86",Madrid,28034,Spain,EMEA,Freyre,Diego,Medium,33680.5,78.354,0.14531167886462493
10390,30,82.42,10,2472.6,3/4/2005 0:00,Shipped,1,3,2005,Classic Cars,80,S24_4620,Mini Gifts Distributors Ltd.,4155551450,5677 Strong St.,San Rafael,97562,USA,EMEA,Nelson,Valarie,Small,61133.28,81.740625,0.040446054914769825
10103,31,100.0,3,3224.31,1/29/2003 0:00,Shipped,1,1,2003,Trucks and Buses,96,S32_1268,Baane Mini Imports,07-98 9555,Erling Skakkes gate 78,Stavern,4110,Norway,EMEA,Bergulfsen,Jonas,Medium,54702.0,88.59625,0.05894318306460458
10114,32,100.0,7,3667.52,4/1/2003 0:00,Shipped,2,4,2003,Trucks and Buses,96,S32_1268,"La Corne D'abondance, Co.",(1) 42.34.2555,"265, boulevard Charonne",Paris,75012,France,EMEA,Bertrand,Marie,Medium,38217.41,85.446,0.09596464019932276
10126,43,96.31,3,4141.33,5/28/2003 0:00,Shipped,2,5,2003,Trucks and Buses,96,S32_1268,"Corrida Auto Replicas, Ltd",(91) 555 22 82,"C/ Araquil, 67",Madrid,28023,Spain,EMEA,Sommer,MartÂ¡n,Medium,61073.21,86.85000000000001,0.06780927349323869
10140,26,100.0,3,2829.58,7/24/2003 0:00,Shipped,3,7,2003,Trucks and Buses,96,S32_1268,Technics Stores Inc.,6505556809,9408 Furth Circle,Burlingame,94217,USA,EMEA,Hirano,Juri,Small,42031.83,87.82,0.06731993348850145
10151,27,100.0,10,3068.55,9/21/2003 0:00,Shipped,3,9,2003,Trucks and Buses,96,S32_1268,"Oulu Toy Supplies, Inc.",981-443655,Torikatu 38,Oulu,90110,Finland,EMEA,Koskitalo,Pirkko,Medium,37501.58,87.34400000000001,0.0818245524588564
10164,24,100.0,1,2634.96,10/21/2003 0:00,Resolved,4,10,2003,Trucks and Buses,96,S32_1268,Mini Auto Werke,7675-3555,Kirchgasse 6,Graz,8010,Austria,EMEA,Mendel,Roland,Small,28550.59,86.23375,0.09229091237694212
10175,22,100.0,8,2436.72,11/6/2003 0:00,Shipped,4,11,2003,Trucks and Buses,96,S32_1268,"Stylish Desk Decors, Co.",(171) 555-0297,35 King George,London,WX3 6FW,UK,EMEA,Brown,Ann,Small,42688.31,85.38916666666667,0.057081669431279895
10184,46,100.0,13,4607.36,11/14/2003 0:00,Shipped,4,11,2003,Trucks and Buses,96,S32_1268,"Iberia Gift Imports, Corp.",(95) 555 82 82,"C/ Romero, 33",Sevilla,41101,Spain,EMEA,Roel,Jose Pedro,Medium,51502.740000000005,81.98538461538462,0.08945854142905793
10194,37,97.27,3,3598.99,11/25/2003 0:00,Shipped,4,11,2003,Trucks and Buses,96,S32_1268,"Saveley & Henriot, Co.",78.32.5555,"2, rue du Commerce",Lyon,69004,France,EMEA,Saveley,Mary,Medium,41535.11,86.34818181818183,0.0866493431701517
10207,49,80.9,14,3964.1,12/9/2003 0:00,Shipped,4,12,2003,Trucks and Buses,96,S32_1268,Diecast Collectables,6175552555,6251 Ingle Ln.,Boston,51003,USA,EMEA,Franco,Valarie,Medium,63730.78,83.64875,0.06220071368968025
10217,21,100.0,3,2244.9,2/4/2004 0:00,Shipped,1,2,2004,Trucks and Buses,96,S32_1268,Handji Gifts& Co,+65 224 1555,Village Close - 106 Linden Road Sandown,Singapore,69045,Singapore,APAC,Victorino,Wendy,Small,24219.59,87.34714285714286,0.09268943033304858
10229,25,100.0,8,2793.0,3/11/2004 0:00,Shipped,1,3,2004,Trucks and Buses,96,S32_1268,Mini Gifts Distributors Ltd.,4155551450,5677 Strong St.,San Rafael,97562,USA,EMEA,Nelson,Valarie,Small,48922.77,82.845,0.05708998080035125
10245,37,100.0,1,4133.64,5/4/2004 0:00,Shipped,2,5,2004,Trucks and Buses,96,S32_1268,Super Scale Inc.,2035559545,567 North Pendale Street,New Haven,97823,USA,EMEA,Murphy,Leslie,Medium,36973.31,92.11444444444444,0.11180064754819086
10259,45,86.68,11,3900.6,6/15/2004 0:00,Shipped,2,6,2004,Trucks and Buses,96,S32_1268,Handji Gifts& Co,+65 224 1555,Village Close - 106 Linden Road Sandown,Singapore,69045,Singapore,APAC,Victorino,Wendy,Medium,45788.72,81.47692307692309,0.08518691939848941
10270,32,85.72,1,2743.04,7/19/2004 0:00,Shipped,3,7,2004,Trucks and Buses,96,S32_1268,Souveniers And Things Co.,+61 2 9495 8555,"Monitor Money Building, 815 Pacific Hwy",Chatswood,2067,Australia,APAC,Huxley,Adrian,Small,41297.14,89.86454545454545,0.06642203309962869
10281,29,82.83,8,2402.07,8/19/2004 0:00,Shipped,3,8,2004,Trucks and Buses,96,S32_1268,Diecast Classics Inc.,2155551555,7586 Pompton St.,Allentown,70267,USA,EMEA,Yu,Kyung,Small,44781.35,82.7942857142857,0.05363996395821029
10291,26,83.79,3,2178.54,9/8/2004 0:00,Shipped,3,9,2004,Trucks and Buses,96,S32_1268,Scandinavian Gift Ideas,0695-34 6555,?kergatan 24,Boras,S-844 67,Sweden,EMEA,Larsson,Maria,Small,53941.69,86.83428571428571,0.04038694375352348
10305,28,100.0,12,3155.04,10/13/2004 0:00,Shipped,4,10,2004,Trucks and Buses,96,S32_1268,Marta's Replicas Co.,6175558555,39323 Spinnaker Dr.,Cambridge,51247,USA,EMEA,Hernandez,Marta,Medium,54251.659999999996,85.99928571428572,0.0581556398458591
10313,27,87.64,6,2366.28,10/22/2004 0:00,Shipped,4,10,2004,Trucks and Buses,96,S32_1268,Canadian Gift Exchange Network,(604) 555-3392,1900 Oak St.,Vancouver,V3F 2K1,Canada,EMEA,Tannamuri,Yoshi,Small,36576.71,85.57545454545455,0.06469362608063985
10324,20,98.18,11,1963.6,11/5/2004 0:00,Shipped,4,11,2004,Trucks and Buses,96,S32_1268,Vitachrome Inc.,2125551500,2678 Kingston Rd.,NYC,10022,USA,EMEA,Frick,Michael,Small,56372.87,86.96642857142857,0.0348323581893205
10335,44,100.0,1,4746.28,11/19/2004 0:00,Shipped,4,11,2004,Trucks and Buses,96,S32_1268,Mini Gifts Distributors Ltd.,4155551450,5677 Strong St.,San Rafael,97562,USA,EMEA,Nelson,Valarie,Medium,8395.57,65.91,0.5653314783868159
10348,42,100.0,3,6386.94,11/1/2004 0:00,Shipped,4,11,2004,Trucks and Buses,96,S32_1268,"Corrida Auto Replicas, Ltd",(91) 555 22 82,"C/ Araquil, 67",Madrid,28023,Spain,EMEA,Sommer,MartÂ¡n,Medium,34546.6,85.6875,0.1848789750655636
10358,41,100.0,1,4428.0,12/10/2004 0:00,Shipped,4,12,2004,Trucks and Buses,96,S32_1268,Euro Shopping Channel,(91) 555 94 44,"C/ Moralzarzal, 86",Madrid,28034,Spain,EMEA,Freyre,Diego,Medium,51435.45,85.22214285714286,0.0860884856650423
10371,26,100.0,1,4044.04,1/23/2005 0:00,Shipped,1,1,2005,Trucks and Buses,96,S32_1268,Mini Gifts Distributors Ltd.,4155551450,5677 Strong St.,San Rafael,97562,USA,EMEA,Nelson,Valarie,Medium,36124.270000000004,83.8225,0.11194800614656018
10382,26,100.0,6,2708.42,2/17/2005 0:00,Shipped,1,2,2005,Trucks and Buses,96,S32_1268,Mini Gifts Distributors Ltd.,4155551450,5677 Strong St.,San Rafael,97562,USA,EMEA,Nelson,Valarie,Small,55741.020000000004,92.67461538461538,0.048589351253349865
10411,26,100.0,1,2904.72,5/1/2005 0:00,Shipped,2,5,2005,Trucks and Buses,96,S32_1268,Quebec Home Shopping Network,(514) 555-8054,43 rue St. Laurent,Montreal,H1J 1C3,Canada,EMEA,Fresnisre,Jean,Small,33692.97,92.11444444444444,0.08621145598028312
10425,41,86.68,11,3553.88,5/31/2005 0:00,In Process,2,5,2005,Trucks and Buses,96,S32_1268,La Rochelle Gifts,40.67.8555,"67, rue des Cinquante Otages",Nantes,44000,France,EMEA,Labrune,Janine,Medium,43784.69,81.47692307692309,0.08116718423722995
10107,20,92.9,8,1858.0,2/24/2003 0:00,Shipped,1,2,2003,Motorcycles,99,S32_1374,Land of Toys Inc.,2125557818,897 Long Airport Avenue,NYC,10022,USA,EMEA,Yu,Kwai,Small,25783.76,92.80125,0.07206086311693873
10120,22,100.0,6,2461.36,4/29/2003 0:00,Shipped,2,4,2003,Motorcycles,99,S32_1374,"Australian Collectors, Co.",03 9520 4555,636 St Kilda Road,Melbourne,3004,Australia,APAC,Ferguson,Peter,Small,50397.66,84.97933333333334,0.04883877545108245
10133,23,100.0,1,2642.01,6/27/2003 0:00,Shipped,2,6,2003,Motorcycles,99,S32_1374,Euro Shopping Channel,(91) 555 94 44,"C/ Moralzarzal, 86",Madrid,28034,Spain,EMEA,Freyre,Diego,Small,22167.74,78.18625,0.11918265010325815
10145,33,93.9,12,3098.7,8/25/2003 0:00,Shipped,3,8,2003,Motorcycles,99,S32_1374,Toys4GrownUps.com,6265557265,78934 Hillside Dr.,Pasadena,90003,USA,EMEA,Young,Julie,Medium,55776.119999999995,83.8375,0.05555603365741468
10168,28,100.0,7,3244.36,10/28/2003 0:00,Shipped,4,10,2003,Motorcycles,99,S32_1374,Technics Stores Inc.,6505556809,9408 Furth Circle,Burlingame,94217,USA,EMEA,Hirano,Juri,Medium,62305.47,86.58777777777777,0.052071832537335806
10188,44,98.89,7,4351.16,11/18/2003 0:00,Shipped,4,11,2003,Motorcycles,99,S32_1374,Herkku Gifts,+47 2267 3215,"Drammen 121, PR 744 Sentrum",Bergen,N 5804,Norway,EMEA,Oeztan,Veysel,Medium,34481.340000000004,94.00625,0.12618883140852413
10210,46,79.91,5,3675.86,1/12/2004 0:00,Shipped,1,1,2004,Motorcycles,99,S32_1374,Osaka Souveniers Co.,+81 06 6342 5555,"Dojima Avanza 4F, 1-6-20 Dojima, Kita-ku",Osaka,530-0003,Japan,Japan,Kentary,Mory,Medium,50490.64,78.96588235294118,0.07280280067751171
10223,21,100.0,7,2475.27,2/20/2004 0:00,Shipped,1,2,2004,Motorcycles,99,S32_1374,"Australian Collectors, Co.",03 9520 4555,636 St Kilda Road,Melbourne,3004,Australia,APAC,Ferguson,Peter,Small,49637.57,85.01933333333334,0.0498668649573297
10235,41,100.0,1,4177.49,4/2/2004 0:00,Shipped,2,4,2004,Motorcycles,99,S32_1374,"Royal Canadian Collectables, Ltd.",(604) 555-4555,23 Tsawassen Blvd.,Tsawassen,T2F 8M4,Canada,EMEA,Lincoln,Elizabeth,Medium,31302.5,81.33333333333333,0.13345547480233208
10250,31,100.0,2,3282.28,5/11/2004 0:00,Shipped,2,5,2004,Motorcycles,99,S32_1374,The Sharp Gifts Warehouse,4085553659,3086 Ingle Ln.,San Jose,94217,USA,EMEA,Frick,Sue,Medium,48472.24,82.75928571428572,0.06771463419062128
10263,31,79.91,8,2477.21,6/28/2004 0:00,Shipped,2,6,2004,Motorcycles,99,S32_1374,Gift Depot Inc.,2035552570,25593 South Bay Ln.,Bridgewater,97562,USA,EMEA,King,Julie,Small,44130.520000000004,87.51272727272728,0.056133714263960625
10275,23,81.91,7,1883.93,7/23/2004 0:00,Shipped,3,7,2004,Motorcycles,99,S32_1374,La Rochelle Gifts,40.67.8555,"67, rue des Cinquante Otages",Nantes,44000,France,EMEA,Labrune,Janine,Small,56002.9,82.95166666666667,0.033639865078415584
10285,37,98.89,12,3658.93,8/27/2004 0:00,Shipped,3,8,2004,Motorcycles,99,S32_1374,Marta's Replicas Co.,6175558555,39323 Spinnaker Dr.,Cambridge,51247,USA,EMEA,Hernandez,Marta,Medium,48828.72,84.42615384615384,0.07493397328457514
10297,26,100.0,2,2856.88,9/16/2004 0:00,Shipped,3,9,2004,Motorcycles,99,S32_1374,"Clover Collections, Co.",+353 1862 1555,25 Maiden Lane,Dublin,2,Ireland,EMEA,Cassidy,Dean,Small,18971.96,85.79285714285713,0.15058433604118923
10308,24,79.91,5,1917.84,10/15/2004 0:00,Shipped,4,10,2004,Motorcycles,99,S32_1374,Mini Classics,9145554562,3758 North Pendale Street,White Plains,24067,USA,EMEA,Frick,Steve,Small,46873.04,80.71875,0.04091563081890997
10318,47,100.0,7,5305.36,11/2/2004 0:00,Shipped,4,11,2004,Motorcycles,99,S32_1374,Diecast Classics Inc.,2155551555,7586 Pompton St.,Allentown,70267,USA,EMEA,Yu,Kyung,Medium,44040.729999999996,92.69666666666666,0.12046485151358755
10329,45,63.91,11,2875.95,11/15/2004 0:00,Shipped,4,11,2004,Motorcycles,99,S32_1374,Land of Toys Inc.,2125557818,897 Long Airport Avenue,NYC,10022,USA,EMEA,Yu,Kwai,Small,53152.28,87.41266666666667,0.05410774476654623
10340,55,100.0,2,6482.85,11/24/2004 0:00,Shipped,4,11,2004,Motorcycles,99,S32_1374,Enaco Distributors,(93) 203 4555,"Rambla de CataluÂ¤a, 23",Barcelona,8022,Spain,EMEA,Saavedra,Eduardo,Medium,30183.35,81.36,0.21478232204178796
10353,46,81.17,5,3733.82,12/4/2004 0:00,Shipped,4,12,2004,Motorcycles,99,S32_1374,Gift Ideas Corp.,2035554407,2440 Pompton St.,Glendale,97561,USA,EMEA,Lewis,Dan,Medium,29343.35,80.03,0.12724586661032228
10363,50,100.0,2,6576.5,1/6/2005 0:00,Shipped,1,1,2005,Motorcycles,99,S32_1374,Suominen Souveniers,+358 9 8045 555,"Software Engineering Center, SEC Oy",Espoo,FIN-02271,Finland,EMEA,Suominen,Kalle,Medium,51373.49,87.70666666666666,0.1280134948978549
10375,37,100.0,3,6353.27,2/3/2005 0:00,Shipped,1,2,2005,Motorcycles,99,S32_1374,La Rochelle Gifts,40.67.8555,"67, rue des Cinquante Otages",Nantes,44000,France,EMEA,Labrune,Janine,Medium,59617.4,85.766,0.10656737798025409
10387,44,94.9,1,4175.6,3/2/2005 0:00,Shipped,1,3,2005,Motorcycles,99,S32_1374,"Dragon Souveniers, Ltd.",+65 221 7555,"Bronz Sok., Bronz Apt. 3/6 Tesvikiye",Singapore,79903,Singapore,Japan,Natividad,Eric,Medium,4175.6,94.9,1.0
10401,49,100.0,1,4992.61,4/3/2005 0:00,On Hold,2,4,2005,Motorcycles,99,S32_1374,Tekni Collectables Inc.,2015559350,7476 Moss Rd.,Newark,94019,USA,EMEA,Brown,William,Medium,46519.0,81.33333333333333,0.10732410412949547
10416,45,100.0,2,4764.6,5/10/2005 0:00,Shipped,2,5,2005,Motorcycles,99,S32_1374,L'ordine Souveniers,0522-556555,Strada Provinciale 124,Reggio Emilia,42100,Italy,EMEA,Moroni,Maurizio,Medium,41509.94,82.75928571428572,0.11478214615583641
10108,27,43.45,13,1173.15,3/3/2003 0:00,Shipped,1,3,2003,Motorcycles,40,S32_2206,Cruz & Sons Co.,+63 2 555 3587,15 McCallum Street - NatWest Center #13-03,Makati City,1227 MM,Philippines,Japan,Cruz,Arnold,Small,55245.020000000004,82.81125,0.021235398231369995
10122,31,44.66,17,1384.46,5/8/2003 0:00,Shipped,2,5,2003,Motorcycles,40,S32_2206,Marseille Mini Autos,91.24.4555,"12, rue des Bouchers",Marseille,13008,France,EMEA,Lebihan,Laurence,Small,52481.840000000004,79.76,0.026379791562186082
10135,33,40.23,14,1327.59,7/2/2003 0:00,Shipped,3,7,2003,Motorcycles,40,S32_2206,Mini Gifts Distributors Ltd.,4155551450,5677 Strong St.,San Rafael,97562,USA,EMEA,Nelson,Valarie,Small,59280.51,79.85588235294118,0.022395050245013072
10145,31,35.8,1,1109.8,8/25/2003 0:00,Shipped,3,8,2003,Motorcycles,40,S32_2206,Toys4GrownUps.com,6265557265,78934 Hillside Dr.,Pasadena,90003,USA,EMEA,Young,Julie,Small,55776.119999999995,83.8375,0.0198974041220508
10159,35,35.4,9,1239.0,10/10/2003 0:00,Shipped,4,10,2003,Motorcycles,40,S32_2206,Corporate Gift Ideas Co.,6505551386,7734 Strong St.,San Francisco,28034,USA,EMEA,Brown,Julie,Small,62498.29,83.05611111111111,0.01982454239948005
10169,26,39.83,9,1035.58,11/4/2003 0:00,Shipped,4,11,2003,Motorcycles,40,S32_2206,"Anna's Decorations, Ltd",02 9936 8555,201 Miller Street,North Sydney,2060,Australia,APAC,O'Hara,Anna,Small,41791.95,80.17461538461538,0.0247794132602092
10180,34,45.46,4,1545.64,11/11/2003 0:00,Shipped,4,11,2003,Motorcycles,40,S32_2206,Daedalus Designs Imports,20.16.1555,"184, chausse de Tournai",Lille,59000,France,EMEA,Rance,Martine,Small,48874.28,82.245,0.03162481370569551
10190,46,32.99,1,1517.54,11/19/2003 0:00,Shipped,4,11,2003,Motorcycles,40,S32_2206,Euro Shopping Channel,(91) 555 94 44,"C/ Moralzarzal, 86",Madrid,28034,Spain,EMEA,Freyre,Diego,Small,10986.56,65.405,0.13812694783444499
10211,41,42.24,9,1731.84,1/15/2004 0:00,Shipped,1,1,2004,Motorcycles,40,S32_2206,Auto Canal Petit,(1) 47.55.6555,"25, rue Lauriston",Paris,75016,France,EMEA,Perrier,Dominique,Small,51172.65,82.83133333333333,0.03384307828498231
10224,43,39.43,2,1695.49,2/21/2004 0:00,Shipped,1,2,2004,Motorcycles,40,S32_2206,Daedalus Designs Imports,20.16.1555,"184, chausse de Tournai",Lille,59000,France,EMEA,Rance,Martine,Small,20178.129999999997,75.91666666666667,0.08402612135019451
10237,26,40.23,2,1045.98,4/5/2004 0:00,Shipped,2,4,2004,Motorcycles,40,S32_2206,Vitachrome Inc.,2125551500,2678 Kingston Rd.,NYC,10022,USA,EMEA,Frick,Michael,Small,24804.34,82.27111111111111,0.042169233287400514
10252,36,48.28,6,1738.08,5/26/2004 0:00,Shipped,2,5,2004,Motorcycles,40,S32_2206,Auto Canal Petit,(1) 47.55.6555,"25, rue Lauriston",Paris,75016,France,EMEA,Perrier,Dominique,Small,27931.21,78.11444444444444,0.06222716452312664
10264,20,32.59,4,651.8,6/30/2004 0:00,Shipped,2,6,2004,Motorcycles,40,S32_2206,Gifts4AllAges.com,6175559555,8616 Spinnaker Dr.,Boston,51003,USA,EMEA,Yoshido,Juri,Small,19548.35,74.73428571428572,0.033342967565037455
10276,27,36.61,10,988.47,8/2/2004 0:00,Shipped,3,8,2004,Motorcycles,40,S32_2206,Online Mini Collectables,6175557555,7635 Spinnaker Dr.,Brickhaven,58339,USA,EMEA,Barajas,Miguel,Small,52505.36,80.24285714285715,0.018826077947089594
10285,37,41.03,1,1518.11,8/27/2004 0:00,Shipped,3,8,2004,Motorcycles,40,S32_2206,Marta's Replicas Co.,6175558555,39323 Spinnaker Dr.,Cambridge,51247,USA,EMEA,Hernandez,Marta,Small,48828.72,84.42615384615384,0.031090513943433287
10299,24,42.24,4,1013.76,9/30/2004 0:00,Shipped,3,9,2004,Motorcycles,40,S32_2206,"Toys of Finland, Co.",90-224 8555,Keskuskatu 45,Helsinki,21240,Finland,EMEA,Karttunen,Matti,Small,42744.06,84.18818181818182,0.02371697962243175
10310,36,43.05,17,1549.8,10/16/2004 0:00,Shipped,4,10,2004,Motorcycles,40,S32_2206,"Toms Spezialitten, Ltd",0221-5554327,Mehrheimerstr. 369,Koln,50739,Germany,EMEA,Pfalzheim,Henriette,Small,68943.4,85.85235294117648,0.022479309114433
10319,29,38.22,5,1108.38,11/3/2004 0:00,Shipped,4,11,2004,Motorcycles,40,S32_2206,Microscale Inc.,2125551957,5290 North Pendale Street,NYC,10022,USA,EMEA,Kuo,Kee,Small,31446.15,79.55222222222223,0.03524692211924194
10331,28,100.0,3,4102.56,11/17/2004 0:00,Shipped,4,11,2004,Motorcycles,40,S32_2206,Motor Mint Distributors Inc.,2155559857,11328 Douglas Av.,Philadelphia,71270,USA,EMEA,Hernandez,Rosa,Medium,48996.1,84.39714285714285,0.08373237869952915
10343,29,100.0,5,3713.16,11/24/2004 0:00,Shipped,4,11,2004,Motorcycles,40,S32_2206,Reims Collectables,26.47.1555,59 rue de l'Abbaye,Reims,51100,France,EMEA,Henriot,Paul,Medium,18681.17,78.90166666666666,0.19876485252262038
10355,38,39.83,10,1513.54,12/7/2004 0:00,Shipped,4,12,2004,Motorcycles,40,S32_2206,Euro Shopping Channel,(91) 555 94 44,"C/ Moralzarzal, 86",Madrid,28034,Spain,EMEA,Freyre,Diego,Small,29884.13,76.03099999999999,0.05064694873165121
10364,48,48.28,1,2317.44,1/6/2005 0:00,Shipped,1,1,2005,Motorcycles,40,S32_2206,Marseille Mini Autos,91.24.4555,"12, rue des Bouchers",Marseille,13008,France,EMEA,Lebihan,Laurence,Small,2317.44,48.28,1.0
10378,40,82.46,1,3298.4,2/10/2005 0:00,Shipped,1,2,2005,Motorcycles,40,S32_2206,Euro Shopping Channel,(91) 555 94 44,"C/ Moralzarzal, 86",Madrid,28034,Spain,EMEA,Freyre,Diego,Medium,33680.5,78.354,0.09793203782604178
10390,41,44.56,11,1826.96,3/4/2005 0:00,Shipped,1,3,2005,Motorcycles,40,S32_2206,Mini Gifts Distributors Ltd.,4155551450,5677 Strong St.,San Rafael,97562,USA,EMEA,Nelson,Valarie,Small,61133.28,81.740625,0.029884867947540195
10403,30,40.23,2,1206.9,4/8/2005 0:00,Shipped,2,4,2005,Motorcycles,40,S32_2206,"UK Collectables, Ltd.",(171) 555-2282,Berkeley Gardens 12  Brewery,Liverpool,WX1 6LT,UK,EMEA,Devon,Elizabeth,Small,40802.81,82.27111111111111,0.02957884518247641
10104,35,47.62,11,1666.7,1/31/2003 0:00,Shipped,1,1,2003,Trucks and Buses,54,S32_2509,Euro Shopping Channel,(91) 555 94 44,"C/ Moralzarzal, 86",Madrid,28034,Spain,EMEA,Freyre,Diego,Small,44621.96,81.68384615384616,0.037351564117757266
10114,28,55.73,2,1560.44,4/1/2003 0:00,Shipped,2,4,2003,Trucks and Buses,54,S32_2509,"La Corne D'abondance, Co.",(1) 42.34.2555,"265, boulevard Charonne",Paris,75012,France,EMEA,Bertrand,Marie,Small,38217.41,85.446,0.040830605737018806
10127,45,51.95,13,2337.75,6/3/2003 0:00,Shipped,2,6,2003,Trucks and Buses,54,S32_2509,Muscle Machine Inc,2125557413,4092 Furth Circle,NYC,10022,USA,EMEA,Young,Jeff,Small,68462.15,85.852,0.03414660509493202
10141,24,45.99,7,1103.76,8/1/2003 0:00,Shipped,3,8,2003,Trucks and Buses,54,S32_2509,Suominen Souveniers,+358 9 8045 555,"Software Engineering Center, SEC Oy",Espoo,FIN-02271,Finland,EMEA,Suominen,Kalle,Small,31569.43,81.93,0.03496293724657049
10151,41,63.85,5,2617.85,9/21/2003 0:00,Shipped,3,9,2003,Trucks and Buses,54,S32_2509,"Oulu Toy Supplies, Inc.",981-443655,Torikatu 38,Oulu,90110,Finland,EMEA,Koskitalo,Pirkko,Small,37501.58,87.34400000000001,0.06980639215734377
10165,48,45.99,14,2207.52,10/22/2003 0:00,Shipped,4,10,2003,Trucks and Buses,54,S32_2509,"Dragon Souveniers, Ltd.",+65 221 7555,"Bronz Sok., Bronz Apt. 3/6 Tesvikiye",Singapore,79903,Singapore,Japan,Natividad,Eric,Small,77809.37,85.15388888888889,0.028370876155403908
10175,50,63.31,3,3165.5,11/6/2003 0:00,Shipped,4,11,2003,Trucks and Buses,54,S32_2509,"Stylish Desk Decors, Co.",(171) 555-0297,35 King George,London,WX3 6FW,UK,EMEA,Brown,Ann,Medium,42688.31,85.38916666666667,0.07415379058107478
10184,33,62.77,8,2071.41,11/14/2003 0:00,Shipped,4,11,2003,Trucks and Buses,54,S32_2509,"Iberia Gift Imports, Corp.",(95) 555 82 82,"C/ Romero, 33",Sevilla,41101,Spain,EMEA,Roel,Jose Pedro,Small,51502.740000000005,81.98538461538462,0.04021941356906447
10195,32,43.29,8,1385.28,11/25/2003 0:00,Shipped,4,11,2003,Trucks and Buses,54,S32_2509,Mini Classics,9145554562,3758 North Pendale Street,White Plains,24067,USA,EMEA,Frick,Steve,Small,38682.95,79.273,0.03581112609043519
10207,27,60.06,9,1621.62,12/9/2003 0:00,Shipped,4,12,2003,Trucks and Buses,54,S32_2509,Diecast Collectables,6175552555,6251 Ingle Ln.,Boston,51003,USA,EMEA,Franco,Valarie,Small,63730.78,83.64875,0.025444847842753533
10219,35,55.19,4,1931.65,2/10/2004 0:00,Shipped,1,2,2004,Trucks and Buses,54,S32_2509,Signal Collectibles Ltd.,4155554312,2793 Furth Circle,Brisbane,94217,USA,EMEA,Taylor,Sue,Small,16118.48,73.875,0.11984070458256611
10229,23,54.11,3,1244.53,3/11/2004 0:00,Shipped,1,3,2004,Trucks and Buses,54,S32_2509,Mini Gifts Distributors Ltd.,4155551450,5677 Strong St.,San Rafael,97562,USA,EMEA,Nelson,Valarie,Small,48922.77,82.845,0.025438665880938467
10246,35,48.7,7,1704.5,5/5/2004 0:00,Shipped,2,5,2004,Trucks and Buses,54,S32_2509,Euro Shopping Channel,(91) 555 94 44,"C/ Moralzarzal, 86",Madrid,28034,Spain,EMEA,Freyre,Diego,Small,41317.75,81.59454545454545,0.04125345644426427
10259,40,43.83,6,1753.2,6/15/2004 0:00,Shipped,2,6,2004,Trucks and Buses,54,S32_2509,Handji Gifts& Co,+65 224 1555,Village Close - 106 Linden Road Sandown,Singapore,69045,Singapore,APAC,Victorino,Wendy,Small,45788.72,81.47692307692309,0.03828890608866114
10271,35,47.62,7,1666.7,7/20/2004 0:00,Shipped,3,7,2004,Trucks and Buses,54,S32_2509,Mini Gifts Distributors Ltd.,4155551450,5677 Strong St.,San Rafael,97562,USA,EMEA,Nelson,Valarie,Small,41121.58,83.53818181818181,0.04053103017928786
10281,31,55.19,3,1710.89,8/19/2004 0:00,Shipped,3,8,2004,Trucks and Buses,54,S32_2509,Diecast Classics Inc.,2155551555,7586 Pompton St.,Allentown,70267,USA,EMEA,Yu,Kyung,Small,44781.35,82.7942857142857,0.038205413637596906
10292,50,46.53,10,2326.5,9/8/2004 0:00,Shipped,3,9,2004,Trucks and Buses,54,S32_2509,Land of Toys Inc.,2125557818,897 Long Airport Avenue,NYC,10022,USA,EMEA,Yu,Kwai,Small,39775.74,79.42833333333333,0.05849042657660172
10305,40,57.9,7,2316.0,10/13/2004 0:00,Shipped,4,10,2004,Trucks and Buses,54,S32_2509,Marta's Replicas Co.,6175558555,39323 Spinnaker Dr.,Cambridge,51247,USA,EMEA,Hernandez,Marta,Small,54251.659999999996,85.99928571428572,0.04268993796687512
10313,38,45.45,1,1727.1,10/22/2004 0:00,Shipped,4,10,2004,Trucks and Buses,54,S32_2509,Canadian Gift Exchange Network,(604) 555-3392,1900 Oak St.,Vancouver,V3F 2K1,Canada,EMEA,Tannamuri,Yoshi,Small,36576.71,85.57545454545455,0.0472185715992499
10325,38,100.0,3,8844.12,11/5/2004 0:00,Shipped,4,11,2004,Trucks and Buses,54,S32_2509,Baane Mini Imports,07-98 9555,Erling Skakkes gate 78,Stavern,4110,Norway,EMEA,Bergulfsen,Jonas,Large,40652.85,88.67222222222222,0.2175522749327538
10335,40,60.6,3,2424.0,11/19/2004 0:00,Shipped,4,11,2004,Trucks and Buses,54,S32_2509,Mini Gifts Distributors Ltd.,4155551450,5677 Strong St.,San Rafael,97562,USA,EMEA,Nelson,Valarie,Small,8395.57,65.91,0.2887236959491732
10349,33,46.53,1,1535.49,12/1/2004 0:00,Shipped,4,12,2004,Trucks and Buses,54,S32_2509,Muscle Machine Inc,2125557413,4092 Furth Circle,NYC,10022,USA,EMEA,Young,Jeff,Small,41706.52,83.106,0.03681654571035896
10359,36,100.0,3,6358.68,12/15/2004 0:00,Shipped,4,12,2004,Trucks and Buses,54,S32_2509,Reims Collectables,26.47.1555,59 rue de l'Abbaye,Reims,51100,France,EMEA,Henriot,Paul,Medium,30214.42,85.2125,0.21045183061597741
10371,20,66.47,2,1329.4,1/23/2005 0:00,Shipped,1,1,2005,Trucks and Buses,54,S32_2509,Mini Gifts Distributors Ltd.,4155551450,5677 Strong St.,San Rafael,97562,USA,EMEA,Nelson,Valarie,Small,36124.270000000004,83.8225,0.036800743655165905
10383,32,53.18,5,1701.76,2/22/2005 0:00,Shipped,1,2,2005,Trucks and Buses,54,S32_2509,Euro Shopping Channel,(91) 555 94 44,"C/ Moralzarzal, 86",Madrid,28034,Spain,EMEA,Freyre,Diego,Small,41249.74,81.16,0.04125504791060501
10394,36,62.77,3,2259.72,3/15/2005 0:00,Shipped,1,3,2005,Trucks and Buses,54,S32_2509,Euro Shopping Channel,(91) 555 94 44,"C/ Moralzarzal, 86",Madrid,28034,Spain,EMEA,Freyre,Diego,Small,22353.86,73.17714285714285,0.10108858156935759
10412,19,48.7,7,925.3,5/3/2005 0:00,Shipped,2,5,2005,Trucks and Buses,54,S32_2509,Euro Shopping Channel,(91) 555 94 44,"C/ Moralzarzal, 86",Madrid,28034,Spain,EMEA,Freyre,Diego,Small,52287.74,81.59454545454545,0.017696308924424732
10425,11,43.83,6,482.13,5/31/2005 0:00,In Process,2,5,2005,Trucks and Buses,54,S32_2509,La Rochelle Gifts,40.67.8555,"67, rue des Cinquante Otages",Nantes,44000,France,EMEA,Labrune,Janine,Small,43784.69,81.47692307692309,0.011011383202667415
10104,49,65.87,4,3227.63,1/31/2003 0:00,Shipped,1,1,2003,Trains,62,S32_3207,Euro Shopping Channel,(91) 555 94 44,"C/ Moralzarzal, 86",Madrid,28034,Spain,EMEA,Freyre,Diego,Medium,44621.96,81.68384615384616,0.07233277068062452
10116,27,63.38,1,1711.26,4/11/2003 0:00,Shipped,2,4,2003,Trains,62,S32_3207,Royale Belge,(071) 23 67 2555,"Boulevard Tirou, 255",Charleroi,B-6000,Belgium,EMEA,Cartrain,Pascale,Small,1711.26,63.38,1.0
10127,29,70.84,6,2054.36,6/3/2003 0:00,Shipped,2,6,2003,Trains,62,S32_3207,Muscle Machine Inc,2125557413,4092 Furth Circle,NYC,10022,USA,EMEA,Young,Jeff,Small,68462.15,85.852,0.030007237575799185
10142,42,74.57,16,3131.94,8/8/2003 0:00,Shipped,3,8,2003,Trains,62,S32_3207,Mini Gifts Distributors Ltd.,4155551450,5677 Strong St.,San Rafael,97562,USA,EMEA,Nelson,Valarie,Medium,63088.16,85.518125,0.04964386344442444
10152,33,50.95,2,1681.35,9/25/2003 0:00,Shipped,3,9,2003,Trains,62,S32_3207,"Australian Gift Network, Co",61-7-3844-6555,31 Duncan St. West End,South Brisbane,4101,Australia,APAC,Calaghan,Tony,Small,10640.29,79.065,0.15801730967858957
10165,44,53.44,7,2351.36,10/22/2003 0:00,Shipped,4,10,2003,Trains,62,S32_3207,"Dragon Souveniers, Ltd.",+65 221 7555,"Bronz Sok., Bronz Apt. 3/6 Tesvikiye",Singapore,79903,Singapore,Japan,Natividad,Eric,Small,77809.37,85.15388888888889,0.030219496700718697
10176,22,64.0,6,1408.0,11/6/2003 0:00,Shipped,4,11,2003,Trains,62,S32_3207,L'ordine Souveniers,0522-556555,Strada Provinciale 124,Reggio Emilia,42100,Italy,EMEA,Moroni,Maurizio,Small,44669.74,89.72200000000001,0.03152021928043459
10184,48,50.95,1,2445.6,11/14/2003 0:00,Shipped,4,11,2003,Trains,62,S32_3207,"Iberia Gift Imports, Corp.",(95) 555 82 82,"C/ Romero, 33",Sevilla,41101,Spain,EMEA,Roel,Jose Pedro,Small,51502.740000000005,81.98538461538462,0.04748485226222915
10195,33,54.68,1,1804.44,11/25/2003 0:00,Shipped,4,11,2003,Trains,62,S32_3207,Mini Classics,9145554562,3758 North Pendale Street,White Plains,24067,USA,EMEA,Frick,Steve,Small,38682.95,79.273,0.046646907746177586
10207,45,56.55,2,2544.75,12/9/2003 0:00,Shipped,4,12,2003,Trains,62,S32_3207,Diecast Collectables,6175552555,6251 Ingle Ln.,Boston,51003,USA,EMEA,Franco,Valarie,Small,63730.78,83.64875,0.039929685467524484
10220,20,52.82,6,1056.4,2/12/2004 0:00,Shipped,1,2,2004,Trains,62,S32_3207,"Clover Collections, Co.",+353 1862 1555,25 Maiden Lane,Dublin,2,Ireland,EMEA,Cassidy,Dean,Small,38784.47,86.38111111111111,0.027237706226229213
10230,46,60.9,4,2801.4,3/15/2004 0:00,Shipped,1,3,2004,Trains,62,S32_3207,"Blauer See Auto, Co.",+49 69 66 90 2555,Lyonerstr. 34,Frankfurt,60528,Germany,EMEA,Keitel,Roland,Small,37266.49,83.42125,0.07517209160293874
10247,40,49.71,6,1988.4,5/5/2004 0:00,Shipped,2,5,2004,Trains,62,S32_3207,Suominen Souveniers,+358 9 8045 555,"Software Engineering Center, SEC Oy",Espoo,FIN-02271,Finland,EMEA,Suominen,Kalle,Small,31018.23,85.59333333333332,0.06410423805613667
10272,45,64.63,6,2908.35,7/20/2004 0:00,Shipped,3,7,2004,Trains,62,S32_3207,Diecast Classics Inc.,2155551555,7586 Pompton St.,Allentown,70267,USA,EMEA,Yu,Kyung,Small,27149.26,86.90833333333335,0.10712446674421329
10282,36,59.65,9,2147.4,8/20/2004 0:00,Shipped,3,8,2004,Trains,62,S32_3207,Mini Gifts Distributors Ltd.,4155551450,5677 Strong St.,San Rafael,97562,USA,EMEA,Nelson,Valarie,Small,52807.15,89.22,0.04066494783376872
10292,31,67.73,3,2099.63,9/8/2004 0:00,Shipped,3,9,2004,Trains,62,S32_3207,Land of Toys Inc.,2125557818,897 Long Airport Avenue,NYC,10022,USA,EMEA,Yu,Kwai,Small,39775.74,79.42833333333333,0.05278669862584581
10306,46,50.33,17,2315.18,10/14/2004 0:00,Shipped,4,10,2004,Trains,62,S32_3207,"AV Stores, Co.",(171) 555-1555,Fauntleroy Circus,Manchester,EC2 5NT,UK,EMEA,Ashworth,Victoria,Small,57827.61,85.14999999999999,0.04003589288922713
10314,35,66.49,9,2327.15,10/22/2004 0:00,Shipped,4,10,2004,Trains,62,S32_3207,Heintze Collectables,86 21 3555,Smagsloget 45,Aaarhus,8200,Denmark,EMEA,Ibsen,Palle,Small,60273.94,86.30199999999999,0.038609554975168374
10325,28,100.0,2,5377.4,11/5/2004 0:00,Shipped,4,11,2004,Trains,62,S32_3207,Baane Mini Imports,07-98 9555,Erling Skakkes gate 78,Stavern,4110,Norway,EMEA,Bergulfsen,Jonas,Medium,40652.85,88.67222222222222,0.13227608888429715
10336,31,84.71,9,2626.01,11/20/2004 0:00,Shipped,4,11,2004,Trains,62,S32_3207,"La Corne D'abondance, Co.",(1) 42.34.2555,"265, boulevard Charonne",Paris,75012,France,EMEA,Bertrand,Marie,Small,56812.67,92.10916666666667,0.0462222599289912
10350,27,100.0,14,4406.4,12/2/2004 0:00,Shipped,4,12,2004,Trains,62,S32_3207,Euro Shopping Channel,(91) 555 94 44,"C/ Moralzarzal, 86",Madrid,28034,Spain,EMEA,Freyre,Diego,Medium,52269.17,84.99470588235295,0.0843020847662207
10359,22,100.0,1,4301.22,12/15/2004 0:00,Shipped,4,12,2004,Trains,62,S32_3207,Reims Collectables,26.47.1555,59 rue de l'Abbaye,Reims,51100,France,EMEA,Henriot,Paul,Medium,30214.42,85.2125,0.14235653042487662
10371,30,99.55,11,2986.5,1/23/2005 0:00,Shipped,1,1,2005,Trains,62,S32_3207,Mini Gifts Distributors Ltd.,4155551450,5677 Strong St.,San Rafael,97562,USA,EMEA,Nelson,Valarie,Small,36124.270000000004,83.8225,0.08267295089976903
10383,44,36.07,8,1587.08,2/22/2005 0:00,Shipped,1,2,2005,Trains,62,S32_3207,Euro Shopping Channel,(91) 555 94 44,"C/ Moralzarzal, 86",Madrid,28034,Spain,EMEA,Freyre,Diego,Small,41249.74,81.16,0.038474909175185104
10394,30,60.28,4,1808.4,3/15/2005 0:00,Shipped,1,3,2005,Trains,62,S32_3207,Euro Shopping Channel,(91) 555 94 44,"C/ Moralzarzal, 86",Madrid,28034,Spain,EMEA,Freyre,Diego,Small,22353.86,73.17714285714285,0.08089877989752106
10413,24,49.71,6,1193.04,5/5/2005 0:00,Shipped,2,5,2005,Trains,62,S32_3207,Gift Depot Inc.,2035552570,25593 South Bay Ln.,Bridgewater,97562,USA,EMEA,King,Julie,Small,31648.47,85.59333333333332,0.03769660903038914
10103,45,75.63,7,3403.35,1/29/2003 0:00,Shipped,1,1,2003,Trucks and Buses,64,S32_3522,Baane Mini Imports,07-98 9555,Erling Skakkes gate 78,Stavern,4110,Norway,EMEA,Bergulfsen,Jonas,Medium,54702.0,88.59625,0.062216189536031585
10113,23,68.52,1,1575.96,3/26/2003 0:00,Shipped,1,3,2003,Trucks and Buses,64,S32_3522,Mini Gifts Distributors Ltd.,4155551450,5677 Strong St.,San Rafael,97562,USA,EMEA,Nelson,Valarie,Small,12398.560000000001,79.5825,0.12710830935205378
10126,26,62.7,7,1630.2,5/28/2003 0:00,Shipped,2,5,2003,Trucks and Buses,64,S32_3522,"Corrida Auto Replicas, Ltd",(91) 555 22 82,"C/ Araquil, 67",Madrid,28023,Spain,EMEA,Sommer,MartÂ¡n,Small,61073.21,86.85000000000001,0.02669255472243886
10140,28,60.76,7,1701.28,7/24/2003 0:00,Shipped,3,7,2003,Trucks and Buses,64,S32_3522,Technics Stores Inc.,6505556809,9408 Furth Circle,Burlingame,94217,USA,EMEA,Hirano,Juri,Small,42031.83,87.82,0.04047599164728254
10150,49,58.18,4,2850.82,9/19/2003 0:00,Shipped,3,9,2003,Trucks and Buses,64,S32_3522,"Dragon Souveniers, Ltd.",+65 221 7555,"Bronz Sok., Bronz Apt. 3/6 Tesvikiye",Singapore,79903,Singapore,Japan,Natividad,Eric,Small,44219.36,85.64454545454545,0.06446995162299952
10164,49,54.94,5,2692.06,10/21/2003 0:00,Resolved,4,10,2003,Trucks and Buses,64,S32_3522,Mini Auto Werke,7675-3555,Kirchgasse 6,Graz,8010,Austria,EMEA,Mendel,Roland,Small,28550.59,86.23375,0.09429087104679798
10175,29,74.98,12,2174.42,11/6/2003 0:00,Shipped,4,11,2003,Trucks and Buses,64,S32_3522,"Stylish Desk Decors, Co.",(171) 555-0297,35 King George,London,WX3 6FW,UK,EMEA,Brown,Ann,Small,42688.31,85.38916666666667,0.05093713009486672
10183,49,64.64,4,3167.36,11/13/2003 0:00,Shipped,4,11,2003,Trucks and Buses,64,S32_3522,"Classic Gift Ideas, Inc",2155554695,782 First Street,Philadelphia,71270,USA,EMEA,Cervantes,Francisca,Medium,40061.659999999996,87.91666666666667,0.0790621257331823
10194,39,54.94,7,2142.66,11/25/2003 0:00,Shipped,4,11,2003,Trucks and Buses,64,S32_3522,"Saveley & Henriot, Co.",78.32.5555,"2, rue du Commerce",Lyon,69004,France,EMEA,Saveley,Mary,Small,41535.11,86.34818181818183,0.051586717839437524
10206,36,58.82,2,2117.52,12/5/2003 0:00,Shipped,4,12,2003,Trucks and Buses,64,S32_3522,Canadian Gift Exchange Network,(604) 555-3392,1900 Oak St.,Vancouver,V3F 2K1,Canada,EMEA,Tannamuri,Yoshi,Small,38662.21,86.77,0.054769760962966166
10217,39,62.05,7,2419.95,2/4/2004 0:00,Shipped,1,2,2004,Trucks and Buses,64,S32_3522,Handji Gifts& Co,+65 224 1555,Village Close - 106 Linden Road Sandown,Singapore,69045,Singapore,APAC,Victorino,Wendy,Small,24219.59,87.34714285714286,0.0999170506189411
10229,30,73.04,12,2191.2,3/11/2004 0:00,Shipped,1,3,2004,Trucks and Buses,64,S32_3522,Mini Gifts Distributors Ltd.,4155551450,5677 Strong St.,San Rafael,97562,USA,EMEA,Nelson,Valarie,Small,48922.77,82.845,0.04478896023262787
10245,44,69.16,5,3043.04,5/4/2004 0:00,Shipped,2,5,2004,Trucks and Buses,64,S32_3522,Super Scale Inc.,2035559545,567 North Pendale Street,New Haven,97823,USA,EMEA,Murphy,Leslie,Medium,36973.31,92.11444444444444,0.08230369420536057
10258,20,61.41,2,1228.2,6/15/2004 0:00,Shipped,2,6,2004,Trucks and Buses,64,S32_3522,"Tokyo Collectables, Ltd",+81 3 3584 0555,2-2-8 Roppongi,Minato-ku,106-0032,Japan,Japan,Shimamura,Akiko,Small,25928.75,83.7,0.04736826881357566
10270,21,63.35,5,1330.35,7/19/2004 0:00,Shipped,3,7,2004,Trucks and Buses,64,S32_3522,Souveniers And Things Co.,+61 2 9495 8555,"Monitor Money Building, 815 Pacific Hwy",Chatswood,2067,Australia,APAC,Huxley,Adrian,Small,41297.14,89.86454545454545,0.03221409521337313
10281,36,77.57,12,2792.52,8/19/2004 0:00,Shipped,3,8,2004,Trucks and Buses,64,S32_3522,Diecast Classics Inc.,2155551555,7586 Pompton St.,Allentown,70267,USA,EMEA,Yu,Kyung,Small,44781.35,82.7942857142857,0.06235899543001718
10291,32,71.75,7,2296.0,9/8/2004 0:00,Shipped,3,9,2004,Trucks and Buses,64,S32_3522,Scandinavian Gift Ideas,0695-34 6555,?kergatan 24,Boras,S-844 67,Sweden,EMEA,Larsson,Maria,Small,53941.69,86.83428571428571,0.042564480274904254
10304,36,73.04,2,2629.44,10/11/2004 0:00,Shipped,4,10,2004,Trucks and Buses,64,S32_3522,Auto Assoc. & Cie.,30.59.8555,"67, avenue de l'Europe",Versailles,78000,France,EMEA,Tonini,Daniel,Small,59074.9,81.46235294117646,0.04451027424506855
10313,34,56.24,10,1912.16,10/22/2004 0:00,Shipped,4,10,2004,Trucks and Buses,64,S32_3522,Canadian Gift Exchange Network,(604) 555-3392,1900 Oak St.,Vancouver,V3F 2K1,Canada,EMEA,Tannamuri,Yoshi,Small,36576.71,85.57545454545455,0.05227807531076469
10324,48,100.0,4,8209.44,11/5/2004 0:00,Shipped,4,11,2004,Trucks and Buses,64,S32_3522,Vitachrome Inc.,2125551500,2678 Kingston Rd.,NYC,10022,USA,EMEA,Frick,Michael,Large,56372.87,86.96642857142857,0.14562749776621273
10333,33,73.69,4,2431.77,11/18/2004 0:00,Shipped,4,11,2004,Trucks and Buses,64,S32_3522,Mini Wheels Co.,6505555787,5557 North Pendale Street,San Francisco,28034,USA,EMEA,Murphy,Julie,Small,30348.72,85.3975,0.08012759681462678
10348,31,100.0,5,3139.99,11/1/2004 0:00,Shipped,4,11,2004,Trucks and Buses,64,S32_3522,"Corrida Auto Replicas, Ltd",(91) 555 22 82,"C/ Araquil, 67",Madrid,28023,Spain,EMEA,Sommer,MartÂ¡n,Medium,34546.6,85.6875,0.09089143359983326
10358,36,100.0,2,5669.64,12/10/2004 0:00,Shipped,4,12,2004,Trucks and Buses,64,S32_3522,Euro Shopping Channel,(91) 555 94 44,"C/ Moralzarzal, 86",Madrid,28034,Spain,EMEA,Freyre,Diego,Medium,51435.45,85.22214285714286,0.11022825697063018
10370,25,100.0,3,3160.25,1/20/2005 0:00,Shipped,1,1,2005,Trucks and Buses,64,S32_3522,"Anna's Decorations, Ltd",02 9936 8555,201 Miller Street,North Sydney,2060,Australia,APAC,O'Hara,Anna,Medium,29852.17,86.31888888888889,0.10586332584867365
10382,48,100.0,8,6799.68,2/17/2005 0:00,Shipped,1,2,2005,Trucks and Buses,64,S32_3522,Mini Gifts Distributors Ltd.,4155551450,5677 Strong St.,San Rafael,97562,USA,EMEA,Nelson,Valarie,Medium,55741.020000000004,92.67461538461538,0.12198700346710555
10411,27,69.16,5,1867.32,5/1/2005 0:00,Shipped,2,5,2005,Trucks and Buses,64,S32_3522,Quebec Home Shopping Network,(514) 555-8054,43 rue St. Laurent,Montreal,H1J 1C3,Canada,EMEA,Fresnisre,Jean,Small,33692.97,92.11444444444444,0.05542165027303915
10424,44,61.41,2,2702.04,5/31/2005 0:00,In Process,2,5,2005,Trucks and Buses,64,S32_3522,Euro Shopping Channel,(91) 555 94 44,"C/ Moralzarzal, 86",Madrid,28034,Spain,EMEA,Freyre,Diego,Small,35133.34,83.7,0.07690814479921351
10106,33,72.92,5,2406.36,2/17/2003 0:00,Shipped,1,2,2003,Vintage Cars,68,S32_4289,Rovelli Gifts,035-640555,Via Ludovico il Moro 22,Bergamo,24100,Italy,EMEA,Rovelli,Giovanni,Small,56181.32,78.88222222222223,0.042832030290495135
10120,29,72.23,11,2094.67,4/29/2003 0:00,Shipped,2,4,2003,Vintage Cars,68,S32_4289,"Australian Collectors, Co.",03 9520 4555,636 St Kilda Road,Melbourne,3004,Australia,APAC,Ferguson,Peter,Small,50397.66,84.97933333333334,0.04156284240180992
10133,49,57.1,6,2797.9,6/27/2003 0:00,Shipped,2,6,2003,Vintage Cars,68,S32_4289,Euro Shopping Channel,(91) 555 94 44,"C/ Moralzarzal, 86",Madrid,28034,Spain,EMEA,Freyre,Diego,Small,22167.74,78.18625,0.1262149411712696
10144,20,81.86,1,1637.2,8/13/2003 0:00,Shipped,3,8,2003,Vintage Cars,68,S32_4289,Royale Belge,(071) 23 67 2555,"Boulevard Tirou, 255",Charleroi,B-6000,Belgium,EMEA,Cartrain,Pascale,Small,1637.2,81.86,1.0
10168,31,73.61,12,2281.91,10/28/2003 0:00,Shipped,4,10,2003,Vintage Cars,68,S32_4289,Technics Stores Inc.,6505556809,9408 Furth Circle,Burlingame,94217,USA,EMEA,Hirano,Juri,Small,62305.47,86.58777777777777,0.03662455318931066
10210,39,59.16,10,2307.24,1/12/2004 0:00,Shipped,1,1,2004,Vintage Cars,68,S32_4289,Osaka Souveniers Co.,+81 06 6342 5555,"Dojima Avanza 4F, 1-6-20 Dojima, Kita-ku",Osaka,530-0003,Japan,Japan,Kentary,Mory,Small,50490.64,78.96588235294118,0.04569639045969708
10223,20,66.04,12,1320.8,2/20/2004 0:00,Shipped,1,2,2004,Vintage Cars,68,S32_4289,"Australian Collectors, Co.",03 9520 4555,636 St Kilda Road,Melbourne,3004,Australia,APAC,Ferguson,Peter,Small,49637.57,85.01933333333334,0.026608877106594864
10235,34,77.73,6,2642.82,4/2/2004 0:00,Shipped,2,4,2004,Vintage Cars,68,S32_4289,"Royal Canadian Collectables, Ltd.",(604) 555-4555,23 Tsawassen Blvd.,Tsawassen,T2F 8M4,Canada,EMEA,Lincoln,Elizabeth,Small,31302.5,81.33333333333333,0.08442840028751698
10250,50,61.22,7,3061.0,5/11/2004 0:00,Shipped,2,5,2004,Vintage Cars,68,S32_4289,The Sharp Gifts Warehouse,4085553659,3086 Ingle Ln.,San Jose,94217,USA,EMEA,Frick,Sue,Medium,48472.24,82.75928571428572,0.06314954703970768
10262,40,79.11,2,3164.4,6/24/2004 0:00,Cancelled,2,6,2004,Vintage Cars,68,S32_4289,Euro Shopping Channel,(91) 555 94 44,"C/ Moralzarzal, 86",Madrid,28034,Spain,EMEA,Freyre,Diego,Medium,50010.65,78.62375,0.0632745225267018
10275,28,63.97,12,1791.16,7/23/2004 0:00,Shipped,3,7,2004,Vintage Cars,68,S32_4289,La Rochelle Gifts,40.67.8555,"67, rue des Cinquante Otages",Nantes,44000,France,EMEA,Labrune,Janine,Small,56002.9,82.95166666666667,0.03198334371970023
10284,50,81.86,4,4093.0,8/21/2004 0:00,Shipped,3,8,2004,Vintage Cars,68,S32_4289,"Norway Gifts By Mail, Co.",+47 2212 1555,"Drammensveien 126 A, PB 744 Sentrum",Oslo,N 0106,Norway,EMEA,Klaeboe,Jan,Medium,34145.47,76.56538461538462,0.11986948781199966
10297,28,79.8,7,2234.4,9/16/2004 0:00,Shipped,3,9,2004,Vintage Cars,68,S32_4289,"Clover Collections, Co.",+353 1862 1555,25 Maiden Lane,Dublin,2,Ireland,EMEA,Cassidy,Dean,Small,18971.96,85.79285714285713,0.11777380934811164
10308,46,66.04,10,3037.84,10/15/2004 0:00,Shipped,4,10,2004,Vintage Cars,68,S32_4289,Mini Classics,9145554562,3758 North Pendale Street,White Plains,24067,USA,EMEA,Frick,Steve,Medium,46873.04,80.71875,0.0648099632539302
10316,24,59.16,2,1419.84,11/1/2004 0:00,Shipped,4,11,2004,Vintage Cars,68,S32_4289,giftsbymail.co.uk,(198) 555-8888,Garden House Crowther Way,Cowes,PO31 7PJ,UK,EMEA,Bennett,Helen,Small,51334.16,79.435,0.027658775365175935
10328,24,81.17,5,1948.08,11/12/2004 0:00,Shipped,4,11,2004,Vintage Cars,68,S32_4289,Rovelli Gifts,035-640555,Via Ludovico il Moro 22,Bergamo,24100,Italy,EMEA,Rovelli,Giovanni,Small,41696.69,81.40714285714286,0.04672025525287499
10340,39,59.16,3,2307.24,11/24/2004 0:00,Shipped,4,11,2004,Vintage Cars,68,S32_4289,Enaco Distributors,(93) 203 4555,"Rambla de CataluÂ¤a, 23",Barcelona,8022,Spain,EMEA,Saavedra,Eduardo,Small,30183.35,81.36,0.07644081919336322
10353,40,44.51,7,1780.4,12/4/2004 0:00,Shipped,4,12,2004,Vintage Cars,68,S32_4289,Gift Ideas Corp.,2035554407,2440 Pompton St.,Glendale,97561,USA,EMEA,Lewis,Dan,Small,29343.35,80.03,0.060674735502251796
10361,49,72.33,2,3544.17,12/17/2004 0:00,Shipped,4,12,2004,Vintage Cars,68,S32_4289,Souveniers And Things Co.,+61 2 9495 8555,"Monitor Money Building, 815 Pacific Hwy",Chatswood,2067,Australia,APAC,Huxley,Adrian,Medium,37905.15,79.61642857142859,0.09350101503357723
10375,44,82.26,4,3619.44,2/3/2005 0:00,Shipped,1,2,2005,Vintage Cars,68,S32_4289,La Rochelle Gifts,40.67.8555,"67, rue des Cinquante Otages",Nantes,44000,France,EMEA,Labrune,Janine,Medium,59617.4,85.766,0.06071113466873765
10388,35,100.0,8,3918.95,3/3/2005 0:00,Shipped,1,3,2005,Vintage Cars,68,S32_4289,FunGiftIdeas.com,5085552555,1785 First Street,New Bedford,50553,USA,EMEA,Benitez,Violeta,Medium,37557.66,88.455,0.10434489262643092
10398,22,67.41,4,1483.02,3/30/2005 0:00,Shipped,1,3,2005,Vintage Cars,68,S32_4289,Reims Collectables,26.47.1555,59 rue de l'Abbaye,Reims,51100,France,EMEA,Henriot,Paul,Small,52029.07,77.58611111111111,0.02850368073079146
10401,62,77.73,6,4819.26,4/3/2005 0:00,On Hold,2,4,2005,Vintage Cars,68,S32_4289,Tekni Collectables Inc.,2015559350,7476 Moss Rd.,Newark,94019,USA,EMEA,Brown,William,Medium,46519.0,81.33333333333333,0.10359766976934157
10416,26,61.22,7,1591.72,5/10/2005 0:00,Shipped,2,5,2005,Vintage Cars,68,S32_4289,L'ordine Souveniers,0522-556555,Strada Provinciale 124,Reggio Emilia,42100,Italy,EMEA,Moroni,Maurizio,Small,41509.94,82.75928571428572,0.03834551435150231
10108,31,100.0,16,3669.78,3/3/2003 0:00,Shipped,1,3,2003,Motorcycles,102,S32_4485,Cruz & Sons Co.,+63 2 555 3587,15 McCallum Street - NatWest Center #13-03,Makati City,1227 MM,Philippines,Japan,Cruz,Arnold,Medium,55245.020000000004,82.81125,0.06642734494439499
10121,25,86.74,3,2168.5,5/7/2003 0:00,Shipped,2,5,2003,Motorcycles,102,S32_4485,Reims Collectables,26.47.1555,59 rue de l'Abbaye,Reims,51100,France,EMEA,Henriot,Paul,Small,18971.96,83.964,0.11430026207097212
10135,30,89.8,17,2694.0,7/2/2003 0:00,Shipped,3,7,2003,Motorcycles,102,S32_4485,Mini Gifts Distributors Ltd.,4155551450,5677 Strong St.,San Rafael,97562,USA,EMEA,Nelson,Valarie,Small,59280.51,79.85588235294118,0.04544495315576738
10145,27,100.0,4,3251.34,8/25/2003 0:00,Shipped,3,8,2003,Motorcycles,102,S32_4485,Toys4GrownUps.com,6265557265,78934 Hillside Dr.,Pasadena,90003,USA,EMEA,Young,Julie,Medium,55776.119999999995,83.8375,0.058292688699034645
10159,23,100.0,12,2347.15,10/10/2003 0:00,Shipped,4,10,2003,Motorcycles,102,S32_4485,Corporate Gift Ideas Co.,6505551386,7734 Strong St.,San Francisco,28034,USA,EMEA,Brown,Julie,Small,62498.29,83.05611111111111,0.037555427516496855
10169,34,100.0,12,3920.88,11/4/2003 0:00,Shipped,4,11,2003,Motorcycles,102,S32_4485,"Anna's Decorations, Ltd",02 9936 8555,201 Miller Street,North Sydney,2060,Australia,APAC,O'Hara,Anna,Medium,41791.95,80.17461538461538,0.09381902495576303
10180,22,100.0,7,2514.6,11/11/2003 0:00,Shipped,4,11,2003,Motorcycles,102,S32_4485,Daedalus Designs Imports,20.16.1555,"184, chausse de Tournai",Lille,59000,France,EMEA,Rance,Martine,Small,48874.28,82.245,0.05145037430730437
10190,42,85.72,4,3600.24,11/19/2003 0:00,Shipped,4,11,2003,Motorcycles,102,S32_4485,Euro Shopping Channel,(91) 555 94 44,"C/ Moralzarzal, 86",Madrid,28034,Spain,EMEA,Freyre,Diego,Medium,10986.56,65.405,0.32769492907698133
10211,37,100.0,12,4040.03,1/15/2004 0:00,Shipped,1,1,2004,Motorcycles,102,S32_4485,Auto Canal Petit,(1) 47.55.6555,"25, rue Lauriston",Paris,75016,France,EMEA,Perrier,Dominique,Medium,51172.65,82.83133333333333,0.07894900889439965
10224,30,100.0,5,3336.9,2/21/2004 0:00,Shipped,1,2,2004,Motorcycles,102,S32_4485,Daedalus Designs Imports,20.16.1555,"184, chausse de Tournai",Lille,59000,France,EMEA,Rance,Martine,Medium,20178.129999999997,75.91666666666667,0.16537211327313286
10237,27,100.0,5,3113.64,4/5/2004 0:00,Shipped,2,4,2004,Motorcycles,102,S32_4485,Vitachrome Inc.,2125551500,2678 Kingston Rd.,NYC,10022,USA,EMEA,Frick,Michael,Medium,24804.34,82.27111111111111,0.12552803259429599
10252,25,100.0,9,2832.0,5/26/2004 0:00,Shipped,2,5,2004,Motorcycles,102,S32_4485,Auto Canal Petit,(1) 47.55.6555,"25, rue Lauriston",Paris,75016,France,EMEA,Perrier,Dominique,Small,27931.21,78.11444444444444,0.10139195545055156
10264,34,97.97,7,3330.98,6/30/2004 0:00,Shipped,2,6,2004,Motorcycles,102,S32_4485,Gifts4AllAges.com,6175559555,8616 Spinnaker Dr.,Boston,51003,USA,EMEA,Yoshido,Juri,Medium,19548.35,74.73428571428572,0.1703969900272913
10276,38,100.0,13,4304.64,8/2/2004 0:00,Shipped,3,8,2004,Motorcycles,102,S32_4485,Online Mini Collectables,6175557555,7635 Spinnaker Dr.,Brickhaven,58339,USA,EMEA,Barajas,Miguel,Medium,52505.36,80.24285714285715,0.08198477260226385
10285,26,100.0,4,2600.26,8/27/2004 0:00,Shipped,3,8,2004,Motorcycles,102,S32_4485,Marta's Replicas Co.,6175558555,39323 Spinnaker Dr.,Cambridge,51247,USA,EMEA,Hernandez,Marta,Small,48828.72,84.42615384615384,0.053252675884192746
10299,38,100.0,7,4382.16,9/30/2004 0:00,Shipped,3,9,2004,Motorcycles,102,S32_4485,"Toys of Finland, Co.",90-224 8555,Keskuskatu 45,Helsinki,21240,Finland,EMEA,Karttunen,Matti,Medium,42744.06,84.18818181818182,0.1025209116775524
10309,50,84.7,3,4235.0,10/15/2004 0:00,Shipped,4,10,2004,Motorcycles,102,S32_4485,Baane Mini Imports,07-98 9555,Erling Skakkes gate 78,Stavern,4110,Norway,EMEA,Bergulfsen,Jonas,Medium,19769.68,88.24666666666667,0.2142169220746112
10319,22,100.0,8,2626.8,11/3/2004 0:00,Shipped,4,11,2004,Motorcycles,102,S32_4485,Microscale Inc.,2125551957,5290 North Pendale Street,NYC,10022,USA,EMEA,Kuo,Kee,Small,31446.15,79.55222222222223,0.0835332783186495
10331,32,100.0,4,5026.56,11/17/2004 0:00,Shipped,4,11,2004,Motorcycles,102,S32_4485,Motor Mint Distributors Inc.,2155559857,11328 Douglas Av.,Philadelphia,71270,USA,EMEA,Hernandez,Rosa,Medium,48996.1,84.39714285714285,0.10259102255077446
10341,31,71.02,4,2201.62,11/24/2004 0:00,Shipped,4,11,2004,Motorcycles,102,S32_4485,Salzburg Collectables,6562-9555,Geislweg 14,Salzburg,5020,Austria,EMEA,Pipps,Georg,Small,45001.11,91.536,0.048923682104730304
10355,40,100.0,5,4326.8,12/7/2004 0:00,Shipped,4,12,2004,Motorcycles,102,S32_4485,Euro Shopping Channel,(91) 555 94 44,"C/ Moralzarzal, 86",Madrid,28034,Spain,EMEA,Freyre,Diego,Medium,29884.13,76.03099999999999,0.14478587798942114
10365,22,100.0,3,3425.18,1/7/2005 0:00,Shipped,1,1,2005,Motorcycles,102,S32_4485,Mini Creations Ltd.,5085559555,4575 Hillside Dr.,New Bedford,50553,USA,EMEA,Tam,Wing C,Medium,11021.3,95.68666666666667,0.31077822035513053
10375,41,100.0,15,4701.88,2/3/2005 0:00,Shipped,1,2,2005,Motorcycles,102,S32_4485,La Rochelle Gifts,40.67.8555,"67, rue des Cinquante Otages",Nantes,44000,France,EMEA,Labrune,Janine,Medium,59617.4,85.766,0.07886757892829946
10390,45,48.98,12,2204.1,3/4/2005 0:00,Shipped,1,3,2005,Motorcycles,102,S32_4485,Mini Gifts Distributors Ltd.,4155551450,5677 Strong St.,San Rafael,97562,USA,EMEA,Nelson,Valarie,Small,61133.28,81.740625,0.036054011824655896
10403,45,100.0,5,5189.4,4/8/2005 0:00,Shipped,2,4,2005,Motorcycles,102,S32_4485,"UK Collectables, Ltd.",(171) 555-2282,Berkeley Gardens 12  Brewery,Liverpool,WX1 6LT,UK,EMEA,Devon,Elizabeth,Medium,40802.81,82.27111111111111,0.12718241709333253
10106,39,40.15,6,1565.85,2/17/2003 0:00,Shipped,1,2,2003,Vintage Cars,43,S50_1341,Rovelli Gifts,035-640555,Via Ludovico il Moro 22,Bergamo,24100,Italy,EMEA,Rovelli,Giovanni,Small,56181.32,78.88222222222223,0.027871363648985105
10120,49,50.62,12,2480.38,4/29/2003 0:00,Shipped,2,4,2003,Vintage Cars,43,S50_1341,"Australian Collectors, Co.",03 9520 4555,636 St Kilda Road,Melbourne,3004,Australia,APAC,Ferguson,Peter,Small,50397.66,84.97933333333334,0.04921617392553543
10133,27,50.19,7,1355.13,6/27/2003 0:00,Shipped,2,6,2003,Vintage Cars,43,S50_1341,Euro Shopping Channel,(91) 555 94 44,"C/ Moralzarzal, 86",Madrid,28034,Spain,EMEA,Freyre,Diego,Small,22167.74,78.18625,0.06113072419651259
10143,34,36.66,1,1246.44,8/10/2003 0:00,Shipped,3,8,2003,Vintage Cars,43,S50_1341,Mini Creations Ltd.,5085559555,4575 Hillside Dr.,New Bedford,50553,USA,EMEA,Tam,Wing C,Small,45738.39,81.08375,0.027251505791961634
10156,20,41.02,1,820.4,10/8/2003 0:00,Shipped,4,10,2003,Vintage Cars,43,S50_1341,Euro Shopping Channel,(91) 555 94 44,"C/ Moralzarzal, 86",Madrid,28034,Spain,EMEA,Freyre,Diego,Small,5774.48,70.51,0.14207339881686318
10168,48,51.93,13,2492.64,10/28/2003 0:00,Shipped,4,10,2003,Vintage Cars,43,S50_1341,Technics Stores Inc.,6505556809,9408 Furth Circle,Burlingame,94217,USA,EMEA,Hirano,Juri,Small,62305.47,86.58777777777777,0.04000676024111526
10199,29,38.4,1,1113.6,12/1/2003 0:00,Shipped,4,12,2003,Vintage Cars,43,S50_1341,West Coast Collectables Co.,3105553722,3675 Furth Circle,Burbank,94019,USA,EMEA,Thompson,Steve,Small,8234.56,67.97333333333334,0.13523491236933122
10210,43,41.02,11,1763.86,1/12/2004 0:00,Shipped,1,1,2004,Vintage Cars,43,S50_1341,Osaka Souveniers Co.,+81 06 6342 5555,"Dojima Avanza 4F, 1-6-20 Dojima, Kita-ku",Osaka,530-0003,Japan,Japan,Kentary,Mory,Small,50490.64,78.96588235294118,0.03493439576127377
10223,41,46.26,13,1896.66,2/20/2004 0:00,Shipped,1,2,2004,Vintage Cars,43,S50_1341,"Australian Collectors, Co.",03 9520 4555,636 St Kilda Road,Melbourne,3004,Australia,APAC,Ferguson,Peter,Small,49637.57,85.01933333333334,0.03821017024000168
10235,41,35.35,7,1449.35,4/2/2004 0:00,Shipped,2,4,2004,Vintage Cars,43,S50_1341,"Royal Canadian Collectables, Ltd.",(604) 555-4555,23 Tsawassen Blvd.,Tsawassen,T2F 8M4,Canada,EMEA,Lincoln,Elizabeth,Small,31302.5,81.33333333333333,0.04630141362510981
10250,36,51.93,8,1869.48,5/11/2004 0:00,Shipped,2,5,2004,Vintage Cars,43,S50_1341,The Sharp Gifts Warehouse,4085553659,3086 Ingle Ln.,San Jose,94217,USA,EMEA,Frick,Sue,Small,48472.24,82.75928571428572,0.03856805462260461
10262,49,37.97,3,1860.53,6/24/2004 0:00,Cancelled,2,6,2004,Vintage Cars,43,S50_1341,Euro Shopping Channel,(91) 555 94 44,"C/ Moralzarzal, 86",Madrid,28034,Spain,EMEA,Freyre,Diego,Small,50010.65,78.62375,0.0372026758300482
10275,38,45.39,13,1724.82,7/23/2004 0:00,Shipped,3,7,2004,Vintage Cars,43,S50_1341,La Rochelle Gifts,40.67.8555,"67, rue des Cinquante Otages",Nantes,44000,France,EMEA,Labrune,Janine,Small,56002.9,82.95166666666667,0.03079876220695714
10284,33,51.93,5,1713.69,8/21/2004 0:00,Shipped,3,8,2004,Vintage Cars,43,S50_1341,"Norway Gifts By Mail, Co.",+47 2212 1555,"Drammensveien 126 A, PB 744 Sentrum",Oslo,N 0106,Norway,EMEA,Klaeboe,Jan,Small,34145.47,76.56538461538462,0.0501879165816139
10296,26,48.44,1,1259.44,9/15/2004 0:00,Shipped,3,9,2004,Vintage Cars,43,S50_1341,"Bavarian Collectables Imports, Co.",+49 89 61 08 9555,Hansastr. 15,Munich,80686,Germany,EMEA,Donnermeyer,Michael,Small,34993.92,79.71857142857142,0.03599025202092249
10308,47,43.64,11,2051.08,10/15/2004 0:00,Shipped,4,10,2004,Vintage Cars,43,S50_1341,Mini Classics,9145554562,3758 North Pendale Street,White Plains,24067,USA,EMEA,Frick,Steve,Small,46873.04,80.71875,0.04375820300966184
10316,34,47.57,3,1617.38,11/1/2004 0:00,Shipped,4,11,2004,Vintage Cars,43,S50_1341,giftsbymail.co.uk,(198) 555-8888,Garden House Crowther Way,Cowes,PO31 7PJ,UK,EMEA,Bennett,Helen,Small,51334.16,79.435,0.03150689521363552
10328,34,51.93,7,1765.62,11/12/2004 0:00,Shipped,4,11,2004,Vintage Cars,43,S50_1341,Rovelli Gifts,035-640555,Via Ludovico il Moro 22,Bergamo,24100,Italy,EMEA,Rovelli,Giovanni,Small,41696.69,81.40714285714286,0.04234436834194752
10340,40,50.62,4,2024.8,11/24/2004 0:00,Shipped,4,11,2004,Vintage Cars,43,S50_1341,Enaco Distributors,(93) 203 4555,"Rambla de CataluÂ¤a, 23",Barcelona,8022,Spain,EMEA,Saavedra,Eduardo,Small,30183.35,81.36,0.06708334230627151
10353,40,82.21,8,3288.4,12/4/2004 0:00,Shipped,4,12,2004,Vintage Cars,43,S50_1341,Gift Ideas Corp.,2035554407,2440 Pompton St.,Glendale,97561,USA,EMEA,Lewis,Dan,Medium,29343.35,80.03,0.11206627736778521
10361,33,82.59,3,2725.47,12/17/2004 0:00,Shipped,4,12,2004,Vintage Cars,43,S50_1341,Souveniers And Things Co.,+61 2 9495 8555,"Monitor Money Building, 815 Pacific Hwy",Chatswood,2067,Australia,APAC,Huxley,Adrian,Small,37905.15,79.61642857142859,0.07190236682878183
10375,49,65.8,5,3224.2,2/3/2005 0:00,Shipped,1,2,2005,Vintage Cars,43,S50_1341,La Rochelle Gifts,40.67.8555,"67, rue des Cinquante Otages",Nantes,44000,France,EMEA,Labrune,Janine,Medium,59617.4,85.766,0.054081526534199745
10388,27,100.0,1,3211.38,3/3/2005 0:00,Shipped,1,3,2005,Vintage Cars,43,S50_1341,FunGiftIdeas.com,5085552555,1785 First Street,New Bedford,50553,USA,EMEA,Benitez,Violeta,Medium,37557.66,88.455,0.08550532700919067
10398,49,36.66,5,1796.34,3/30/2005 0:00,Shipped,1,3,2005,Vintage Cars,43,S50_1341,Reims Collectables,26.47.1555,59 rue de l'Abbaye,Reims,51100,France,EMEA,Henriot,Paul,Small,52029.07,77.58611111111111,0.034525698806455694
10401,56,35.35,7,1979.6,4/3/2005 0:00,On Hold,2,4,2005,Vintage Cars,43,S50_1341,Tekni Collectables Inc.,2015559350,7476 Moss Rd.,Newark,94019,USA,EMEA,Brown,William,Small,46519.0,81.33333333333333,0.04255465508716868
10416,37,51.93,8,1921.41,5/10/2005 0:00,Shipped,2,5,2005,Vintage Cars,43,S50_1341,L'ordine Souveniers,0522-556555,Strada Provinciale 124,Reggio Emilia,42100,Italy,EMEA,Moroni,Maurizio,Small,41509.94,82.75928571428572,0.04628794934418118
10104,33,100.0,7,3705.24,1/31/2003 0:00,Shipped,1,1,2003,Trucks and Buses,115,S50_1392,Euro Shopping Channel,(91) 555 94 44,"C/ Moralzarzal, 86",Madrid,28034,Spain,EMEA,Freyre,Diego,Medium,44621.96,81.68384615384616,0.08303624493410867
10115,27,100.0,3,2843.91,4/4/2003 0:00,Shipped,2,4,2003,Trucks and Buses,115,S50_1392,Classic Legends Inc.,2125558493,5905 Pompton St.,NYC,10022,USA,EMEA,Hernandez,Maria,Small,24777.41,93.872,0.11477834043186919
10127,46,100.0,9,6176.42,6/3/2003 0:00,Shipped,2,6,2003,Trucks and Buses,115,S50_1392,Muscle Machine Inc,2125557413,4092 Furth Circle,NYC,10022,USA,EMEA,Young,Jeff,Medium,68462.15,85.852,0.0902165649194482
10141,44,100.0,3,5500.44,8/1/2003 0:00,Shipped,3,8,2003,Trucks and Buses,115,S50_1392,Suominen Souveniers,+358 9 8045 555,"Software Engineering Center, SEC Oy",Espoo,FIN-02271,Finland,EMEA,Suominen,Kalle,Medium,31569.43,81.93,0.17423311095575686
10151,26,100.0,1,3220.1,9/21/2003 0:00,Shipped,3,9,2003,Trucks and Buses,115,S50_1392,"Oulu Toy Supplies, Inc.",981-443655,Torikatu 38,Oulu,90110,Finland,EMEA,Koskitalo,Pirkko,Medium,37501.58,87.34400000000001,0.08586571552451923
10165,48,94.92,10,4556.16,10/22/2003 0:00,Shipped,4,10,2003,Trucks and Buses,115,S50_1392,"Dragon Souveniers, Ltd.",+65 221 7555,"Bronz Sok., Bronz Apt. 3/6 Tesvikiye",Singapore,79903,Singapore,Japan,Natividad,Eric,Medium,77809.37,85.15388888888889,0.05855541562667838
10176,23,100.0,9,3114.89,11/6/2003 0:00,Shipped,4,11,2003,Trucks and Buses,115,S50_1392,L'ordine Souveniers,0522-556555,Strada Provinciale 124,Reggio Emilia,42100,Italy,EMEA,Moroni,Maurizio,Medium,44669.74,89.72200000000001,0.06973154533695518
10184,45,100.0,4,4948.2,11/14/2003 0:00,Shipped,4,11,2003,Trucks and Buses,115,S50_1392,"Iberia Gift Imports, Corp.",(95) 555 82 82,"C/ Romero, 33",Sevilla,41101,Spain,EMEA,Roel,Jose Pedro,Medium,51502.740000000005,81.98538461538462,0.0960764417582443
10195,49,100.0,4,5161.17,11/25/2003 0:00,Shipped,4,11,2003,Trucks and Buses,115,S50_1392,Mini Classics,9145554562,3758 North Pendale Street,White Plains,24067,USA,EMEA,Frick,Steve,Medium,38682.95,79.273,0.13342234757173382
10207,28,94.92,5,2657.76,12/9/2003 0:00,Shipped,4,12,2003,Trucks and Buses,115,S50_1392,Diecast Collectables,6175552555,6251 Ingle Ln.,Boston,51003,USA,EMEA,Franco,Valarie,Small,63730.78,83.64875,0.041702925964502556
10220,37,100.0,9,3983.05,2/12/2004 0:00,Shipped,1,2,2004,Trucks and Buses,115,S50_1392,"Clover Collections, Co.",+353 1862 1555,25 Maiden Lane,Dublin,2,Ireland,EMEA,Cassidy,Dean,Medium,38784.47,86.38111111111111,0.10269703311660569
10230,34,100.0,7,3974.94,3/15/2004 0:00,Shipped,1,3,2004,Trucks and Buses,115,S50_1392,"Blauer See Auto, Co.",+49 69 66 90 2555,Lyonerstr. 34,Frankfurt,60528,Germany,EMEA,Keitel,Roland,Medium,37266.49,83.42125,0.10666258077967633
10246,22,100.0,3,2928.42,5/5/2004 0:00,Shipped,2,5,2004,Trucks and Buses,115,S50_1392,Euro Shopping Channel,(91) 555 94 44,"C/ Moralzarzal, 86",Madrid,28034,Spain,EMEA,Freyre,Diego,Small,41317.75,81.59454545454545,0.07087559220915951
10259,29,100.0,2,3054.57,6/15/2004 0:00,Shipped,2,6,2004,Trucks and Buses,115,S50_1392,Handji Gifts& Co,+65 224 1555,Village Close - 106 Linden Road Sandown,Singapore,69045,Singapore,APAC,Victorino,Wendy,Medium,45788.72,81.47692307692309,0.06671009803287797
10271,34,98.39,3,3345.26,7/20/2004 0:00,Shipped,3,7,2004,Trucks and Buses,115,S50_1392,Mini Gifts Distributors Ltd.,4155551450,5677 Strong St.,San Rafael,97562,USA,EMEA,Nelson,Valarie,Medium,41121.58,83.53818181818181,0.08135047340107068
10282,38,100.0,12,4310.72,8/20/2004 0:00,Shipped,3,8,2004,Trucks and Buses,115,S50_1392,Mini Gifts Distributors Ltd.,4155551450,5677 Strong St.,San Rafael,97562,USA,EMEA,Nelson,Valarie,Medium,52807.15,89.22,0.08163136999440417
10292,41,100.0,6,4983.14,9/8/2004 0:00,Shipped,3,9,2004,Trucks and Buses,115,S50_1392,Land of Toys Inc.,2125557818,897 Long Airport Avenue,NYC,10022,USA,EMEA,Yu,Kwai,Medium,39775.74,79.42833333333333,0.12528088729461728
10305,42,100.0,3,4618.32,10/13/2004 0:00,Shipped,4,10,2004,Trucks and Buses,115,S50_1392,Marta's Replicas Co.,6175558555,39323 Spinnaker Dr.,Cambridge,51247,USA,EMEA,Hernandez,Marta,Medium,54251.659999999996,85.99928571428572,0.0851277177509407
10314,28,100.0,12,3403.12,10/22/2004 0:00,Shipped,4,10,2004,Trucks and Buses,115,S50_1392,Heintze Collectables,86 21 3555,Smagsloget 45,Aaarhus,8200,Denmark,EMEA,Ibsen,Palle,Medium,60273.94,86.30199999999999,0.056460885085660564
10325,38,100.0,4,5190.42,11/5/2004 0:00,Shipped,4,11,2004,Trucks and Buses,115,S50_1392,Baane Mini Imports,07-98 9555,Erling Skakkes gate 78,Stavern,4110,Norway,EMEA,Bergulfsen,Jonas,Medium,40652.85,88.67222222222222,0.12767665735612632
10336,23,100.0,8,3141.57,11/20/2004 0:00,Shipped,4,11,2004,Trucks and Buses,115,S50_1392,"La Corne D'abondance, Co.",(1) 42.34.2555,"265, boulevard Charonne",Paris,75012,France,EMEA,Bertrand,Marie,Medium,56812.67,92.10916666666667,0.05529699625101232
10350,31,71.4,8,2213.4,12/2/2004 0:00,Shipped,4,12,2004,Trucks and Buses,115,S50_1392,Euro Shopping Channel,(91) 555 94 44,"C/ Moralzarzal, 86",Madrid,28034,Spain,EMEA,Freyre,Diego,Small,52269.17,84.99470588235295,0.042346186097846975
10359,46,100.0,2,4896.7,12/15/2004 0:00,Shipped,4,12,2004,Trucks and Buses,115,S50_1392,Reims Collectables,26.47.1555,59 rue de l'Abbaye,Reims,51100,France,EMEA,Henriot,Paul,Medium,30214.42,85.2125,0.1620650007512969
10371,48,56.55,10,2714.4,1/23/2005 0:00,Shipped,1,1,2005,Trucks and Buses,115,S50_1392,Mini Gifts Distributors Ltd.,4155551450,5677 Strong St.,San Rafael,97562,USA,EMEA,Nelson,Valarie,Small,36124.270000000004,83.8225,0.07514061875852439
10383,29,100.0,13,3087.05,2/22/2005 0:00,Shipped,1,2,2005,Trucks and Buses,115,S50_1392,Euro Shopping Channel,(91) 555 94 44,"C/ Moralzarzal, 86",Madrid,28034,Spain,EMEA,Freyre,Diego,Medium,41249.74,81.16,0.07483804746405676
10395,46,100.0,4,5692.96,3/17/2005 0:00,Shipped,1,3,2005,Trucks and Buses,115,S50_1392,Lyon Souveniers,+33 1 46 62 7555,27 rue du Colonel Pierre Avia,Paris,75508,France,EMEA,Da Cunha,Daniel,Medium,20321.53,92.28,0.28014426079138727
10412,26,100.0,3,3460.86,5/3/2005 0:00,Shipped,2,5,2005,Trucks and Buses,115,S50_1392,Euro Shopping Channel,(91) 555 94 44,"C/ Moralzarzal, 86",Madrid,28034,Spain,EMEA,Freyre,Diego,Medium,52287.74,81.59454545454545,0.06618874711356812
10425,18,100.0,2,1895.94,5/31/2005 0:00,In Process,2,5,2005,Trucks and Buses,115,S50_1392,La Rochelle Gifts,40.67.8555,"67, rue des Cinquante Otages",Nantes,44000,France,EMEA,Labrune,Janine,Small,43784.69,81.47692307692309,0.04330143710050248
10104,32,53.31,2,1705.92,1/31/2003 0:00,Shipped,1,1,2003,Trains,58,S50_1514,Euro Shopping Channel,(91) 555 94 44,"C/ Moralzarzal, 86",Madrid,28034,Spain,EMEA,Freyre,Diego,Small,44621.96,81.68384615384616,0.03823050354578777
10117,21,49.21,11,1033.41,4/16/2003 0:00,Shipped,2,4,2003,Trains,58,S50_1514,"Dragon Souveniers, Ltd.",+65 221 7555,"Bronz Sok., Bronz Apt. 3/6 Tesvikiye",Singapore,79903,Singapore,Japan,Natividad,Eric,Small,43657.47,87.43416666666667,0.02367086319935626
10127,46,69.12,4,3179.52,6/3/2003 0:00,Shipped,2,6,2003,Trains,58,S50_1514,Muscle Machine Inc,2125557413,4092 Furth Circle,NYC,10022,USA,EMEA,Young,Jeff,Medium,68462.15,85.852,0.04644201211910523
10142,42,49.79,14,2091.18,8/8/2003 0:00,Shipped,3,8,2003,Trains,58,S50_1514,Mini Gifts Distributors Ltd.,4155551450,5677 Strong St.,San Rafael,97562,USA,EMEA,Nelson,Valarie,Small,63088.16,85.518125,0.03314694865090375
10153,31,57.41,13,1779.71,9/28/2003 0:00,Shipped,3,9,2003,Trains,58,S50_1514,Euro Shopping Channel,(91) 555 94 44,"C/ Moralzarzal, 86",Madrid,28034,Spain,EMEA,Freyre,Diego,Small,47727.82,86.91461538461539,0.037288734327274954
10165,38,66.78,5,2537.64,10/22/2003 0:00,Shipped,4,10,2003,Trains,58,S50_1514,"Dragon Souveniers, Ltd.",+65 221 7555,"Bronz Sok., Bronz Apt. 3/6 Tesvikiye",Singapore,79903,Singapore,Japan,Natividad,Eric,Small,77809.37,85.15388888888889,0.032613552840743985
10176,38,64.44,4,2448.72,11/6/2003 0:00,Shipped,4,11,2003,Trains,58,S50_1514,L'ordine Souveniers,0522-556555,Strada Provinciale 124,Reggio Emilia,42100,Italy,EMEA,Moroni,Maurizio,Small,44669.74,89.72200000000001,0.05481831772470581
10185,20,48.62,15,972.4,11/14/2003 0:00,Shipped,4,11,2003,Trains,58,S50_1514,Mini Creations Ltd.,5085559555,4575 Hillside Dr.,New Bedford,50553,USA,EMEA,Tam,Wing C,Small,52191.44,83.18625,0.018631407755754583
10196,46,62.09,7,2856.14,11/26/2003 0:00,Shipped,4,11,2003,Trains,58,S50_1514,Super Scale Inc.,2035559545,567 North Pendale Street,New Haven,97823,USA,EMEA,Murphy,Leslie,Small,42498.76,94.56125,0.06720525492979089
10208,30,65.61,15,1968.3,1/2/2004 0:00,Shipped,1,1,2004,Trains,58,S50_1514,"Saveley & Henriot, Co.",78.32.5555,"2, rue du Commerce",Lyon,69004,France,EMEA,Saveley,Mary,Small,54536.87,88.116,0.03609118015023598
10220,30,68.54,4,2056.2,2/12/2004 0:00,Shipped,1,2,2004,Trains,58,S50_1514,"Clover Collections, Co.",+353 1862 1555,25 Maiden Lane,Dublin,2,Ireland,EMEA,Cassidy,Dean,Small,38784.47,86.38111111111111,0.05301606545093951
10230,43,52.14,2,2242.02,3/15/2004 0:00,Shipped,1,3,2004,Trains,58,S50_1514,"Blauer See Auto, Co.",+49 69 66 90 2555,Lyonerstr. 34,Frankfurt,60528,Germany,EMEA,Keitel,Roland,Small,37266.49,83.42125,0.0601618236651748
10247,49,63.85,4,3128.65,5/5/2004 0:00,Shipped,2,5,2004,Trains,58,S50_1514,Suominen Souveniers,+358 9 8045 555,"Software Engineering Center, SEC Oy",Espoo,FIN-02271,Finland,EMEA,Suominen,Kalle,Medium,31018.23,85.59333333333332,0.10086487849242204
10272,43,56.82,4,2443.26,7/20/2004 0:00,Shipped,3,7,2004,Trains,58,S50_1514,Diecast Classics Inc.,2155551555,7586 Pompton St.,Allentown,70267,USA,EMEA,Yu,Kyung,Small,27149.26,86.90833333333335,0.08999361308558687
10282,37,66.78,7,2470.86,8/20/2004 0:00,Shipped,3,8,2004,Trains,58,S50_1514,Mini Gifts Distributors Ltd.,4155551450,5677 Strong St.,San Rafael,97562,USA,EMEA,Nelson,Valarie,Small,52807.15,89.22,0.04679025472876306
10292,35,55.07,1,1927.45,9/8/2004 0:00,Shipped,3,9,2004,Trains,58,S50_1514,Land of Toys Inc.,2125557818,897 Long Airport Avenue,NYC,10022,USA,EMEA,Yu,Kwai,Small,39775.74,79.42833333333333,0.048457929381075
10306,34,60.34,15,2051.56,10/14/2004 0:00,Shipped,4,10,2004,Trains,58,S50_1514,"AV Stores, Co.",(171) 555-1555,Fauntleroy Circus,Manchester,EC2 5NT,UK,EMEA,Ashworth,Victoria,Small,57827.61,85.14999999999999,0.03547717085316166
10314,38,61.51,7,2337.38,10/22/2004 0:00,Shipped,4,10,2004,Trains,58,S50_1514,Heintze Collectables,86 21 3555,Smagsloget 45,Aaarhus,8200,Denmark,EMEA,Ibsen,Palle,Small,60273.94,86.30199999999999,0.03877928006697422
10325,44,100.0,7,5932.96,11/5/2004 0:00,Shipped,4,11,2004,Trains,58,S50_1514,Baane Mini Imports,07-98 9555,Erling Skakkes gate 78,Stavern,4110,Norway,EMEA,Bergulfsen,Jonas,Medium,40652.85,88.67222222222222,0.1459420434237698
10337,21,100.0,6,2296.77,11/21/2004 0:00,Shipped,4,11,2004,Trains,58,S50_1514,Classic Legends Inc.,2125558493,5905 Pompton St.,NYC,10022,USA,EMEA,Hernandez,Maria,Small,27733.04,83.19444444444444,0.08281710191165483
10350,44,100.0,17,6490.88,12/2/2004 0:00,Shipped,4,12,2004,Trains,58,S50_1514,Euro Shopping Channel,(91) 555 94 44,"C/ Moralzarzal, 86",Madrid,28034,Spain,EMEA,Freyre,Diego,Medium,52269.17,84.99470588235295,0.12418180736369068
10359,25,64.93,4,1623.25,12/15/2004 0:00,Shipped,4,12,2004,Trains,58,S50_1514,Reims Collectables,26.47.1555,59 rue de l'Abbaye,Reims,51100,France,EMEA,Henriot,Paul,Small,30214.42,85.2125,0.05372434751353824
10372,24,58.58,9,1405.92,1/26/2005 0:00,Shipped,1,1,2005,Trains,58,S50_1514,"Tokyo Collectables, Ltd",+81 3 3584 0555,2-2-8 Roppongi,Minato-ku,106-0032,Japan,Japan,Shimamura,Akiko,Small,38191.39,92.24222222222221,0.036812485746132835
10383,38,60.06,10,2282.28,2/22/2005 0:00,Shipped,1,2,2005,Trains,58,S50_1514,Euro Shopping Channel,(91) 555 94 44,"C/ Moralzarzal, 86",Madrid,28034,Spain,EMEA,Freyre,Diego,Small,41249.74,81.16,0.055328348736258706
10395,45,100.0,3,8977.05,3/17/2005 0:00,Shipped,1,3,2005,Trains,58,S50_1514,Lyon Souveniers,+33 1 46 62 7555,27 rue du Colonel Pierre Avia,Paris,75508,France,EMEA,Da Cunha,Daniel,Large,20321.53,92.28,0.4417506949525946
10413,51,63.85,4,3256.35,5/5/2005 0:00,Shipped,2,5,2005,Trains,58,S50_1514,Gift Depot Inc.,2035552570,25593 South Bay Ln.,Bridgewater,97562,USA,EMEA,King,Julie,Medium,31648.47,85.59333333333332,0.10289122981300518
10108,34,82.99,14,2821.66,3/3/2003 0:00,Shipped,1,3,2003,Motorcycles,81,S50_4713,Cruz & Sons Co.,+63 2 555 3587,15 McCallum Street - NatWest Center #13-03,Makati City,1227 MM,Philippines,Japan,Cruz,Arnold,Small,55245.020000000004,82.81125,0.051075372947643055
10121,44,74.85,1,3293.4,5/7/2003 0:00,Shipped,2,5,2003,Motorcycles,81,S50_4713,Reims Collectables,26.47.1555,59 rue de l'Abbaye,Reims,51100,France,EMEA,Henriot,Paul,Medium,18971.96,83.964,0.17359302886997444
10135,44,96.0,15,4224.0,7/2/2003 0:00,Shipped,3,7,2003,Motorcycles,81,S50_4713,Mini Gifts Distributors Ltd.,4155551450,5677 Strong St.,San Rafael,97562,USA,EMEA,Nelson,Valarie,Medium,59280.51,79.85588235294118,0.071254447709711
10145,38,81.36,2,3091.68,8/25/2003 0:00,Shipped,3,8,2003,Motorcycles,81,S50_4713,Toys4GrownUps.com,6265557265,78934 Hillside Dr.,Pasadena,90003,USA,EMEA,Young,Julie,Medium,55776.119999999995,83.8375,0.05543017334300056
10159,31,71.6,10,2219.6,10/10/2003 0:00,Shipped,4,10,2003,Motorcycles,81,S50_4713,Corporate Gift Ideas Co.,6505551386,7734 Strong St.,San Francisco,28034,USA,EMEA,Brown,Julie,Small,62498.29,83.05611111111111,0.03551457167868113
10169,48,80.55,10,3866.4,11/4/2003 0:00,Shipped,4,11,2003,Motorcycles,81,S50_4713,"Anna's Decorations, Ltd",02 9936 8555,201 Miller Street,North Sydney,2060,Australia,APAC,O'Hara,Anna,Medium,41791.95,80.17461538461538,0.09251542462124884
10180,21,93.56,5,1964.76,11/11/2003 0:00,Shipped,4,11,2003,Motorcycles,81,S50_4713,Daedalus Designs Imports,20.16.1555,"184, chausse de Tournai",Lille,59000,France,EMEA,Rance,Martine,Small,48874.28,82.245,0.040200285303435675
10190,40,66.72,2,2668.8,11/19/2003 0:00,Shipped,4,11,2003,Motorcycles,81,S50_4713,Euro Shopping Channel,(91) 555 94 44,"C/ Moralzarzal, 86",Madrid,28034,Spain,EMEA,Freyre,Diego,Small,10986.56,65.405,0.24291497975708504
10211,40,80.55,10,3222.0,1/15/2004 0:00,Shipped,1,1,2004,Motorcycles,81,S50_4713,Auto Canal Petit,(1) 47.55.6555,"25, rue Lauriston",Paris,75016,France,EMEA,Perrier,Dominique,Medium,51172.65,82.83133333333333,0.06296332122725713
10224,50,77.29,3,3864.5,2/21/2004 0:00,Shipped,1,2,2004,Motorcycles,81,S50_4713,Daedalus Designs Imports,20.16.1555,"184, chausse de Tournai",Lille,59000,France,EMEA,Rance,Martine,Medium,20178.129999999997,75.91666666666667,0.1915192339428877
10237,20,68.34,3,1366.8,4/5/2004 0:00,Shipped,2,4,2004,Motorcycles,81,S50_4713,Vitachrome Inc.,2125551500,2678 Kingston Rd.,NYC,10022,USA,EMEA,Frick,Michael,Small,24804.34,82.27111111111111,0.05510326015527928
10252,48,72.41,7,3475.68,5/26/2004 0:00,Shipped,2,5,2004,Motorcycles,81,S50_4713,Auto Canal Petit,(1) 47.55.6555,"25, rue Lauriston",Paris,75016,France,EMEA,Perrier,Dominique,Medium,27931.21,78.11444444444444,0.12443714396905826
10264,47,89.5,5,4206.5,6/30/2004 0:00,Shipped,2,6,2004,Motorcycles,81,S50_4713,Gifts4AllAges.com,6175559555,8616 Spinnaker Dr.,Boston,51003,USA,EMEA,Yoshido,Juri,Medium,19548.35,74.73428571428572,0.2151844017525776
10276,21,70.78,11,1486.38,8/2/2004 0:00,Shipped,3,8,2004,Motorcycles,81,S50_4713,Online Mini Collectables,6175557555,7635 Spinnaker Dr.,Brickhaven,58339,USA,EMEA,Barajas,Miguel,Small,52505.36,80.24285714285715,0.02830910977469729
10285,39,78.92,2,3077.88,8/27/2004 0:00,Shipped,3,8,2004,Motorcycles,81,S50_4713,Marta's Replicas Co.,6175558555,39323 Spinnaker Dr.,Cambridge,51247,USA,EMEA,Hernandez,Marta,Medium,48828.72,84.42615384615384,0.06303421429027835
10299,44,80.55,5,3544.2,9/30/2004 0:00,Shipped,3,9,2004,Motorcycles,81,S50_4713,"Toys of Finland, Co.",90-224 8555,Keskuskatu 45,Helsinki,21240,Finland,EMEA,Karttunen,Matti,Medium,42744.06,84.18818181818182,0.082916784226861
10309,28,88.68,1,2483.04,10/15/2004 0:00,Shipped,4,10,2004,Motorcycles,81,S50_4713,Baane Mini Imports,07-98 9555,Erling Skakkes gate 78,Stavern,4110,Norway,EMEA,Bergulfsen,Jonas,Small,19769.68,88.24666666666667,0.12559839107158033
10319,45,77.29,6,3478.05,11/3/2004 0:00,Shipped,4,11,2004,Motorcycles,81,S50_4713,Microscale Inc.,2125551957,5290 North Pendale Street,NYC,10022,USA,EMEA,Kuo,Kee,Medium,31446.15,79.55222222222223,0.11060336479982447
10331,20,100.0,5,3657.8,11/17/2004 0:00,Shipped,4,11,2004,Motorcycles,81,S50_4713,Motor Mint Distributors Inc.,2155559857,11328 Douglas Av.,Philadelphia,71270,USA,EMEA,Hernandez,Rosa,Medium,48996.1,84.39714285714285,0.07465492151416134
10341,38,100.0,3,4682.36,11/24/2004 0:00,Shipped,4,11,2004,Motorcycles,81,S50_4713,Salzburg Collectables,6562-9555,Geislweg 14,Salzburg,5020,Austria,EMEA,Pipps,Georg,Medium,45001.11,91.536,0.10404987788079004
10356,26,100.0,4,3937.7,12/9/2004 0:00,Shipped,4,12,2004,Motorcycles,81,S50_4713,Lyon Souveniers,+33 1 46 62 7555,27 rue du Colonel Pierre Avia,Paris,75508,France,EMEA,Da Cunha,Daniel,Medium,32623.93,79.63777777777779,0.12069974402225606
10365,44,100.0,2,4984.32,1/7/2005 0:00,Shipped,1,1,2005,Motorcycles,81,S50_4713,Mini Creations Ltd.,5085559555,4575 Hillside Dr.,New Bedford,50553,USA,EMEA,Tam,Wing C,Medium,11021.3,95.68666666666667,0.4522442906009273
10375,49,100.0,8,5406.66,2/3/2005 0:00,Shipped,1,2,2005,Motorcycles,81,S50_4713,La Rochelle Gifts,40.67.8555,"67, rue des Cinquante Otages",Nantes,44000,France,EMEA,Labrune,Janine,Medium,59617.4,85.766,0.0906892954070456
10390,22,100.0,13,3491.18,3/4/2005 0:00,Shipped,1,3,2005,Motorcycles,81,S50_4713,Mini Gifts Distributors Ltd.,4155551450,5677 Strong St.,San Rafael,97562,USA,EMEA,Nelson,Valarie,Medium,61133.28,81.740625,0.05710768340910221
10403,31,68.34,3,2118.54,4/8/2005 0:00,Shipped,2,4,2005,Motorcycles,81,S50_4713,"UK Collectables, Ltd.",(171) 555-2282,Berkeley Gardens 12  Brewery,Liverpool,WX1 6LT,UK,EMEA,Devon,Elizabeth,Small,40802.81,82.27111111111111,0.0519214240391777
10105,41,70.67,5,2897.47,2/11/2003 0:00,Shipped,1,2,2003,Ships,66,S700_1138,Danish Wholesale Imports,31 12 3555,Vinb'ltet 34,Kobenhavn,1734,Denmark,EMEA,Petersen,Jytte,Small,58871.11,85.284,0.04921717969985617
10119,25,76.67,14,1916.75,4/28/2003 0:00,Shipped,2,4,2003,Ships,66,S700_1138,Salzburg Collectables,6562-9555,Geislweg 14,Salzburg,5020,Austria,EMEA,Pipps,Georg,Small,38629.14,79.57214285714285,0.04961927705354041
10129,31,60.0,5,1860.0,6/12/2003 0:00,Shipped,2,6,2003,Ships,66,S700_1138,"Stylish Desk Decors, Co.",(171) 555-0297,35 King George,London,WX3 6FW,UK,EMEA,Brown,Ann,Small,32376.29,84.39111111111112,0.057449448346305276
10142,41,64.0,2,2624.0,8/8/2003 0:00,Shipped,3,8,2003,Ships,66,S700_1138,Mini Gifts Distributors Ltd.,4155551450,5677 Strong St.,San Rafael,97562,USA,EMEA,Nelson,Valarie,Small,63088.16,85.518125,0.04159259043218252
10153,43,64.67,1,2780.81,9/28/2003 0:00,Shipped,3,9,2003,Ships,66,S700_1138,Euro Shopping Channel,(91) 555 94 44,"C/ Moralzarzal, 86",Madrid,28034,Spain,EMEA,Freyre,Diego,Small,47727.82,86.91461538461539,0.05826392238321382
10167,43,75.34,12,3239.62,10/23/2003 0:00,Cancelled,4,10,2003,Ships,66,S700_1138,Scandinavian Gift Ideas,0695-34 6555,?kergatan 24,Boras,S-844 67,Sweden,EMEA,Larsson,Maria,Medium,48710.92,81.586875,0.06650705837623268
10177,24,76.0,3,1824.0,11/7/2003 0:00,Shipped,4,11,2003,Ships,66,S700_1138,CAF Imports,+34 913 728 555,"Merchants House, 27-30 Merchant's Quay",Madrid,28023,Spain,EMEA,Fernandez,Jesus,Small,34311.35,84.59363636363636,0.05316025163684903
10185,21,54.0,3,1134.0,11/14/2003 0:00,Shipped,4,11,2003,Ships,66,S700_1138,Mini Creations Ltd.,5085559555,4575 Hillside Dr.,New Bedford,50553,USA,EMEA,Tam,Wing C,Small,52191.44,83.18625,0.02172770094099722
10197,23,64.67,9,1487.41,11/26/2003 0:00,Shipped,4,11,2003,Ships,66,S700_1138,Enaco Distributors,(93) 203 4555,"Rambla de CataluÂ¤a, 23",Barcelona,8022,Spain,EMEA,Saavedra,Eduardo,Small,44009.31,83.48214285714286,0.03379762145782336
10208,38,74.67,3,2837.46,1/2/2004 0:00,Shipped,1,1,2004,Ships,66,S700_1138,"Saveley & Henriot, Co.",78.32.5555,"2, rue du Commerce",Lyon,69004,France,EMEA,Saveley,Mary,Small,54536.87,88.116,0.05202828838545373
10222,31,62.67,15,1942.77,2/19/2004 0:00,Shipped,1,2,2004,Ships,66,S700_1138,Collectable Mini Designs Co.,7605558146,361 Furth Circle,San Diego,91217,USA,EMEA,Thompson,Valarie,Small,61617.01,80.55444444444444,0.03152976751062734
10233,36,70.67,3,2544.12,3/29/2004 0:00,Shipped,1,3,2004,Ships,66,S700_1138,Tekni Collectables Inc.,2015559350,7476 Moss Rd.,Newark,94019,USA,EMEA,Brown,William,Small,8722.119999999999,82.59333333333333,0.29168596625591026
10248,36,71.34,6,2568.24,5/7/2004 0:00,Cancelled,2,5,2004,Ships,66,S700_1138,Land of Toys Inc.,2125557818,897 Long Airport Avenue,NYC,10022,USA,EMEA,Yu,Kwai,Small,45357.659999999996,87.77785714285714,0.05662196859361793
10261,34,62.0,4,2108.0,6/17/2004 0:00,Shipped,2,6,2004,Ships,66,S700_1138,Quebec Home Shopping Network,(514) 555-8054,43 rue St. Laurent,Montreal,H1J 1C3,Canada,EMEA,Fresnisre,Jean,Small,24564.53,81.30333333333334,0.08581479067582405
10273,21,65.34,7,1372.14,7/21/2004 0:00,Shipped,3,7,2004,Ships,66,S700_1138,Petit Auto,(02) 5554 67,Rue Joseph-Bens 532,Bruxelles,B-1180,Belgium,EMEA,Dewey,Catherine,Small,47760.479999999996,86.49533333333333,0.02872961075768083
10283,45,78.67,9,3540.15,8/20/2004 0:00,Shipped,3,8,2004,Ships,66,S700_1138,"Royal Canadian Collectables, Ltd.",(604) 555-4555,23 Tsawassen Blvd.,Tsawassen,T2F 8M4,Canada,EMEA,Lincoln,Elizabeth,Medium,43332.35,84.92857142857143,0.08169762313837123
10295,26,75.34,4,1958.84,9/10/2004 0:00,Shipped,3,9,2004,Ships,66,S700_1138,Gifts4AllAges.com,6175559555,8616 Spinnaker Dr.,Boston,51003,USA,EMEA,Yoshido,Juri,Small,15344.64,83.772,0.1276563021354688
10306,50,54.0,3,2700.0,10/14/2004 0:00,Shipped,4,10,2004,Ships,66,S700_1138,"AV Stores, Co.",(171) 555-1555,Fauntleroy Circus,Manchester,EC2 5NT,UK,EMEA,Ashworth,Victoria,Small,57827.61,85.14999999999999,0.04669049957278193
10315,41,62.0,2,2542.0,10/29/2004 0:00,Shipped,4,10,2004,Ships,66,S700_1138,La Rochelle Gifts,40.67.8555,"67, rue des Cinquante Otages",Nantes,44000,France,EMEA,Labrune,Janine,Small,20719.91,83.13571428571429,0.12268393057691852
10326,39,60.0,1,2340.0,11/9/2004 0:00,Shipped,4,11,2004,Ships,66,S700_1138,"Volvo Model Replicas, Co",0921-12 3555,BerguvsvÂgen  8,Lule,S-958 22,Sweden,EMEA,Berglund,Christina,Small,20146.32,87.35166666666667,0.11615024480897752
10339,22,100.0,5,2816.44,11/23/2004 0:00,Shipped,4,11,2004,Ships,66,S700_1138,"Tokyo Collectables, Ltd",+81 3 3584 0555,2-2-8 Roppongi,Minato-ku,106-0032,Japan,Japan,Shimamura,Akiko,Small,55888.65,79.908125,0.0503937740489348
10350,46,76.67,11,3526.82,12/2/2004 0:00,Shipped,4,12,2004,Ships,66,S700_1138,Euro Shopping Channel,(91) 555 94 44,"C/ Moralzarzal, 86",Madrid,28034,Spain,EMEA,Freyre,Diego,Medium,52269.17,84.99470588235295,0.06747419176543266
10373,44,100.0,14,4627.92,1/31/2005 0:00,Shipped,1,1,2005,Ships,66,S700_1138,"Oulu Toy Supplies, Inc.",981-443655,Torikatu 38,Oulu,90110,Finland,EMEA,Koskitalo,Pirkko,Medium,49055.4,79.01235294117647,0.09434068420602013
10385,25,77.34,1,1933.5,2/28/2005 0:00,Shipped,1,2,2005,Ships,66,S700_1138,Mini Gifts Distributors Ltd.,4155551450,5677 Strong St.,San Rafael,97562,USA,EMEA,Nelson,Valarie,Small,5098.48,81.44,0.37923067267107063
10396,39,66.67,1,2600.13,3/23/2005 0:00,Shipped,1,3,2005,Ships,66,S700_1138,Mini Gifts Distributors Ltd.,4155551450,5677 Strong St.,San Rafael,97562,USA,EMEA,Nelson,Valarie,Small,32194.79,91.27375,0.0807624463461324
10414,37,71.34,6,2639.58,5/6/2005 0:00,On Hold,2,5,2005,Ships,66,S700_1138,Gifts4AllAges.com,6175559555,8616 Spinnaker Dr.,Boston,51003,USA,EMEA,Yoshido,Juri,Small,48316.89,87.77785714285714,0.05463058570201849
10106,31,100.0,7,3312.97,2/17/2003 0:00,Shipped,1,2,2003,Planes,91,S700_1691,Rovelli Gifts,035-640555,Via Ludovico il Moro 22,Bergamo,24100,Italy,EMEA,Rovelli,Giovanni,Medium,56181.32,78.88222222222223,0.05896924458165098
10120,47,82.21,13,3863.87,4/29/2003 0:00,Shipped,2,4,2003,Planes,91,S700_1691,"Australian Collectors, Co.",03 9520 4555,636 St Kilda Road,Melbourne,3004,Australia,APAC,Ferguson,Peter,Medium,50397.66,84.97933333333334,0.0766676468709063
10133,24,77.64,8,1863.36,6/27/2003 0:00,Shipped,2,6,2003,Planes,91,S700_1691,Euro Shopping Channel,(91) 555 94 44,"C/ Moralzarzal, 86",Madrid,28034,Spain,EMEA,Freyre,Diego,Small,22167.74,78.18625,0.08405728324132274
10143,36,100.0,2,3945.96,8/10/2003 0:00,Shipped,3,8,2003,Planes,91,S700_1691,Mini Creations Ltd.,5085559555,4575 Hillside Dr.,New Bedford,50553,USA,EMEA,Tam,Wing C,Medium,45738.39,81.08375,0.08627238518889711
10156,48,100.0,2,4954.08,10/8/2003 0:00,Shipped,4,10,2003,Planes,91,S700_1691,Euro Shopping Channel,(91) 555 94 44,"C/ Moralzarzal, 86",Madrid,28034,Spain,EMEA,Freyre,Diego,Medium,5774.48,70.51,0.8579266011831369
10168,28,98.65,14,2762.2,10/28/2003 0:00,Shipped,4,10,2003,Planes,91,S700_1691,Technics Stores Inc.,6505556809,9408 Furth Circle,Burlingame,94217,USA,EMEA,Hirano,Juri,Small,62305.47,86.58777777777777,0.044333186155244474
10199,48,83.12,2,3989.76,12/1/2003 0:00,Shipped,4,12,2003,Planes,91,S700_1691,West Coast Collectables Co.,3105553722,3675 Furth Circle,Burbank,94019,USA,EMEA,Thompson,Steve,Medium,8234.56,67.97333333333334,0.48451404810943155
10210,21,78.55,12,1649.55,1/12/2004 0:00,Shipped,1,1,2004,Planes,91,S700_1691,Osaka Souveniers Co.,+81 06 6342 5555,"Dojima Avanza 4F, 1-6-20 Dojima, Kita-ku",Osaka,530-0003,Japan,Japan,Kentary,Mory,Small,50490.64,78.96588235294118,0.03267041178325329
10223,25,100.0,14,2534.75,2/20/2004 0:00,Shipped,1,2,2004,Planes,91,S700_1691,"Australian Collectors, Co.",03 9520 4555,636 St Kilda Road,Melbourne,3004,Australia,APAC,Ferguson,Peter,Small,49637.57,85.01933333333334,0.05106515085246921
10235,25,100.0,8,2580.25,4/2/2004 0:00,Shipped,2,4,2004,Planes,91,S700_1691,"Royal Canadian Collectables, Ltd.",(604) 555-4555,23 Tsawassen Blvd.,Tsawassen,T2F 8M4,Canada,EMEA,Lincoln,Elizabeth,Small,31302.5,81.33333333333333,0.08242951840907276
10250,31,91.34,9,2831.54,5/11/2004 0:00,Shipped,2,5,2004,Planes,91,S700_1691,The Sharp Gifts Warehouse,4085553659,3086 Ingle Ln.,San Jose,94217,USA,EMEA,Frick,Sue,Small,48472.24,82.75928571428572,0.05841570350369614
10262,40,84.03,4,3361.2,6/24/2004 0:00,Cancelled,2,6,2004,Planes,91,S700_1691,Euro Shopping Channel,(91) 555 94 44,"C/ Moralzarzal, 86",Madrid,28034,Spain,EMEA,Freyre,Diego,Medium,50010.65,78.62375,0.06720968433723616
10275,32,89.51,14,2864.32,7/23/2004 0:00,Shipped,3,7,2004,Planes,91,S700_1691,La Rochelle Gifts,40.67.8555,"67, rue des Cinquante Otages",Nantes,44000,France,EMEA,Labrune,Janine,Small,56002.9,82.95166666666667,0.05114592280042641
10284,24,83.12,6,1994.88,8/21/2004 0:00,Shipped,3,8,2004,Planes,91,S700_1691,"Norway Gifts By Mail, Co.",+47 2212 1555,"Drammensveien 126 A, PB 744 Sentrum",Oslo,N 0106,Norway,EMEA,Klaeboe,Jan,Small,34145.47,76.56538461538462,0.058422976752113824
10296,42,100.0,2,4296.6,9/15/2004 0:00,Shipped,3,9,2004,Planes,91,S700_1691,"Bavarian Collectables Imports, Co.",+49 89 61 08 9555,Hansastr. 15,Munich,80686,Germany,EMEA,Donnermeyer,Michael,Medium,34993.92,79.71857142857142,0.12278132887084386
10308,21,100.0,12,2224.95,10/15/2004 0:00,Shipped,4,10,2004,Planes,91,S700_1691,Mini Classics,9145554562,3758 North Pendale Street,White Plains,24067,USA,EMEA,Frick,Steve,Small,46873.04,80.71875,0.04746758477794484
10316,34,82.21,4,2795.14,11/1/2004 0:00,Shipped,4,11,2004,Planes,91,S700_1691,giftsbymail.co.uk,(198) 555-8888,Garden House Crowther Way,Cowes,PO31 7PJ,UK,EMEA,Bennett,Helen,Small,51334.16,79.435,0.054449902365208656
10328,27,100.0,8,2762.1,11/12/2004 0:00,Shipped,4,11,2004,Planes,91,S700_1691,Rovelli Gifts,035-640555,Via Ludovico il Moro 22,Bergamo,24100,Italy,EMEA,Rovelli,Giovanni,Small,41696.69,81.40714285714286,0.06624266818301404
10340,30,88.6,5,2658.0,11/24/2004 0:00,Shipped,4,11,2004,Planes,91,S700_1691,Enaco Distributors,(93) 203 4555,"Rambla de CataluÂ¤a, 23",Barcelona,8022,Spain,EMEA,Saavedra,Eduardo,Small,30183.35,81.36,0.0880617956588649
10353,39,100.0,9,5043.87,12/4/2004 0:00,Shipped,4,12,2004,Planes,91,S700_1691,Gift Ideas Corp.,2035554407,2440 Pompton St.,Glendale,97561,USA,EMEA,Lewis,Dan,Medium,29343.35,80.03,0.1718914166242096
10361,20,60.54,4,1210.8,12/17/2004 0:00,Shipped,4,12,2004,Planes,91,S700_1691,Souveniers And Things Co.,+61 2 9495 8555,"Monitor Money Building, 815 Pacific Hwy",Chatswood,2067,Australia,APAC,Huxley,Adrian,Small,37905.15,79.61642857142859,0.031942889026952796
10375,37,81.87,6,3029.19,2/3/2005 0:00,Shipped,1,2,2005,Planes,91,S700_1691,La Rochelle Gifts,40.67.8555,"67, rue des Cinquante Otages",Nantes,44000,France,EMEA,Labrune,Janine,Medium,59617.4,85.766,0.05081050163207386
10388,46,100.0,2,10066.6,3/3/2005 0:00,Shipped,1,3,2005,Planes,91,S700_1691,FunGiftIdeas.com,5085552555,1785 First Street,New Bedford,50553,USA,EMEA,Benitez,Violeta,Large,37557.66,88.455,0.2680305429038976
10398,47,87.69,6,4121.43,3/30/2005 0:00,Shipped,1,3,2005,Planes,91,S700_1691,Reims Collectables,26.47.1555,59 rue de l'Abbaye,Reims,51100,France,EMEA,Henriot,Paul,Medium,52029.07,77.58611111111111,0.079213985566146
10401,11,100.0,8,1135.31,4/3/2005 0:00,On Hold,2,4,2005,Planes,91,S700_1691,Tekni Collectables Inc.,2015559350,7476 Moss Rd.,Newark,94019,USA,EMEA,Brown,William,Small,46519.0,81.33333333333333,0.024405296760463466
10416,23,91.34,9,2100.82,5/10/2005 0:00,Shipped,2,5,2005,Planes,91,S700_1691,L'ordine Souveniers,0522-556555,Strada Provinciale 124,Reggio Emilia,42100,Italy,EMEA,Moroni,Maurizio,Small,41509.94,82.75928571428572,0.05061004665388579
10105,29,70.15,12,2034.35,2/11/2003 0:00,Shipped,1,2,2003,Ships,86,S700_1938,Danish Wholesale Imports,31 12 3555,Vinb'ltet 34,Kobenhavn,1734,Denmark,EMEA,Petersen,Jytte,Small,58871.11,85.284,0.03455599868934015
10117,38,79.68,6,3027.84,4/16/2003 0:00,Shipped,2,4,2003,Ships,86,S700_1938,"Dragon Souveniers, Ltd.",+65 221 7555,"Bronz Sok., Bronz Apt. 3/6 Tesvikiye",Singapore,79903,Singapore,Japan,Natividad,Eric,Medium,43657.47,87.43416666666667,0.06935445411747405
10128,32,97.0,3,3104.0,6/6/2003 0:00,Shipped,2,6,2003,Ships,86,S700_1938,Euro Shopping Channel,(91) 555 94 44,"C/ Moralzarzal, 86",Madrid,28034,Spain,EMEA,Freyre,Diego,Medium,17448.08,97.28999999999999,0.17789923017317663
10142,43,84.01,9,3612.43,8/8/2003 0:00,Shipped,3,8,2003,Ships,86,S700_1938,Mini Gifts Distributors Ltd.,4155551450,5677 Strong St.,San Rafael,97562,USA,EMEA,Nelson,Valarie,Medium,63088.16,85.518125,0.057260031042274805
10153,31,87.48,8,2711.88,9/28/2003 0:00,Shipped,3,9,2003,Ships,86,S700_1938,Euro Shopping Channel,(91) 555 94 44,"C/ Moralzarzal, 86",Madrid,28034,Spain,EMEA,Freyre,Diego,Small,47727.82,86.91461538461539,0.056819691324682335
10166,29,100.0,3,3013.97,10/21/2003 0:00,Shipped,4,10,2003,Ships,86,S700_1938,FunGiftIdeas.com,5085552555,1785 First Street,New Bedford,50553,USA,EMEA,Benitez,Violeta,Medium,11861.689999999999,91.24333333333334,0.25409279790653777
10177,31,88.34,10,2738.54,11/7/2003 0:00,Shipped,4,11,2003,Ships,86,S700_1938,CAF Imports,+34 913 728 555,"Merchants House, 27-30 Merchant's Quay",Madrid,28023,Spain,EMEA,Fernandez,Jesus,Small,34311.35,84.59363636363636,0.07981440543726785
10185,30,94.4,10,2832.0,11/14/2003 0:00,Shipped,4,11,2003,Ships,86,S700_1938,Mini Creations Ltd.,5085559555,4575 Hillside Dr.,New Bedford,50553,USA,EMEA,Tam,Wing C,Small,52191.44,83.18625,0.05426177166217295
10196,50,94.4,2,4720.0,11/26/2003 0:00,Shipped,4,11,2003,Ships,86,S700_1938,Super Scale Inc.,2035559545,567 North Pendale Street,New Haven,97823,USA,EMEA,Murphy,Leslie,Medium,42498.76,94.56125,0.11106206392845344
10208,40,80.55,10,3222.0,1/2/2004 0:00,Shipped,1,1,2004,Ships,86,S700_1938,"Saveley & Henriot, Co.",78.32.5555,"2, rue du Commerce",Lyon,69004,France,EMEA,Saveley,Mary,Medium,54536.87,88.116,0.059079298096865476
10221,23,97.0,4,2231.0,2/18/2004 0:00,Shipped,1,2,2004,Ships,86,S700_1938,Petit Auto,(02) 5554 67,Rue Joseph-Bens 532,Bruxelles,B-1180,Belgium,EMEA,Dewey,Catherine,Small,18800.09,93.44,0.11866964466659469
10232,26,88.34,7,2296.84,3/20/2004 0:00,Shipped,1,3,2004,Ships,86,S700_1938,giftsbymail.co.uk,(198) 555-8888,Garden House Crowther Way,Cowes,PO31 7PJ,UK,EMEA,Bennett,Helen,Small,26906.68,87.74375,0.08536318862081833
10248,40,100.0,13,4157.2,5/7/2004 0:00,Cancelled,2,5,2004,Ships,86,S700_1938,Land of Toys Inc.,2125557818,897 Long Airport Avenue,NYC,10022,USA,EMEA,Yu,Kwai,Medium,45357.659999999996,87.77785714285714,0.09165375815242674
10273,21,100.0,14,2146.2,7/21/2004 0:00,Shipped,3,7,2004,Ships,86,S700_1938,Petit Auto,(02) 5554 67,Rue Joseph-Bens 532,Bruxelles,B-1180,Belgium,EMEA,Dewey,Catherine,Small,47760.479999999996,86.49533333333333,0.04493673430417785
10282,43,86.61,2,3724.23,8/20/2004 0:00,Shipped,3,8,2004,Ships,86,S700_1938,Mini Gifts Distributors Ltd.,4155551450,5677 Strong St.,San Rafael,97562,USA,EMEA,Nelson,Valarie,Medium,52807.15,89.22,0.07052510881575695
10293,29,71.89,5,2084.81,9/9/2004 0:00,Shipped,3,9,2004,Ships,86,S700_1938,Amica Models & Co.,011-4988555,Via Monte Bianco 34,Torino,10100,Italy,EMEA,Accorti,Paolo,Small,38039.0,92.4388888888889,0.05480717158705539
10306,38,91.81,10,3488.78,10/14/2004 0:00,Shipped,4,10,2004,Ships,86,S700_1938,"AV Stores, Co.",(171) 555-1555,Fauntleroy Circus,Manchester,EC2 5NT,UK,EMEA,Ashworth,Victoria,Medium,57827.61,85.14999999999999,0.06033069670352968
10314,23,76.22,2,1753.06,10/22/2004 0:00,Shipped,4,10,2004,Ships,86,S700_1938,Heintze Collectables,86 21 3555,Smagsloget 45,Aaarhus,8200,Denmark,EMEA,Ibsen,Palle,Small,60273.94,86.30199999999999,0.02908487482318229
10327,20,100.0,7,3469.2,11/10/2004 0:00,Resolved,4,11,2004,Ships,86,S700_1938,Danish Wholesale Imports,31 12 3555,Vinb'ltet 34,Kobenhavn,1734,Denmark,EMEA,Petersen,Jytte,Medium,24078.61,86.94,0.14407808424157373
10337,36,70.3,9,2530.8,11/21/2004 0:00,Shipped,4,11,2004,Ships,86,S700_1938,Classic Legends Inc.,2125558493,5905 Pompton St.,NYC,10022,USA,EMEA,Hernandez,Maria,Small,27733.04,83.19444444444444,0.09125577289759795
10350,28,100.0,4,2924.32,12/2/2004 0:00,Shipped,4,12,2004,Ships,86,S700_1938,Euro Shopping Channel,(91) 555 94 44,"C/ Moralzarzal, 86",Madrid,28034,Spain,EMEA,Freyre,Diego,Small,52269.17,84.99470588235295,0.05594732038025475
10372,44,100.0,2,4496.8,1/26/2005 0:00,Shipped,1,1,2005,Ships,86,S700_1938,"Tokyo Collectables, Ltd",+81 3 3584 0555,2-2-8 Roppongi,Minato-ku,106-0032,Japan,Japan,Shimamura,Akiko,Medium,38191.39,92.24222222222221,0.11774381608001176
10384,49,100.0,1,6397.44,2/23/2005 0:00,Shipped,1,2,2005,Ships,86,S700_1938,Corporate Gift Ideas Co.,6505551386,7734 Strong St.,San Francisco,28034,USA,EMEA,Brown,Julie,Medium,17707.67,94.6025,0.3612807331512277
10397,32,80.55,5,2577.6,3/28/2005 0:00,Shipped,1,3,2005,Ships,86,S700_1938,Alpha Cognac,61.77.6555,1 rue Alsace-Lorraine,Toulouse,31000,France,EMEA,Roulet,Annette,Small,15139.12,81.858,0.17026088702645858
10414,34,100.0,13,3533.62,5/6/2005 0:00,On Hold,2,5,2005,Ships,86,S700_1938,Gifts4AllAges.com,6175559555,8616 Spinnaker Dr.,Boston,51003,USA,EMEA,Yoshido,Juri,Medium,48316.89,87.77785714285714,0.07313426009000165
10106,30,100.0,16,3177.3,2/17/2003 0:00,Shipped,1,2,2003,Ships,90,S700_2047,Rovelli Gifts,035-640555,Via Ludovico il Moro 22,Bergamo,24100,Italy,EMEA,Rovelli,Giovanni,Medium,56181.32,78.88222222222223,0.056554384980630576
10119,29,94.14,7,2730.06,4/28/2003 0:00,Shipped,2,4,2003,Ships,90,S700_2047,Salzburg Collectables,6562-9555,Geislweg 14,Salzburg,5020,Austria,EMEA,Pipps,Georg,Small,38629.14,79.57214285714285,0.07067358993754456
10131,22,85.99,8,1891.78,6/16/2003 0:00,Shipped,2,6,2003,Ships,90,S700_2047,Gift Ideas Corp.,2035554407,2440 Pompton St.,Glendale,97561,USA,EMEA,Lewis,Dan,Small,20350.95,77.63,0.0929578226077898
10143,26,100.0,11,2612.48,8/10/2003 0:00,Shipped,3,8,2003,Ships,90,S700_2047,Mini Creations Ltd.,5085559555,4575 Hillside Dr.,New Bedford,50553,USA,EMEA,Tam,Wing C,Small,45738.39,81.08375,0.057117882811353875
10155,32,91.43,9,2925.76,10/6/2003 0:00,Shipped,4,10,2003,Ships,90,S700_2047,"Toys of Finland, Co.",90-224 8555,Keskuskatu 45,Helsinki,21240,Finland,EMEA,Karttunen,Matti,Small,42083.5,81.96538461538461,0.06952273456342747
10167,29,100.0,5,2940.02,10/23/2003 0:00,Cancelled,4,10,2003,Ships,90,S700_2047,Scandinavian Gift Ideas,0695-34 6555,?kergatan 24,Boras,S-844 67,Sweden,EMEA,Larsson,Maria,Small,48710.92,81.586875,0.060356486800085075
10178,34,96.86,8,3293.24,11/8/2003 0:00,Shipped,4,11,2003,Ships,90,S700_2047,Alpha Cognac,61.77.6555,1 rue Alsace-Lorraine,Toulouse,31000,France,EMEA,Roulet,Annette,Medium,38098.24,82.72166666666666,0.08644073846980858
10186,24,99.57,5,2389.68,11/14/2003 0:00,Shipped,4,11,2003,Ships,90,S700_2047,"Double Decker Gift Stores, Ltd",(171) 555-7555,120 Hanover Sq.,London,WA1 1DP,UK,EMEA,Hardy,Thomas,Small,27541.82,84.99444444444445,0.08676550787130262
10197,24,90.52,2,2172.48,11/26/2003 0:00,Shipped,4,11,2003,Ships,90,S700_2047,Enaco Distributors,(93) 203 4555,"Rambla de CataluÂ¤a, 23",Barcelona,8022,Spain,EMEA,Saavedra,Eduardo,Small,44009.31,83.48214285714286,0.04936410045965275
10209,33,88.71,4,2927.43,1/9/2004 0:00,Shipped,1,1,2004,Ships,90,S700_2047,"Men 'R' US Retailers, Ltd.",2155554369,6047 Douglas Av.,Los Angeles,28034,USA,EMEA,Chandler,Michael,Small,23889.32,85.36625,0.1225413699510911
10222,26,100.0,8,2659.54,2/19/2004 0:00,Shipped,1,2,2004,Ships,90,S700_2047,Collectable Mini Designs Co.,7605558146,361 Furth Circle,San Diego,91217,USA,EMEA,Thompson,Valarie,Small,61617.01,80.55444444444444,0.04316243193235115
10249,40,95.95,4,3838.0,5/8/2004 0:00,Shipped,2,5,2004,Ships,90,S700_2047,Cambridge Collectables Co.,6175555555,4658 Baden Av.,Cambridge,51247,USA,EMEA,Tseng,Kyung,Medium,14380.92,78.216,0.26688139562698354
10262,44,94.14,13,4142.16,6/24/2004 0:00,Cancelled,2,6,2004,Ships,90,S700_2047,Euro Shopping Channel,(91) 555 94 44,"C/ Moralzarzal, 86",Madrid,28034,Spain,EMEA,Freyre,Diego,Medium,50010.65,78.62375,0.08282555815611274
10274,24,90.52,5,2172.48,7/21/2004 0:00,Shipped,3,7,2004,Ships,90,S700_2047,Collectables For Less Inc.,6175558555,7825 Douglas Av.,Brickhaven,58339,USA,EMEA,Nelson,Allen,Small,15110.8,77.306,0.1437700187945046
10283,20,94.14,2,1882.8,8/20/2004 0:00,Shipped,3,8,2004,Ships,90,S700_2047,"Royal Canadian Collectables, Ltd.",(604) 555-4555,23 Tsawassen Blvd.,Tsawassen,T2F 8M4,Canada,EMEA,Lincoln,Elizabeth,Small,43332.35,84.92857142857143,0.04345021675491867
10296,34,100.0,11,3477.86,9/15/2004 0:00,Shipped,3,9,2004,Ships,90,S700_2047,"Bavarian Collectables Imports, Co.",+49 89 61 08 9555,Hansastr. 15,Munich,80686,Germany,EMEA,Donnermeyer,Michael,Medium,34993.92,79.71857142857142,0.09938469311240354
10307,34,97.76,5,3323.84,10/14/2004 0:00,Shipped,4,10,2004,Ships,90,S700_2047,"Classic Gift Ideas, Inc",2155554695,782 First Street,Philadelphia,71270,USA,EMEA,Cervantes,Francisca,Medium,27445.31,84.45333333333333,0.12110775939495673
10316,45,93.24,13,4195.8,11/1/2004 0:00,Shipped,4,11,2004,Ships,90,S700_2047,giftsbymail.co.uk,(198) 555-8888,Garden House Crowther Way,Cowes,PO31 7PJ,UK,EMEA,Bennett,Helen,Medium,51334.16,79.435,0.08173504738365252
10328,41,100.0,9,4156.58,11/12/2004 0:00,Shipped,4,11,2004,Ships,90,S700_2047,Rovelli Gifts,035-640555,Via Ludovico il Moro 22,Bergamo,24100,Italy,EMEA,Rovelli,Giovanni,Medium,41696.69,81.40714285714286,0.09968609019085208
10339,55,71.25,15,3918.75,11/23/2004 0:00,Shipped,4,11,2004,Ships,90,S700_2047,"Tokyo Collectables, Ltd",+81 3 3584 0555,2-2-8 Roppongi,Minato-ku,106-0032,Japan,Japan,Shimamura,Akiko,Medium,55888.65,79.908125,0.07011709891006492
10352,23,100.0,3,2352.67,12/3/2004 0:00,Shipped,4,12,2004,Ships,90,S700_2047,Auto-Moto Classics Inc.,6175558428,16780 Pompton St.,Brickhaven,58339,USA,EMEA,Taylor,Leslie,Small,11528.529999999999,82.0375,0.20407371971968674
10361,24,45.39,14,1089.36,12/17/2004 0:00,Shipped,4,12,2004,Ships,90,S700_2047,Souveniers And Things Co.,+61 2 9495 8555,"Monitor Money Building, 815 Pacific Hwy",Chatswood,2067,Australia,APAC,Huxley,Adrian,Small,37905.15,79.61642857142859,0.0287391027340612
10373,32,84.41,15,2701.12,1/31/2005 0:00,Shipped,1,1,2005,Ships,90,S700_2047,"Oulu Toy Supplies, Inc.",981-443655,Torikatu 38,Oulu,90110,Finland,EMEA,Koskitalo,Pirkko,Small,49055.4,79.01235294117647,0.05506264346025106
10386,29,85.76,13,2487.04,3/1/2005 0:00,Resolved,1,3,2005,Ships,90,S700_2047,Euro Shopping Channel,(91) 555 94 44,"C/ Moralzarzal, 86",Madrid,28034,Spain,EMEA,Freyre,Diego,Small,53815.72,77.94666666666666,0.04621400587040366
10398,36,100.0,7,3910.32,3/30/2005 0:00,Shipped,1,3,2005,Ships,90,S700_2047,Reims Collectables,26.47.1555,59 rue de l'Abbaye,Reims,51100,France,EMEA,Henriot,Paul,Medium,52029.07,77.58611111111111,0.07515644619440633
10400,46,87.8,5,4038.8,4/1/2005 0:00,Shipped,2,4,2005,Ships,90,S700_2047,The Sharp Gifts Warehouse,4085553659,3086 Ingle Ln.,San Jose,94217,USA,EMEA,Frick,Sue,Medium,37526.84,78.95333333333333,0.10762430303217645
10415,32,95.95,4,3070.4,5/9/2005 0:00,Disputed,2,5,2005,Ships,90,S700_2047,"Australian Collectables, Ltd",61-9-3844-6555,7 Allen Street,Glen Waverly,3150,Australia,APAC,Connery,Sean,Medium,14378.09,78.216,0.21354714012779166
10106,34,100.0,9,3763.46,2/17/2003 0:00,Shipped,1,2,2003,Planes,99,S700_2466,Rovelli Gifts,035-640555,Via Ludovico il Moro 22,Bergamo,24100,Italy,EMEA,Rovelli,Giovanni,Medium,56181.32,78.88222222222223,0.0669877461049331
10120,24,100.0,15,2584.8,4/29/2003 0:00,Shipped,2,4,2003,Planes,99,S700_2466,"Australian Collectors, Co.",03 9520 4555,636 St Kilda Road,Melbourne,3004,Australia,APAC,Ferguson,Peter,Small,50397.66,84.97933333333334,0.05128809551872051
10131,40,100.0,1,4427.6,6/16/2003 0:00,Shipped,2,6,2003,Planes,99,S700_2466,Gift Ideas Corp.,2035554407,2440 Pompton St.,Glendale,97561,USA,EMEA,Lewis,Dan,Medium,20350.95,77.63,0.21756232510030246
10143,26,82.77,4,2152.02,8/10/2003 0:00,Shipped,3,8,2003,Planes,99,S700_2466,Mini Creations Ltd.,5085559555,4575 Hillside Dr.,New Bedford,50553,USA,EMEA,Tam,Wing C,Small,45738.39,81.08375,0.047050628585746025
10155,20,100.0,2,2353.4,10/6/2003 0:00,Shipped,4,10,2003,Planes,99,S700_2466,"Toys of Finland, Co.",90-224 8555,Keskuskatu 45,Helsinki,21240,Finland,EMEA,Karttunen,Matti,Small,42083.5,81.96538461538461,0.055922154763743515
10168,31,100.0,16,3431.39,10/28/2003 0:00,Shipped,4,10,2003,Planes,99,S700_2466,Technics Stores Inc.,6505556809,9408 Furth Circle,Burlingame,94217,USA,EMEA,Hirano,Juri,Medium,62305.47,86.58777777777777,0.05507365565174294
10178,22,87.75,1,1930.5,11/8/2003 0:00,Shipped,4,11,2003,Planes,99,S700_2466,Alpha Cognac,61.77.6555,1 rue Alsace-Lorraine,Toulouse,31000,France,EMEA,Roulet,Annette,Small,38098.24,82.72166666666666,0.050671632075392464
10198,42,100.0,1,4774.56,11/27/2003 0:00,Shipped,4,11,2003,Planes,99,S700_2466,Cruz & Sons Co.,+63 2 555 3587,15 McCallum Street - NatWest Center #13-03,Makati City,1227 MM,Philippines,Japan,Cruz,Arnold,Medium,22841.96,78.22500000000001,0.20902584541781882
10210,26,99.72,14,2592.72,1/12/2004 0:00,Shipped,1,1,2004,Planes,99,S700_2466,Osaka Souveniers Co.,+81 06 6342 5555,"Dojima Avanza 4F, 1-6-20 Dojima, Kita-ku",Osaka,530-0003,Japan,Japan,Kentary,Mory,Small,50490.64,78.96588235294118,0.051350507737671774
10222,37,87.75,1,3246.75,2/19/2004 0:00,Shipped,1,2,2004,Planes,99,S700_2466,Collectable Mini Designs Co.,7605558146,361 Furth Circle,San Diego,91217,USA,EMEA,Thompson,Valarie,Medium,61617.01,80.55444444444444,0.052692430223407465
10235,38,88.75,10,3372.5,4/2/2004 0:00,Shipped,2,4,2004,Planes,99,S700_2466,"Royal Canadian Collectables, Ltd.",(604) 555-4555,23 Tsawassen Blvd.,Tsawassen,T2F 8M4,Canada,EMEA,Lincoln,Elizabeth,Medium,31302.5,81.33333333333333,0.10773899848254932
10250,35,100.0,11,3909.15,5/11/2004 0:00,Shipped,2,5,2004,Planes,99,S700_2466,The Sharp Gifts Warehouse,4085553659,3086 Ingle Ln.,San Jose,94217,USA,EMEA,Frick,Sue,Medium,48472.24,82.75928571428572,0.0806471910520331
10262,33,90.75,6,2994.75,6/24/2004 0:00,Cancelled,2,6,2004,Planes,99,S700_2466,Euro Shopping Channel,(91) 555 94 44,"C/ Moralzarzal, 86",Madrid,28034,Spain,EMEA,Freyre,Diego,Small,50010.65,78.62375,0.059882245081797576
10275,39,100.0,16,4472.52,7/23/2004 0:00,Shipped,3,7,2004,Planes,99,S700_2466,La Rochelle Gifts,40.67.8555,"67, rue des Cinquante Otages",Nantes,44000,France,EMEA,Labrune,Janine,Medium,56002.9,82.95166666666667,0.07986229284554908
10284,45,100.0,8,4576.95,8/21/2004 0:00,Shipped,3,8,2004,Planes,99,S700_2466,"Norway Gifts By Mail, Co.",+47 2212 1555,"Drammensveien 126 A, PB 744 Sentrum",Oslo,N 0106,Norway,EMEA,Klaeboe,Jan,Medium,34145.47,76.56538461538462,0.13404267096045244
10296,24,100.0,4,2441.04,9/15/2004 0:00,Shipped,3,9,2004,Planes,99,S700_2466,"Bavarian Collectables Imports, Co.",+49 89 61 08 9555,Hansastr. 15,Munich,80686,Germany,EMEA,Donnermeyer,Michael,Small,34993.92,79.71857142857142,0.06975611763414902
10308,35,88.75,14,3106.25,10/15/2004 0:00,Shipped,4,10,2004,Planes,99,S700_2466,Mini Classics,9145554562,3758 North Pendale Street,White Plains,24067,USA,EMEA,Frick,Steve,Medium,46873.04,80.71875,0.06626943761275138
10316,23,100.0,6,2706.41,11/1/2004 0:00,Shipped,4,11,2004,Planes,99,S700_2466,giftsbymail.co.uk,(198) 555-8888,Garden House Crowther Way,Cowes,PO31 7PJ,UK,EMEA,Bennett,Helen,Small,51334.16,79.435,0.052721423706942896
10328,37,100.0,10,4021.53,11/12/2004 0:00,Shipped,4,11,2004,Planes,99,S700_2466,Rovelli Gifts,035-640555,Via Ludovico il Moro 22,Bergamo,24100,Italy,EMEA,Rovelli,Giovanni,Medium,41696.69,81.40714285714286,0.096447223988283
10340,55,87.75,7,4826.25,11/24/2004 0:00,Shipped,4,11,2004,Planes,99,S700_2466,Enaco Distributors,(93) 203 4555,"Rambla de CataluÂ¤a, 23",Barcelona,8022,Spain,EMEA,Saavedra,Eduardo,Medium,30183.35,81.36,0.15989775820112745
10352,49,100.0,2,4935.28,12/3/2004 0:00,Shipped,4,12,2004,Planes,99,S700_2466,Auto-Moto Classics Inc.,6175558428,16780 Pompton St.,Brickhaven,58339,USA,EMEA,Taylor,Leslie,Medium,11528.529999999999,82.0375,0.4280927403580509
10361,26,100.0,9,2754.7,12/17/2004 0:00,Shipped,4,12,2004,Planes,99,S700_2466,Souveniers And Things Co.,+61 2 9495 8555,"Monitor Money Building, 815 Pacific Hwy",Chatswood,2067,Australia,APAC,Huxley,Adrian,Small,37905.15,79.61642857142859,0.07267350214944407
10375,33,100.0,1,3856.71,2/3/2005 0:00,Shipped,1,2,2005,Planes,99,S700_2466,La Rochelle Gifts,40.67.8555,"67, rue des Cinquante Otages",Nantes,44000,France,EMEA,Labrune,Janine,Medium,59617.4,85.766,0.06469101302639833
10386,37,83.84,14,3102.08,3/1/2005 0:00,Resolved,1,3,2005,Planes,99,S700_2466,Euro Shopping Channel,(91) 555 94 44,"C/ Moralzarzal, 86",Madrid,28034,Spain,EMEA,Freyre,Diego,Medium,53815.72,77.94666666666666,0.057642636761154546
10398,22,86.76,8,1908.72,3/30/2005 0:00,Shipped,1,3,2005,Planes,99,S700_2466,Reims Collectables,26.47.1555,59 rue de l'Abbaye,Reims,51100,France,EMEA,Henriot,Paul,Small,52029.07,77.58611111111111,0.03668564515952332
10401,85,88.75,10,7543.75,4/3/2005 0:00,On Hold,2,4,2005,Planes,99,S700_2466,Tekni Collectables Inc.,2015559350,7476 Moss Rd.,Newark,94019,USA,EMEA,Brown,William,Large,46519.0,81.33333333333333,0.1621649218598852
10416,22,100.0,11,2457.18,5/10/2005 0:00,Shipped,2,5,2005,Planes,99,S700_2466,L'ordine Souveniers,0522-556555,Strada Provinciale 124,Reggio Emilia,42100,Italy,EMEA,Moroni,Maurizio,Small,41509.94,82.75928571428572,0.05919497835940017
10105,31,65.77,3,2038.87,2/11/2003 0:00,Shipped,1,2,2003,Ships,72,S700_2610,Danish Wholesale Imports,31 12 3555,Vinb'ltet 34,Kobenhavn,1734,Denmark,EMEA,Petersen,Jytte,Small,58871.11,85.284,0.034632776586002875
10119,38,65.77,12,2499.26,4/28/2003 0:00,Shipped,2,4,2003,Ships,72,S700_2610,Salzburg Collectables,6562-9555,Geislweg 14,Salzburg,5020,Austria,EMEA,Pipps,Georg,Small,38629.14,79.57214285714285,0.06469882580870297
10129,45,85.29,3,3838.05,6/12/2003 0:00,Shipped,2,6,2003,Ships,72,S700_2610,"Stylish Desk Decors, Co.",(171) 555-0297,35 King George,London,WX3 6FW,UK,EMEA,Brown,Ann,Medium,32376.29,84.39111111111112,0.11854508345458976
10143,31,85.29,16,2643.99,8/10/2003 0:00,Shipped,3,8,2003,Ships,72,S700_2610,Mini Creations Ltd.,5085559555,4575 Hillside Dr.,New Bedford,50553,USA,EMEA,Tam,Wing C,Small,45738.39,81.08375,0.05780680080781155
10154,36,64.33,1,2315.88,10/2/2003 0:00,Shipped,4,10,2003,Ships,72,S700_2610,Boards & Toys Co.,3105552373,4097 Douglas Av.,Glendale,92561,USA,EMEA,Young,Leslie,Small,5142.15,77.75,0.4503719261398443
10167,46,70.11,10,3225.06,10/23/2003 0:00,Cancelled,4,10,2003,Ships,72,S700_2610,Scandinavian Gift Ideas,0695-34 6555,?kergatan 24,Boras,S-844 67,Sweden,EMEA,Larsson,Maria,Medium,48710.92,81.586875,0.06620815209402738
10177,32,76.62,1,2451.84,11/7/2003 0:00,Shipped,4,11,2003,Ships,72,S700_2610,CAF Imports,+34 913 728 555,"Merchants House, 27-30 Merchant's Quay",Madrid,28023,Spain,EMEA,Fernandez,Jesus,Small,34311.35,84.59363636363636,0.07145856983184866
10185,39,57.82,1,2254.98,11/14/2003 0:00,Shipped,4,11,2003,Ships,72,S700_2610,Mini Creations Ltd.,5085559555,4575 Hillside Dr.,New Bedford,50553,USA,EMEA,Tam,Wing C,Small,52191.44,83.18625,0.04320593568600521
10197,50,78.79,7,3939.5,11/26/2003 0:00,Shipped,4,11,2003,Ships,72,S700_2610,Enaco Distributors,(93) 203 4555,"Rambla de CataluÂ¤a, 23",Barcelona,8022,Spain,EMEA,Saavedra,Eduardo,Medium,44009.31,83.48214285714286,0.08951515031705792
10208,46,74.45,1,3424.7,1/2/2004 0:00,Shipped,1,1,2004,Ships,72,S700_2610,"Saveley & Henriot, Co.",78.32.5555,"2, rue du Commerce",Lyon,69004,France,EMEA,Saveley,Mary,Medium,54536.87,88.116,0.06279604971829149
10222,36,80.95,13,2914.2,2/19/2004 0:00,Shipped,1,2,2004,Ships,72,S700_2610,Collectable Mini Designs Co.,7605558146,361 Furth Circle,San Diego,91217,USA,EMEA,Thompson,Valarie,Small,61617.01,80.55444444444444,0.04729538158375422
10233,29,82.4,1,2389.6,3/29/2004 0:00,Shipped,1,3,2004,Ships,72,S700_2610,Tekni Collectables Inc.,2015559350,7476 Moss Rd.,Newark,94019,USA,EMEA,Brown,William,Small,8722.119999999999,82.59333333333333,0.2739700898405434
10248,32,75.89,4,2428.48,5/7/2004 0:00,Cancelled,2,5,2004,Ships,72,S700_2610,Land of Toys Inc.,2125557818,897 Long Airport Avenue,NYC,10022,USA,EMEA,Yu,Kwai,Small,45357.659999999996,87.77785714285714,0.0535406808905045
10261,44,68.67,2,3021.48,6/17/2004 0:00,Shipped,2,6,2004,Ships,72,S700_2610,Quebec Home Shopping Network,(514) 555-8054,43 rue St. Laurent,Montreal,H1J 1C3,Canada,EMEA,Fresnisre,Jean,Medium,24564.53,81.30333333333334,0.12300174275673095
10273,42,62.16,5,2610.72,7/21/2004 0:00,Shipped,3,7,2004,Ships,72,S700_2610,Petit Auto,(02) 5554 67,Rue Joseph-Bens 532,Bruxelles,B-1180,Belgium,EMEA,Dewey,Catherine,Small,47760.479999999996,86.49533333333333,0.05466276720836977
10283,47,65.77,7,3091.19,8/20/2004 0:00,Shipped,3,8,2004,Ships,72,S700_2610,"Royal Canadian Collectables, Ltd.",(604) 555-4555,23 Tsawassen Blvd.,Tsawassen,T2F 8M4,Canada,EMEA,Lincoln,Elizabeth,Medium,43332.35,84.92857142857143,0.07133677264214842
10295,44,58.55,2,2576.2,9/10/2004 0:00,Shipped,3,9,2004,Ships,72,S700_2610,Gifts4AllAges.com,6175559555,8616 Spinnaker Dr.,Boston,51003,USA,EMEA,Yoshido,Juri,Small,15344.64,83.772,0.16788924341007674
10306,43,75.17,1,3232.31,10/14/2004 0:00,Shipped,4,10,2004,Ships,72,S700_2610,"AV Stores, Co.",(171) 555-1555,Fauntleroy Circus,Manchester,EC2 5NT,UK,EMEA,Ashworth,Victoria,Medium,57827.61,85.14999999999999,0.055895618027443986
10316,48,74.45,18,3573.6,11/1/2004 0:00,Shipped,4,11,2004,Ships,72,S700_2610,giftsbymail.co.uk,(198) 555-8888,Garden House Crowther Way,Cowes,PO31 7PJ,UK,EMEA,Bennett,Helen,Medium,51334.16,79.435,0.06961446335149926
10327,21,96.31,1,2022.51,11/10/2004 0:00,Resolved,4,11,2004,Ships,72,S700_2610,Danish Wholesale Imports,31 12 3555,Vinb'ltet 34,Kobenhavn,1734,Denmark,EMEA,Petersen,Jytte,Small,24078.61,86.94,0.08399612768345016
10339,50,74.35,9,3717.5,11/23/2004 0:00,Shipped,4,11,2004,Ships,72,S700_2610,"Tokyo Collectables, Ltd",+81 3 3584 0555,2-2-8 Roppongi,Minato-ku,106-0032,Japan,Japan,Shimamura,Akiko,Medium,55888.65,79.908125,0.06651618888629444
10350,29,75.35,12,2185.15,12/2/2004 0:00,Shipped,4,12,2004,Ships,72,S700_2610,Euro Shopping Channel,(91) 555 94 44,"C/ Moralzarzal, 86",Madrid,28034,Spain,EMEA,Freyre,Diego,Small,52269.17,84.99470588235295,0.04180571453497349
10373,41,70.33,16,2883.53,1/31/2005 0:00,Shipped,1,1,2005,Ships,72,S700_2610,"Oulu Toy Supplies, Inc.",981-443655,Torikatu 38,Oulu,90110,Finland,EMEA,Koskitalo,Pirkko,Small,49055.4,79.01235294117647,0.05878109239757499
10386,37,100.0,10,5017.57,3/1/2005 0:00,Resolved,1,3,2005,Ships,72,S700_2610,Euro Shopping Channel,(91) 555 94 44,"C/ Moralzarzal, 86",Madrid,28034,Spain,EMEA,Freyre,Diego,Medium,53815.72,77.94666666666666,0.09323613992342757
10397,22,66.5,4,1463.0,3/28/2005 0:00,Shipped,1,3,2005,Ships,72,S700_2610,Alpha Cognac,61.77.6555,1 rue Alsace-Lorraine,Toulouse,31000,France,EMEA,Roulet,Annette,Small,15139.12,81.858,0.0966370568434625
10414,31,75.89,4,2352.59,5/6/2005 0:00,On Hold,2,5,2005,Ships,72,S700_2610,Gifts4AllAges.com,6175559555,8616 Spinnaker Dr.,Boston,51003,USA,EMEA,Yoshido,Juri,Small,48316.89,87.77785714285714,0.048690840821915486
10103,42,100.0,6,4460.82,1/29/2003 0:00,Shipped,1,1,2003,Classic Cars,101,S700_2824,Baane Mini Imports,07-98 9555,Erling Skakkes gate 78,Stavern,4110,Norway,EMEA,Bergulfsen,Jonas,Medium,54702.0,88.59625,0.081547658220906
10114,42,100.0,10,4758.18,4/1/2003 0:00,Shipped,2,4,2003,Classic Cars,101,S700_2824,"La Corne D'abondance, Co.",(1) 42.34.2555,"265, boulevard Charonne",Paris,75012,France,EMEA,Bertrand,Marie,Medium,38217.41,85.446,0.12450294250709297
10126,45,100.0,6,4597.2,5/28/2003 0:00,Shipped,2,5,2003,Classic Cars,101,S700_2824,"Corrida Auto Replicas, Ltd",(91) 555 22 82,"C/ Araquil, 67",Madrid,28023,Spain,EMEA,Sommer,MartÂ¡n,Medium,61073.21,86.85000000000001,0.07527359377376758
10140,36,100.0,6,4114.8,7/24/2003 0:00,Shipped,3,7,2003,Classic Cars,101,S700_2824,Technics Stores Inc.,6505556809,9408 Furth Circle,Burlingame,94217,USA,EMEA,Hirano,Juri,Medium,42031.83,87.82,0.09789723645151781
10150,20,100.0,3,2104.0,9/19/2003 0:00,Shipped,3,9,2003,Classic Cars,101,S700_2824,"Dragon Souveniers, Ltd.",+65 221 7555,"Bronz Sok., Bronz Apt. 3/6 Tesvikiye",Singapore,79903,Singapore,Japan,Natividad,Eric,Small,44219.36,85.64454545454545,0.04758096905970598
10164,39,81.93,4,3195.27,10/21/2003 0:00,Resolved,4,10,2003,Classic Cars,101,S700_2824,Mini Auto Werke,7675-3555,Kirchgasse 6,Graz,8010,Austria,EMEA,Mendel,Roland,Medium,28550.59,86.23375,0.11191607599002332
10175,42,85.98,11,3611.16,11/6/2003 0:00,Shipped,4,11,2003,Classic Cars,101,S700_2824,"Stylish Desk Decors, Co.",(171) 555-0297,35 King George,London,WX3 6FW,UK,EMEA,Brown,Ann,Medium,42688.31,85.38916666666667,0.08459365104872973
10183,23,86.99,3,2000.77,11/13/2003 0:00,Shipped,4,11,2003,Classic Cars,101,S700_2824,"Classic Gift Ideas, Inc",2155554695,782 First Street,Philadelphia,71270,USA,EMEA,Cervantes,Francisca,Small,40061.659999999996,87.91666666666667,0.04994226400004394
10194,26,89.01,6,2314.26,11/25/2003 0:00,Shipped,4,11,2003,Classic Cars,101,S700_2824,"Saveley & Henriot, Co.",78.32.5555,"2, rue du Commerce",Lyon,69004,France,EMEA,Saveley,Mary,Small,41535.11,86.34818181818183,0.055718162296909776
10206,33,100.0,1,3871.89,12/5/2003 0:00,Shipped,4,12,2003,Classic Cars,101,S700_2824,Canadian Gift Exchange Network,(604) 555-3392,1900 Oak St.,Vancouver,V3F 2K1,Canada,EMEA,Tannamuri,Yoshi,Medium,38662.21,86.77,0.10014662896921826
10217,31,88.0,6,2728.0,2/4/2004 0:00,Shipped,1,2,2004,Classic Cars,101,S700_2824,Handji Gifts& Co,+65 224 1555,Village Close - 106 Linden Road Sandown,Singapore,69045,Singapore,APAC,Victorino,Wendy,Small,24219.59,87.34714285714286,0.11263609334427213
10229,50,100.0,11,5614.0,3/11/2004 0:00,Shipped,1,3,2004,Classic Cars,101,S700_2824,Mini Gifts Distributors Ltd.,4155551450,5677 Strong St.,San Rafael,97562,USA,EMEA,Nelson,Valarie,Medium,48922.77,82.845,0.11475229223529249
10245,44,100.0,4,4628.8,5/4/2004 0:00,Shipped,2,5,2004,Classic Cars,101,S700_2824,Super Scale Inc.,2035559545,567 North Pendale Street,New Haven,97823,USA,EMEA,Murphy,Leslie,Medium,36973.31,92.11444444444444,0.1251930108502593
10258,45,80.92,1,3641.4,6/15/2004 0:00,Shipped,2,6,2004,Classic Cars,101,S700_2824,"Tokyo Collectables, Ltd",+81 3 3584 0555,2-2-8 Roppongi,Minato-ku,106-0032,Japan,Japan,Shimamura,Akiko,Medium,25928.75,83.7,0.14043870221279467
10270,46,88.0,4,4048.0,7/19/2004 0:00,Shipped,3,7,2004,Classic Cars,101,S700_2824,Souveniers And Things Co.,+61 2 9495 8555,"Monitor Money Building, 815 Pacific Hwy",Chatswood,2067,Australia,APAC,Huxley,Adrian,Medium,41297.14,89.86454545454545,0.09802131576181788
10281,27,85.98,11,2321.46,8/19/2004 0:00,Shipped,3,8,2004,Classic Cars,101,S700_2824,Diecast Classics Inc.,2155551555,7586 Pompton St.,Allentown,70267,USA,EMEA,Yu,Kyung,Small,44781.35,82.7942857142857,0.05183988423752299
10291,28,100.0,6,3256.96,9/8/2004 0:00,Shipped,3,9,2004,Classic Cars,101,S700_2824,Scandinavian Gift Ideas,0695-34 6555,?kergatan 24,Boras,S-844 67,Sweden,EMEA,Larsson,Maria,Medium,53941.69,86.83428571428571,0.06037927250703491
10304,40,100.0,1,4208.0,10/11/2004 0:00,Shipped,4,10,2004,Classic Cars,101,S700_2824,Auto Assoc. & Cie.,30.59.8555,"67, avenue de l'Europe",Versailles,78000,France,EMEA,Tonini,Daniel,Medium,59074.9,81.46235294117646,0.07123160597817348
10313,30,99.13,9,2973.9,10/22/2004 0:00,Shipped,4,10,2004,Classic Cars,101,S700_2824,Canadian Gift Exchange Network,(604) 555-3392,1900 Oak St.,Vancouver,V3F 2K1,Canada,EMEA,Tannamuri,Yoshi,Small,36576.71,85.57545454545455,0.0813058364188578
10324,34,100.0,5,4248.3,11/5/2004 0:00,Shipped,4,11,2004,Classic Cars,101,S700_2824,Vitachrome Inc.,2125551500,2678 Kingston Rd.,NYC,10022,USA,EMEA,Frick,Michael,Medium,56372.87,86.96642857142857,0.07536071872870762
10336,46,100.0,2,9558.8,11/20/2004 0:00,Shipped,4,11,2004,Classic Cars,101,S700_2824,"La Corne D'abondance, Co.",(1) 42.34.2555,"265, boulevard Charonne",Paris,75012,France,EMEA,Bertrand,Marie,Large,56812.67,92.10916666666667,0.16825120171257574
10348,32,82.83,7,2650.56,11/1/2004 0:00,Shipped,4,11,2004,Classic Cars,101,S700_2824,"Corrida Auto Replicas, Ltd",(91) 555 22 82,"C/ Araquil, 67",Madrid,28023,Spain,EMEA,Sommer,MartÂ¡n,Small,34546.6,85.6875,0.07672419282939566
10358,27,100.0,3,3761.37,12/10/2004 0:00,Shipped,4,12,2004,Classic Cars,101,S700_2824,Euro Shopping Channel,(91) 555 94 44,"C/ Moralzarzal, 86",Madrid,28034,Spain,EMEA,Freyre,Diego,Medium,51435.45,85.22214285714286,0.0731279691341283
10371,34,100.0,3,4301.34,1/23/2005 0:00,Shipped,1,1,2005,Classic Cars,101,S700_2824,Mini Gifts Distributors Ltd.,4155551450,5677 Strong St.,San Rafael,97562,USA,EMEA,Nelson,Valarie,Medium,36124.270000000004,83.8225,0.11907064142749459
10382,34,54.84,9,1864.56,2/17/2005 0:00,Shipped,1,2,2005,Classic Cars,101,S700_2824,Mini Gifts Distributors Ltd.,4155551450,5677 Strong St.,San Rafael,97562,USA,EMEA,Nelson,Valarie,Small,55741.020000000004,92.67461538461538,0.033450410487644466
10411,34,100.0,4,3576.8,5/1/2005 0:00,Shipped,2,5,2005,Classic Cars,101,S700_2824,Quebec Home Shopping Network,(514) 555-8054,43 rue St. Laurent,Montreal,H1J 1C3,Canada,EMEA,Fresnisre,Jean,Medium,33692.97,92.11444444444444,0.10615864377643171
10424,46,80.92,1,3722.32,5/31/2005 0:00,In Process,2,5,2005,Classic Cars,101,S700_2824,Euro Shopping Channel,(91) 555 94 44,"C/ Moralzarzal, 86",Madrid,28034,Spain,EMEA,Freyre,Diego,Medium,35133.34,83.7,0.10594836699271976
10106,32,100.0,1,3986.56,2/17/2003 0:00,Shipped,1,2,2003,Planes,118,S700_2834,Rovelli Gifts,035-640555,Via Ludovico il Moro 22,Bergamo,24100,Italy,EMEA,Rovelli,Giovanni,Medium,56181.32,78.88222222222223,0.07095881691637007
10120,24,100.0,7,3417.12,4/29/2003 0:00,Shipped,2,4,2003,Planes,118,S700_2834,"Australian Collectors, Co.",03 9520 4555,636 St Kilda Road,Melbourne,3004,Australia,APAC,Ferguson,Peter,Medium,50397.66,84.97933333333334,0.06780314800330015
10133,27,99.67,2,2691.09,6/27/2003 0:00,Shipped,2,6,2003,Planes,118,S700_2834,Euro Shopping Channel,(91) 555 94 44,"C/ Moralzarzal, 86",Madrid,28034,Spain,EMEA,Freyre,Diego,Small,22167.74,78.18625,0.12139667823603127
10145,20,100.0,13,2752.6,8/25/2003 0:00,Shipped,3,8,2003,Planes,118,S700_2834,Toys4GrownUps.com,6265557265,78934 Hillside Dr.,Pasadena,90003,USA,EMEA,Young,Julie,Small,55776.119999999995,83.8375,0.04935086915332225
10168,36,100.0,8,4527.72,10/28/2003 0:00,Shipped,4,10,2003,Planes,118,S700_2834,Technics Stores Inc.,6505556809,9408 Furth Circle,Burlingame,94217,USA,EMEA,Hirano,Juri,Medium,62305.47,86.58777777777777,0.07266970299718468
10188,29,100.0,8,3957.05,11/18/2003 0:00,Shipped,4,11,2003,Planes,118,S700_2834,Herkku Gifts,+47 2267 3215,"Drammen 121, PR 744 Sentrum",Bergen,N 5804,Norway,EMEA,Oeztan,Veysel,Medium,34481.340000000004,94.00625,0.11475917119230285
10210,25,100.0,6,2818.0,1/12/2004 0:00,Shipped,1,1,2004,Planes,118,S700_2834,Osaka Souveniers Co.,+81 06 6342 5555,"Dojima Avanza 4F, 1-6-20 Dojima, Kita-ku",Osaka,530-0003,Japan,Japan,Kentary,Mory,Small,50490.64,78.96588235294118,0.05581232481901596
10223,29,100.0,8,3199.86,2/20/2004 0:00,Shipped,1,2,2004,Planes,118,S700_2834,"Australian Collectors, Co.",03 9520 4555,636 St Kilda Road,Melbourne,3004,Australia,APAC,Ferguson,Peter,Medium,49637.57,85.01933333333334,0.06446447720950078
10235,25,96.11,2,2402.75,4/2/2004 0:00,Shipped,2,4,2004,Planes,118,S700_2834,"Royal Canadian Collectables, Ltd.",(604) 555-4555,23 Tsawassen Blvd.,Tsawassen,T2F 8M4,Canada,EMEA,Lincoln,Elizabeth,Small,31302.5,81.33333333333333,0.07675904480472806
10250,44,100.0,3,6055.72,5/11/2004 0:00,Shipped,2,5,2004,Planes,118,S700_2834,The Sharp Gifts Warehouse,4085553659,3086 Ingle Ln.,San Jose,94217,USA,EMEA,Frick,Sue,Medium,48472.24,82.75928571428572,0.12493171349209363
10263,47,100.0,9,5465.16,6/28/2004 0:00,Shipped,2,6,2004,Planes,118,S700_2834,Gift Depot Inc.,2035552570,25593 South Bay Ln.,Bridgewater,97562,USA,EMEA,King,Julie,Medium,44130.520000000004,87.51272727272728,0.1238408248985056
10275,48,100.0,8,6378.72,7/23/2004 0:00,Shipped,3,7,2004,Planes,118,S700_2834,La Rochelle Gifts,40.67.8555,"67, rue des Cinquante Otages",Nantes,44000,France,EMEA,Labrune,Janine,Medium,56002.9,82.95166666666667,0.11389981590239077
10285,45,100.0,13,5392.8,8/27/2004 0:00,Shipped,3,8,2004,Planes,118,S700_2834,Marta's Replicas Co.,6175558555,39323 Spinnaker Dr.,Cambridge,51247,USA,EMEA,Hernandez,Marta,Medium,48828.72,84.42615384615384,0.11044319818336422
10297,35,100.0,3,3986.5,9/16/2004 0:00,Shipped,3,9,2004,Planes,118,S700_2834,"Clover Collections, Co.",+353 1862 1555,25 Maiden Lane,Dublin,2,Ireland,EMEA,Cassidy,Dean,Medium,18971.96,85.79285714285713,0.21012589105184706
10308,31,100.0,6,4009.23,10/15/2004 0:00,Shipped,4,10,2004,Planes,118,S700_2834,Mini Classics,9145554562,3758 North Pendale Street,White Plains,24067,USA,EMEA,Frick,Steve,Medium,46873.04,80.71875,0.08553381645397866
10318,50,100.0,8,7119.0,11/2/2004 0:00,Shipped,4,11,2004,Planes,118,S700_2834,Diecast Classics Inc.,2155551555,7586 Pompton St.,Allentown,70267,USA,EMEA,Yu,Kyung,Large,44040.729999999996,92.69666666666666,0.1616458219470931
10328,33,100.0,11,4072.2,11/12/2004 0:00,Shipped,4,11,2004,Planes,118,S700_2834,Rovelli Gifts,035-640555,Via Ludovico il Moro 22,Bergamo,24100,Italy,EMEA,Rovelli,Giovanni,Medium,41696.69,81.40714285714286,0.09766242836062046
10340,29,100.0,6,4094.51,11/24/2004 0:00,Shipped,4,11,2004,Planes,118,S700_2834,Enaco Distributors,(93) 203 4555,"Rambla de CataluÂ¤a, 23",Barcelona,8022,Spain,EMEA,Saavedra,Eduardo,Medium,30183.35,81.36,0.13565459102452182
10353,48,68.8,4,3302.4,12/4/2004 0:00,Shipped,4,12,2004,Planes,118,S700_2834,Gift Ideas Corp.,2035554407,2440 Pompton St.,Glendale,97561,USA,EMEA,Lewis,Dan,Medium,29343.35,80.03,0.1125433871729029
10361,44,72.42,5,3186.48,12/17/2004 0:00,Shipped,4,12,2004,Planes,118,S700_2834,Souveniers And Things Co.,+61 2 9495 8555,"Monitor Money Building, 815 Pacific Hwy",Chatswood,2067,Australia,APAC,Huxley,Adrian,Medium,37905.15,79.61642857142859,0.08406456642435131
10375,25,66.73,10,1668.25,2/3/2005 0:00,Shipped,1,2,2005,Planes,118,S700_2834,La Rochelle Gifts,40.67.8555,"67, rue des Cinquante Otages",Nantes,44000,France,EMEA,Labrune,Janine,Small,59617.4,85.766,0.02798260239460292
10388,50,100.0,3,7154.5,3/3/2005 0:00,Shipped,1,3,2005,Planes,118,S700_2834,FunGiftIdeas.com,5085552555,1785 First Street,New Bedford,50553,USA,EMEA,Benitez,Violeta,Large,37557.66,88.455,0.19049376345597674
10398,23,100.0,9,2810.83,3/30/2005 0:00,Shipped,1,3,2005,Planes,118,S700_2834,Reims Collectables,26.47.1555,59 rue de l'Abbaye,Reims,51100,France,EMEA,Henriot,Paul,Small,52029.07,77.58611111111111,0.05402422145927267
10401,21,96.11,2,2018.31,4/3/2005 0:00,On Hold,2,4,2005,Planes,118,S700_2834,Tekni Collectables Inc.,2015559350,7476 Moss Rd.,Newark,94019,USA,EMEA,Brown,William,Small,46519.0,81.33333333333333,0.04338678819407124
10416,41,100.0,3,5642.83,5/10/2005 0:00,Shipped,2,5,2005,Planes,118,S700_2834,L'ordine Souveniers,0522-556555,Strada Provinciale 124,Reggio Emilia,42100,Italy,EMEA,Moroni,Maurizio,Medium,41509.94,82.75928571428572,0.13593924732244855
10106,44,74.4,8,3273.6,2/17/2003 0:00,Shipped,1,2,2003,Planes,80,S700_3167,Rovelli Gifts,035-640555,Via Ludovico il Moro 22,Bergamo,24100,Italy,EMEA,Rovelli,Giovanni,Medium,56181.32,78.88222222222223,0.05826847784993304
10120,43,76.0,14,3268.0,4/29/2003 0:00,Shipped,2,4,2003,Planes,80,S700_3167,"Australian Collectors, Co.",03 9520 4555,636 St Kilda Road,Melbourne,3004,Australia,APAC,Ferguson,Peter,Medium,50397.66,84.97933333333334,0.0648442804685773
10143,28,96.0,3,2688.0,8/10/2003 0:00,Shipped,3,8,2003,Planes,80,S700_3167,Mini Creations Ltd.,5085559555,4575 Hillside Dr.,New Bedford,50553,USA,EMEA,Tam,Wing C,Small,45738.39,81.08375,0.05876901220178498
10155,43,86.4,1,3715.2,10/6/2003 0:00,Shipped,4,10,2003,Planes,80,S700_3167,"Toys of Finland, Co.",90-224 8555,Keskuskatu 45,Helsinki,21240,Finland,EMEA,Karttunen,Matti,Medium,42083.5,81.96538461538461,0.08828163056779972
10168,48,96.0,15,4608.0,10/28/2003 0:00,Shipped,4,10,2003,Planes,80,S700_3167,Technics Stores Inc.,6505556809,9408 Furth Circle,Burlingame,94217,USA,EMEA,Hirano,Juri,Medium,62305.47,86.58777777777777,0.07395819339778674
10199,38,82.4,3,3131.2,12/1/2003 0:00,Shipped,4,12,2003,Planes,80,S700_3167,West Coast Collectables Co.,3105553722,3675 Furth Circle,Burbank,94019,USA,EMEA,Thompson,Steve,Medium,8234.56,67.97333333333334,0.38025103952123734
10210,31,86.4,13,2678.4,1/12/2004 0:00,Shipped,1,1,2004,Planes,80,S700_3167,Osaka Souveniers Co.,+81 06 6342 5555,"Dojima Avanza 4F, 1-6-20 Dojima, Kita-ku",Osaka,530-0003,Japan,Japan,Kentary,Mory,Small,50490.64,78.96588235294118,0.05304745592450403
10223,26,67.2,15,1747.2,2/20/2004 0:00,Shipped,1,2,2004,Planes,80,S700_3167,"Australian Collectors, Co.",03 9520 4555,636 St Kilda Road,Melbourne,3004,Australia,APAC,Ferguson,Peter,Small,49637.57,85.01933333333334,0.03519914451896013
10235,32,92.0,9,2944.0,4/2/2004 0:00,Shipped,2,4,2004,Planes,80,S700_3167,"Royal Canadian Collectables, Ltd.",(604) 555-4555,23 Tsawassen Blvd.,Tsawassen,T2F 8M4,Canada,EMEA,Lincoln,Elizabeth,Small,31302.5,81.33333333333333,0.09404999600670873
10250,44,67.2,10,2956.8,5/11/2004 0:00,Shipped,2,5,2004,Planes,80,S700_3167,The Sharp Gifts Warehouse,4085553659,3086 Ingle Ln.,San Jose,94217,USA,EMEA,Frick,Sue,Small,48472.24,82.75928571428572,0.0609998630143769
10262,27,76.0,5,2052.0,6/24/2004 0:00,Cancelled,2,6,2004,Planes,80,S700_3167,Euro Shopping Channel,(91) 555 94 44,"C/ Moralzarzal, 86",Madrid,28034,Spain,EMEA,Freyre,Diego,Small,50010.65,78.62375,0.04103126034154725
10275,43,73.6,15,3164.8,7/23/2004 0:00,Shipped,3,7,2004,Planes,80,S700_3167,La Rochelle Gifts,40.67.8555,"67, rue des Cinquante Otages",Nantes,44000,France,EMEA,Labrune,Janine,Medium,56002.9,82.95166666666667,0.05651135923318257
10284,25,69.6,7,1740.0,8/21/2004 0:00,Shipped,3,8,2004,Planes,80,S700_3167,"Norway Gifts By Mail, Co.",+47 2212 1555,"Drammensveien 126 A, PB 744 Sentrum",Oslo,N 0106,Norway,EMEA,Klaeboe,Jan,Small,34145.47,76.56538461538462,0.05095844338941593
10296,22,80.8,3,1777.6,9/15/2004 0:00,Shipped,3,9,2004,Planes,80,S700_3167,"Bavarian Collectables Imports, Co.",+49 89 61 08 9555,Hansastr. 15,Munich,80686,Germany,EMEA,Donnermeyer,Michael,Small,34993.92,79.71857142857142,0.050797395661874974
10308,21,87.2,13,1831.2,10/15/2004 0:00,Shipped,4,10,2004,Planes,80,S700_3167,Mini Classics,9145554562,3758 North Pendale Street,White Plains,24067,USA,EMEA,Frick,Steve,Small,46873.04,80.71875,0.03906723353125805
10316,48,75.2,5,3609.6,11/1/2004 0:00,Shipped,4,11,2004,Planes,80,S700_3167,giftsbymail.co.uk,(198) 555-8888,Garden House Crowther Way,Cowes,PO31 7PJ,UK,EMEA,Bennett,Helen,Medium,51334.16,79.435,0.07031575075933841
10328,33,64.0,13,2112.0,11/12/2004 0:00,Shipped,4,11,2004,Planes,80,S700_3167,Rovelli Gifts,035-640555,Via Ludovico il Moro 22,Bergamo,24100,Italy,EMEA,Rovelli,Giovanni,Small,41696.69,81.40714285714286,0.050651502553320175
10341,34,100.0,5,3644.12,11/24/2004 0:00,Shipped,4,11,2004,Planes,80,S700_3167,Salzburg Collectables,6562-9555,Geislweg 14,Salzburg,5020,Austria,EMEA,Pipps,Georg,Medium,45001.11,91.536,0.0809784469760857
10353,43,81.95,6,3523.85,12/4/2004 0:00,Shipped,4,12,2004,Planes,80,S700_3167,Gift Ideas Corp.,2035554407,2440 Pompton St.,Glendale,97561,USA,EMEA,Lewis,Dan,Medium,29343.35,80.03,0.12009024191171083
10361,44,100.0,10,5001.92,12/17/2004 0:00,Shipped,4,12,2004,Planes,80,S700_3167,Souveniers And Things Co.,+61 2 9495 8555,"Monitor Money Building, 815 Pacific Hwy",Chatswood,2067,Australia,APAC,Huxley,Adrian,Medium,37905.15,79.61642857142859,0.1319588499188105
10375,44,100.0,11,5208.72,2/3/2005 0:00,Shipped,1,2,2005,Planes,80,S700_3167,La Rochelle Gifts,40.67.8555,"67, rue des Cinquante Otages",Nantes,44000,France,EMEA,Labrune,Janine,Medium,59617.4,85.766,0.08736912377929934
10386,32,94.34,17,3018.88,3/1/2005 0:00,Resolved,1,3,2005,Planes,80,S700_3167,Euro Shopping Channel,(91) 555 94 44,"C/ Moralzarzal, 86",Madrid,28034,Spain,EMEA,Freyre,Diego,Medium,53815.72,77.94666666666666,0.0560966200953922
10398,29,65.6,10,1902.4,3/30/2005 0:00,Shipped,1,3,2005,Planes,80,S700_3167,Reims Collectables,26.47.1555,59 rue de l'Abbaye,Reims,51100,France,EMEA,Henriot,Paul,Small,52029.07,77.58611111111111,0.03656417460469695
10401,77,92.0,9,7084.0,4/3/2005 0:00,On Hold,2,4,2005,Planes,80,S700_3167,Tekni Collectables Inc.,2015559350,7476 Moss Rd.,Newark,94019,USA,EMEA,Brown,William,Large,46519.0,81.33333333333333,0.15228186332466304
10416,39,67.2,10,2620.8,5/10/2005 0:00,Shipped,2,5,2005,Planes,80,S700_3167,L'ordine Souveniers,0522-556555,Strada Provinciale 124,Reggio Emilia,42100,Italy,EMEA,Moroni,Maurizio,Small,41509.94,82.75928571428572,0.06313668485186921
10105,39,81.14,6,3164.46,2/11/2003 0:00,Shipped,1,2,2003,Ships,100,S700_3505,Danish Wholesale Imports,31 12 3555,Vinb'ltet 34,Kobenhavn,1734,Denmark,EMEA,Petersen,Jytte,Medium,58871.11,85.284,0.053752341343657355
10118,36,100.0,1,4219.2,4/21/2003 0:00,Shipped,2,4,2003,Ships,100,S700_3505,Enaco Distributors,(93) 203 4555,"Rambla de CataluÂ¤a, 23",Barcelona,8022,Spain,EMEA,Saavedra,Eduardo,Medium,4219.2,100.0,1.0
10129,42,91.15,6,3828.3,6/12/2003 0:00,Shipped,2,6,2003,Ships,100,S700_3505,"Stylish Desk Decors, Co.",(171) 555-0297,35 King George,London,WX3 6FW,UK,EMEA,Brown,Ann,Medium,32376.29,84.39111111111112,0.11824393715277445
10142,21,100.0,3,2334.99,8/8/2003 0:00,Shipped,3,8,2003,Ships,100,S700_3505,Mini Gifts Distributors Ltd.,4155551450,5677 Strong St.,San Rafael,97562,USA,EMEA,Nelson,Valarie,Small,63088.16,85.518125,0.037011540675778144
10153,50,88.15,2,4407.5,9/28/2003 0:00,Shipped,3,9,2003,Ships,100,S700_3505,Euro Shopping Channel,(91) 555 94 44,"C/ Moralzarzal, 86",Madrid,28034,Spain,EMEA,Freyre,Diego,Medium,47727.82,86.91461538461539,0.0923465601403961
10167,24,100.0,13,2812.8,10/23/2003 0:00,Cancelled,4,10,2003,Ships,100,S700_3505,Scandinavian Gift Ideas,0695-34 6555,?kergatan 24,Boras,S-844 67,Sweden,EMEA,Larsson,Maria,Small,48710.92,81.586875,0.057744752100760986
10177,44,92.16,4,4055.04,11/7/2003 0:00,Shipped,4,11,2003,Ships,100,S700_3505,CAF Imports,+34 913 728 555,"Merchants House, 27-30 Merchant's Quay",Madrid,28023,Spain,EMEA,Fernandez,Jesus,Medium,34311.35,84.59363636363636,0.11818363311265806
10185,37,100.0,4,3891.66,11/14/2003 0:00,Shipped,4,11,2003,Ships,100,S700_3505,Mini Creations Ltd.,5085559555,4575 Hillside Dr.,New Bedford,50553,USA,EMEA,Tam,Wing C,Medium,52191.44,83.18625,0.07456510109703812
10197,27,92.16,10,2488.32,11/26/2003 0:00,Shipped,4,11,2003,Ships,100,S700_3505,Enaco Distributors,(93) 203 4555,"Rambla de CataluÂ¤a, 23",Barcelona,8022,Spain,EMEA,Saavedra,Eduardo,Small,44009.31,83.48214285714286,0.05654076376112237
10208,37,100.0,4,4447.4,1/2/2004 0:00,Shipped,1,1,2004,Ships,100,S700_3505,"Saveley & Henriot, Co.",78.32.5555,"2, rue du Commerce",Lyon,69004,France,EMEA,Saveley,Mary,Medium,54536.87,88.116,0.08154850104158892
10222,38,100.0,16,4187.22,2/19/2004 0:00,Shipped,1,2,2004,Ships,100,S700_3505,Collectable Mini Designs Co.,7605558146,361 Furth Circle,San Diego,91217,USA,EMEA,Thompson,Valarie,Medium,61617.01,80.55444444444444,0.06795558564104295
10232,48,96.16,1,4615.68,3/20/2004 0:00,Shipped,1,3,2004,Ships,100,S700_3505,giftsbymail.co.uk,(198) 555-8888,Garden House Crowther Way,Cowes,PO31 7PJ,UK,EMEA,Bennett,Helen,Medium,26906.68,87.74375,0.17154401806540234
10248,30,100.0,7,3245.4,5/7/2004 0:00,Cancelled,2,5,2004,Ships,100,S700_3505,Land of Toys Inc.,2125557818,897 Long Airport Avenue,NYC,10022,USA,EMEA,Yu,Kwai,Medium,45357.659999999996,87.77785714285714,0.07155131018663662
10261,25,88.15,5,2203.75,6/17/2004 0:00,Shipped,2,6,2004,Ships,100,S700_3505,Quebec Home Shopping Network,(514) 555-8054,43 rue St. Laurent,Montreal,H1J 1C3,Canada,EMEA,Fresnisre,Jean,Small,24564.53,81.30333333333334,0.08971268735856132
10273,40,86.15,8,3446.0,7/21/2004 0:00,Shipped,3,7,2004,Ships,100,S700_3505,Petit Auto,(02) 5554 67,Rue Joseph-Bens 532,Bruxelles,B-1180,Belgium,EMEA,Dewey,Catherine,Medium,47760.479999999996,86.49533333333333,0.07215170366796984
10283,22,88.15,10,1939.3,8/20/2004 0:00,Shipped,3,8,2004,Ships,100,S700_3505,"Royal Canadian Collectables, Ltd.",(604) 555-4555,23 Tsawassen Blvd.,Tsawassen,T2F 8M4,Canada,EMEA,Lincoln,Elizabeth,Small,43332.35,84.92857142857143,0.044754092496714346
10295,34,100.0,5,3473.78,9/10/2004 0:00,Shipped,3,9,2004,Ships,100,S700_3505,Gifts4AllAges.com,6175559555,8616 Spinnaker Dr.,Boston,51003,USA,EMEA,Yoshido,Juri,Medium,15344.64,83.772,0.2263839360193527
10306,32,90.15,4,2884.8,10/14/2004 0:00,Shipped,4,10,2004,Ships,100,S700_3505,"AV Stores, Co.",(171) 555-1555,Fauntleroy Circus,Manchester,EC2 5NT,UK,EMEA,Ashworth,Victoria,Small,57827.61,85.14999999999999,0.04988620487687456
10315,31,86.15,3,2670.65,10/29/2004 0:00,Shipped,4,10,2004,Ships,100,S700_3505,La Rochelle Gifts,40.67.8555,"67, rue des Cinquante Otages",Nantes,44000,France,EMEA,Labrune,Janine,Small,20719.91,83.13571428571429,0.12889293438050647
10327,43,80.0,2,3440.0,11/10/2004 0:00,Resolved,4,11,2004,Ships,100,S700_3505,Danish Wholesale Imports,31 12 3555,Vinb'ltet 34,Kobenhavn,1734,Denmark,EMEA,Petersen,Jytte,Medium,24078.61,86.94,0.14286538965496762
10337,31,89.38,1,2770.78,11/21/2004 0:00,Shipped,4,11,2004,Ships,100,S700_3505,Classic Legends Inc.,2125558493,5905 Pompton St.,NYC,10022,USA,EMEA,Hernandez,Maria,Small,27733.04,83.19444444444444,0.0999089894220035
10350,31,77.34,13,2397.54,12/2/2004 0:00,Shipped,4,12,2004,Ships,100,S700_3505,Euro Shopping Channel,(91) 555 94 44,"C/ Moralzarzal, 86",Madrid,28034,Spain,EMEA,Freyre,Diego,Small,52269.17,84.99470588235295,0.04586910410094516
10373,34,96.34,2,3275.56,1/31/2005 0:00,Shipped,1,1,2005,Ships,100,S700_3505,"Oulu Toy Supplies, Inc.",981-443655,Torikatu 38,Oulu,90110,Finland,EMEA,Koskitalo,Pirkko,Medium,49055.4,79.01235294117647,0.06677266926780741
10386,45,92.08,2,4143.6,3/1/2005 0:00,Resolved,1,3,2005,Ships,100,S700_3505,Euro Shopping Channel,(91) 555 94 44,"C/ Moralzarzal, 86",Madrid,28034,Spain,EMEA,Freyre,Diego,Medium,53815.72,77.94666666666666,0.07699608961842376
10397,48,100.0,3,5192.64,3/28/2005 0:00,Shipped,1,3,2005,Ships,100,S700_3505,Alpha Cognac,61.77.6555,1 rue Alsace-Lorraine,Toulouse,31000,France,EMEA,Roulet,Annette,Medium,15139.12,81.858,0.34299483721643004
10414,28,100.0,7,3029.04,5/6/2005 0:00,On Hold,2,5,2005,Ships,100,S700_3505,Gifts4AllAges.com,6175559555,8616 Spinnaker Dr.,Boston,51003,USA,EMEA,Yoshido,Juri,Medium,48316.89,87.77785714285714,0.0626911210551838
10105,22,100.0,7,2556.18,2/11/2003 0:00,Shipped,1,2,2003,Ships,99,S700_3962,Danish Wholesale Imports,31 12 3555,Vinb'ltet 34,Kobenhavn,1734,Denmark,EMEA,Petersen,Jytte,Small,58871.11,85.284,0.04341993891401062
10117,45,83.42,1,3753.9,4/16/2003 0:00,Shipped,2,4,2003,Ships,99,S700_3962,"Dragon Souveniers, Ltd.",+65 221 7555,"Bronz Sok., Bronz Apt. 3/6 Tesvikiye",Singapore,79903,Singapore,Japan,Natividad,Eric,Medium,43657.47,87.43416666666667,0.0859852849924652
10129,30,85.41,7,2562.3,6/12/2003 0:00,Shipped,2,6,2003,Ships,99,S700_3962,"Stylish Desk Decors, Co.",(171) 555-0297,35 King George,London,WX3 6FW,UK,EMEA,Brown,Ann,Small,32376.29,84.39111111111112,0.07914124811706345
10142,38,85.41,4,3245.58,8/8/2003 0:00,Shipped,3,8,2003,Ships,99,S700_3962,Mini Gifts Distributors Ltd.,4155551450,5677 Strong St.,San Rafael,97562,USA,EMEA,Nelson,Valarie,Medium,63088.16,85.518125,0.051445152307501116
10153,20,100.0,3,2204.6,9/28/2003 0:00,Shipped,3,9,2003,Ships,99,S700_3962,Euro Shopping Channel,(91) 555 94 44,"C/ Moralzarzal, 86",Madrid,28034,Spain,EMEA,Freyre,Diego,Small,47727.82,86.91461538461539,0.04619108938979404
10167,28,100.0,14,3003.0,10/23/2003 0:00,Cancelled,4,10,2003,Ships,99,S700_3962,Scandinavian Gift Ideas,0695-34 6555,?kergatan 24,Boras,S-844 67,Sweden,EMEA,Larsson,Maria,Medium,48710.92,81.586875,0.061649420704844006
10177,24,100.0,5,2526.48,11/7/2003 0:00,Shipped,4,11,2003,Ships,99,S700_3962,CAF Imports,+34 913 728 555,"Merchants House, 27-30 Merchant's Quay",Madrid,28023,Spain,EMEA,Fernandez,Jesus,Small,34311.35,84.59363636363636,0.07363394328698813
10185,22,79.45,5,1747.9,11/14/2003 0:00,Shipped,4,11,2003,Ships,99,S700_3962,Mini Creations Ltd.,5085559555,4575 Hillside Dr.,New Bedford,50553,USA,EMEA,Tam,Wing C,Small,52191.44,83.18625,0.03349016620350004
10197,35,93.35,11,3267.25,11/26/2003 0:00,Shipped,4,11,2003,Ships,99,S700_3962,Enaco Distributors,(93) 203 4555,"Rambla de CataluÂ¤a, 23",Barcelona,8022,Spain,EMEA,Saavedra,Eduardo,Medium,44009.31,83.48214285714286,0.07423997331473728
10208,33,85.41,5,2818.53,1/2/2004 0:00,Shipped,1,1,2004,Ships,99,S700_3962,"Saveley & Henriot, Co.",78.32.5555,"2, rue du Commerce",Lyon,69004,France,EMEA,Saveley,Mary,Small,54536.87,88.116,0.051681183756970284
10222,31,95.34,17,2955.54,2/19/2004 0:00,Shipped,1,2,2004,Ships,99,S700_3962,Collectable Mini Designs Co.,7605558146,361 Furth Circle,San Diego,91217,USA,EMEA,Thompson,Valarie,Small,61617.01,80.55444444444444,0.04796630021482704
10232,35,82.43,2,2885.05,3/20/2004 0:00,Shipped,1,3,2004,Ships,99,S700_3962,giftsbymail.co.uk,(198) 555-8888,Garden House Crowther Way,Cowes,PO31 7PJ,UK,EMEA,Bennett,Helen,Small,26906.68,87.74375,0.10722430266387381
10248,35,90.37,8,3162.95,5/7/2004 0:00,Cancelled,2,5,2004,Ships,99,S700_3962,Land of Toys Inc.,2125557818,897 Long Airport Avenue,NYC,10022,USA,EMEA,Yu,Kwai,Medium,45357.659999999996,87.77785714285714,0.06973353563653857
10261,50,81.43,6,4071.5,6/17/2004 0:00,Shipped,2,6,2004,Ships,99,S700_3962,Quebec Home Shopping Network,(514) 555-8054,43 rue St. Laurent,Montreal,H1J 1C3,Canada,EMEA,Fresnisre,Jean,Medium,24564.53,81.30333333333334,0.16574711586177307
10273,26,100.0,9,2969.46,7/21/2004 0:00,Shipped,3,7,2004,Ships,99,S700_3962,Petit Auto,(02) 5554 67,Rue Joseph-Bens 532,Bruxelles,B-1180,Belgium,EMEA,Dewey,Catherine,Small,47760.479999999996,86.49533333333333,0.062173998251273864
10283,38,89.38,11,3396.44,8/20/2004 0:00,Shipped,3,8,2004,Ships,99,S700_3962,"Royal Canadian Collectables, Ltd.",(604) 555-4555,23 Tsawassen Blvd.,Tsawassen,T2F 8M4,Canada,EMEA,Lincoln,Elizabeth,Medium,43332.35,84.92857142857143,0.07838116326485871
10294,45,100.0,1,4692.6,9/10/2004 0:00,Shipped,3,9,2004,Ships,99,S700_3962,Online Mini Collectables,6175557555,7635 Spinnaker Dr.,Brickhaven,58339,USA,EMEA,Barajas,Miguel,Medium,4692.6,100.0,1.0
10306,30,100.0,5,3515.7,10/14/2004 0:00,Shipped,4,10,2004,Ships,99,S700_3962,"AV Stores, Co.",(171) 555-1555,Fauntleroy Circus,Manchester,EC2 5NT,UK,EMEA,Ashworth,Victoria,Medium,57827.61,85.14999999999999,0.06079621827704793
10315,37,91.37,4,3380.69,10/29/2004 0:00,Shipped,4,10,2004,Ships,99,S700_3962,La Rochelle Gifts,40.67.8555,"67, rue des Cinquante Otages",Nantes,44000,France,EMEA,Labrune,Janine,Medium,20719.91,83.13571428571429,0.16316142299845898
10327,37,86.61,3,3204.57,11/10/2004 0:00,Resolved,4,11,2004,Ships,99,S700_3962,Danish Wholesale Imports,31 12 3555,Vinb'ltet 34,Kobenhavn,1734,Denmark,EMEA,Petersen,Jytte,Medium,24078.61,86.94,0.13308783189727313
10337,36,71.89,7,2588.04,11/21/2004 0:00,Shipped,4,11,2004,Ships,99,S700_3962,Classic Legends Inc.,2125558493,5905 Pompton St.,NYC,10022,USA,EMEA,Hernandez,Maria,Small,27733.04,83.19444444444444,0.09331973703568018
10350,25,100.0,16,2854.75,12/2/2004 0:00,Shipped,4,12,2004,Ships,99,S700_3962,Euro Shopping Channel,(91) 555 94 44,"C/ Moralzarzal, 86",Madrid,28034,Spain,EMEA,Freyre,Diego,Small,52269.17,84.99470588235295,0.05461632545533055
10373,37,100.0,8,4025.6,1/31/2005 0:00,Shipped,1,1,2005,Ships,99,S700_3962,"Oulu Toy Supplies, Inc.",981-443655,Torikatu 38,Oulu,90110,Finland,EMEA,Koskitalo,Pirkko,Medium,49055.4,79.01235294117647,0.08206232137542452
10386,30,95.48,3,2864.4,3/1/2005 0:00,Resolved,1,3,2005,Ships,99,S700_3962,Euro Shopping Channel,(91) 555 94 44,"C/ Moralzarzal, 86",Madrid,28034,Spain,EMEA,Freyre,Diego,Small,53815.72,77.94666666666666,0.05322608338232769
10397,36,100.0,2,3789.72,3/28/2005 0:00,Shipped,1,3,2005,Ships,99,S700_3962,Alpha Cognac,61.77.6555,1 rue Alsace-Lorraine,Toulouse,31000,France,EMEA,Roulet,Annette,Medium,15139.12,81.858,0.2503263069451857
10414,27,90.37,8,2439.99,5/6/2005 0:00,On Hold,2,5,2005,Ships,99,S700_3962,Gifts4AllAges.com,6175559555,8616 Spinnaker Dr.,Boston,51003,USA,EMEA,Yoshido,Juri,Small,48316.89,87.77785714285714,0.050499732081265986
10106,48,61.44,10,2949.12,2/17/2003 0:00,Shipped,1,2,2003,Planes,74,S700_4002,Rovelli Gifts,035-640555,Via Ludovico il Moro 22,Bergamo,24100,Italy,EMEA,Rovelli,Giovanni,Small,56181.32,78.88222222222223,0.05249289265542355
10119,26,59.22,1,1539.72,4/28/2003 0:00,Shipped,2,4,2003,Planes,74,S700_4002,Salzburg Collectables,6562-9555,Geislweg 14,Salzburg,5020,Austria,EMEA,Pipps,Georg,Small,38629.14,79.57214285714285,0.039859028702166295
10131,26,85.13,2,2213.38,6/16/2003 0:00,Shipped,2,6,2003,Planes,74,S700_4002,Gift Ideas Corp.,2035554407,2440 Pompton St.,Glendale,97561,USA,EMEA,Lewis,Dan,Small,20350.95,77.63,0.10876052469295046
10143,34,85.87,5,2919.58,8/10/2003 0:00,Shipped,3,8,2003,Planes,74,S700_4002,Mini Creations Ltd.,5085559555,4575 Hillside Dr.,New Bedford,50553,USA,EMEA,Tam,Wing C,Small,45738.39,81.08375,0.0638321550015206
10155,44,85.87,3,3778.28,10/6/2003 0:00,Shipped,4,10,2003,Planes,74,S700_4002,"Toys of Finland, Co.",90-224 8555,Keskuskatu 45,Helsinki,21240,Finland,EMEA,Karttunen,Matti,Medium,42083.5,81.96538461538461,0.08978055532453337
10168,39,82.91,17,3233.49,10/28/2003 0:00,Shipped,4,10,2003,Planes,74,S700_4002,Technics Stores Inc.,6505556809,9408 Furth Circle,Burlingame,94217,USA,EMEA,Hirano,Juri,Medium,62305.47,86.58777777777777,0.05189736952469823
10178,45,76.25,2,3431.25,11/8/2003 0:00,Shipped,4,11,2003,Planes,74,S700_4002,Alpha Cognac,61.77.6555,1 rue Alsace-Lorraine,Toulouse,31000,France,EMEA,Roulet,Annette,Medium,38098.24,82.72166666666666,0.09006321551861714
10198,40,63.67,2,2546.8,11/27/2003 0:00,Shipped,4,11,2003,Planes,74,S700_4002,Cruz & Sons Co.,+63 2 555 3587,15 McCallum Street - NatWest Center #13-03,Makati City,1227 MM,Philippines,Japan,Cruz,Arnold,Small,22841.96,78.22500000000001,0.11149656159103685
10210,42,70.33,15,2953.86,1/12/2004 0:00,Shipped,1,1,2004,Planes,74,S700_4002,Osaka Souveniers Co.,+81 06 6342 5555,"Dojima Avanza 4F, 1-6-20 Dojima, Kita-ku",Osaka,530-0003,Japan,Japan,Kentary,Mory,Small,50490.64,78.96588235294118,0.05850312057838839
10222,43,74.03,2,3183.29,2/19/2004 0:00,Shipped,1,2,2004,Planes,74,S700_4002,Collectable Mini Designs Co.,7605558146,361 Furth Circle,San Diego,91217,USA,EMEA,Thompson,Valarie,Medium,61617.01,80.55444444444444,0.051662519813928005
10235,34,72.55,11,2466.7,4/2/2004 0:00,Shipped,2,4,2004,Planes,74,S700_4002,"Royal Canadian Collectables, Ltd.",(604) 555-4555,23 Tsawassen Blvd.,Tsawassen,T2F 8M4,Canada,EMEA,Lincoln,Elizabeth,Small,31302.5,81.33333333333333,0.0788020126188004
10250,38,62.19,12,2363.22,5/11/2004 0:00,Shipped,2,5,2004,Planes,74,S700_4002,The Sharp Gifts Warehouse,4085553659,3086 Ingle Ln.,San Jose,94217,USA,EMEA,Frick,Sue,Small,48472.24,82.75928571428572,0.0487540910013649
10262,35,71.07,7,2487.45,6/24/2004 0:00,Cancelled,2,6,2004,Planes,74,S700_4002,Euro Shopping Channel,(91) 555 94 44,"C/ Moralzarzal, 86",Madrid,28034,Spain,EMEA,Freyre,Diego,Small,50010.65,78.62375,0.04973840571958173
10275,31,72.55,17,2249.05,7/23/2004 0:00,Shipped,3,7,2004,Planes,74,S700_4002,La Rochelle Gifts,40.67.8555,"67, rue des Cinquante Otages",Nantes,44000,France,EMEA,Labrune,Janine,Small,56002.9,82.95166666666667,0.04015952745304261
10284,32,64.41,9,2061.12,8/21/2004 0:00,Shipped,3,8,2004,Planes,74,S700_4002,"Norway Gifts By Mail, Co.",+47 2212 1555,"Drammensveien 126 A, PB 744 Sentrum",Oslo,N 0106,Norway,EMEA,Klaeboe,Jan,Small,34145.47,76.56538461538462,0.06036291197631779
10296,47,86.62,5,4071.14,9/15/2004 0:00,Shipped,3,9,2004,Planes,74,S700_4002,"Bavarian Collectables Imports, Co.",+49 89 61 08 9555,Hansastr. 15,Munich,80686,Germany,EMEA,Donnermeyer,Michael,Medium,34993.92,79.71857142857142,0.1163384953729105
10308,39,68.11,15,2656.29,10/15/2004 0:00,Shipped,4,10,2004,Planes,74,S700_4002,Mini Classics,9145554562,3758 North Pendale Street,White Plains,24067,USA,EMEA,Frick,Steve,Small,46873.04,80.71875,0.05666988955698201
10316,44,62.19,7,2736.36,11/1/2004 0:00,Shipped,4,11,2004,Planes,74,S700_4002,giftsbymail.co.uk,(198) 555-8888,Garden House Crowther Way,Cowes,PO31 7PJ,UK,EMEA,Bennett,Helen,Small,51334.16,79.435,0.05330485586985352
10328,39,85.87,12,3348.93,11/12/2004 0:00,Shipped,4,11,2004,Planes,74,S700_4002,Rovelli Gifts,035-640555,Via Ludovico il Moro 22,Bergamo,24100,Italy,EMEA,Rovelli,Giovanni,Medium,41696.69,81.40714285714286,0.08031644718081939
10339,50,57.86,8,2893.0,11/23/2004 0:00,Shipped,4,11,2004,Planes,74,S700_4002,"Tokyo Collectables, Ltd",+81 3 3584 0555,2-2-8 Roppongi,Minato-ku,106-0032,Japan,Japan,Shimamura,Akiko,Small,55888.65,79.908125,0.05176364073921986
10352,22,75.51,1,1661.22,12/3/2004 0:00,Shipped,4,12,2004,Planes,74,S700_4002,Auto-Moto Classics Inc.,6175558428,16780 Pompton St.,Brickhaven,58339,USA,EMEA,Taylor,Leslie,Small,11528.529999999999,82.0375,0.14409642859930974
10361,35,100.0,11,4277.35,12/17/2004 0:00,Shipped,4,12,2004,Planes,74,S700_4002,Souveniers And Things Co.,+61 2 9495 8555,"Monitor Money Building, 815 Pacific Hwy",Chatswood,2067,Australia,APAC,Huxley,Adrian,Medium,37905.15,79.61642857142859,0.11284350543395819
10373,45,55.62,17,2502.9,1/31/2005 0:00,Shipped,1,1,2005,Planes,74,S700_4002,"Oulu Toy Supplies, Inc.",981-443655,Torikatu 38,Oulu,90110,Finland,EMEA,Koskitalo,Pirkko,Small,49055.4,79.01235294117647,0.05102190584522805
10386,44,86.4,15,3801.6,3/1/2005 0:00,Resolved,1,3,2005,Planes,74,S700_4002,Euro Shopping Channel,(91) 555 94 44,"C/ Moralzarzal, 86",Madrid,28034,Spain,EMEA,Freyre,Diego,Medium,53815.72,77.94666666666666,0.07064106918944874
10398,36,87.36,12,3144.96,3/30/2005 0:00,Shipped,1,3,2005,Planes,74,S700_4002,Reims Collectables,26.47.1555,59 rue de l'Abbaye,Reims,51100,France,EMEA,Henriot,Paul,Medium,52029.07,77.58611111111111,0.06044620824473703
10401,28,72.55,11,2031.4,4/3/2005 0:00,On Hold,2,4,2005,Planes,74,S700_4002,Tekni Collectables Inc.,2015559350,7476 Moss Rd.,Newark,94019,USA,EMEA,Brown,William,Small,46519.0,81.33333333333333,0.0436681785936929
10416,43,62.19,12,2674.17,5/10/2005 0:00,Shipped,2,5,2005,Planes,74,S700_4002,L'ordine Souveniers,0522-556555,Strada Provinciale 124,Reggio Emilia,42100,Italy,EMEA,Moroni,Maurizio,Small,41509.94,82.75928571428572,0.0644224009960024
10106,48,52.64,15,2526.72,2/17/2003 0:00,Shipped,1,2,2003,Planes,49,S72_1253,Rovelli Gifts,035-640555,Via Ludovico il Moro 22,Bergamo,24100,Italy,EMEA,Rovelli,Giovanni,Small,56181.32,78.88222222222223,0.04497437938446444
10119,28,48.17,6,1348.76,4/28/2003 0:00,Shipped,2,4,2003,Planes,49,S72_1253,Salzburg Collectables,6562-9555,Geislweg 14,Salzburg,5020,Austria,EMEA,Pipps,Georg,Small,38629.14,79.57214285714285,0.034915610339759054
10131,21,41.71,7,875.91,6/16/2003 0:00,Shipped,2,6,2003,Planes,49,S72_1253,Gift Ideas Corp.,2035554407,2440 Pompton St.,Glendale,97561,USA,EMEA,Lewis,Dan,Small,20350.95,77.63,0.04304025119220478
10143,37,50.65,10,1874.05,8/10/2003 0:00,Shipped,3,8,2003,Planes,49,S72_1253,Mini Creations Ltd.,5085559555,4575 Hillside Dr.,New Bedford,50553,USA,EMEA,Tam,Wing C,Small,45738.39,81.08375,0.04097323932914997
10155,34,49.16,8,1671.44,10/6/2003 0:00,Shipped,4,10,2003,Planes,49,S72_1253,"Toys of Finland, Co.",90-224 8555,Keskuskatu 45,Helsinki,21240,Finland,EMEA,Karttunen,Matti,Small,42083.5,81.96538461538461,0.03971722884265805
10167,40,41.71,4,1668.4,10/23/2003 0:00,Cancelled,4,10,2003,Planes,49,S72_1253,Scandinavian Gift Ideas,0695-34 6555,?kergatan 24,Boras,S-844 67,Sweden,EMEA,Larsson,Maria,Small,48710.92,81.586875,0.03425104678786605
10178,45,51.15,7,2301.75,11/8/2003 0:00,Shipped,4,11,2003,Planes,49,S72_1253,Alpha Cognac,61.77.6555,1 rue Alsace-Lorraine,Toulouse,31000,France,EMEA,Roulet,Annette,Small,38098.24,82.72166666666666,0.060416176705275625
10186,28,52.14,4,1459.92,11/14/2003 0:00,Shipped,4,11,2003,Planes,49,S72_1253,"Double Decker Gift Stores, Ltd",(171) 555-7555,120 Hanover Sq.,London,WA1 1DP,UK,EMEA,Hardy,Thomas,Small,27541.82,84.99444444444445,0.05300739021604237
10197,29,41.71,1,1209.59,11/26/2003 0:00,Shipped,4,11,2003,Planes,49,S72_1253,Enaco Distributors,(93) 203 4555,"Rambla de CataluÂ¤a, 23",Barcelona,8022,Spain,EMEA,Saavedra,Eduardo,Small,44009.31,83.48214285714286,0.027484866270341433
10209,48,44.69,3,2145.12,1/9/2004 0:00,Shipped,1,1,2004,Planes,49,S72_1253,"Men 'R' US Retailers, Ltd.",2155554369,6047 Douglas Av.,Los Angeles,28034,USA,EMEA,Chandler,Michael,Small,23889.32,85.36625,0.08979410045995449
10222,31,45.69,7,1416.39,2/19/2004 0:00,Shipped,1,2,2004,Planes,49,S72_1253,Collectable Mini Designs Co.,7605558146,361 Furth Circle,San Diego,91217,USA,EMEA,Thompson,Valarie,Small,61617.01,80.55444444444444,0.022986996610189298
10249,32,57.61,3,1843.52,5/8/2004 0:00,Shipped,2,5,2004,Planes,49,S72_1253,Cambridge Collectables Co.,6175555555,4658 Baden Av.,Cambridge,51247,USA,EMEA,Tseng,Kyung,Small,14380.92,78.216,0.12819207672388136
10262,21,57.11,12,1199.31,6/24/2004 0:00,Cancelled,2,6,2004,Planes,49,S72_1253,Euro Shopping Channel,(91) 555 94 44,"C/ Moralzarzal, 86",Madrid,28034,Spain,EMEA,Freyre,Diego,Small,50010.65,78.62375,0.023981092027398163
10274,32,58.6,4,1875.2,7/21/2004 0:00,Shipped,3,7,2004,Planes,49,S72_1253,Collectables For Less Inc.,6175558555,7825 Douglas Av.,Brickhaven,58339,USA,EMEA,Nelson,Allen,Small,15110.8,77.306,0.1240966725785531
10283,43,57.61,1,2477.23,8/20/2004 0:00,Shipped,3,8,2004,Planes,49,S72_1253,"Royal Canadian Collectables, Ltd.",(604) 555-4555,23 Tsawassen Blvd.,Tsawassen,T2F 8M4,Canada,EMEA,Lincoln,Elizabeth,Small,43332.35,84.92857142857143,0.05716814343094709
10296,21,45.19,10,948.99,9/15/2004 0:00,Shipped,3,9,2004,Planes,49,S72_1253,"Bavarian Collectables Imports, Co.",+49 89 61 08 9555,Hansastr. 15,Munich,80686,Germany,EMEA,Donnermeyer,Michael,Small,34993.92,79.71857142857142,0.02711871090749479
10307,34,53.63,4,1823.42,10/14/2004 0:00,Shipped,4,10,2004,Planes,49,S72_1253,"Classic Gift Ideas, Inc",2155554695,782 First Street,Philadelphia,71270,USA,EMEA,Cervantes,Francisca,Small,27445.31,84.45333333333333,0.06643830949623086
10316,34,43.7,12,1485.8,11/1/2004 0:00,Shipped,4,11,2004,Planes,49,S72_1253,giftsbymail.co.uk,(198) 555-8888,Garden House Crowther Way,Cowes,PO31 7PJ,UK,EMEA,Bennett,Helen,Small,51334.16,79.435,0.028943689737983436
10329,44,86.13,8,3789.72,11/15/2004 0:00,Shipped,4,11,2004,Planes,49,S72_1253,Land of Toys Inc.,2125557818,897 Long Airport Avenue,NYC,10022,USA,EMEA,Yu,Kwai,Medium,53152.28,87.41266666666667,0.07129929327584818
10339,27,76.31,6,2060.37,11/23/2004 0:00,Shipped,4,11,2004,Planes,49,S72_1253,"Tokyo Collectables, Ltd",+81 3 3584 0555,2-2-8 Roppongi,Minato-ku,106-0032,Japan,Japan,Shimamura,Akiko,Small,55888.65,79.908125,0.036865624773545255
10352,49,52.64,4,2579.36,12/3/2004 0:00,Shipped,4,12,2004,Planes,49,S72_1253,Auto-Moto Classics Inc.,6175558428,16780 Pompton St.,Brickhaven,58339,USA,EMEA,Taylor,Leslie,Small,11528.529999999999,82.0375,0.22373711132295274
10361,23,95.2,12,2189.6,12/17/2004 0:00,Shipped,4,12,2004,Planes,49,S72_1253,Souveniers And Things Co.,+61 2 9495 8555,"Monitor Money Building, 815 Pacific Hwy",Chatswood,2067,Australia,APAC,Huxley,Adrian,Small,37905.15,79.61642857142859,0.05776523770516671
10373,25,64.97,9,1624.25,1/31/2005 0:00,Shipped,1,1,2005,Planes,49,S72_1253,"Oulu Toy Supplies, Inc.",981-443655,Torikatu 38,Oulu,90110,Finland,EMEA,Koskitalo,Pirkko,Small,49055.4,79.01235294117647,0.03311052401978171
10386,50,87.15,16,4357.5,3/1/2005 0:00,Resolved,1,3,2005,Planes,49,S72_1253,Euro Shopping Channel,(91) 555 94 44,"C/ Moralzarzal, 86",Madrid,28034,Spain,EMEA,Freyre,Diego,Medium,53815.72,77.94666666666666,0.08097076467619499
10398,34,40.22,1,1367.48,3/30/2005 0:00,Shipped,1,3,2005,Planes,49,S72_1253,Reims Collectables,26.47.1555,59 rue de l'Abbaye,Reims,51100,France,EMEA,Henriot,Paul,Small,52029.07,77.58611111111111,0.026282999100310653
10400,20,56.12,4,1122.4,4/1/2005 0:00,Shipped,2,4,2005,Planes,49,S72_1253,The Sharp Gifts Warehouse,4085553659,3086 Ingle Ln.,San Jose,94217,USA,EMEA,Frick,Sue,Small,37526.84,78.95333333333333,0.029909259612586624
10415,42,57.61,3,2419.62,5/9/2005 0:00,Disputed,2,5,2005,Planes,49,S72_1253,"Australian Collectables, Ltd",61-9-3844-6555,7 Allen Street,Glen Waverly,3150,Australia,APAC,Connery,Sean,Small,14378.09,78.216,0.16828521729937704
10105,25,56.78,8,1419.5,2/11/2003 0:00,Shipped,1,2,2003,Ships,54,S72_3212,Danish Wholesale Imports,31 12 3555,Vinb'ltet 34,Kobenhavn,1734,Denmark,EMEA,Petersen,Jytte,Small,58871.11,85.284,0.02411199652936729
10117,50,43.68,2,2184.0,4/16/2003 0:00,Shipped,2,4,2003,Ships,54,S72_3212,"Dragon Souveniers, Ltd.",+65 221 7555,"Bronz Sok., Bronz Apt. 3/6 Tesvikiye",Singapore,79903,Singapore,Japan,Natividad,Eric,Small,43657.47,87.43416666666667,0.05002580314434162
10129,32,64.97,8,2079.04,6/12/2003 0:00,Shipped,2,6,2003,Ships,54,S72_3212,"Stylish Desk Decors, Co.",(171) 555-0297,35 King George,London,WX3 6FW,UK,EMEA,Brown,Ann,Small,32376.29,84.39111111111112,0.06421489305908737
10142,39,44.23,5,1724.97,8/8/2003 0:00,Shipped,3,8,2003,Ships,54,S72_3212,Mini Gifts Distributors Ltd.,4155551450,5677 Strong St.,San Rafael,97562,USA,EMEA,Nelson,Valarie,Small,63088.16,85.518125,0.027342214450381815
10153,50,60.06,4,3003.0,9/28/2003 0:00,Shipped,3,9,2003,Ships,54,S72_3212,Euro Shopping Channel,(91) 555 94 44,"C/ Moralzarzal, 86",Madrid,28034,Spain,EMEA,Freyre,Diego,Medium,47727.82,86.91461538461539,0.06291927852560623
10167,38,48.59,15,1846.42,10/23/2003 0:00,Cancelled,4,10,2003,Ships,54,S72_3212,Scandinavian Gift Ideas,0695-34 6555,?kergatan 24,Boras,S-844 67,Sweden,EMEA,Larsson,Maria,Small,48710.92,81.586875,0.03790566879048887
10177,40,50.23,6,2009.2,11/7/2003 0:00,Shipped,4,11,2003,Ships,54,S72_3212,CAF Imports,+34 913 728 555,"Merchants House, 27-30 Merchant's Quay",Madrid,28023,Spain,EMEA,Fernandez,Jesus,Small,34311.35,84.59363636363636,0.05855788244997647
10185,28,64.43,6,1804.04,11/14/2003 0:00,Shipped,4,11,2003,Ships,54,S72_3212,Mini Creations Ltd.,5085559555,4575 Hillside Dr.,New Bedford,50553,USA,EMEA,Tam,Wing C,Small,52191.44,83.18625,0.034565821521690146
10197,42,50.23,12,2109.66,11/26/2003 0:00,Shipped,4,11,2003,Ships,54,S72_3212,Enaco Distributors,(93) 203 4555,"Rambla de CataluÂ¤a, 23",Barcelona,8022,Spain,EMEA,Saavedra,Eduardo,Small,44009.31,83.48214285714286,0.047936675217130194
10208,42,63.88,6,2682.96,1/2/2004 0:00,Shipped,1,1,2004,Ships,54,S72_3212,"Saveley & Henriot, Co.",78.32.5555,"2, rue du Commerce",Lyon,69004,France,EMEA,Saveley,Mary,Small,54536.87,88.116,0.04919534252699137
10222,36,63.34,18,2280.24,2/19/2004 0:00,Shipped,1,2,2004,Ships,54,S72_3212,Collectable Mini Designs Co.,7605558146,361 Furth Circle,San Diego,91217,USA,EMEA,Thompson,Valarie,Small,61617.01,80.55444444444444,0.037006664231192
10232,24,49.69,3,1192.56,3/20/2004 0:00,Shipped,1,3,2004,Ships,54,S72_3212,giftsbymail.co.uk,(198) 555-8888,Garden House Crowther Way,Cowes,PO31 7PJ,UK,EMEA,Bennett,Helen,Small,26906.68,87.74375,0.04432207912681906
10248,23,65.52,9,1506.96,5/7/2004 0:00,Cancelled,2,5,2004,Ships,54,S72_3212,Land of Toys Inc.,2125557818,897 Long Airport Avenue,NYC,10022,USA,EMEA,Yu,Kwai,Small,45357.659999999996,87.77785714285714,0.0332239361554366
10261,29,50.78,7,1472.62,6/17/2004 0:00,Shipped,2,6,2004,Ships,54,S72_3212,Quebec Home Shopping Network,(514) 555-8054,43 rue St. Laurent,Montreal,H1J 1C3,Canada,EMEA,Fresnisre,Jean,Small,24564.53,81.30333333333334,0.05994904034394308
10273,37,45.86,10,1696.82,7/21/2004 0:00,Shipped,3,7,2004,Ships,54,S72_3212,Petit Auto,(02) 5554 67,Rue Joseph-Bens 532,Bruxelles,B-1180,Belgium,EMEA,Dewey,Catherine,Small,47760.479999999996,86.49533333333333,0.03552769988911334
10283,33,51.32,12,1693.56,8/20/2004 0:00,Shipped,3,8,2004,Ships,54,S72_3212,"Royal Canadian Collectables, Ltd.",(604) 555-4555,23 Tsawassen Blvd.,Tsawassen,T2F 8M4,Canada,EMEA,Lincoln,Elizabeth,Small,43332.35,84.92857142857143,0.039083040730539656
10293,32,60.06,1,1921.92,9/9/2004 0:00,Shipped,3,9,2004,Ships,54,S72_3212,Amica Models & Co.,011-4988555,Via Monte Bianco 34,Torino,10100,Italy,EMEA,Accorti,Paolo,Small,38039.0,92.4388888888889,0.0505249875128158
10306,35,59.51,6,2082.85,10/14/2004 0:00,Shipped,4,10,2004,Ships,54,S72_3212,"AV Stores, Co.",(171) 555-1555,Fauntleroy Circus,Manchester,EC2 5NT,UK,EMEA,Ashworth,Victoria,Small,57827.61,85.14999999999999,0.036018261864877346
10315,40,55.69,5,2227.6,10/29/2004 0:00,Shipped,4,10,2004,Ships,54,S72_3212,La Rochelle Gifts,40.67.8555,"67, rue des Cinquante Otages",Nantes,44000,France,EMEA,Labrune,Janine,Small,20719.91,83.13571428571429,0.10751011949376228
10327,37,86.74,4,3209.38,11/10/2004 0:00,Resolved,4,11,2004,Ships,54,S72_3212,Danish Wholesale Imports,31 12 3555,Vinb'ltet 34,Kobenhavn,1734,Denmark,EMEA,Petersen,Jytte,Medium,24078.61,86.94,0.13328759425897094
10337,42,97.16,5,4080.72,11/21/2004 0:00,Shipped,4,11,2004,Ships,54,S72_3212,Classic Legends Inc.,2125558493,5905 Pompton St.,NYC,10022,USA,EMEA,Hernandez,Maria,Medium,27733.04,83.19444444444444,0.1471429024730069
10350,20,100.0,15,2244.4,12/2/2004 0:00,Shipped,4,12,2004,Ships,54,S72_3212,Euro Shopping Channel,(91) 555 94 44,"C/ Moralzarzal, 86",Madrid,28034,Spain,EMEA,Freyre,Diego,Small,52269.17,84.99470588235295,0.04293926993675239
10373,29,100.0,1,3978.51,1/31/2005 0:00,Shipped,1,1,2005,Ships,54,S72_3212,"Oulu Toy Supplies, Inc.",981-443655,Torikatu 38,Oulu,90110,Finland,EMEA,Koskitalo,Pirkko,Medium,49055.4,79.01235294117647,0.0811023862816326
10386,43,100.0,4,5417.57,3/1/2005 0:00,Resolved,1,3,2005,Ships,54,S72_3212,Euro Shopping Channel,(91) 555 94 44,"C/ Moralzarzal, 86",Madrid,28034,Spain,EMEA,Freyre,Diego,Medium,53815.72,77.94666666666666,0.10066891235497731
10397,34,62.24,1,2116.16,3/28/2005 0:00,Shipped,1,3,2005,Ships,54,S72_3212,Alpha Cognac,61.77.6555,1 rue Alsace-Lorraine,Toulouse,31000,France,EMEA,Roulet,Annette,Small,15139.12,81.858,0.13978091196846315
10414,47,65.52,9,3079.44,5/6/2005 0:00,On Hold,2,5,2005,Ships,54,S72_3212,Gifts4AllAges.com,6175559555,8616 Spinnaker Dr.,Boston,51003,USA,EMEA,Yoshido,Juri,Medium,48316.89,87.77785714285714,0.06373423455027838
