ORDERNUMBER,QUANTITYORDERED,PRICEEACH,ORDERLINENUMBER,SALES,ORDERDATE,STATUS,QTR_ID,MONTH_ID,YEAR_ID,PRODUCTLINE,MSRP,PRODUCTCODE,CUSTOMERNAME,PHONE,ADDRESSLINE1,CITY,POSTALCODE,COUNTRY,TERRITORY,CONTACTLASTNAME,CONTACTFIRSTNAME,DEALSIZE
-1.6479470949959203,-0.5228908557285186,0.5969775019778834,-1.0570587063287502,-0.3708252319213149,2/24/2003 0:00,Shipped,-1.4270386327380036,-1.3929088876103477,-1.1651700861775494,Motorcycles,-0.14224584412333427,S10_1678,Land of Toys Inc.,2125557818,897 Long Airport Avenue,NYC,10022,USA,EMEA,Yu,Kwai,Small
-1.495887501494733,-0.11220131389876024,-0.11445035408552658,-0.3470150686464702,-0.427897066100711,5/7/2003 0:00,Shipped,-0.5962425798983697,-0.5723367278181918,-1.1651700861775494,Motorcycles,-0.14224584412333427,S10_1678,Reims Collectables,26.47.1555,59 rue de l'Abbaye,Reims,51100,France,EMEA,Henriot,Paul,Small
-1.354689307529345,0.6065053843033168,0.549383722060052,-1.0570587063287502,0.17944282181178947,7/1/2003 0:00,Shipped,0.23455347294126402,-0.025288621290087743,-1.1651700861775494,Motorcycles,-0.14224584412333427,S10_1678,Lyon Souveniers,+33 1 46 62 7555,27 rue du Colonel Pierre Avia,Paris,75508,France,EMEA,Da Cunha,Daniel,Medium
-1.2352139126355548,1.017194926133075,-0.019758562790675022,-0.1103338560857102,0.10470098302537557,8/25/2003 0:00,Shipped,0.23455347294126402,0.24823543197396428,-1.1651700861775494,Motorcycles,-0.14224584412333427,S10_1678,Toys4GrownUps.com,6265557265,78934 Hillside Dr.,Pasadena,90003,USA,EMEA,Young,Julie,Medium
-1.0831543191343675,1.4278844679628335,0.8101579745265006,1.7831158444003699,0.8967396621789611,10/10/2003 0:00,Shipped,1.0653495257808978,0.7952835385020682,-1.1651700861775494,Motorcycles,-0.14224584412333427,S10_1678,Corporate Gift Ideas Co.,6505551386,7734 Strong St.,San Francisco,28034,USA,EMEA,Brown,Julie,Medium
-0.9854017233121758,0.09314345701611891,0.6445712818957139,-1.2937399188895102,-0.04025387345272125,10/28/2003 0:00,Shipped,1.0653495257808978,0.7952835385020682,-1.1651700861775494,Motorcycles,-0.14224584412333427,S10_1678,Technics Stores Inc.,6505556809,9408 Furth Circle,Burlingame,94217,USA,EMEA,Hirano,Juri,Medium
-0.8550649288825867,-0.6255632411859581,0.1225270084220064,0.5997097815965698,-0.5734981212721809,11/11/2003 0:00,Shipped,1.0653495257808978,1.0688075917661204,-1.1651700861775494,Motorcycles,-0.14224584412333427,S10_1678,Daedalus Designs Imports,20.16.1555,"184, chausse de Tournai",Lille,59000,France,EMEA,Rance,Martine,Small
-0.7681737325961939,1.325212082505394,0.8101579745265006,-1.2937399188895102,1.0634752157925056,11/18/2003 0:00,Shipped,1.0653495257808978,1.0688075917661204,-1.1651700861775494,Motorcycles,-0.14224584412333427,S10_1678,Herkku Gifts,+47 2267 3215,"Drammen 121, PR 744 Sentrum",Bergen,N 5804,Norway,EMEA,Oeztan,Veysel,Medium
-0.6269755386308058,-1.344269939388035,0.7392630731905647,-1.0570587063287502,-0.7522779496916155,12/1/2003 0:00,Shipped,1.0653495257808978,1.3423316450301723,-1.1651700861775494,Motorcycles,-0.14224584412333427,S10_1678,Mini Wheels Co.,6505555787,5557 North Pendale Street,San Francisco,28034,USA,EMEA,Murphy,Julie,Small
-0.5183615432728149,0.6065053843033168,0.8101579745265006,1.7831158444003699,0.6269489925752558,1/15/2004 0:00,Shipped,-1.4270386327380036,-1.6664329408743999,0.2643280247651782,Motorcycles,-0.14224584412333427,S10_1678,Auto Canal Petit,(1) 47.55.6555,"25, rue Lauriston",Paris,75016,France,EMEA,Perrier,Dominique,Medium
-0.38802474884322585,0.1958158424735585,0.8101579745265006,-1.2937399188895102,0.22360154260597098,2/20/2004 0:00,Shipped,-1.4270386327380036,-1.3929088876103477,0.2643280247651782,Motorcycles,-0.14224584412333427,S10_1678,"Australian Collectors, Co.",03 9520 4555,636 St Kilda Road,Melbourne,3004,Australia,APAC,Ferguson,Peter,Medium
-0.23596515534203857,-1.2415975539305957,0.8101579745265006,0.1263473564750498,-0.662907041325821,4/5/2004 0:00,Shipped,-0.5962425798983697,-0.8458607810822437,0.2643280247651782,Motorcycles,-0.14224584412333427,S10_1678,Vitachrome Inc.,2125551500,2678 Kingston Rd.,NYC,10022,USA,EMEA,Frick,Michael,Small
-0.08390556184085132,-0.7282356266433977,0.8101579745265006,-1.0570587063287502,-0.19833905296086415,5/18/2004 0:00,Shipped,-0.5962425798983697,-0.5723367278181918,0.2643280247651782,Motorcycles,-0.14224584412333427,S10_1678,Tekni Collectables Inc.,2015559350,7476 Moss Rd.,Newark,94019,USA,EMEA,Brown,William,Medium
0.046431232588737756,-0.11220131389876024,0.8101579745265006,-1.0570587063287502,0.0667218766266416,6/28/2004 0:00,Shipped,-0.5962425798983697,-0.29881267455413973,0.2643280247651782,Motorcycles,-0.14224584412333427,S10_1678,Gift Depot Inc.,2035552570,25593 South Bay Ln.,Bridgewater,97562,USA,EMEA,King,Julie,Medium
0.17676802701832683,1.017194926133075,0.4546919307652012,-1.2937399188895102,0.3385543168917597,7/23/2004 0:00,Shipped,0.23455347294126402,-0.025288621290087743,0.2643280247651782,Motorcycles,-0.14224584412333427,S10_1678,La Rochelle Gifts,40.67.8555,"67, rue des Cinquante Otages",Nantes,44000,France,EMEA,Labrune,Janine,Medium
0.2853820223763177,0.09314345701611891,0.8101579745265006,-0.1103338560857102,0.2963776341066626,8/27/2004 0:00,Shipped,0.23455347294126402,0.24823543197396428,0.2643280247651782,Motorcycles,-0.14224584412333427,S10_1678,Marta's Replicas Co.,6175558555,39323 Spinnaker Dr.,Cambridge,51247,USA,EMEA,Hernandez,Marta,Medium
0.43744161587750496,-1.2415975539305957,0.8101579745265006,0.5997097815965698,-0.5194020592269721,9/30/2004 0:00,Shipped,0.23455347294126402,0.5217594852380163,0.2643280247651782,Motorcycles,-0.14224584412333427,S10_1678,"Toys of Finland, Co.",90-224 8555,Keskuskatu 45,Helsinki,21240,Finland,EMEA,Karttunen,Matti,Small
0.5460556112354958,0.6065053843033168,0.8101579745265006,-0.3470150686464702,0.4564068399360444,10/15/2004 0:00,Shipped,1.0653495257808978,0.7952835385020682,0.2643280247651782,Motorcycles,-0.14224584412333427,S10_1678,Baane Mini Imports,07-98 9555,Erling Skakkes gate 78,Stavern,4110,Norway,EMEA,Bergulfsen,Jonas,Medium
0.6438082070576877,1.1198673115905147,0.549383722060052,-1.2937399188895102,0.4366733437031304,11/2/2004 0:00,Shipped,1.0653495257808978,1.0688075917661204,0.2643280247651782,Motorcycles,-0.14224584412333427,S10_1678,Diecast Classics Inc.,2155551555,7586 Pompton St.,Allentown,70267,USA,EMEA,Yu,Kyung,Medium
0.7632836019514777,0.7091777697607564,0.8101579745265006,-1.2937399188895102,0.4573625623733018,11/15/2004 0:00,Shipped,1.0653495257808978,1.0688075917661204,0.2643280247651782,Motorcycles,-0.14224584412333427,S10_1678,Land of Toys Inc.,2125557818,897 Long Airport Avenue,NYC,10022,USA,EMEA,Yu,Kwai,Medium
0.8936203963810667,0.6065053843033168,0.8101579745265006,0.5997097815965698,2.272035109874388,11/24/2004 0:00,Shipped,1.0653495257808978,1.0688075917661204,0.2643280247651782,Motorcycles,-0.14224584412333427,S10_1678,Salzburg Collectables,6562-9555,Geislweg 14,Salzburg,5020,Austria,EMEA,Pipps,Georg,Large
1.1108483870970485,-1.5496147103029143,-0.5507266699989761,1.5464346318396098,-1.1419194710720522,12/17/2004 0:00,Shipped,1.0653495257808978,1.3423316450301723,0.2643280247651782,Motorcycles,-0.14224584412333427,S10_1678,Souveniers And Things Co.,+61 2 9495 8555,"Monitor Money Building, 815 Pacific Hwy",Chatswood,2067,Australia,APAC,Huxley,Adrian,Small
1.2629079805982357,-1.4469423248454747,-2.4167994576105953,1.3097534192788498,-1.531751050891716,2/3/2005 0:00,Shipped,-1.4270386327380036,-1.3929088876103477,1.6938261357079059,Motorcycles,-0.14224584412333427,S10_1678,La Rochelle Gifts,40.67.8555,"67, rue des Cinquante Otages",Nantes,44000,France,EMEA,Labrune,Janine,Small
1.404106174563624,0.7091777697607564,-0.36183885595008475,-0.5836962812072303,-0.18830396736966298,3/3/2005 0:00,Shipped,-1.4270386327380036,-1.1193848343462958,1.6938261357079059,Motorcycles,-0.14224584412333427,S10_1678,FunGiftIdeas.com,5085552555,1785 First Street,New Bedford,50553,USA,EMEA,Benitez,Violeta,Medium
1.5670271676006102,-1.138925168473156,0.8101579745265006,0.1263473564750498,-0.6078226753966303,4/8/2005 0:00,Shipped,-0.5962425798983697,-0.8458607810822437,1.6938261357079059,Motorcycles,-0.14224584412333427,S10_1678,"UK Collectables, Ltd.",(171) 555-2282,Berkeley Gardens 12  Brewery,Liverpool,WX1 6LT,UK,EMEA,Devon,Elizabeth,Small
1.7190867611017975,3.1733150207393064,0.8101579745265006,-1.0570587063287502,2.151565210609887,5/13/2005 0:00,Disputed,-0.5962425798983697,-0.5723367278181918,1.6938261357079059,Motorcycles,-0.14224584412333427,S10_1678,Euro Shopping Channel,(91) 555 94 44,"C/ Moralzarzal, 86",Madrid,28034,Spain,EMEA,Freyre,Diego,Large
-1.6913926931391166,-0.9335803975582768,0.8101579745265006,1.0730722067180898,1.004991518921707,1/29/2003 0:00,Shipped,-1.4270386327380036,-1.6664329408743999,-1.1651700861775494,Classic Cars,2.8193681712011514,S10_1949,Baane Mini Imports,07-98 9555,Erling Skakkes gate 78,Stavern,4110,Norway,EMEA,Bergulfsen,Jonas,Medium
-1.5936400973169247,-0.6255632411859581,0.8101579745265006,-1.2937399188895102,1.984873098925308,3/24/2003 0:00,Shipped,-1.4270386327380036,-1.1193848343462958,-1.1651700861775494,Classic Cars,2.8193681712011514,S10_1949,"Volvo Model Replicas, Co",0921-12 3555,BerguvsvÂgen  8,Lule,S-958 22,Sweden,EMEA,Berglund,Christina,Large
-1.4415805038157374,0.29848822793099805,0.8101579745265006,1.0730722067180898,2.0500088411690625,5/28/2003 0:00,Shipped,-0.5962425798983697,-0.5723367278181918,-1.1651700861775494,Classic Cars,2.8193681712011514,S10_1949,"Corrida Auto Replicas, Ltd",(91) 555 22 82,"C/ Araquil, 67",Madrid,28023,Spain,EMEA,Sommer,MartÂ¡n,Large
-1.2895209103145502,0.1958158424735585,0.8101579745265006,1.0730722067180898,2.074466647177055,7/24/2003 0:00,Shipped,0.23455347294126402,-0.025288621290087743,-1.1651700861775494,Classic Cars,2.8193681712011514,S10_1949,Technics Stores Inc.,6505556809,9408 Furth Circle,Burlingame,94217,USA,EMEA,Hirano,Juri,Large
-1.1809069149565594,1.017194926133075,0.8101579745265006,0.3630285690358098,4.03988811843211,9/19/2003 0:00,Shipped,0.23455347294126402,0.5217594852380163,-1.1651700861775494,Classic Cars,2.8193681712011514,S10_1949,"Dragon Souveniers, Ltd.",+65 221 7555,"Bronz Sok., Bronz Apt. 3/6 Tesvikiye",Singapore,79903,Singapore,Japan,Natividad,Eric,Large
-1.0397087209911713,-1.4469423248454747,0.8101579745265006,-1.2937399188895102,0.7093800527886939,10/20/2003 0:00,Shipped,1.0653495257808978,0.7952835385020682,-1.1651700861775494,Classic Cars,2.8193681712011514,S10_1949,Classic Legends Inc.,2125558493,5905 Pompton St.,NYC,10022,USA,EMEA,Hernandez,Maria,Medium
-0.9202333260973812,-0.11220131389876024,0.8101579745265006,-0.5836962812072303,2.4223930562676608,11/6/2003 0:00,Shipped,1.0653495257808978,1.0688075917661204,-1.1651700861775494,Classic Cars,2.8193681712011514,S10_1949,"Australian Gift Network, Co",61-7-3844-6555,31 Duncan St. West End,South Brisbane,4101,Australia,APAC,Calaghan,Tony,Large
-0.8224807302751894,-1.2415975539305957,0.8101579745265006,0.3630285690358098,0.9875875961296073,11/13/2003 0:00,Shipped,1.0653495257808978,1.0688075917661204,-1.1651700861775494,Classic Cars,2.8193681712011514,S10_1949,"Classic Gift Ideas, Inc",2155554695,782 First Street,Philadelphia,71270,USA,EMEA,Cervantes,Francisca,Medium
-0.7030053353813994,0.7091777697607564,0.8101579745265006,1.0730722067180898,2.028993808031644,11/25/2003 0:00,Shipped,1.0653495257808978,1.0688075917661204,-1.1651700861775494,Classic Cars,2.8193681712011514,S10_1949,"Saveley & Henriot, Co.",78.32.5555,"2, rue du Commerce",Lyon,69004,France,EMEA,Saveley,Mary,Large
-0.5726685409518104,1.2225396970479543,0.8101579745265006,-0.1103338560857102,2.992606385637389,12/5/2003 0:00,Shipped,1.0653495257808978,1.3423316450301723,-1.1651700861775494,Classic Cars,2.8193681712011514,S10_1949,Canadian Gift Exchange Network,(604) 555-3392,1900 Oak St.,Vancouver,V3F 2K1,Canada,EMEA,Tannamuri,Yoshi,Large
-0.47491594512961854,-0.009528928441320661,0.8101579745265006,-0.8203774937679902,1.3691869304101694,1/29/2004 0:00,Shipped,-1.4270386327380036,-1.6664329408743999,0.2643280247651782,Classic Cars,2.8193681712011514,S10_1949,West Coast Collectables Co.,3105553722,3675 Furth Circle,Burbank,94019,USA,EMEA,Thompson,Steve,Medium
-0.33371775116423036,-0.6255632411859581,0.8101579745265006,-1.0570587063287502,1.5798422742085814,3/10/2004 0:00,Shipped,-1.4270386327380036,-1.1193848343462958,0.2643280247651782,Classic Cars,2.8193681712011514,S10_1949,Cambridge Collectables Co.,6175555555,4658 Baden Av.,Cambridge,51247,USA,EMEA,Tseng,Kyung,Medium
-0.14907395905564585,-0.11220131389876024,0.8101579745265006,0.5997097815965698,1.3936447364181617,5/4/2004 0:00,Shipped,-0.5962425798983697,-0.5723367278181918,0.2643280247651782,Classic Cars,2.8193681712011514,S10_1949,Super Scale Inc.,2035559545,567 North Pendale Street,New Haven,97823,USA,EMEA,Murphy,Leslie,Medium
-0.007875765090257694,-0.3175460848136394,0.8101579745265006,-0.1103338560857102,2.2409252584934403,6/15/2004 0:00,Shipped,-0.5962425798983697,-0.29881267455413973,0.2643280247651782,Classic Cars,2.8193681712011514,S10_1949,"Tokyo Collectables, Ltd",+81 3 3584 0555,2-2-8 Roppongi,Minato-ku,106-0032,Japan,Japan,Shimamura,Akiko,Large
0.12246102933933138,-1.4469423248454747,0.8101579745265006,0.5997097815965698,0.7338975914490151,7/19/2004 0:00,Shipped,0.23455347294126402,-0.025288621290087743,0.2643280247651782,Classic Cars,2.8193681712011514,S10_1949,Souveniers And Things Co.,+61 2 9495 8555,"Monitor Money Building, 815 Pacific Hwy",Chatswood,2067,Australia,APAC,Huxley,Adrian,Medium
0.23107502469732227,-0.11220131389876024,0.8101579745265006,-1.0570587063287502,2.4223930562676608,8/17/2004 0:00,Shipped,0.23455347294126402,0.24823543197396428,0.2643280247651782,Classic Cars,2.8193681712011514,S10_1949,Amica Models & Co.,011-4988555,Via Monte Bianco 34,Torino,10100,Italy,EMEA,Accorti,Paolo,Large
0.35055041959111227,0.1958158424735585,0.8101579745265006,1.0730722067180898,1.9452757806725816,9/8/2004 0:00,Shipped,0.23455347294126402,0.5217594852380163,0.2643280247651782,Classic Cars,2.8193681712011514,S10_1949,Scandinavian Gift Ideas,0695-34 6555,?kergatan 24,Boras,S-844 67,Sweden,EMEA,Larsson,Maria,Large
0.49174861355650046,1.2225396970479543,0.8101579745265006,-0.1103338560857102,3.594173927238501,10/11/2004 0:00,Shipped,1.0653495257808978,0.7952835385020682,0.2643280247651782,Classic Cars,2.8193681712011514,S10_1949,Auto Assoc. & Cie.,30.59.8555,"67, avenue de l'Europe",Versailles,78000,France,EMEA,Tonini,Daniel,Large
0.5786398098428932,1.325212082505394,0.8101579745265006,-0.8203774937679902,4.382101913863656,10/21/2004 0:00,Shipped,1.0653495257808978,0.7952835385020682,0.2643280247651782,Classic Cars,2.8193681712011514,S10_1949,Mini Gifts Distributors Ltd.,4155551450,5677 Strong St.,San Rafael,97562,USA,EMEA,Nelson,Valarie,Large
0.6872538052008841,0.5038329988458772,0.8101579745265006,-1.2937399188895102,1.328514424415528,11/4/2004 0:00,Shipped,1.0653495257808978,1.0688075917661204,0.2643280247651782,Classic Cars,2.8193681712011514,S10_1949,Online Diecast Creations Co.,6035558647,2304 Long Airport Avenue,Nashua,62005,USA,EMEA,Young,Valarie,Medium
0.8067292000946741,-0.9335803975582768,0.8101579745265006,-0.8203774937679902,-0.29914604912702103,11/18/2004 0:00,Shipped,1.0653495257808978,1.0688075917661204,0.2643280247651782,Classic Cars,2.8193681712011514,S10_1949,Mini Wheels Co.,6505555787,5557 North Pendale Street,San Francisco,28034,USA,EMEA,Murphy,Julie,Medium
0.9587887935958613,-0.5228908557285186,0.8101579745265006,-1.2937399188895102,0.2122197572168164,11/29/2004 0:00,Shipped,1.0653495257808978,1.0688075917661204,0.2643280247651782,Classic Cars,2.8193681712011514,S10_1949,"Australian Collectors, Co.",03 9520 4555,636 St Kilda Road,Melbourne,3004,Australia,APAC,Ferguson,Peter,Medium
1.0674027889538522,-0.3175460848136394,0.8101579745265006,0.8363909941573299,1.1609589043927455,12/10/2004 0:00,Shipped,1.0653495257808978,1.3423316450301723,0.2643280247651782,Classic Cars,2.8193681712011514,S10_1949,Mini Gifts Distributors Ltd.,4155551450,5677 Strong St.,San Rafael,97562,USA,EMEA,Nelson,Valarie,Medium
1.1977395833834412,0.6065053843033168,0.8101579745265006,-1.0570587063287502,0.5218629664059246,1/20/2005 0:00,Shipped,-1.4270386327380036,-1.6664329408743999,1.6938261357079059,Classic Cars,2.8193681712011514,S10_1949,Collectables For Less Inc.,6175558555,7825 Douglas Av.,Brickhaven,58339,USA,EMEA,Nelson,Allen,Medium
1.3280763778130305,0.09314345701611891,0.8101579745265006,-0.8203774937679902,2.552707982684135,2/17/2005 0:00,Shipped,-1.4270386327380036,-1.3929088876103477,1.6938261357079059,Classic Cars,2.8193681712011514,S10_1949,Corporate Gift Ideas Co.,6505551386,7734 Strong St.,San Francisco,28034,USA,EMEA,Brown,Julie,Large
1.4366903731710212,-1.138925168473156,0.8101579745265006,-0.5836962812072303,-0.617597109414034,3/9/2005 0:00,Shipped,-1.4270386327380036,-1.1193848343462958,1.6938261357079059,Classic Cars,2.8193681712011514,S10_1949,"Anna's Decorations, Ltd",02 9936 8555,201 Miller Street,North Sydney,2060,Australia,APAC,O'Hara,Anna,Small
1.653918363887003,-1.2415975539305957,0.8101579745265006,0.5997097815965698,0.3183972618514245,5/1/2005 0:00,Shipped,-0.5962425798983697,-0.5723367278181918,1.6938261357079059,Classic Cars,2.8193681712011514,S10_1949,Quebec Home Shopping Network,(514) 555-8054,43 rue St. Laurent,Montreal,H1J 1C3,Canada,EMEA,Fresnisre,Jean,Medium
1.795116557852391,1.530556853420273,0.8101579745265006,-0.1103338560857102,4.586984911350679,5/31/2005 0:00,In Process,-0.5962425798983697,-0.5723367278181918,1.6938261357079059,Classic Cars,2.8193681712011514,S10_1949,Euro Shopping Channel,(91) 555 94 44,"C/ Moralzarzal, 86",Madrid,28034,Spain,EMEA,Freyre,Diego,Large
-1.6479470949959203,0.40116061338843767,0.8056960576592038,-0.3470150686464702,0.18604056477353678,2/24/2003 0:00,Shipped,-1.4270386327380036,-1.3929088876103477,-1.1651700861775494,Motorcycles,0.4301669487545075,S10_2016,Land of Toys Inc.,2125557818,897 Long Airport Avenue,NYC,10022,USA,EMEA,Yu,Kwai,Medium
-1.5067489010305322,-0.6255632411859581,0.6287066885897706,-0.8203774937679902,-0.4127141119270105,4/29/2003 0:00,Shipped,-0.5962425798983697,-0.8458607810822437,-1.1651700861775494,Motorcycles,0.4301669487545075,S10_2016,"Australian Collectors, Co.",03 9520 4555,636 St Kilda Road,Melbourne,3004,Australia,APAC,Ferguson,Peter,Small
-1.354689307529345,-0.8309080121008373,0.8101579745265006,-0.3470150686464702,-0.13364859048901384,7/1/2003 0:00,Shipped,0.23455347294126402,-0.025288621290087743,-1.1651700861775494,Motorcycles,0.4301669487545075,S10_2016,Lyon Souveniers,+33 1 46 62 7555,27 rue du Colonel Pierre Avia,Paris,75508,France,EMEA,Da Cunha,Daniel,Medium
-1.2352139126355548,0.1958158424735585,0.8101579745265006,0.5997097815965698,0.89004960511816,8/25/2003 0:00,Shipped,0.23455347294126402,0.24823543197396428,-1.1651700861775494,Motorcycles,0.4301669487545075,S10_2016,Toys4GrownUps.com,6265557265,78934 Hillside Dr.,Pasadena,90003,USA,EMEA,Young,Julie,Medium
-1.0831543191343675,0.1958158424735585,0.8101579745265006,2.4931594820826497,0.7944121984989855,10/10/2003 0:00,Shipped,1.0653495257808978,0.7952835385020682,-1.1651700861775494,Motorcycles,0.4301669487545075,S10_2016,Corporate Gift Ideas Co.,6505551386,7734 Strong St.,San Francisco,28034,USA,EMEA,Brown,Julie,Medium
-0.9854017233121758,-0.8309080121008373,0.8101579745265006,-0.5836962812072303,0.0581258049324469,10/28/2003 0:00,Shipped,1.0653495257808978,0.7952835385020682,-1.1651700861775494,Motorcycles,0.4301669487545075,S10_2016,Technics Stores Inc.,6505556809,9408 Furth Circle,Burlingame,94217,USA,EMEA,Hirano,Juri,Medium
-0.8550649288825867,0.7091777697607564,0.8101579745265006,1.3097534192788498,0.6199765629761749,11/11/2003 0:00,Shipped,1.0653495257808978,1.0688075917661204,-1.1651700861775494,Motorcycles,0.4301669487545075,S10_2016,Daedalus Designs Imports,20.16.1555,"184, chausse de Tournai",Lille,59000,France,EMEA,Rance,Martine,Medium
-0.7681737325961939,0.29848822793099805,0.6287066885897706,-0.5836962812072303,0.05812037469132625,11/18/2003 0:00,Shipped,1.0653495257808978,1.0688075917661204,-1.1651700861775494,Motorcycles,0.4301669487545075,S10_2016,Herkku Gifts,+47 2267 3215,"Drammen 121, PR 744 Sentrum",Bergen,N 5804,Norway,EMEA,Oeztan,Veysel,Medium
-0.6269755386308058,-1.138925168473156,0.8101579745265006,-0.3470150686464702,-0.2866999364781936,12/1/2003 0:00,Shipped,1.0653495257808978,1.3423316450301723,-1.1651700861775494,Motorcycles,0.4301669487545075,S10_2016,Mini Wheels Co.,6505555787,5557 North Pendale Street,San Francisco,28034,USA,EMEA,Murphy,Julie,Medium
-0.529222942808614,-1.2415975539305957,0.8101579745265006,-1.0570587063287502,-0.295839032284466,1/12/2004 0:00,Shipped,-1.4270386327380036,-1.6664329408743999,0.2643280247651782,Motorcycles,0.4301669487545075,S10_2016,Osaka Souveniers Co.,+81 06 6342 5555,"Dojima Avanza 4F, 1-6-20 Dojima, Kita-ku",Osaka,530-0003,Japan,Japan,Kentary,Mory,Medium
-0.38802474884322585,1.2225396970479543,0.8101579745265006,-0.5836962812072303,1.0146410573933329,2/20/2004 0:00,Shipped,-1.4270386327380036,-1.3929088876103477,0.2643280247651782,Motorcycles,0.4301669487545075,S10_2016,"Australian Collectors, Co.",03 9520 4555,636 St Kilda Road,Melbourne,3004,Australia,APAC,Ferguson,Peter,Medium
-0.24682655487783767,-1.344269939388035,0.8101579745265006,-1.2937399188895102,-0.38109924812183044,4/3/2004 0:00,Shipped,-0.5962425798983697,-0.8458607810822437,0.2643280247651782,Motorcycles,0.4301669487545075,S10_2016,Motor Mint Distributors Inc.,2155559857,11328 Douglas Av.,Philadelphia,71270,USA,EMEA,Hernandez,Rosa,Small
-0.08390556184085132,0.9145225406756355,0.8101579745265006,-0.3470150686464702,1.1960817039619498,5/18/2004 0:00,Shipped,-0.5962425798983697,-0.5723367278181918,0.2643280247651782,Motorcycles,0.4301669487545075,S10_2016,Tekni Collectables Inc.,2015559350,7476 Moss Rd.,Newark,94019,USA,EMEA,Brown,William,Medium
0.046431232588737756,0.5038329988458772,0.8101579745265006,-0.3470150686464702,0.4985563715155375,6/28/2004 0:00,Shipped,-0.5962425798983697,-0.29881267455413973,0.2643280247651782,Motorcycles,0.4301669487545075,S10_2016,Gift Depot Inc.,2035552570,25593 South Bay Ln.,Bridgewater,97562,USA,EMEA,King,Julie,Medium
0.17676802701832683,-1.344269939388035,0.8101579745265006,-0.5836962812072303,-0.3526665056134271,7/23/2004 0:00,Shipped,0.23455347294126402,-0.025288621290087743,0.2643280247651782,Motorcycles,0.4301669487545075,S10_2016,La Rochelle Gifts,40.67.8555,"67, rue des Cinquante Otages",Nantes,44000,France,EMEA,Labrune,Janine,Small
0.2853820223763177,1.2225396970479543,0.8101579745265006,0.5997097815965698,1.5914412692425675,8/27/2004 0:00,Shipped,0.23455347294126402,0.24823543197396428,0.2643280247651782,Motorcycles,0.4301669487545075,S10_2016,Marta's Replicas Co.,6175558555,39323 Spinnaker Dr.,Cambridge,51247,USA,EMEA,Hernandez,Marta,Medium
0.4265802163417059,0.40116061338843767,0.6287066885897706,-1.2937399188895102,0.11043531764891931,9/27/2004 0:00,Shipped,0.23455347294126402,0.5217594852380163,0.2643280247651782,Motorcycles,0.4301669487545075,S10_2016,Atelier graphique,40.32.2555,"54, rue Royale",Nantes,44000,France,EMEA,Schmitt,Carine,Medium
0.5351942116996968,-0.11220131389876024,0.8101579745265006,-1.0570587063287502,0.2661203305816772,10/15/2004 0:00,Shipped,1.0653495257808978,0.7952835385020682,0.2643280247651782,Motorcycles,0.4301669487545075,S10_2016,Mini Classics,9145554562,3758 North Pendale Street,White Plains,24067,USA,EMEA,Frick,Steve,Medium
0.6438082070576877,1.017194926133075,0.8101579745265006,-0.5836962812072303,1.092896262184891,11/2/2004 0:00,Shipped,1.0653495257808978,1.0688075917661204,0.2643280247651782,Motorcycles,0.4301669487545075,S10_2016,Diecast Classics Inc.,2155551555,7586 Pompton St.,Allentown,70267,USA,EMEA,Yu,Kyung,Medium
0.7632836019514777,-1.5496147103029143,0.8101579745265006,-1.0570587063287502,-0.2052028777375298,11/15/2004 0:00,Shipped,1.0653495257808978,1.0688075917661204,0.2643280247651782,Motorcycles,0.4301669487545075,S10_2016,Land of Toys Inc.,2125557818,897 Long Airport Avenue,NYC,10022,USA,EMEA,Yu,Kwai,Medium
0.8718975973094686,0.5038329988458772,-0.730690650313274,-0.5836962812072303,-0.4328385855206206,11/23/2004 0:00,Shipped,1.0653495257808978,1.0688075917661204,0.2643280247651782,Motorcycles,0.4301669487545075,S10_2016,"Tokyo Collectables, Ltd",+81 3 3584 0555,2-2-8 Roppongi,Minato-ku,106-0032,Japan,Japan,Shimamura,Akiko,Small
1.1108483870970485,-0.9335803975582768,-1.6116713473339561,0.3630285690358098,-1.207679691044696,12/17/2004 0:00,Shipped,1.0653495257808978,1.3423316450301723,0.2643280247651782,Motorcycles,0.4301669487545075,S10_2016,Souveniers And Things Co.,+61 2 9495 8555,"Monitor Money Building, 815 Pacific Hwy",Chatswood,2067,Australia,APAC,Huxley,Adrian,Small
1.2520465810624366,0.40116061338843767,0.8101579745265006,-0.3470150686464702,0.9416694772122933,2/2/2005 0:00,Shipped,-1.4270386327380036,-1.3929088876103477,1.6938261357079059,Motorcycles,0.4301669487545075,S10_2016,"Australian Gift Network, Co",61-7-3844-6555,31 Duncan St. West End,South Brisbane,4101,Australia,APAC,Calaghan,Tony,Medium
1.404106174563624,1.530556853420273,-1.9408616584322862,-0.3470150686464702,-0.7213472962676536,3/3/2005 0:00,Shipped,-1.4270386327380036,-1.1193848343462958,1.6938261357079059,Motorcycles,0.4301669487545075,S10_2016,FunGiftIdeas.com,5085552555,1785 First Street,New Bedford,50553,USA,EMEA,Benitez,Violeta,Small
1.5561657680648113,1.017194926133075,0.8101579745265006,-1.2937399188895102,1.2380466073433363,4/7/2005 0:00,Shipped,-0.5962425798983697,-0.8458607810822437,1.6938261357079059,Motorcycles,0.4301669487545075,S10_2016,Auto Canal Petit,(1) 47.55.6555,"25, rue Lauriston",Paris,75016,France,EMEA,Perrier,Dominique,Medium
1.7190867611017975,1.017194926133075,0.8101579745265006,-0.3470150686464702,1.2671255485451123,5/13/2005 0:00,Disputed,-0.5962425798983697,-0.5723367278181918,1.6938261357079059,Motorcycles,0.4301669487545075,S10_2016,Euro Shopping Channel,(91) 555 94 44,"C/ Moralzarzal, 86",Madrid,28034,Spain,EMEA,Freyre,Diego,Medium
-1.6479470949959203,-0.8309080121008373,0.8101579745265006,-0.5836962812072303,1.363892445317409,2/24/2003 0:00,Shipped,-1.4270386327380036,-1.3929088876103477,-1.1651700861775494,Motorcycles,2.296730403790948,S10_4698,Land of Toys Inc.,2125557818,897 Long Airport Avenue,NYC,10022,USA,EMEA,Yu,Kwai,Medium
-1.5067489010305322,1.1198673115905147,0.8101579745265006,-1.0570587063287502,3.1011949173296243,4/29/2003 0:00,Shipped,-0.5962425798983697,-0.8458607810822437,-1.1651700861775494,Motorcycles,2.296730403790948,S10_4698,"Australian Collectors, Co.",03 9520 4555,636 St Kilda Road,Melbourne,3004,Australia,APAC,Ferguson,Peter,Large
-1.354689307529345,-0.42021847027107895,0.8101579745265006,-0.5836962812072303,1.8843430450563108,7/1/2003 0:00,Shipped,0.23455347294126402,-0.025288621290087743,-1.1651700861775494,Motorcycles,2.296730403790948,S10_4698,Lyon Souveniers,+33 1 46 62 7555,27 rue du Colonel Pierre Avia,Paris,75508,France,EMEA,Da Cunha,Daniel,Large
-1.2352139126355548,-0.21487369935619982,0.8101579745265006,0.3630285690358098,0.8810516955810279,8/25/2003 0:00,Shipped,0.23455347294126402,0.24823543197396428,-1.1651700861775494,Motorcycles,2.296730403790948,S10_4698,Toys4GrownUps.com,6265557265,78934 Hillside Dr.,Pasadena,90003,USA,EMEA,Young,Julie,Medium
-1.0831543191343675,-1.344269939388035,0.8101579745265006,2.2564782695218897,0.3143082902874774,10/10/2003 0:00,Shipped,1.0653495257808978,0.7952835385020682,-1.1651700861775494,Motorcycles,2.296730403790948,S10_4698,Corporate Gift Ideas Co.,6505551386,7734 Strong St.,San Francisco,28034,USA,EMEA,Brown,Julie,Medium
-0.9854017233121758,-1.5496147103029143,0.8101579745265006,-0.8203774937679902,0.3416224031250001,10/28/2003 0:00,Shipped,1.0653495257808978,0.7952835385020682,-1.1651700861775494,Motorcycles,2.296730403790948,S10_4698,Technics Stores Inc.,6505556809,9408 Furth Circle,Burlingame,94217,USA,EMEA,Hirano,Juri,Medium
-0.8550649288825867,0.6065053843033168,0.8101579745265006,1.0730722067180898,2.899211668601097,11/11/2003 0:00,Shipped,1.0653495257808978,1.0688075917661204,-1.1651700861775494,Motorcycles,2.296730403790948,S10_4698,Daedalus Designs Imports,20.16.1555,"184, chausse de Tournai",Lille,59000,France,EMEA,Rance,Martine,Large
-0.7681737325961939,1.017194926133075,0.8101579745265006,-0.8203774937679902,2.802444771828801,11/18/2003 0:00,Shipped,1.0653495257808978,1.0688075917661204,-1.1651700861775494,Motorcycles,2.296730403790948,S10_4698,Herkku Gifts,+47 2267 3215,"Drammen 121, PR 744 Sentrum",Bergen,N 5804,Norway,EMEA,Oeztan,Veysel,Large
-0.6269755386308058,1.4278844679628335,0.8101579745265006,-0.5836962812072303,2.450125297671484,12/1/2003 0:00,Shipped,1.0653495257808978,1.3423316450301723,-1.1651700861775494,Motorcycles,2.296730403790948,S10_4698,Mini Wheels Co.,6505555787,5557 North Pendale Street,San Francisco,28034,USA,EMEA,Murphy,Julie,Large
-0.529222942808614,-0.11220131389876024,0.8101579745265006,-1.2937399188895102,1.39530639020112,1/12/2004 0:00,Shipped,-1.4270386327380036,-1.6664329408743999,0.2643280247651782,Motorcycles,2.296730403790948,S10_4698,Osaka Souveniers Co.,+81 06 6342 5555,"Dojima Avanza 4F, 1-6-20 Dojima, Kita-ku",Osaka,530-0003,Japan,Japan,Kentary,Mory,Medium
-0.38802474884322585,1.4278844679628335,0.8101579745265006,-0.8203774937679902,3.3776865044763715,2/20/2004 0:00,Shipped,-1.4270386327380036,-1.3929088876103477,0.2643280247651782,Motorcycles,2.296730403790948,S10_4698,"Australian Collectors, Co.",03 9520 4555,636 St Kilda Road,Melbourne,3004,Australia,APAC,Ferguson,Peter,Large
-0.23596515534203857,0.40116061338843767,0.8101579745265006,0.5997097815965698,1.8842996031273447,4/5/2004 0:00,Shipped,-0.5962425798983697,-0.8458607810822437,0.2643280247651782,Motorcycles,2.296730403790948,S10_4698,Vitachrome Inc.,2125551500,2678 Kingston Rd.,NYC,10022,USA,EMEA,Frick,Michael,Large
-0.08390556184085132,0.8118501552181959,0.8101579745265006,-0.5836962812072303,1.9138021031365415,5/18/2004 0:00,Shipped,-0.5962425798983697,-0.5723367278181918,0.2643280247651782,Motorcycles,2.296730403790948,S10_4698,Tekni Collectables Inc.,2015559350,7476 Moss Rd.,Newark,94019,USA,EMEA,Brown,William,Large
0.046431232588737756,0.6065053843033168,0.8101579745265006,-0.5836962812072303,2.597311983250221,6/28/2004 0:00,Shipped,-0.5962425798983697,-0.29881267455413973,0.2643280247651782,Motorcycles,2.296730403790948,S10_4698,Gift Depot Inc.,2035552570,25593 South Bay Ln.,Bridgewater,97562,USA,EMEA,King,Julie,Large
0.17676802701832683,0.09314345701611891,0.8101579745265006,-0.8203774937679902,1.8180615219360725,7/23/2004 0:00,Shipped,0.23455347294126402,-0.025288621290087743,0.2643280247651782,Motorcycles,2.296730403790948,S10_4698,La Rochelle Gifts,40.67.8555,"67, rue des Cinquante Otages",Nantes,44000,France,EMEA,Labrune,Janine,Medium
0.2853820223763177,-0.8309080121008373,0.8101579745265006,0.3630285690358098,1.0231556754707154,8/27/2004 0:00,Shipped,0.23455347294126402,0.24823543197396428,0.2643280247651782,Motorcycles,2.296730403790948,S10_4698,Marta's Replicas Co.,6175558555,39323 Spinnaker Dr.,Cambridge,51247,USA,EMEA,Hernandez,Marta,Medium
0.43744161587750496,-0.6255632411859581,0.8101579745265006,1.0730722067180898,1.6993673115180667,9/30/2004 0:00,Shipped,0.23455347294126402,0.5217594852380163,0.2643280247651782,Motorcycles,2.296730403790948,S10_4698,"Toys of Finland, Co.",90-224 8555,Keskuskatu 45,Helsinki,21240,Finland,EMEA,Karttunen,Matti,Medium
0.5351942116996968,-1.5496147103029143,0.8101579745265006,-1.2937399188895102,0.5519899441440109,10/15/2004 0:00,Shipped,1.0653495257808978,0.7952835385020682,0.2643280247651782,Motorcycles,2.296730403790948,S10_4698,Mini Classics,9145554562,3758 North Pendale Street,White Plains,24067,USA,EMEA,Frick,Steve,Medium
0.6438082070576877,0.1958158424735585,0.8101579745265006,-0.8203774937679902,2.2335944329803876,11/2/2004 0:00,Shipped,1.0653495257808978,1.0688075917661204,0.2643280247651782,Motorcycles,2.296730403790948,S10_4698,Diecast Classics Inc.,2155551555,7586 Pompton St.,Allentown,70267,USA,EMEA,Yu,Kyung,Large
0.7632836019514777,-0.9335803975582768,0.8101579745265006,-0.8203774937679902,1.2567266367988186,11/15/2004 0:00,Shipped,1.0653495257808978,1.0688075917661204,0.2643280247651782,Motorcycles,2.296730403790948,S10_4698,Land of Toys Inc.,2125557818,897 Long Airport Avenue,NYC,10022,USA,EMEA,Yu,Kwai,Medium
0.8718975973094686,0.40116061338843767,-0.34647003118495173,-0.8203774937679902,-0.3061347694494646,11/23/2004 0:00,Shipped,1.0653495257808978,1.0688075917661204,0.2643280247651782,Motorcycles,2.296730403790948,S10_4698,"Tokyo Collectables, Ltd",+81 3 3584 0555,2-2-8 Roppongi,Minato-ku,106-0032,Japan,Japan,Shimamura,Akiko,Small
1.1217097866328476,-1.344269939388035,0.8101579745265006,-0.5836962812072303,0.05984719136773415,1/5/2005 0:00,Shipped,-1.4270386327380036,-1.6664329408743999,1.6938261357079059,Motorcycles,2.296730403790948,S10_4698,Technics Stores Inc.,6505556809,9408 Furth Circle,Burlingame,94217,USA,EMEA,Hirano,Juri,Medium
1.2520465810624366,-1.344269939388035,0.8101579745265006,-1.2937399188895102,0.1523133371723734,2/2/2005 0:00,Shipped,-1.4270386327380036,-1.3929088876103477,1.6938261357079059,Motorcycles,2.296730403790948,S10_4698,"Australian Gift Network, Co",61-7-3844-6555,31 Duncan St. West End,South Brisbane,4101,Australia,APAC,Calaghan,Tony,Medium
1.404106174563624,-1.4469423248454747,0.15425619503389368,0.1263473564750498,-0.9403652113920669,3/3/2005 0:00,Shipped,-1.4270386327380036,-1.1193848343462958,1.6938261357079059,Motorcycles,2.296730403790948,S10_4698,FunGiftIdeas.com,5085552555,1785 First Street,New Bedford,50553,USA,EMEA,Benitez,Violeta,Small
1.5670271676006102,3.1733150207393064,0.8101579745265006,0.5997097815965698,4.524862952928958,4/8/2005 0:00,Shipped,-0.5962425798983697,-0.8458607810822437,1.6938261357079059,Motorcycles,2.296730403790948,S10_4698,"UK Collectables, Ltd.",(171) 555-2282,Berkeley Gardens 12  Brewery,Liverpool,WX1 6LT,UK,EMEA,Devon,Elizabeth,Large
1.7190867611017975,2.1465911661649106,0.8101579745265006,-0.5836962812072303,3.0758356912955818,5/13/2005 0:00,Disputed,-0.5962425798983697,-0.5723367278181918,1.6938261357079059,Motorcycles,2.296730403790948,S10_4698,Euro Shopping Channel,(91) 555 94 44,"C/ Moralzarzal, 86",Madrid,28034,Spain,EMEA,Freyre,Diego,Large
-1.6696698940675183,1.530556853420273,0.8101579745265006,-1.0570587063287502,1.9842703421609018,2/11/2003 0:00,Shipped,-1.4270386327380036,-1.3929088876103477,-1.1651700861775494,Classic Cars,0.8781421779632532,S10_4757,Danish Wholesale Imports,31 12 3555,Vinb'ltet 34,Kobenhavn,1734,Denmark,EMEA,Petersen,Jytte,Large
-1.517610300566331,1.1198673115905147,0.8101579745265006,1.0730722067180898,0.7878796184306874,4/28/2003 0:00,Shipped,-0.5962425798983697,-0.8458607810822437,-1.1651700861775494,Classic Cars,0.8781421779632532,S10_4757,Salzburg Collectables,6562-9555,Geislweg 14,Salzburg,5020,Austria,EMEA,Pipps,Georg,Medium
-1.4089963052083403,-0.21487369935619982,0.8101579745265006,-1.0570587063287502,0.45850291300866525,6/12/2003 0:00,Shipped,-0.5962425798983697,-0.29881267455413973,-1.1651700861775494,Classic Cars,0.8781421779632532,S10_4757,"Stylish Desk Decors, Co.",(171) 555-0297,35 King George,London,WX3 6FW,UK,EMEA,Brown,Ann,Medium
-1.256936711707153,1.4278844679628335,0.8101579745265006,2.0197970569611297,1.1098711959284489,8/10/2003 0:00,Shipped,0.23455347294126402,0.24823543197396428,-1.1651700861775494,Classic Cars,0.8781421779632532,S10_4757,Mini Creations Ltd.,5085559555,4575 Hillside Dr.,New Bedford,50553,USA,EMEA,Tam,Wing C,Medium
-1.126599917277564,-0.3175460848136394,0.8101579745265006,1.5464346318396098,0.5279231154967148,10/6/2003 0:00,Shipped,1.0653495257808978,0.7952835385020682,-1.1651700861775494,Classic Cars,0.8781421779632532,S10_4757,"Toys of Finland, Co.",90-224 8555,Keskuskatu 45,Helsinki,21240,Finland,EMEA,Karttunen,Matti,Medium
-0.9962631228479749,0.9145225406756355,0.8101579745265006,0.5997097815965698,1.2871142661107027,10/23/2003 0:00,Cancelled,1.0653495257808978,0.7952835385020682,-1.1651700861775494,Classic Cars,0.8781421779632532,S10_4757,Scandinavian Gift Ideas,0695-34 6555,?kergatan 24,Boras,S-844 67,Sweden,EMEA,Larsson,Maria,Medium
-0.8767877279541849,-1.138925168473156,0.8101579745265006,1.3097534192788498,-0.033346606747089405,11/8/2003 0:00,Shipped,1.0653495257808978,1.0688075917661204,-1.1651700861775494,Classic Cars,0.8781421779632532,S10_4757,Alpha Cognac,61.77.6555,1 rue Alsace-Lorraine,Toulouse,31000,France,EMEA,Roulet,Annette,Medium
-0.7898965316677922,-0.9335803975582768,0.8101579745265006,0.5997097815965698,0.16309779603824195,11/14/2003 0:00,Shipped,1.0653495257808978,1.0688075917661204,-1.1651700861775494,Classic Cars,0.8781421779632532,S10_4757,"Double Decker Gift Stores, Ltd",(171) 555-7555,120 Hanover Sq.,London,WA1 1DP,UK,EMEA,Hardy,Thomas,Medium
-0.6704211367740022,1.017194926133075,0.8101579745265006,-0.1103338560857102,0.9614301246508109,11/26/2003 0:00,Shipped,1.0653495257808978,1.0688075917661204,-1.1651700861775494,Classic Cars,0.8781421779632532,S10_4757,Enaco Distributors,(93) 203 4555,"Rambla de CataluÂ¤a, 23",Barcelona,8022,Spain,EMEA,Saavedra,Eduardo,Medium
-0.540084342344413,0.40116061338843767,0.8101579745265006,0.3630285690358098,0.8927484349551876,1/9/2004 0:00,Shipped,-1.4270386327380036,-1.6664329408743999,0.2643280247651782,Classic Cars,0.8781421779632532,S10_4757,"Men 'R' US Retailers, Ltd.",2155554369,6047 Douglas Av.,Los Angeles,28034,USA,EMEA,Chandler,Michael,Medium
-0.3988861483790249,1.4278844679628335,0.8101579745265006,1.3097534192788498,1.3269939569017102,2/19/2004 0:00,Shipped,-1.4270386327380036,-1.3929088876103477,0.2643280247651782,Classic Cars,0.8781421779632532,S10_4757,Collectable Mini Designs Co.,7605558146,361 Furth Circle,San Diego,91217,USA,EMEA,Thompson,Valarie,Medium
-0.11648976044824859,-1.5496147103029143,0.8101579745265006,-0.8203774937679902,-0.3494300819054423,5/7/2004 0:00,Cancelled,-0.5962425798983697,-0.5723367278181918,0.2643280247651782,Classic Cars,0.8781421779632532,S10_4757,Land of Toys Inc.,2125557818,897 Long Airport Avenue,NYC,10022,USA,EMEA,Yu,Kwai,Small
0.024708433517139576,-0.8309080121008373,0.8101579745265006,-1.2937399188895102,-0.09538168131087843,6/17/2004 0:00,Shipped,-0.5962425798983697,-0.29881267455413973,0.2643280247651782,Classic Cars,0.8781421779632532,S10_4757,Quebec Home Shopping Network,(514) 555-8054,43 rue St. Laurent,Montreal,H1J 1C3,Canada,EMEA,Fresnisre,Jean,Medium
0.15504522794672865,-0.5228908557285186,0.8101579745265006,-0.5836962812072303,-0.024484453237976617,7/21/2004 0:00,Shipped,0.23455347294126402,-0.025288621290087743,0.2643280247651782,Classic Cars,0.8781421779632532,S10_4757,Petit Auto,(02) 5554 67,Rue Joseph-Bens 532,Bruxelles,B-1180,Belgium,EMEA,Dewey,Catherine,Medium
0.2636592233047195,-1.0362527830157164,0.8101579745265006,-0.1103338560857102,-0.3051193143598788,8/20/2004 0:00,Shipped,0.23455347294126402,0.24823543197396428,0.2643280247651782,Classic Cars,0.8781421779632532,S10_4757,"Royal Canadian Collectables, Ltd.",(604) 555-4555,23 Tsawassen Blvd.,Tsawassen,T2F 8M4,Canada,EMEA,Lincoln,Elizabeth,Small
0.39399601773430865,-1.138925168473156,0.8101579745265006,-1.2937399188895102,-0.0687952207835403,9/10/2004 0:00,Shipped,0.23455347294126402,0.5217594852380163,0.2643280247651782,Classic Cars,0.8781421779632532,S10_4757,Gifts4AllAges.com,6175559555,8616 Spinnaker Dr.,Boston,51003,USA,EMEA,Yoshido,Juri,Medium
0.5243328121638977,-1.344269939388035,0.8101579745265006,0.5997097815965698,-0.46759212869361155,10/14/2004 0:00,Shipped,1.0653495257808978,0.7952835385020682,0.2643280247651782,Classic Cars,0.8781421779632532,S10_4757,"Classic Gift Ideas, Inc",2155554695,782 First Street,Philadelphia,71270,USA,EMEA,Cervantes,Francisca,Small
0.6220854079860895,-0.21487369935619982,0.8101579745265006,2.4931594820826497,0.31227738010830586,11/1/2004 0:00,Shipped,1.0653495257808978,1.0688075917661204,0.2643280247651782,Classic Cars,0.8781421779632532,S10_4757,giftsbymail.co.uk,(198) 555-8888,Garden House Crowther Way,Cowes,PO31 7PJ,UK,EMEA,Bennett,Helen,Medium
0.7198380038082813,1.2225396970479543,-0.9285022980967582,-0.1103338560857102,-0.2726953446277024,11/5/2004 0:00,Shipped,1.0653495257808978,1.0688075917661204,0.2643280247651782,Classic Cars,0.8781421779632532,S10_4757,Baane Mini Imports,07-98 9555,Erling Skakkes gate 78,Stavern,4110,Norway,EMEA,Bergulfsen,Jonas,Medium
0.8501747982378703,-1.0362527830157164,-1.765359594985285,0.3630285690358098,-1.2775397430635287,11/21/2004 0:00,Shipped,1.0653495257808978,1.0688075917661204,0.2643280247651782,Classic Cars,0.8781421779632532,S10_4757,Classic Legends Inc.,2125558493,5905 Pompton St.,NYC,10022,USA,EMEA,Hernandez,Maria,Small
0.9913729922032586,-0.9335803975582768,-0.40596225608224046,-0.3470150686464702,-0.8643146844955452,12/2/2004 0:00,Shipped,1.0653495257808978,1.3423316450301723,0.2643280247651782,Classic Cars,0.8781421779632532,S10_4757,Euro Shopping Channel,(91) 555 94 44,"C/ Moralzarzal, 86",Madrid,28034,Spain,EMEA,Freyre,Diego,Small
1.0891255880254505,1.325212082505394,-1.4366650524277653,-0.1103338560857102,-0.5046046521728471,12/15/2004 0:00,Shipped,1.0653495257808978,1.3423316450301723,0.2643280247651782,Classic Cars,0.8781421779632532,S10_4757,Reims Collectables,26.47.1555,59 rue de l'Abbaye,Reims,51100,France,EMEA,Henriot,Paul,Small
1.2411851815266377,0.40116061338843767,0.8101579745265006,-0.8203774937679902,0.26736385579833577,1/31/2005 0:00,Shipped,-1.4270386327380036,-1.6664329408743999,1.6938261357079059,Classic Cars,0.8781421779632532,S10_4757,"Oulu Toy Supplies, Inc.",981-443655,Torikatu 38,Oulu,90110,Finland,EMEA,Koskitalo,Pirkko,Medium
1.3606605764204276,-0.11220131389876024,0.8101579745265006,-0.5836962812072303,0.702027506311158,2/23/2005 0:00,Shipped,-1.4270386327380036,-1.3929088876103477,1.6938261357079059,Classic Cars,0.8781421779632532,S10_4757,Corporate Gift Ideas Co.,6505551386,7734 Strong St.,San Francisco,28034,USA,EMEA,Brown,Julie,Medium
1.4801359713142177,-0.3175460848136394,0.8101579745265006,-1.0570587063287502,-0.09955210649163726,3/17/2005 0:00,Shipped,-1.4270386327380036,-1.1193848343462958,1.6938261357079059,Classic Cars,0.8781421779632532,S10_4757,Lyon Souveniers,+33 1 46 62 7555,27 rue du Colonel Pierre Avia,Paris,75508,France,EMEA,Da Cunha,Daniel,Medium
1.534442968993213,2.967970249824427,0.8101579745265006,0.5997097815965698,3.316547419697511,4/1/2005 0:00,Shipped,-0.5962425798983697,-0.8458607810822437,1.6938261357079059,Classic Cars,0.8781421779632532,S10_4757,The Sharp Gifts Warehouse,4085553659,3086 Ingle Ln.,San Jose,94217,USA,EMEA,Frick,Sue,Large
1.6865025624944003,-1.652287095760354,0.8101579745265006,-0.8203774937679902,-0.42845095069503053,5/6/2005 0:00,On Hold,-0.5962425798983697,-0.5723367278181918,1.6938261357079059,Classic Cars,0.8781421779632532,S10_4757,Gifts4AllAges.com,6175559555,8616 Spinnaker Dr.,Boston,51003,USA,EMEA,Yoshido,Juri,Small
-1.6913926931391166,0.7091777697607564,0.8101579745265006,-0.5836962812072303,1.001537885568891,1/29/2003 0:00,Shipped,-1.4270386327380036,-1.6664329408743999,-1.1651700861775494,Classic Cars,1.1519048180352645,S10_4962,Baane Mini Imports,07-98 9555,Erling Skakkes gate 78,Stavern,4110,Norway,EMEA,Bergulfsen,Jonas,Medium
-1.5719172982453267,-0.42021847027107895,0.8101579745265006,0.3630285690358098,0.40802339154989586,4/1/2003 0:00,Shipped,-0.5962425798983697,-0.8458607810822437,-1.1651700861775494,Classic Cars,1.1519048180352645,S10_4962,"La Corne D'abondance, Co.",(1) 42.34.2555,"265, boulevard Charonne",Paris,75012,France,EMEA,Bertrand,Marie,Medium
-1.4415805038157374,-1.344269939388035,0.8101579745265006,-0.5836962812072303,-0.11194391672925694,5/28/2003 0:00,Shipped,-0.5962425798983697,-0.5723367278181918,-1.1651700861775494,Classic Cars,1.1519048180352645,S10_4962,"Corrida Auto Replicas, Ltd",(91) 555 22 82,"C/ Araquil, 67",Madrid,28023,Spain,EMEA,Sommer,MartÂ¡n,Medium
-1.2895209103145502,-0.9335803975582768,0.8101579745265006,-0.5836962812072303,-0.1986214254991447,7/24/2003 0:00,Shipped,0.23455347294126402,-0.025288621290087743,-1.1651700861775494,Classic Cars,1.1519048180352645,S10_4962,Technics Stores Inc.,6505556809,9408 Furth Circle,Burlingame,94217,USA,EMEA,Hirano,Juri,Medium
-1.1809069149565594,-1.5496147103029143,0.8101579745265006,-1.2937399188895102,-0.19694891123394453,9/19/2003 0:00,Shipped,0.23455347294126402,0.5217594852380163,-1.1651700861775494,Classic Cars,1.1519048180352645,S10_4962,"Dragon Souveniers, Ltd.",+65 221 7555,"Bronz Sok., Bronz Apt. 3/6 Tesvikiye",Singapore,79903,Singapore,Japan,Natividad,Eric,Medium
-1.0288473214553722,-1.4469423248454747,0.8101579745265006,-1.0570587063287502,-0.009268917617551515,10/21/2003 0:00,Resolved,1.0653495257808978,0.7952835385020682,-1.1651700861775494,Classic Cars,1.1519048180352645,S10_4962,Mini Auto Werke,7675-3555,Kirchgasse 6,Graz,8010,Austria,EMEA,Mendel,Roland,Medium
-0.9093719265615822,-0.21487369935619982,0.8101579745265006,0.5997097815965698,0.9822985412779679,11/6/2003 0:00,Shipped,1.0653495257808978,1.0688075917661204,-1.1651700861775494,Classic Cars,1.1519048180352645,S10_4962,"Stylish Desk Decors, Co.",(171) 555-0297,35 King George,London,WX3 6FW,UK,EMEA,Brown,Ann,Medium
-0.8224807302751894,-0.7282356266433977,0.8101579745265006,-1.2937399188895102,-0.06545019225313976,11/13/2003 0:00,Shipped,1.0653495257808978,1.0688075917661204,-1.1651700861775494,Classic Cars,1.1519048180352645,S10_4962,"Classic Gift Ideas, Inc",2155554695,782 First Street,Philadelphia,71270,USA,EMEA,Cervantes,Francisca,Medium
-0.7030053353813994,-0.9335803975582768,0.8101579745265006,-0.5836962812072303,0.38546616993417643,11/25/2003 0:00,Shipped,1.0653495257808978,1.0688075917661204,-1.1651700861775494,Classic Cars,1.1519048180352645,S10_4962,"Saveley & Henriot, Co.",78.32.5555,"2, rue du Commerce",Lyon,69004,France,EMEA,Saveley,Mary,Medium
-0.5618071414160113,-0.42021847027107895,0.8101579745265006,2.0197970569611297,0.28362199771395064,12/9/2003 0:00,Shipped,1.0653495257808978,1.3423316450301723,-1.1651700861775494,Classic Cars,1.1519048180352645,S10_4962,Diecast Collectables,6175552555,6251 Ingle Ln.,Boston,51003,USA,EMEA,Franco,Valarie,Medium
-0.45319314605802036,1.325212082505394,0.8101579745265006,-0.5836962812072303,1.882442460664038,2/4/2004 0:00,Shipped,-1.4270386327380036,-1.3929088876103477,0.2643280247651782,Classic Cars,1.1519048180352645,S10_4962,Handji Gifts& Co,+65 224 1555,Village Close - 106 Linden Road Sandown,Singapore,69045,Singapore,APAC,Victorino,Wendy,Large
-0.3228563516284313,1.530556853420273,0.8101579745265006,0.5997097815965698,1.5598969985719573,3/11/2004 0:00,Shipped,-1.4270386327380036,-1.1193848343462958,0.2643280247651782,Classic Cars,1.1519048180352645,S10_4962,Mini Gifts Distributors Ltd.,4155551450,5677 Strong St.,San Rafael,97562,USA,EMEA,Nelson,Valarie,Medium
-0.14907395905564585,-0.7282356266433977,0.8101579745265006,-1.0570587063287502,0.5635672182135139,5/4/2004 0:00,Shipped,-0.5962425798983697,-0.5723367278181918,0.2643280247651782,Classic Cars,1.1519048180352645,S10_4962,Super Scale Inc.,2035559545,567 North Pendale Street,New Haven,97823,USA,EMEA,Murphy,Leslie,Medium
0.0029856344455413955,-0.9335803975582768,0.8101579745265006,1.3097534192788498,0.2603751354758922,6/15/2004 0:00,Shipped,-0.5962425798983697,-0.29881267455413973,0.2643280247651782,Classic Cars,1.1519048180352645,S10_4962,Handji Gifts& Co,+65 224 1555,Village Close - 106 Linden Road Sandown,Singapore,69045,Singapore,APAC,Victorino,Wendy,Medium
0.12246102933933138,-0.3175460848136394,0.8101579745265006,-1.0570587063287502,0.4062857143912464,7/19/2004 0:00,Shipped,0.23455347294126402,-0.025288621290087743,0.2643280247651782,Classic Cars,1.1519048180352645,S10_4962,Souveniers And Things Co.,+61 2 9495 8555,"Monitor Money Building, 815 Pacific Hwy",Chatswood,2067,Australia,APAC,Huxley,Adrian,Medium
0.24193642423312137,0.9145225406756355,0.8101579745265006,0.5997097815965698,1.8825293445219708,8/19/2004 0:00,Shipped,0.23455347294126402,0.24823543197396428,0.2643280247651782,Classic Cars,1.1519048180352645,S10_4962,Diecast Classics Inc.,2155551555,7586 Pompton St.,Allentown,70267,USA,EMEA,Yu,Kyung,Large
0.35055041959111227,-0.5228908557285186,0.8101579745265006,-0.5836962812072303,0.16399921606429158,9/8/2004 0:00,Shipped,0.23455347294126402,0.5217594852380163,0.2643280247651782,Classic Cars,1.1519048180352645,S10_4962,Scandinavian Gift Ideas,0695-34 6555,?kergatan 24,Boras,S-844 67,Sweden,EMEA,Larsson,Maria,Medium
0.5026100130922995,0.29848822793099805,0.8101579745265006,1.5464346318396098,1.6979771697911468,10/13/2004 0:00,Shipped,1.0653495257808978,0.7952835385020682,0.2643280247651782,Classic Cars,1.1519048180352645,S10_4962,Marta's Replicas Co.,6175558555,39323 Spinnaker Dr.,Cambridge,51247,USA,EMEA,Hernandez,Marta,Medium
0.5895012093786922,0.5038329988458772,0.8101579745265006,0.1263473564750498,1.6964675627595702,10/22/2004 0:00,Shipped,1.0653495257808978,0.7952835385020682,0.2643280247651782,Classic Cars,1.1519048180352645,S10_4962,Canadian Gift Exchange Network,(604) 555-3392,1900 Oak St.,Vancouver,V3F 2K1,Canada,EMEA,Tannamuri,Yoshi,Medium
0.6872538052008841,1.1198673115905147,-1.0742582490951156,0.3630285690358098,-0.3813924811423525,11/4/2004 0:00,Shipped,1.0653495257808978,1.0688075917661204,0.2643280247651782,Classic Cars,1.1519048180352645,S10_4962,Online Diecast Creations Co.,6035558647,2304 Long Airport Avenue,Nashua,62005,USA,EMEA,Young,Valarie,Small
0.8175905996304731,-0.9335803975582768,0.8101579745265006,-1.0570587063287502,-0.1986214254991447,11/19/2004 0:00,On Hold,1.0653495257808978,1.0688075917661204,0.2643280247651782,Classic Cars,1.1519048180352645,S10_4962,"Volvo Model Replicas, Co",0921-12 3555,BerguvsvÂgen  8,Lule,S-958 22,Sweden,EMEA,Berglund,Christina,Medium
0.9587887935958613,-0.8309080121008373,0.8101579745265006,-1.0570587063287502,0.47466331058410616,11/29/2004 0:00,Shipped,1.0653495257808978,1.0688075917661204,0.2643280247651782,Classic Cars,1.1519048180352645,S10_4962,"Australian Collectors, Co.",03 9520 4555,636 St Kilda Road,Melbourne,3004,Australia,APAC,Ferguson,Peter,Medium
1.0674027889538522,0.8118501552181959,0.8101579745265006,0.5997097815965698,1.2093314922966523,12/10/2004 0:00,Shipped,1.0653495257808978,1.3423316450301723,0.2643280247651782,Classic Cars,1.1519048180352645,S10_4962,Mini Gifts Distributors Ltd.,4155551450,5677 Strong St.,San Rafael,97562,USA,EMEA,Nelson,Valarie,Medium
1.2086009829192403,-0.009528928441320661,-0.8937985002400072,-0.5836962812072303,-0.6824939210484737,1/20/2005 0:00,Shipped,-1.4270386327380036,-1.6664329408743999,1.6938261357079059,Classic Cars,1.1519048180352645,S10_4962,"Anna's Decorations, Ltd",02 9936 8555,201 Miller Street,North Sydney,2060,Australia,APAC,O'Hara,Anna,Small
1.3280763778130305,0.1958158424735585,0.8101579745265006,-0.1103338560857102,1.4540290176812334,2/17/2005 0:00,Shipped,-1.4270386327380036,-1.3929088876103477,1.6938261357079059,Classic Cars,1.1519048180352645,S10_4962,Corporate Gift Ideas Co.,6505551386,7734 Strong St.,San Francisco,28034,USA,EMEA,Brown,Julie,Medium
1.4366903731710212,0.1958158424735585,-1.8223729771785198,0.1263473564750498,-0.9875377160082813,3/9/2005 0:00,Shipped,-1.4270386327380036,-1.1193848343462958,1.6938261357079059,Classic Cars,1.1519048180352645,S10_4962,"Anna's Decorations, Ltd",02 9936 8555,201 Miller Street,North Sydney,2060,Australia,APAC,O'Hara,Anna,Small
1.653918363887003,-0.8309080121008373,0.8101579745265006,-1.0570587063287502,0.4745166940738449,5/1/2005 0:00,Shipped,-0.5962425798983697,-0.5723367278181918,1.6938261357079059,Classic Cars,1.1519048180352645,S10_4962,Quebec Home Shopping Network,(514) 555-8054,43 rue St. Laurent,Montreal,H1J 1C3,Canada,EMEA,Fresnisre,Jean,Medium
1.8059779573881902,0.29848822793099805,0.8101579745265006,1.3097534192788498,1.2712471015557838,5/31/2005 0:00,In Process,-0.5962425798983697,-0.5723367278181918,1.6938261357079059,Classic Cars,1.1519048180352645,S10_4962,La Rochelle Gifts,40.67.8555,"67, rue des Cinquante Otages",Nantes,44000,France,EMEA,Labrune,Janine,Medium
-1.6370856954601212,-0.21487369935619982,0.8101579745265006,-0.1103338560857102,0.9292559460101903,3/3/2003 0:00,Shipped,-1.4270386327380036,-1.1193848343462958,-1.1651700861775494,Classic Cars,2.321617916524767,S12_1099,Cruz & Sons Co.,+63 2 555 3587,15 McCallum Street - NatWest Center #13-03,Makati City,1227 MM,Philippines,Japan,Cruz,Arnold,Medium
-1.485026101958934,0.7091777697607564,0.8101579745265006,0.8363909941573299,2.1970814916842634,5/8/2003 0:00,Shipped,-0.5962425798983697,-0.5723367278181918,-1.1651700861775494,Classic Cars,2.321617916524767,S12_1099,Marseille Mini Autos,91.24.4555,"12, rue des Bouchers",Marseille,13008,France,EMEA,Lebihan,Laurence,Large
-1.3438279079935458,0.7091777697607564,0.8101579745265006,0.1263473564750498,2.418993725326053,7/2/2003 0:00,Shipped,0.23455347294126402,-0.025288621290087743,-1.1651700861775494,Classic Cars,2.321617916524767,S12_1099,Mini Gifts Distributors Ltd.,4155551450,5677 Strong St.,San Rafael,97562,USA,EMEA,Nelson,Valarie,Large
-1.2134911135639566,1.325212082505394,0.8101579745265006,0.1263473564750498,3.0908231567889346,9/5/2003 0:00,Shipped,0.23455347294126402,0.5217594852380163,-1.1651700861775494,Classic Cars,2.321617916524767,S12_1099,Collectables For Less Inc.,6175558555,7825 Douglas Av.,Brickhaven,58339,USA,EMEA,Nelson,Allen,Large
-1.0831543191343675,0.6065053843033168,0.8101579745265006,-1.0570587063287502,2.575270634540976,10/10/2003 0:00,Shipped,1.0653495257808978,0.7952835385020682,-1.1651700861775494,Classic Cars,2.321617916524767,S12_1099,Corporate Gift Ideas Co.,6505551386,7734 Strong St.,San Francisco,28034,USA,EMEA,Brown,Julie,Large
-0.9745403237763767,-0.5228908557285186,0.8101579745265006,-1.0570587063287502,0.7960792825230647,11/4/2003 0:00,Shipped,1.0653495257808978,1.0688075917661204,-1.1651700861775494,Classic Cars,2.321617916524767,S12_1099,"Anna's Decorations, Ltd",02 9936 8555,201 Miller Street,North Sydney,2060,Australia,APAC,O'Hara,Anna,Medium
-0.8442035293467876,-0.8309080121008373,0.8101579745265006,1.7831158444003699,1.0084940244446097,11/12/2003 0:00,Shipped,1.0653495257808978,1.0688075917661204,-1.1651700861775494,Classic Cars,2.321617916524767,S12_1099,Herkku Gifts,+47 2267 3215,"Drammen 121, PR 744 Sentrum",Bergen,N 5804,Norway,EMEA,Oeztan,Veysel,Medium
-0.7355895339887967,-1.4469423248454747,0.8101579745265006,-0.8203774937679902,0.15585385438312183,11/20/2003 0:00,Shipped,1.0653495257808978,1.0688075917661204,-1.1651700861775494,Classic Cars,2.321617916524767,S12_1099,"Toms Spezialitten, Ltd",0221-5554327,Mehrheimerstr. 369,Koln,50739,Germany,EMEA,Pfalzheim,Henriette,Medium
-0.6052527395592077,-1.5496147103029143,0.8101579745265006,0.3630285690358098,0.2044545124141014,12/2/2003 0:00,Shipped,1.0653495257808978,1.3423316450301723,-1.1651700861775494,Classic Cars,2.321617916524767,S12_1099,Euro Shopping Channel,(91) 555 94 44,"C/ Moralzarzal, 86",Madrid,28034,Spain,EMEA,Freyre,Diego,Medium
-0.5183615432728149,0.6065053843033168,0.8101579745265006,-1.0570587063287502,2.142236056364387,1/15/2004 0:00,Shipped,-1.4270386327380036,-1.6664329408743999,0.2643280247651782,Classic Cars,2.321617916524767,S12_1099,Auto Canal Petit,(1) 47.55.6555,"25, rue Lauriston",Paris,75016,France,EMEA,Perrier,Dominique,Large
-0.36630194977162767,-0.8309080121008373,0.8101579745265006,0.5997097815965698,0.5234866085010377,2/22/2004 0:00,Shipped,-1.4270386327380036,-1.3929088876103477,0.2643280247651782,Classic Cars,2.321617916524767,S12_1099,"Vida Sport, Ltd",0897-034555,Grenzacherweg 237,Gensve,1203,Switzerland,EMEA,Holz,Michael,Medium
-0.22510375580623948,-0.7282356266433977,0.8101579745265006,-0.8203774937679902,1.205964742801769,4/9/2004 0:00,Shipped,-0.5962425798983697,-0.8458607810822437,0.2643280247651782,Classic Cars,2.321617916524767,S12_1099,Danish Wholesale Imports,31 12 3555,Vinb'ltet 34,Kobenhavn,1734,Denmark,EMEA,Petersen,Jytte,Medium
-0.06218276276925314,-1.138925168473156,0.8101579745265006,1.5464346318396098,0.20019720337540992,6/1/2004 0:00,Cancelled,-0.5962425798983697,-0.29881267455413973,0.2643280247651782,Classic Cars,2.321617916524767,S12_1099,"UK Collectables, Ltd.",(171) 555-2282,Berkeley Gardens 12  Brewery,Liverpool,WX1 6LT,UK,EMEA,Devon,Elizabeth,Medium
0.07901543119613502,0.9145225406756355,0.8101579745265006,1.7831158444003699,3.044448897617475,7/6/2004 0:00,Shipped,0.23455347294126402,-0.025288621290087743,0.2643280247651782,Classic Cars,2.321617916524767,S12_1099,L'ordine Souveniers,0522-556555,Strada Provinciale 124,Reggio Emilia,42100,Italy,EMEA,Moroni,Maurizio,Large
0.18762942655412593,1.530556853420273,0.8101579745265006,-0.8203774937679902,3.300017765725857,8/2/2004 0:00,Shipped,0.23455347294126402,0.24823543197396428,0.2643280247651782,Classic Cars,2.321617916524767,S12_1099,Online Mini Collectables,6175557555,7635 Spinnaker Dr.,Brickhaven,58339,USA,EMEA,Barajas,Miguel,Large
0.3071048214479159,-1.4469423248454747,0.8101579745265006,1.3097534192788498,-0.0660583792586673,8/30/2004 0:00,Shipped,0.23455347294126402,0.24823543197396428,0.2643280247651782,Classic Cars,2.321617916524767,S12_1099,"Vida Sport, Ltd",0897-034555,Grenzacherweg 237,Gensve,1203,Switzerland,EMEA,Holz,Michael,Medium
0.4483030154133041,-0.21487369935619982,0.8101579745265006,-0.3470150686464702,1.0686719565450924,10/4/2003 0:00,Shipped,1.0653495257808978,0.7952835385020682,-1.1651700861775494,Classic Cars,2.321617916524767,S12_1099,"Blauer See Auto, Co.",+49 69 66 90 2555,Lyonerstr. 34,Frankfurt,60528,Germany,EMEA,Keitel,Roland,Medium
0.556917010771295,-0.21487369935619982,0.8101579745265006,0.8363909941573299,1.8358184104010224,10/16/2004 0:00,Shipped,1.0653495257808978,0.7952835385020682,0.2643280247651782,Classic Cars,2.321617916524767,S12_1099,"Toms Spezialitten, Ltd",0221-5554327,Mehrheimerstr. 369,Koln,50739,Germany,EMEA,Pfalzheim,Henriette,Medium
0.6655310061292858,-0.42021847027107895,0.8101579745265006,-0.8203774937679902,1.8040460696033394,11/3/2004 0:00,Shipped,1.0653495257808978,1.0688075917661204,0.2643280247651782,Classic Cars,2.321617916524767,S12_1099,"Volvo Model Replicas, Co",0921-12 3555,BerguvsvÂgen  8,Lule,S-958 22,Sweden,EMEA,Berglund,Christina,Medium
0.7632836019514777,0.6065053843033168,-0.6042696724065358,-0.3470150686464702,-0.3386401927984528,11/15/2004 0:00,Shipped,1.0653495257808978,1.0688075917661204,0.2643280247651782,Classic Cars,2.321617916524767,S12_1099,Land of Toys Inc.,2125557818,897 Long Airport Avenue,NYC,10022,USA,EMEA,Yu,Kwai,Small
0.8936203963810667,1.017194926133075,-0.19873100602335153,-1.0570587063287502,0.016486716018307177,11/24/2004 0:00,Shipped,1.0653495257808978,1.0688075917661204,0.2643280247651782,Classic Cars,2.321617916524767,S12_1099,Salzburg Collectables,6562-9555,Geislweg 14,Salzburg,5020,Austria,EMEA,Pipps,Georg,Medium
1.1325711861686467,-0.21487369935619982,0.085840136402012,-0.8203774937679902,-0.39967610299601825,1/6/2005 0:00,Shipped,-1.4270386327380036,-1.6664329408743999,1.6938261357079059,Classic Cars,2.321617916524767,S12_1099,Suominen Souveniers,+358 9 8045 555,"Software Engineering Center, SEC Oy",Espoo,FIN-02271,Finland,EMEA,Suominen,Kalle,Small
1.2629079805982357,1.017194926133075,-0.3796865234192713,0.1263473564750498,-0.0727049943905017,2/3/2005 0:00,Shipped,-1.4270386327380036,-1.3929088876103477,1.6938261357079059,Classic Cars,2.321617916524767,S12_1099,La Rochelle Gifts,40.67.8555,"67, rue des Cinquante Otages",Nantes,44000,France,EMEA,Labrune,Janine,Medium
1.414967574099423,-0.9335803975582768,0.7625641946086701,-0.5836962812072303,-0.5315386481319151,3/3/2005 0:00,Shipped,-1.4270386327380036,-1.1193848343462958,1.6938261357079059,Classic Cars,2.321617916524767,S12_1099,Scandinavian Gift Ideas,0695-34 6555,?kergatan 24,Boras,S-844 67,Sweden,EMEA,Larsson,Maria,Small
1.7408095601733957,-2.370993793962431,0.8101579745265006,1.5464346318396098,-0.8648251271608985,5/17/2005 0:00,Shipped,-0.5962425798983697,-0.5723367278181918,1.6938261357079059,Classic Cars,2.321617916524767,S12_1099,Salzburg Collectables,6562-9555,Geislweg 14,Salzburg,5020,Austria,EMEA,Pipps,Georg,Small
-1.6696698940675183,0.6065053843033168,0.8101579745265006,2.0197970569611297,2.7892275649408225,2/11/2003 0:00,Shipped,-1.4270386327380036,-1.3929088876103477,-1.1651700861775494,Classic Cars,2.645155582064417,S12_1108,Danish Wholesale Imports,31 12 3555,Vinb'ltet 34,Kobenhavn,1734,Denmark,EMEA,Petersen,Jytte,Large
-1.5393330996379293,-0.21487369935619982,0.8101579745265006,0.5997097815965698,1.3469663837439383,4/16/2003 0:00,Shipped,-0.5962425798983697,-0.8458607810822437,-1.1651700861775494,Classic Cars,2.645155582064417,S12_1108,"Dragon Souveniers, Ltd.",+65 221 7555,"Bronz Sok., Bronz Apt. 3/6 Tesvikiye",Singapore,79903,Singapore,Japan,Natividad,Eric,Medium
-1.4307191042799385,1.1198673115905147,0.8101579745265006,-1.0570587063287502,4.195030107252791,6/3/2003 0:00,Shipped,-0.5962425798983697,-0.29881267455413973,-1.1651700861775494,Classic Cars,2.645155582064417,S12_1108,Muscle Machine Inc,2125557413,4092 Furth Circle,NYC,10022,USA,EMEA,Young,Jeff,Large
-1.2677981112429522,-0.21487369935619982,0.8101579745265006,1.3097534192788498,2.426992470496961,8/8/2003 0:00,Shipped,0.23455347294126402,0.24823543197396428,-1.1651700861775494,Classic Cars,2.645155582064417,S12_1108,Mini Gifts Distributors Ltd.,4155551450,5677 Strong St.,San Rafael,97562,USA,EMEA,Nelson,Valarie,Large
-1.148322716349162,-1.5496147103029143,0.8101579745265006,1.0730722067180898,0.7331427879332265,9/28/2003 0:00,Shipped,0.23455347294126402,0.5217594852380163,-1.1651700861775494,Classic Cars,2.645155582064417,S12_1108,Euro Shopping Channel,(91) 555 94 44,"C/ Moralzarzal, 86",Madrid,28034,Spain,EMEA,Freyre,Diego,Medium
-1.017985921919573,0.9145225406756355,0.8101579745265006,-0.8203774937679902,2.737184134039268,10/22/2003 0:00,Shipped,1.0653495257808978,0.7952835385020682,-1.1651700861775494,Classic Cars,2.645155582064417,S12_1108,"Dragon Souveniers, Ltd.",+65 221 7555,"Bronz Sok., Bronz Apt. 3/6 Tesvikiye",Singapore,79903,Singapore,Japan,Natividad,Eric,Large
-0.898510527025783,-0.21487369935619982,0.8101579745265006,-1.0570587063287502,2.1289862680296845,11/6/2003 0:00,Shipped,1.0653495257808978,1.0688075917661204,-1.1651700861775494,Classic Cars,2.645155582064417,S12_1108,L'ordine Souveniers,0522-556555,Strada Provinciale 124,Reggio Emilia,42100,Italy,EMEA,Moroni,Maurizio,Large
-0.8007579312035913,-1.4469423248454747,0.8101579745265006,1.5464346318396098,0.1791170073445425,11/14/2003 0:00,Shipped,1.0653495257808978,1.0688075917661204,-1.1651700861775494,Classic Cars,2.645155582064417,S12_1108,Mini Creations Ltd.,5085559555,4575 Hillside Dr.,New Bedford,50553,USA,EMEA,Tam,Wing C,Medium
-0.6812825363098013,1.2225396970479543,0.8101579745265006,-0.3470150686464702,2.8963879432182917,11/26/2003 0:00,Shipped,1.0653495257808978,1.0688075917661204,-1.1651700861775494,Classic Cars,2.645155582064417,S12_1108,Super Scale Inc.,2035559545,567 North Pendale Street,New Haven,97823,USA,EMEA,Murphy,Leslie,Large
-0.5509457418802122,1.1198673115905147,0.8101579745265006,1.5464346318396098,2.7417455365807233,1/2/2004 0:00,Shipped,-1.4270386327380036,-1.6664329408743999,0.2643280247651782,Classic Cars,2.645155582064417,S12_1108,"Saveley & Henriot, Co.",78.32.5555,"2, rue du Commerce",Lyon,69004,France,EMEA,Saveley,Mary,Large
-0.4206089474506231,-0.3175460848136394,0.8101579745265006,-1.0570587063287502,1.9698476217441103,2/12/2004 0:00,Shipped,-1.4270386327380036,-1.3929088876103477,0.2643280247651782,Classic Cars,2.645155582064417,S12_1108,"Clover Collections, Co.",+353 1862 1555,25 Maiden Lane,Dublin,2,Ireland,EMEA,Cassidy,Dean,Large
-0.3011335525568331,0.7091777697607564,0.8101579745265006,-1.0570587063287502,2.6199235072771483,3/19/2004 0:00,Shipped,-1.4270386327380036,-1.1193848343462958,0.2643280247651782,Classic Cars,2.645155582064417,S12_1108,CAF Imports,+34 913 728 555,"Merchants House, 27-30 Merchant's Quay",Madrid,28023,Spain,EMEA,Fernandez,Jesus,Large
-0.12735115998404767,0.9145225406756355,0.8101579745265006,-1.0570587063287502,3.829574879824307,5/5/2004 0:00,Shipped,-0.5962425798983697,-0.5723367278181918,0.2643280247651782,Classic Cars,2.645155582064417,S12_1108,Suominen Souveniers,+358 9 8045 555,"Software Engineering Center, SEC Oy",Espoo,FIN-02271,Finland,EMEA,Suominen,Kalle,Large
0.14418382841092955,-0.009528928441320661,0.8101579745265006,-1.0570587063287502,1.229684036017335,7/20/2004 0:00,Shipped,0.23455347294126402,-0.025288621290087743,0.2643280247651782,Classic Cars,2.645155582064417,S12_1108,Diecast Classics Inc.,2155551555,7586 Pompton St.,Allentown,70267,USA,EMEA,Yu,Kyung,Medium
0.25279782376892046,0.6065053843033168,0.8101579745265006,-0.3470150686464702,1.9100226553164792,8/20/2004 0:00,Shipped,0.23455347294126402,0.24823543197396428,0.2643280247651782,Classic Cars,2.645155582064417,S12_1108,Mini Gifts Distributors Ltd.,4155551450,5677 Strong St.,San Rafael,97562,USA,EMEA,Nelson,Valarie,Large
0.37227321866271046,1.1198673115905147,0.8101579745265006,0.3630285690358098,2.63783244249348,9/9/2004 0:00,Shipped,0.23455347294126402,0.5217594852380163,0.2643280247651782,Classic Cars,2.645155582064417,S12_1108,Amica Models & Co.,011-4988555,Via Monte Bianco 34,Torino,10100,Italy,EMEA,Accorti,Paolo,Large
0.5134714126280986,-0.42021847027107895,0.8101579745265006,1.5464346318396098,1.6382336569803273,10/14/2004 0:00,Shipped,1.0653495257808978,0.7952835385020682,0.2643280247651782,Classic Cars,2.645155582064417,S12_1108,"AV Stores, Co.",(171) 555-1555,Fauntleroy Circus,Manchester,EC2 5NT,UK,EMEA,Ashworth,Victoria,Medium
0.6003626089144913,0.29848822793099805,0.8101579745265006,-0.3470150686464702,2.4010087667340296,10/22/2004 0:00,Shipped,1.0653495257808978,0.7952835385020682,0.2643280247651782,Classic Cars,2.645155582064417,S12_1108,Heintze Collectables,86 21 3555,Smagsloget 45,Aaarhus,8200,Denmark,EMEA,Ibsen,Palle,Large
0.7198380038082813,0.7091777697607564,-0.9746087723921573,0.3630285690358098,-0.470198644431586,11/5/2004 0:00,Shipped,1.0653495257808978,1.0688075917661204,0.2643280247651782,Classic Cars,2.645155582064417,S12_1108,Baane Mini Imports,07-98 9555,Erling Skakkes gate 78,Stavern,4110,Norway,EMEA,Bergulfsen,Jonas,Small
0.8393133987020713,-0.21487369935619982,-1.3107398430618378,0.8363909941573299,-0.9044767478248329,11/20/2004 0:00,Shipped,1.0653495257808978,1.0688075917661204,0.2643280247651782,Classic Cars,2.645155582064417,S12_1108,"La Corne D'abondance, Co.",(1) 42.34.2555,"265, boulevard Charonne",Paris,75012,France,EMEA,Bertrand,Marie,Small
0.9696501931316603,1.325212082505394,-1.5516833538958568,0.3630285690358098,-0.5650758172938513,11/1/2004 0:00,Shipped,1.0653495257808978,1.0688075917661204,0.2643280247651782,Classic Cars,2.645155582064417,S12_1108,"Corrida Auto Replicas, Ltd",(91) 555 22 82,"C/ Araquil, 67",Madrid,28023,Spain,EMEA,Sommer,MartÂ¡n,Small
1.0891255880254505,0.7091777697607564,0.8101579745265006,0.3630285690358098,0.657380063816106,12/15/2004 0:00,Shipped,1.0653495257808978,1.3423316450301723,0.2643280247651782,Classic Cars,2.645155582064417,S12_1108,Reims Collectables,26.47.1555,59 rue de l'Abbaye,Reims,51100,France,EMEA,Henriot,Paul,Medium
1.2194623824550395,-0.3175460848136394,0.8101579745265006,-0.1103338560857102,0.003665916732145906,1/23/2005 0:00,Shipped,-1.4270386327380036,-1.6664329408743999,1.6938261357079059,Classic Cars,2.645155582064417,S12_1108,Mini Gifts Distributors Ltd.,4155551450,5677 Strong St.,San Rafael,97562,USA,EMEA,Nelson,Valarie,Medium
1.3389377773488293,-0.11220131389876024,0.8101579745265006,0.8363909941573299,0.1464812582086557,2/17/2005 0:00,Shipped,-1.4270386327380036,-1.3929088876103477,1.6938261357079059,Classic Cars,2.645155582064417,S12_1108,Mini Gifts Distributors Ltd.,4155551450,5677 Strong St.,San Rafael,97562,USA,EMEA,Nelson,Valarie,Medium
1.4801359713142177,-0.21487369935619982,-0.720775279497059,-1.2937399188895102,-0.6912311790118085,3/17/2005 0:00,Shipped,-1.4270386327380036,-1.1193848343462958,1.6938261357079059,Classic Cars,2.645155582064417,S12_1108,Lyon Souveniers,+33 1 46 62 7555,27 rue du Colonel Pierre Avia,Paris,75508,France,EMEA,Da Cunha,Daniel,Small
1.6756411629586012,0.09314345701611891,0.8101579745265006,-1.0570587063287502,2.7824071820931224,5/5/2005 0:00,Shipped,-0.5962425798983697,-0.5723367278181918,1.6938261357079059,Classic Cars,2.645155582064417,S12_1108,Gift Depot Inc.,2035552570,25593 South Bay Ln.,Bridgewater,97562,USA,EMEA,King,Julie,Large
-1.6913926931391166,-0.8309080121008373,0.8101579745265006,0.3630285690358098,-0.08629145767469285,1/29/2003 0:00,Shipped,-1.4270386327380036,-1.6664329408743999,-1.1651700861775494,Trucks and Buses,0.8781421779632532,S12_1666,Baane Mini Imports,07-98 9555,Erling Skakkes gate 78,Stavern,4110,Norway,EMEA,Bergulfsen,Jonas,Medium
-1.5827786977811258,-1.4469423248454747,0.8101579745265006,-1.0570587063287502,-0.07518118434157728,3/26/2003 0:00,Shipped,-1.4270386327380036,-1.1193848343462958,-1.1651700861775494,Trucks and Buses,0.8781421779632532,S12_1666,Mini Gifts Distributors Ltd.,4155551450,5677 Strong St.,San Rafael,97562,USA,EMEA,Nelson,Valarie,Medium
-1.4415805038157374,-1.4469423248454747,0.8101579745265006,0.3630285690358098,-0.6051021245951195,5/28/2003 0:00,Shipped,-0.5962425798983697,-0.5723367278181918,-1.1651700861775494,Trucks and Buses,0.8781421779632532,S12_1666,"Corrida Auto Replicas, Ltd",(91) 555 22 82,"C/ Araquil, 67",Madrid,28023,Spain,EMEA,Sommer,MartÂ¡n,Small
-1.2895209103145502,0.29848822793099805,0.8101579745265006,0.3630285690358098,0.6928503988170402,7/24/2003 0:00,Shipped,0.23455347294126402,-0.025288621290087743,-1.1651700861775494,Trucks and Buses,0.8781421779632532,S12_1666,Technics Stores Inc.,6505556809,9408 Furth Circle,Burlingame,94217,USA,EMEA,Hirano,Juri,Medium
-1.1809069149565594,-0.5228908557285186,0.8101579745265006,-0.3470150686464702,0.29660570423373545,9/19/2003 0:00,Shipped,0.23455347294126402,0.5217594852380163,-1.1651700861775494,Trucks and Buses,0.8781421779632532,S12_1666,"Dragon Souveniers, Ltd.",+65 221 7555,"Bronz Sok., Bronz Apt. 3/6 Tesvikiye",Singapore,79903,Singapore,Japan,Natividad,Eric,Medium
-1.0288473214553722,1.4278844679628335,0.8101579745265006,-0.1103338560857102,1.634052371317327,10/21/2003 0:00,Resolved,1.0653495257808978,0.7952835385020682,-1.1651700861775494,Trucks and Buses,0.8781421779632532,S12_1666,Mini Auto Werke,7675-3555,Kirchgasse 6,Graz,8010,Austria,EMEA,Mendel,Roland,Medium
-0.9202333260973812,0.8118501552181959,0.8101579745265006,-1.2937399188895102,1.7720673796430673,11/6/2003 0:00,Shipped,1.0653495257808978,1.0688075917661204,-1.1651700861775494,Trucks and Buses,0.8781421779632532,S12_1666,"Australian Gift Network, Co",61-7-3844-6555,31 Duncan St. West End,South Brisbane,4101,Australia,APAC,Calaghan,Tony,Medium
-0.8224807302751894,0.6065053843033168,0.8101579745265006,-0.3470150686464702,1.4173205877047614,11/13/2003 0:00,Shipped,1.0653495257808978,1.0688075917661204,-1.1651700861775494,Trucks and Buses,0.8781421779632532,S12_1666,"Classic Gift Ideas, Inc",2155554695,782 First Street,Philadelphia,71270,USA,EMEA,Cervantes,Francisca,Medium
-0.7030053353813994,0.29848822793099805,0.8101579745265006,0.3630285690358098,0.7493900693665999,11/25/2003 0:00,Shipped,1.0653495257808978,1.0688075917661204,-1.1651700861775494,Trucks and Buses,0.8781421779632532,S12_1666,"Saveley & Henriot, Co.",78.32.5555,"2, rue du Commerce",Lyon,69004,France,EMEA,Saveley,Mary,Medium
-0.5726685409518104,-0.7282356266433977,0.8101579745265006,-0.8203774937679902,0.2728538295714443,12/5/2003 0:00,Shipped,1.0653495257808978,1.3423316450301723,-1.1651700861775494,Trucks and Buses,0.8781421779632532,S12_1666,Canadian Gift Exchange Network,(604) 555-3392,1900 Oak St.,Vancouver,V3F 2K1,Canada,EMEA,Tannamuri,Yoshi,Medium
-0.4640545455938195,0.8118501552181959,0.8101579745265006,-1.2937399188895102,1.1976564738869757,2/2/2004 0:00,Shipped,-1.4270386327380036,-1.3929088876103477,0.2643280247651782,Trucks and Buses,0.8781421779632532,S12_1666,Auto Assoc. & Cie.,30.59.8555,"67, avenue de l'Europe",Versailles,78000,France,EMEA,Tonini,Daniel,Medium
-0.3228563516284313,-1.0362527830157164,0.8101579745265006,1.5464346318396098,-0.055871246916084194,3/11/2004 0:00,Shipped,-1.4270386327380036,-1.1193848343462958,0.2643280247651782,Trucks and Buses,0.8781421779632532,S12_1666,Mini Gifts Distributors Ltd.,4155551450,5677 Strong St.,San Rafael,97562,USA,EMEA,Nelson,Valarie,Medium
-0.14907395905564585,0.29848822793099805,0.8101579745265006,-0.1103338560857102,1.2850724954492894,5/4/2004 0:00,Shipped,-0.5962425798983697,-0.5723367278181918,0.2643280247651782,Trucks and Buses,0.8781421779632532,S12_1666,Super Scale Inc.,2035559545,567 North Pendale Street,New Haven,97823,USA,EMEA,Murphy,Leslie,Medium
-0.007875765090257694,0.6065053843033168,0.8101579745265006,-0.8203774937679902,1.691167647425689,6/15/2004 0:00,Shipped,-0.5962425798983697,-0.29881267455413973,0.2643280247651782,Trucks and Buses,0.8781421779632532,S12_1666,"Tokyo Collectables, Ltd",+81 3 3584 0555,2-2-8 Roppongi,Minato-ku,106-0032,Japan,Japan,Shimamura,Akiko,Medium
0.12246102933933138,-0.7282356266433977,0.8101579745265006,-0.1103338560857102,0.29368423451075554,7/19/2004 0:00,Shipped,0.23455347294126402,-0.025288621290087743,0.2643280247651782,Trucks and Buses,0.8781421779632532,S12_1666,Souveniers And Things Co.,+61 2 9495 8555,"Monitor Money Building, 815 Pacific Hwy",Chatswood,2067,Australia,APAC,Huxley,Adrian,Medium
0.24193642423312137,-1.0362527830157164,0.8101579745265006,1.5464346318396098,-0.334171104356051,8/19/2004 0:00,Shipped,0.23455347294126402,0.24823543197396428,0.2643280247651782,Trucks and Buses,0.8781421779632532,S12_1666,Diecast Classics Inc.,2155551555,7586 Pompton St.,Allentown,70267,USA,EMEA,Yu,Kyung,Small
0.35055041959111227,0.6065053843033168,0.8101579745265006,0.3630285690358098,1.5388819654345394,9/8/2004 0:00,Shipped,0.23455347294126402,0.5217594852380163,0.2643280247651782,Trucks and Buses,0.8781421779632532,S12_1666,Scandinavian Gift Ideas,0695-34 6555,?kergatan 24,Boras,S-844 67,Sweden,EMEA,Larsson,Maria,Medium
0.49174861355650046,0.40116061338843767,0.8101579745265006,-0.8203774937679902,1.5433347631535788,10/11/2004 0:00,Shipped,1.0653495257808978,0.7952835385020682,0.2643280247651782,Trucks and Buses,0.8781421779632532,S12_1666,Auto Assoc. & Cie.,30.59.8555,"67, avenue de l'Europe",Versailles,78000,France,EMEA,Tonini,Daniel,Medium
0.5895012093786922,-1.4469423248454747,0.8101579745265006,1.0730722067180898,-0.48046180014985995,10/22/2004 0:00,Shipped,1.0653495257808978,0.7952835385020682,0.2643280247651782,Trucks and Buses,0.8781421779632532,S12_1666,Canadian Gift Exchange Network,(604) 555-3392,1900 Oak St.,Vancouver,V3F 2K1,Canada,EMEA,Tannamuri,Yoshi,Small
0.6872538052008841,-0.8309080121008373,0.8101579745265006,0.5997097815965698,0.6680504876184387,11/4/2004 0:00,Shipped,1.0653495257808978,1.0688075917661204,0.2643280247651782,Trucks and Buses,0.8781421779632532,S12_1666,Online Diecast Creations Co.,6035558647,2304 Long Airport Avenue,Nashua,62005,USA,EMEA,Young,Valarie,Medium
0.8067292000946741,-0.21487369935619982,0.770992259802452,-0.1103338560857102,-0.15202452644173292,11/18/2004 0:00,Shipped,1.0653495257808978,1.0688075917661204,0.2643280247651782,Trucks and Buses,0.8781421779632532,S12_1666,Mini Wheels Co.,6505555787,5557 North Pendale Street,San Francisco,28034,USA,EMEA,Murphy,Julie,Medium
0.9587887935958613,-0.6255632411859581,0.8101579745265006,-0.8203774937679902,0.017670508582637093,11/29/2004 0:00,Shipped,1.0653495257808978,1.0688075917661204,0.2643280247651782,Trucks and Buses,0.8781421779632532,S12_1666,"Australian Collectors, Co.",03 9520 4555,636 St Kilda Road,Melbourne,3004,Australia,APAC,Ferguson,Peter,Medium
1.0674027889538522,1.4278844679628335,0.8101579745265006,0.3630285690358098,1.3067717389679256,12/10/2004 0:00,Shipped,1.0653495257808978,1.3423316450301723,0.2643280247651782,Trucks and Buses,0.8781421779632532,S12_1666,Mini Gifts Distributors Ltd.,4155551450,5677 Strong St.,San Rafael,97562,USA,EMEA,Nelson,Valarie,Medium
1.2086009829192403,1.4278844679628335,0.8101579745265006,0.3630285690358098,2.669642794979008,1/20/2005 0:00,Shipped,-1.4270386327380036,-1.6664329408743999,1.6938261357079059,Trucks and Buses,0.8781421779632532,S12_1666,"Anna's Decorations, Ltd",02 9936 8555,201 Miller Street,North Sydney,2060,Australia,APAC,O'Hara,Anna,Large
1.3280763778130305,-1.5496147103029143,0.8101579745265006,-1.2937399188895102,-0.3268402788429982,2/17/2005 0:00,Shipped,-1.4270386327380036,-1.3929088876103477,1.6938261357079059,Trucks and Buses,0.8781421779632532,S12_1666,Corporate Gift Ideas Co.,6505551386,7734 Strong St.,San Francisco,28034,USA,EMEA,Brown,Julie,Small
1.4366903731710212,0.40116061338843767,-1.0142702556570162,0.5997097815965698,-0.5914016262473919,3/9/2005 0:00,Shipped,-1.4270386327380036,-1.1193848343462958,1.6938261357079059,Trucks and Buses,0.8781421779632532,S12_1666,"Anna's Decorations, Ltd",02 9936 8555,201 Miller Street,North Sydney,2060,Australia,APAC,O'Hara,Anna,Small
1.653918363887003,0.5038329988458772,0.8101579745265006,-0.1103338560857102,1.4542788087727894,5/1/2005 0:00,Shipped,-0.5962425798983697,-0.5723367278181918,1.6938261357079059,Trucks and Buses,0.8781421779632532,S12_1666,Quebec Home Shopping Network,(514) 555-8054,43 rue St. Laurent,Montreal,H1J 1C3,Canada,EMEA,Fresnisre,Jean,Medium
1.795116557852391,1.4278844679628335,0.8101579745265006,-0.8203774937679902,2.3977071801325955,5/31/2005 0:00,In Process,-0.5962425798983697,-0.5723367278181918,1.6938261357079059,Trucks and Buses,0.8781421779632532,S12_1666,Euro Shopping Channel,(91) 555 94 44,"C/ Moralzarzal, 86",Madrid,28034,Spain,EMEA,Freyre,Diego,Large
-1.6479470949959203,-1.4469423248454747,0.8101579745265006,-1.2937399188895102,-0.2809004389612008,2/24/2003 0:00,Shipped,-1.4270386327380036,-1.3929088876103477,-1.1651700861775494,Motorcycles,1.226567356236722,S12_2823,Land of Toys Inc.,2125557818,897 Long Airport Avenue,NYC,10022,USA,EMEA,Yu,Kwai,Medium
-1.495887501494733,1.530556853420273,0.8101579745265006,-0.5836962812072303,2.5685642867568124,5/7/2003 0:00,Shipped,-0.5962425798983697,-0.5723367278181918,-1.1651700861775494,Motorcycles,1.226567356236722,S12_2823,Reims Collectables,26.47.1555,59 rue de l'Abbaye,Reims,51100,France,EMEA,Henriot,Paul,Large
-1.354689307529345,-1.5496147103029143,0.8101579745265006,-1.2937399188895102,-0.45760048503137685,7/1/2003 0:00,Shipped,0.23455347294126402,-0.025288621290087743,-1.1651700861775494,Motorcycles,1.226567356236722,S12_2823,Lyon Souveniers,+33 1 46 62 7555,27 rue du Colonel Pierre Avia,Paris,75508,France,EMEA,Da Cunha,Daniel,Small
-1.2352139126355548,1.4278844679628335,0.8101579745265006,-0.3470150686464702,2.598865032210764,8/25/2003 0:00,Shipped,0.23455347294126402,0.24823543197396428,-1.1651700861775494,Motorcycles,1.226567356236722,S12_2823,Toys4GrownUps.com,6265557265,78934 Hillside Dr.,Pasadena,90003,USA,EMEA,Young,Julie,Large
-1.0831543191343675,0.29848822793099805,0.8101579745265006,1.5464346318396098,1.4579930936994028,10/10/2003 0:00,Shipped,1.0653495257808978,0.7952835385020682,-1.1651700861775494,Motorcycles,1.226567356236722,S12_2823,Corporate Gift Ideas Co.,6505551386,7734 Strong St.,San Francisco,28034,USA,EMEA,Brown,Julie,Medium
-0.9745403237763767,-0.009528928441320661,0.8101579745265006,1.5464346318396098,0.5893771542605803,11/4/2003 0:00,Shipped,1.0653495257808978,1.0688075917661204,-1.1651700861775494,Motorcycles,1.226567356236722,S12_2823,"Anna's Decorations, Ltd",02 9936 8555,201 Miller Street,North Sydney,2060,Australia,APAC,O'Hara,Anna,Medium
-0.8550649288825867,0.5038329988458772,0.8101579745265006,0.3630285690358098,1.734262040960198,11/11/2003 0:00,Shipped,1.0653495257808978,1.0688075917661204,-1.1651700861775494,Motorcycles,1.226567356236722,S12_2823,Daedalus Designs Imports,20.16.1555,"184, chausse de Tournai",Lille,59000,France,EMEA,Rance,Martine,Medium
-0.7573123330603949,-0.7282356266433977,0.8101579745265006,-1.2937399188895102,0.5205379875724541,11/18/2003 0:00,Shipped,1.0653495257808978,1.0688075917661204,-1.1651700861775494,Motorcycles,1.226567356236722,S12_2823,Toys4GrownUps.com,6265557265,78934 Hillside Dr.,Pasadena,90003,USA,EMEA,Young,Julie,Medium
-0.6269755386308058,-1.0362527830157164,0.8101579745265006,-1.2937399188895102,0.2579966898649906,12/1/2003 0:00,Shipped,1.0653495257808978,1.3423316450301723,-1.1651700861775494,Motorcycles,1.226567356236722,S12_2823,Mini Wheels Co.,6505555787,5557 North Pendale Street,San Francisco,28034,USA,EMEA,Murphy,Julie,Medium
-0.5183615432728149,0.09314345701611891,0.8101579745265006,1.5464346318396098,0.6613550003165172,1/15/2004 0:00,Shipped,-1.4270386327380036,-1.6664329408743999,0.2643280247651782,Motorcycles,1.226567356236722,S12_2823,Auto Canal Petit,(1) 47.55.6555,"25, rue Lauriston",Paris,75016,France,EMEA,Perrier,Dominique,Medium
-0.37716334930742673,0.8118501552181959,0.8101579745265006,-0.1103338560857102,1.3760507551868348,2/21/2004 0:00,Shipped,-1.4270386327380036,-1.3929088876103477,0.2643280247651782,Motorcycles,1.226567356236722,S12_2823,Daedalus Designs Imports,20.16.1555,"184, chausse de Tournai",Lille,59000,France,EMEA,Rance,Martine,Medium
-0.23596515534203857,-0.3175460848136394,0.8101579745265006,-0.1103338560857102,0.3472046909971616,4/5/2004 0:00,Shipped,-0.5962425798983697,-0.8458607810822437,0.2643280247651782,Motorcycles,1.226567356236722,S12_2823,Vitachrome Inc.,2125551500,2678 Kingston Rd.,NYC,10022,USA,EMEA,Frick,Michael,Medium
-0.08390556184085132,1.1198673115905147,0.8101579745265006,-1.2937399188895102,2.17122268346711,5/18/2004 0:00,Shipped,-0.5962425798983697,-0.5723367278181918,0.2643280247651782,Motorcycles,1.226567356236722,S12_2823,Tekni Collectables Inc.,2015559350,7476 Moss Rd.,Newark,94019,USA,EMEA,Brown,William,Large
0.046431232588737756,1.325212082505394,0.8101579745265006,-1.2937399188895102,1.5641868890573731,6/28/2004 0:00,Shipped,-0.5962425798983697,-0.29881267455413973,0.2643280247651782,Motorcycles,1.226567356236722,S12_2823,Gift Depot Inc.,2035552570,25593 South Bay Ln.,Bridgewater,97562,USA,EMEA,King,Julie,Medium
0.18762942655412593,0.8118501552181959,0.8101579745265006,1.7831158444003699,0.8838319790348671,8/2/2004 0:00,Shipped,0.23455347294126402,0.24823543197396428,0.2643280247651782,Motorcycles,1.226567356236722,S12_2823,Online Mini Collectables,6175557555,7635 Spinnaker Dr.,Brickhaven,58339,USA,EMEA,Barajas,Miguel,Medium
0.2853820223763177,1.4278844679628335,0.8101579745265006,-0.3470150686464702,1.797426605677109,8/27/2004 0:00,Shipped,0.23455347294126402,0.24823543197396428,0.2643280247651782,Motorcycles,1.226567356236722,S12_2823,Marta's Replicas Co.,6175558555,39323 Spinnaker Dr.,Cambridge,51247,USA,EMEA,Hernandez,Marta,Medium
0.43744161587750496,-1.138925168473156,0.8101579745265006,0.3630285690358098,0.3275254971754556,9/30/2004 0:00,Shipped,0.23455347294126402,0.5217594852380163,0.2643280247651782,Motorcycles,1.226567356236722,S12_2823,"Toys of Finland, Co.",90-224 8555,Keskuskatu 45,Helsinki,21240,Finland,EMEA,Karttunen,Matti,Medium
0.5460556112354958,-0.9335803975582768,0.8101579745265006,-0.5836962812072303,0.6007752303730971,10/15/2004 0:00,Shipped,1.0653495257808978,0.7952835385020682,0.2643280247651782,Motorcycles,1.226567356236722,S12_2823,Baane Mini Imports,07-98 9555,Erling Skakkes gate 78,Stavern,4110,Norway,EMEA,Bergulfsen,Jonas,Medium
0.6546696065934868,-0.5228908557285186,0.8101579745265006,0.5997097815965698,0.30295908634504776,11/3/2004 0:00,Shipped,1.0653495257808978,1.0688075917661204,0.2643280247651782,Motorcycles,1.226567356236722,S12_2823,Microscale Inc.,2125551957,5290 North Pendale Street,NYC,10022,USA,EMEA,Kuo,Kee,Medium
0.7632836019514777,-1.138925168473156,0.8101579745265006,-0.1103338560857102,-0.006108517285257806,11/15/2004 0:00,Shipped,1.0653495257808978,1.0688075917661204,0.2643280247651782,Motorcycles,1.226567356236722,S12_2823,Land of Toys Inc.,2125557818,897 Long Airport Avenue,NYC,10022,USA,EMEA,Yu,Kwai,Medium
0.8936203963810667,2.043918780707471,0.8101579745265006,0.3630285690358098,2.4787209474135103,11/24/2004 0:00,Shipped,1.0653495257808978,1.0688075917661204,0.2643280247651782,Motorcycles,1.226567356236722,S12_2823,Salzburg Collectables,6562-9555,Geislweg 14,Salzburg,5020,Austria,EMEA,Pipps,Georg,Large
1.1217097866328476,-1.344269939388035,0.8101579745265006,-1.2937399188895102,0.17548960627586163,1/5/2005 0:00,Shipped,-1.4270386327380036,-1.6664329408743999,1.6938261357079059,Motorcycles,1.226567356236722,S12_2823,Technics Stores Inc.,6505556809,9408 Furth Circle,Burlingame,94217,USA,EMEA,Hirano,Juri,Medium
1.2629079805982357,1.4278844679628335,-0.23492210950253561,1.5464346318396098,0.17007022563732335,2/3/2005 0:00,Shipped,-1.4270386327380036,-1.3929088876103477,1.6938261357079059,Motorcycles,1.226567356236722,S12_2823,La Rochelle Gifts,40.67.8555,"67, rue des Cinquante Otages",Nantes,44000,France,EMEA,Labrune,Janine,Medium
1.404106174563624,0.9145225406756355,0.8101579745265006,-0.1103338560857102,1.30192796388819,3/3/2005 0:00,Shipped,-1.4270386327380036,-1.1193848343462958,1.6938261357079059,Motorcycles,1.226567356236722,S12_2823,FunGiftIdeas.com,5085552555,1785 First Street,New Bedford,50553,USA,EMEA,Benitez,Violeta,Medium
1.5670271676006102,3.1733150207393064,0.8101579745265006,-0.1103338560857102,2.7665725989849284,4/8/2005 0:00,Shipped,-0.5962425798983697,-0.8458607810822437,1.6938261357079059,Motorcycles,1.226567356236722,S12_2823,"UK Collectables, Ltd.",(171) 555-2282,Berkeley Gardens 12  Brewery,Liverpool,WX1 6LT,UK,EMEA,Devon,Elizabeth,Large
1.7190867611017975,-1.4469423248454747,0.8101579745265006,-1.2937399188895102,-0.05761978455697519,5/13/2005 0:00,Disputed,-0.5962425798983697,-0.5723367278181918,1.6938261357079059,Motorcycles,1.226567356236722,S12_2823,Euro Shopping Channel,(91) 555 94 44,"C/ Moralzarzal, 86",Madrid,28034,Spain,EMEA,Freyre,Diego,Medium
-1.6805312936033174,-0.11220131389876024,0.8101579745265006,-1.2937399188895102,1.3057617141194606,1/31/2003 0:00,Shipped,-1.4270386327380036,-1.6664329408743999,-1.1651700861775494,Classic Cars,1.2514548689705414,S12_3148,Euro Shopping Channel,(91) 555 94 44,"C/ Moralzarzal, 86",Madrid,28034,Spain,EMEA,Freyre,Diego,Medium
-1.5393330996379293,0.8118501552181959,0.8101579745265006,0.8363909941573299,1.2803156042274866,4/16/2003 0:00,Shipped,-0.5962425798983697,-0.8458607810822437,-1.1651700861775494,Classic Cars,1.2514548689705414,S12_3148,"Dragon Souveniers, Ltd.",+65 221 7555,"Bronz Sok., Bronz Apt. 3/6 Tesvikiye",Singapore,79903,Singapore,Japan,Natividad,Eric,Medium
-1.4307191042799385,1.1198673115905147,0.8101579745265006,-0.8203774937679902,2.0703070824785375,6/3/2003 0:00,Shipped,-0.5962425798983697,-0.29881267455413973,-1.1651700861775494,Classic Cars,1.2514548689705414,S12_3148,Muscle Machine Inc,2125557413,4092 Furth Circle,NYC,10022,USA,EMEA,Young,Jeff,Large
-1.2677981112429522,-0.21487369935619982,0.8101579745265006,1.5464346318396098,0.7774752764432734,8/8/2003 0:00,Shipped,0.23455347294126402,0.24823543197396428,-1.1651700861775494,Classic Cars,1.2514548689705414,S12_3148,Mini Gifts Distributors Ltd.,4155551450,5677 Strong St.,San Rafael,97562,USA,EMEA,Nelson,Valarie,Medium
-1.148322716349162,0.7091777697607564,0.8101579745265006,1.3097534192788498,0.9990291141710909,9/28/2003 0:00,Shipped,0.23455347294126402,0.5217594852380163,-1.1651700861775494,Classic Cars,1.2514548689705414,S12_3148,Euro Shopping Channel,(91) 555 94 44,"C/ Moralzarzal, 86",Madrid,28034,Spain,EMEA,Freyre,Diego,Medium
-1.017985921919573,-0.11220131389876024,0.8101579745265006,-0.5836962812072303,0.7201210697255968,10/22/2003 0:00,Shipped,1.0653495257808978,0.7952835385020682,-1.1651700861775494,Classic Cars,1.2514548689705414,S12_3148,"Dragon Souveniers, Ltd.",+65 221 7555,"Bronz Sok., Bronz Apt. 3/6 Tesvikiye",Singapore,79903,Singapore,Japan,Natividad,Eric,Medium
-0.898510527025783,1.2225396970479543,0.8101579745265006,-0.8203774937679902,2.619983239929477,11/6/2003 0:00,Shipped,1.0653495257808978,1.0688075917661204,-1.1651700861775494,Classic Cars,1.2514548689705414,S12_3148,L'ordine Souveniers,0522-556555,Strada Provinciale 124,Reggio Emilia,42100,Italy,EMEA,Moroni,Maurizio,Large
-0.8007579312035913,-0.21487369935619982,0.8101579745265006,1.7831158444003699,0.2629979419372288,11/14/2003 0:00,Shipped,1.0653495257808978,1.0688075917661204,-1.1651700861775494,Classic Cars,1.2514548689705414,S12_3148,Mini Creations Ltd.,5085559555,4575 Hillside Dr.,New Bedford,50553,USA,EMEA,Tam,Wing C,Medium
-0.6812825363098013,-1.138925168473156,0.8101579745265006,-0.1103338560857102,0.1375104998771274,11/26/2003 0:00,Shipped,1.0653495257808978,1.0688075917661204,-1.1651700861775494,Classic Cars,1.2514548689705414,S12_3148,Super Scale Inc.,2035559545,567 North Pendale Street,New Haven,97823,USA,EMEA,Murphy,Leslie,Medium
-0.5509457418802122,-0.9335803975582768,0.8101579745265006,1.7831158444003699,-0.22347020886783311,1/2/2004 0:00,Shipped,-1.4270386327380036,-1.6664329408743999,0.2643280247651782,Classic Cars,1.2514548689705414,S12_3148,"Saveley & Henriot, Co.",78.32.5555,"2, rue du Commerce",Lyon,69004,France,EMEA,Saveley,Mary,Medium
-0.4206089474506231,-0.5228908557285186,0.8101579745265006,-0.8203774937679902,0.6297509969935786,2/12/2004 0:00,Shipped,-1.4270386327380036,-1.3929088876103477,0.2643280247651782,Classic Cars,1.2514548689705414,S12_3148,"Clover Collections, Co.",+353 1862 1555,25 Maiden Lane,Dublin,2,Ireland,EMEA,Cassidy,Dean,Medium
-0.3119949520926322,0.8118501552181959,0.8101579745265006,-1.2937399188895102,1.8801780501166732,3/15/2004 0:00,Shipped,-1.4270386327380036,-1.1193848343462958,0.2643280247651782,Classic Cars,1.2514548689705414,S12_3148,"Blauer See Auto, Co.",+49 69 66 90 2555,Lyonerstr. 34,Frankfurt,60528,Germany,EMEA,Keitel,Roland,Large
-0.12735115998404767,-1.0362527830157164,0.8101579745265006,-0.8203774937679902,0.44927693334446045,5/5/2004 0:00,Shipped,-0.5962425798983697,-0.5723367278181918,0.2643280247651782,Classic Cars,1.2514548689705414,S12_3148,Suominen Souveniers,+358 9 8045 555,"Software Engineering Center, SEC Oy",Espoo,FIN-02271,Finland,EMEA,Suominen,Kalle,Medium
0.14418382841092955,-0.8309080121008373,0.8101579745265006,-0.8203774937679902,0.3959302445739194,7/20/2004 0:00,Shipped,0.23455347294126402,-0.025288621290087743,0.2643280247651782,Classic Cars,1.2514548689705414,S12_3148,Diecast Classics Inc.,2155551555,7586 Pompton St.,Allentown,70267,USA,EMEA,Yu,Kyung,Medium
0.25279782376892046,-0.8309080121008373,0.8101579745265006,-0.1103338560857102,0.440355047183019,8/20/2004 0:00,Shipped,0.23455347294126402,0.24823543197396428,0.2643280247651782,Classic Cars,1.2514548689705414,S12_3148,Mini Gifts Distributors Ltd.,4155551450,5677 Strong St.,San Rafael,97562,USA,EMEA,Nelson,Valarie,Medium
0.37227321866271046,-1.138925168473156,0.8101579745265006,0.5997097815965698,0.37379115152449977,9/9/2004 0:00,Shipped,0.23455347294126402,0.5217594852380163,0.2643280247651782,Classic Cars,1.2514548689705414,S12_3148,Amica Models & Co.,011-4988555,Via Monte Bianco 34,Torino,10100,Italy,EMEA,Accorti,Paolo,Medium
0.5134714126280986,-0.11220131389876024,0.8101579745265006,1.7831158444003699,0.7758787855537638,10/14/2004 0:00,Shipped,1.0653495257808978,0.7952835385020682,0.2643280247651782,Classic Cars,1.2514548689705414,S12_3148,"AV Stores, Co.",(171) 555-1555,Fauntleroy Circus,Manchester,EC2 5NT,UK,EMEA,Ashworth,Victoria,Medium
0.6003626089144913,1.1198673115905147,0.8101579745265006,-0.1103338560857102,1.5419989238378669,10/22/2004 0:00,Shipped,1.0653495257808978,0.7952835385020682,0.2643280247651782,Classic Cars,1.2514548689705414,S12_3148,Heintze Collectables,86 21 3555,Smagsloget 45,Aaarhus,8200,Denmark,EMEA,Ibsen,Palle,Medium
0.7089766042724822,-0.8309080121008373,-1.4540169513561412,-1.2937399188895102,-1.1332799574488917,11/5/2004 0:00,Shipped,1.0653495257808978,1.0688075917661204,0.2643280247651782,Classic Cars,1.2514548689705414,S12_3148,Vitachrome Inc.,2125551500,2678 Kingston Rd.,NYC,10022,USA,EMEA,Frick,Michael,Small
0.8393133987020713,-0.21487369935619982,0.8101579745265006,1.0730722067180898,0.27446661118431576,11/20/2004 0:00,Shipped,1.0653495257808978,1.0688075917661204,0.2643280247651782,Classic Cars,1.2514548689705414,S12_3148,"La Corne D'abondance, Co.",(1) 42.34.2555,"265, boulevard Charonne",Paris,75012,France,EMEA,Bertrand,Marie,Medium
0.9696501931316603,1.2225396970479543,0.8101579745265006,-0.5836962812072303,0.677493676927475,11/1/2004 0:00,Shipped,1.0653495257808978,1.0688075917661204,0.2643280247651782,Classic Cars,1.2514548689705414,S12_3148,"Corrida Auto Replicas, Ltd",(91) 555 22 82,"C/ Araquil, 67",Madrid,28023,Spain,EMEA,Sommer,MartÂ¡n,Medium
1.0782641884896513,1.4278844679628335,-1.4039443287342566,-0.3470150686464702,-0.457350693939821,12/10/2004 0:00,Shipped,1.0653495257808978,1.3423316450301723,0.2643280247651782,Classic Cars,1.2514548689705414,S12_3148,Euro Shopping Channel,(91) 555 94 44,"C/ Moralzarzal, 86",Madrid,28034,Spain,EMEA,Freyre,Diego,Small
1.2303237819908386,0.5038329988458772,0.8101579745265006,-0.5836962812072303,1.2533598873039353,1/26/2005 0:00,Shipped,-1.4270386327380036,-1.6664329408743999,1.6938261357079059,Classic Cars,1.2514548689705414,S12_3148,"Tokyo Collectables, Ltd",+81 3 3584 0555,2-2-8 Roppongi,Minato-ku,106-0032,Japan,Japan,Shimamura,Akiko,Medium
1.3389377773488293,0.1958158424735585,0.8101579745265006,1.0730722067180898,0.28126527306753213,2/17/2005 0:00,Shipped,-1.4270386327380036,-1.3929088876103477,1.6938261357079059,Classic Cars,1.2514548689705414,S12_3148,Mini Gifts Distributors Ltd.,4155551450,5677 Strong St.,San Rafael,97562,USA,EMEA,Nelson,Valarie,Medium
1.6756411629586012,1.2225396970479543,0.8101579745265006,-0.8203774937679902,2.542906397461128,5/5/2005 0:00,Shipped,-0.5962425798983697,-0.5723367278181918,1.6938261357079059,Classic Cars,1.2514548689705414,S12_3148,Gift Depot Inc.,2035552570,25593 South Bay Ln.,Bridgewater,97562,USA,EMEA,King,Julie,Large
-1.6370856954601212,1.017194926133075,0.8101579745265006,-0.5836962812072303,1.3990804077800625,3/3/2003 0:00,Shipped,-1.4270386327380036,-1.1193848343462958,-1.1651700861775494,Classic Cars,0.4052794360206883,S12_3380,Cruz & Sons Co.,+63 2 555 3587,15 McCallum Street - NatWest Center #13-03,Makati City,1227 MM,Philippines,Japan,Cruz,Arnold,Medium
-1.485026101958934,0.1958158424735585,0.801234140791907,0.3630285690358098,0.07572521640489453,5/8/2003 0:00,Shipped,-0.5962425798983697,-0.5723367278181918,-1.1651700861775494,Classic Cars,0.4052794360206883,S12_3380,Marseille Mini Autos,91.24.4555,"12, rue des Bouchers",Marseille,13008,France,EMEA,Lebihan,Laurence,Medium
-1.3438279079935458,1.325212082505394,0.8101579745265006,-0.3470150686464702,1.3455002186413276,7/2/2003 0:00,Shipped,0.23455347294126402,-0.025288621290087743,-1.1651700861775494,Classic Cars,0.4052794360206883,S12_3380,Mini Gifts Distributors Ltd.,4155551450,5677 Strong St.,San Rafael,97562,USA,EMEA,Nelson,Valarie,Medium
-1.2134911135639566,-0.42021847027107895,0.8101579745265006,-0.3470150686464702,-0.03201076743137755,9/5/2003 0:00,Shipped,0.23455347294126402,0.5217594852380163,-1.1651700861775494,Classic Cars,0.4052794360206883,S12_3380,Collectables For Less Inc.,6175558555,7825 Douglas Av.,Brickhaven,58339,USA,EMEA,Nelson,Allen,Medium
-1.0722929195985684,1.1198673115905147,0.8101579745265006,-0.1103338560857102,0.9449982150193315,10/11/2003 0:00,Shipped,1.0653495257808978,0.7952835385020682,-1.1651700861775494,Classic Cars,0.4052794360206883,S12_3380,"Men 'R' US Retailers, Ltd.",2155554369,6047 Douglas Av.,Los Angeles,28034,USA,EMEA,Chandler,Michael,Medium
-0.9636789242405776,1.2225396970479543,0.8101579745265006,-0.5836962812072303,1.0376109773342312,11/4/2003 0:00,Shipped,1.0653495257808978,1.0688075917661204,-1.1651700861775494,Classic Cars,0.4052794360206883,S12_3380,Mini Auto Werke,7675-3555,Kirchgasse 6,Graz,8010,Austria,EMEA,Mendel,Roland,Medium
-0.8442035293467876,-0.7282356266433977,0.8101579745265006,1.3097534192788498,-0.37638579882899337,11/12/2003 0:00,Shipped,1.0653495257808978,1.0688075917661204,-1.1651700861775494,Classic Cars,0.4052794360206883,S12_3380,Herkku Gifts,+47 2267 3215,"Drammen 121, PR 744 Sentrum",Bergen,N 5804,Norway,EMEA,Oeztan,Veysel,Small
-0.7355895339887967,0.5038329988458772,0.8101579745265006,-1.2937399188895102,1.1056573288187237,11/20/2003 0:00,Shipped,1.0653495257808978,1.0688075917661204,-1.1651700861775494,Classic Cars,0.4052794360206883,S12_3380,"Toms Spezialitten, Ltd",0221-5554327,Mehrheimerstr. 369,Koln,50739,Germany,EMEA,Pfalzheim,Henriette,Medium
-0.6052527395592077,-1.5496147103029143,0.8101579745265006,-0.1103338560857102,-0.7054366897837686,12/2/2003 0:00,Shipped,1.0653495257808978,1.3423316450301723,-1.1651700861775494,Classic Cars,0.4052794360206883,S12_3380,Euro Shopping Channel,(91) 555 94 44,"C/ Moralzarzal, 86",Madrid,28034,Spain,EMEA,Freyre,Diego,Small
-0.5075001437370158,0.40116061338843767,0.8101579745265006,2.2564782695218897,0.7563624989656813,1/16/2004 0:00,Shipped,-1.4270386327380036,-1.6664329408743999,0.2643280247651782,Classic Cars,0.4052794360206883,S12_3380,Euro Shopping Channel,(91) 555 94 44,"C/ Moralzarzal, 86",Madrid,28034,Spain,EMEA,Freyre,Diego,Medium
-0.36630194977162767,-1.0362527830157164,0.801234140791907,0.1263473564750498,-0.5747307860065979,2/22/2004 0:00,Shipped,-1.4270386327380036,-1.3929088876103477,0.2643280247651782,Classic Cars,0.4052794360206883,S12_3380,"Vida Sport, Ltd",0897-034555,Grenzacherweg 237,Gensve,1203,Switzerland,EMEA,Holz,Michael,Small
-0.22510375580623948,-0.6255632411859581,0.8101579745265006,-1.2937399188895102,-0.20988374558364195,4/9/2004 0:00,Shipped,-0.5962425798983697,-0.8458607810822437,0.2643280247651782,Classic Cars,0.4052794360206883,S12_3380,Danish Wholesale Imports,31 12 3555,Vinb'ltet 34,Kobenhavn,1734,Denmark,EMEA,Petersen,Jytte,Medium
-0.06218276276925314,-1.344269939388035,0.8101579745265006,1.0730722067180898,-0.6250474002317439,6/1/2004 0:00,Cancelled,-0.5962425798983697,-0.29881267455413973,0.2643280247651782,Classic Cars,0.4052794360206883,S12_3380,"UK Collectables, Ltd.",(171) 555-2282,Berkeley Gardens 12  Brewery,Liverpool,WX1 6LT,UK,EMEA,Devon,Elizabeth,Small
0.07901543119613502,-1.344269939388035,0.8101579745265006,1.3097534192788498,-0.5969730536373121,7/6/2004 0:00,Shipped,0.23455347294126402,-0.025288621290087743,0.2643280247651782,Classic Cars,0.4052794360206883,S12_3380,L'ordine Souveniers,0522-556555,Strada Provinciale 124,Reggio Emilia,42100,Italy,EMEA,Moroni,Maurizio,Small
0.18762942655412593,1.2225396970479543,0.8101579745265006,-1.2937399188895102,1.0376109773342312,8/2/2004 0:00,Shipped,0.23455347294126402,0.24823543197396428,0.2643280247651782,Classic Cars,0.4052794360206883,S12_3380,Online Mini Collectables,6175557555,7635 Spinnaker Dr.,Brickhaven,58339,USA,EMEA,Barajas,Miguel,Medium
0.3071048214479159,1.017194926133075,0.8101579745265006,0.8363909941573299,0.653046731401724,8/30/2004 0:00,Shipped,0.23455347294126402,0.24823543197396428,0.2643280247651782,Classic Cars,0.4052794360206883,S12_3380,"Vida Sport, Ltd",0897-034555,Grenzacherweg 237,Gensve,1203,Switzerland,EMEA,Holz,Michael,Medium
0.4483030154133041,-0.6255632411859581,0.8101579745265006,-0.8203774937679902,0.23388641928872803,10/4/2003 0:00,Shipped,1.0653495257808978,0.7952835385020682,-1.1651700861775494,Classic Cars,0.4052794360206883,S12_3380,"Blauer See Auto, Co.",+49 69 66 90 2555,Lyonerstr. 34,Frankfurt,60528,Germany,EMEA,Keitel,Roland,Medium
0.556917010771295,-1.138925168473156,0.8101579745265006,0.3630285690358098,-0.24629894253959153,10/16/2004 0:00,Shipped,1.0653495257808978,0.7952835385020682,0.2643280247651782,Classic Cars,0.4052794360206883,S12_3380,"Toms Spezialitten, Ltd",0221-5554327,Mehrheimerstr. 369,Koln,50739,Germany,EMEA,Pfalzheim,Henriette,Medium
0.6655310061292858,-0.009528928441320661,0.8101579745265006,-1.2937399188895102,0.703982393114639,11/3/2004 0:00,Shipped,1.0653495257808978,1.0688075917661204,0.2643280247651782,Classic Cars,0.4052794360206883,S12_3380,"Volvo Model Replicas, Co",0921-12 3555,BerguvsvÂgen  8,Lule,S-958 22,Sweden,EMEA,Berglund,Christina,Medium
0.7632836019514777,1.1198673115905147,-0.0014151267806781851,1.5464346318396098,0.15915544098455592,11/15/2004 0:00,Shipped,1.0653495257808978,1.0688075917661204,0.2643280247651782,Classic Cars,0.4052794360206883,S12_3380,Land of Toys Inc.,2125557818,897 Long Airport Avenue,NYC,10022,USA,EMEA,Yu,Kwai,Medium
0.8936203963810667,0.9145225406756355,0.6083801784165305,-1.2937399188895102,0.3622138774549973,11/24/2004 0:00,Shipped,1.0653495257808978,1.0688075917661204,0.2643280247651782,Classic Cars,0.4052794360206883,S12_3380,Salzburg Collectables,6562-9555,Geislweg 14,Salzburg,5020,Austria,EMEA,Pipps,Georg,Medium
1.1325711861686467,-0.11220131389876024,0.6480416616813894,-0.5836962812072303,-0.14393889741289154,1/6/2005 0:00,Shipped,-1.4270386327380036,-1.6664329408743999,1.6938261357079059,Classic Cars,0.4052794360206883,S12_3380,Suominen Souveniers,+358 9 8045 555,"Software Engineering Center, SEC Oy",Espoo,FIN-02271,Finland,EMEA,Suominen,Kalle,Medium
1.2737693801340348,-0.009528928441320661,0.8101579745265006,-1.2937399188895102,0.23529828198013072,2/8/2005 0:00,Shipped,-1.4270386327380036,-1.3929088876103477,1.6938261357079059,Classic Cars,0.4052794360206883,S12_3380,Boards & Toys Co.,3105552373,4097 Douglas Av.,Glendale,92561,USA,EMEA,Young,Leslie,Medium
1.414967574099423,-1.0362527830157164,-0.5591547351927588,-0.1103338560857102,-0.947245326892095,3/3/2005 0:00,Shipped,-1.4270386327380036,-1.1193848343462958,1.6938261357079059,Classic Cars,0.4052794360206883,S12_3380,Scandinavian Gift Ideas,0695-34 6555,?kergatan 24,Boras,S-844 67,Sweden,EMEA,Larsson,Maria,Small
1.7408095601733957,-2.57633856487731,0.8101579745265006,1.0730722067180898,-1.336756522485633,5/17/2005 0:00,Shipped,-0.5962425798983697,-0.5723367278181918,1.6938261357079059,Classic Cars,0.4052794360206883,S12_3380,Salzburg Collectables,6562-9555,Geislweg 14,Salzburg,5020,Austria,EMEA,Pipps,Georg,Small
-1.6696698940675183,-0.6255632411859581,0.8101579745265006,1.7831158444003699,0.5496277892564719,2/11/2003 0:00,Shipped,-1.4270386327380036,-1.3929088876103477,-1.1651700861775494,Classic Cars,1.7989801491145638,S12_3891,Danish Wholesale Imports,31 12 3555,Vinb'ltet 34,Kobenhavn,1734,Denmark,EMEA,Petersen,Jytte,Medium
-1.5393330996379293,0.40116061338843767,0.8101579745265006,0.3630285690358098,1.294705743197553,4/16/2003 0:00,Shipped,-0.5962425798983697,-0.8458607810822437,-1.1651700861775494,Classic Cars,1.7989801491145638,S12_3891,"Dragon Souveniers, Ltd.",+65 221 7555,"Bronz Sok., Bronz Apt. 3/6 Tesvikiye",Singapore,79903,Singapore,Japan,Natividad,Eric,Medium
-1.4307191042799385,0.7091777697607564,0.8101579745265006,-1.2937399188895102,2.489695464718606,6/3/2003 0:00,Shipped,-0.5962425798983697,-0.29881267455413973,-1.1651700861775494,Classic Cars,1.7989801491145638,S12_3891,Muscle Machine Inc,2125557413,4092 Furth Circle,NYC,10022,USA,EMEA,Young,Jeff,Large
-1.2677981112429522,1.1198673115905147,0.8101579745265006,1.0730722067180898,3.213101326346655,8/8/2003 0:00,Shipped,0.23455347294126402,0.24823543197396428,-1.1651700861775494,Classic Cars,1.7989801491145638,S12_3891,Mini Gifts Distributors Ltd.,4155551450,5677 Strong St.,San Rafael,97562,USA,EMEA,Nelson,Valarie,Large
-1.148322716349162,1.4278844679628335,0.8101579745265006,0.8363909941573299,1.891353486343238,9/28/2003 0:00,Shipped,0.23455347294126402,0.5217594852380163,-1.1651700861775494,Classic Cars,1.7989801491145638,S12_3891,Euro Shopping Channel,(91) 555 94 44,"C/ Moralzarzal, 86",Madrid,28034,Spain,EMEA,Freyre,Diego,Large
-1.017985921919573,-0.8309080121008373,0.8101579745265006,-1.0570587063287502,1.0888398720676682,10/22/2003 0:00,Shipped,1.0653495257808978,0.7952835385020682,-1.1651700861775494,Classic Cars,1.7989801491145638,S12_3891,"Dragon Souveniers, Ltd.",+65 221 7555,"Bronz Sok., Bronz Apt. 3/6 Tesvikiye",Singapore,79903,Singapore,Japan,Natividad,Eric,Medium
-0.898510527025783,1.530556853420273,0.8101579745265006,-1.2937399188895102,2.345109864636722,11/6/2003 0:00,Shipped,1.0653495257808978,1.0688075917661204,-1.1651700861775494,Classic Cars,1.7989801491145638,S12_3891,L'ordine Souveniers,0522-556555,Strada Provinciale 124,Reggio Emilia,42100,Italy,EMEA,Moroni,Maurizio,Large
-0.8007579312035913,0.8118501552181959,0.8101579745265006,1.3097534192788498,2.3525492949721905,11/14/2003 0:00,Shipped,1.0653495257808978,1.0688075917661204,-1.1651700861775494,Classic Cars,1.7989801491145638,S12_3891,Mini Creations Ltd.,5085559555,4575 Hillside Dr.,New Bedford,50553,USA,EMEA,Tam,Wing C,Large
-0.6812825363098013,0.29848822793099805,0.8101579745265006,-0.5836962812072303,1.9973898047087058,11/26/2003 0:00,Shipped,1.0653495257808978,1.0688075917661204,-1.1651700861775494,Classic Cars,1.7989801491145638,S12_3891,Super Scale Inc.,2035559545,567 North Pendale Street,New Haven,97823,USA,EMEA,Murphy,Leslie,Large
-0.5509457418802122,-1.5496147103029143,0.8101579745265006,1.3097534192788498,-0.23865316304153356,1/2/2004 0:00,Shipped,-1.4270386327380036,-1.6664329408743999,0.2643280247651782,Classic Cars,1.7989801491145638,S12_3891,"Saveley & Henriot, Co.",78.32.5555,"2, rue du Commerce",Lyon,69004,France,EMEA,Saveley,Mary,Medium
-0.4206089474506231,-0.8309080121008373,0.8101579745265006,-1.2937399188895102,0.8098286530408796,2/12/2004 0:00,Shipped,-1.4270386327380036,-1.3929088876103477,0.2643280247651782,Classic Cars,1.7989801491145638,S12_3891,"Clover Collections, Co.",+353 1862 1555,25 Maiden Lane,Dublin,2,Ireland,EMEA,Cassidy,Dean,Medium
-0.3011335525568331,1.4278844679628335,0.8101579745265006,-1.2937399188895102,1.8453213323623872,3/19/2004 0:00,Shipped,-1.4270386327380036,-1.1193848343462958,0.2643280247651782,Classic Cars,1.7989801491145638,S12_3891,CAF Imports,+34 913 728 555,"Merchants House, 27-30 Merchant's Quay",Madrid,28023,Spain,EMEA,Fernandez,Jesus,Medium
-0.12735115998404767,-0.8309080121008373,0.8101579745265006,-1.2937399188895102,0.3279001838127892,5/5/2004 0:00,Shipped,-0.5962425798983697,-0.5723367278181918,0.2643280247651782,Classic Cars,1.7989801491145638,S12_3891,Suominen Souveniers,+358 9 8045 555,"Software Engineering Center, SEC Oy",Espoo,FIN-02271,Finland,EMEA,Suominen,Kalle,Medium
0.14418382841092955,0.40116061338843767,0.8101579745265006,-1.2937399188895102,2.3938408484546003,7/20/2004 0:00,Shipped,0.23455347294126402,-0.025288621290087743,0.2643280247651782,Classic Cars,1.7989801491145638,S12_3891,Diecast Classics Inc.,2155551555,7586 Pompton St.,Allentown,70267,USA,EMEA,Yu,Kyung,Large
0.25279782376892046,-1.138925168473156,0.8101579745265006,-0.5836962812072303,0.12213205702307907,8/20/2004 0:00,Shipped,0.23455347294126402,0.24823543197396428,0.2643280247651782,Classic Cars,1.7989801491145638,S12_3891,Mini Gifts Distributors Ltd.,4155551450,5677 Strong St.,San Rafael,97562,USA,EMEA,Nelson,Valarie,Medium
0.37227321866271046,1.017194926133075,0.8101579745265006,0.1263473564750498,2.551730539282395,9/9/2004 0:00,Shipped,0.23455347294126402,0.5217594852380163,0.2643280247651782,Classic Cars,1.7989801491145638,S12_3891,Amica Models & Co.,011-4988555,Via Monte Bianco 34,Torino,10100,Italy,EMEA,Accorti,Paolo,Large
0.5134714126280986,-1.5496147103029143,0.8101579745265006,1.3097534192788498,0.04317635112694014,10/14/2004 0:00,Shipped,1.0653495257808978,0.7952835385020682,0.2643280247651782,Classic Cars,1.7989801491145638,S12_3891,"AV Stores, Co.",(171) 555-1555,Fauntleroy Circus,Manchester,EC2 5NT,UK,EMEA,Ashworth,Victoria,Medium
0.6003626089144913,0.09314345701611891,0.8101579745265006,-0.5836962812072303,1.8245126483875589,10/22/2004 0:00,Shipped,1.0653495257808978,0.7952835385020682,0.2643280247651782,Classic Cars,1.7989801491145638,S12_3891,Heintze Collectables,86 21 3555,Smagsloget 45,Aaarhus,8200,Denmark,EMEA,Ibsen,Palle,Medium
0.7198380038082813,-1.138925168473156,0.8101579745265006,-1.2937399188895102,-0.5268903617325276,11/5/2004 0:00,Shipped,1.0653495257808978,1.0688075917661204,0.2643280247651782,Classic Cars,1.7989801491145638,S12_3891,Baane Mini Imports,07-98 9555,Erling Skakkes gate 78,Stavern,4110,Norway,EMEA,Bergulfsen,Jonas,Small
0.8393133987020713,1.4278844679628335,-1.0053464219224229,-1.2937399188895102,-0.24342091474557837,11/20/2004 0:00,Shipped,1.0653495257808978,1.0688075917661204,0.2643280247651782,Classic Cars,1.7989801491145638,S12_3891,"La Corne D'abondance, Co.",(1) 42.34.2555,"265, boulevard Charonne",Paris,75012,France,EMEA,Bertrand,Marie,Medium
0.9805115926674595,-0.9335803975582768,0.8101579745265006,0.8363909941573299,0.4641069218453104,12/1/2004 0:00,Shipped,1.0653495257808978,1.3423316450301723,0.2643280247651782,Classic Cars,1.7989801491145638,S12_3891,Muscle Machine Inc,2125557413,4092 Furth Circle,NYC,10022,USA,EMEA,Young,Jeff,Medium
1.0891255880254505,1.4278844679628335,-1.069300563687008,-0.3470150686464702,-0.27774546887002777,12/15/2004 0:00,Shipped,1.0653495257808978,1.3423316450301723,0.2643280247651782,Classic Cars,1.7989801491145638,S12_3891,Reims Collectables,26.47.1555,59 rue de l'Abbaye,Reims,51100,France,EMEA,Henriot,Paul,Medium
1.2303237819908386,-0.11220131389876024,0.8101579745265006,-1.2937399188895102,1.296530304214135,1/26/2005 0:00,Shipped,-1.4270386327380036,-1.6664329408743999,1.6938261357079059,Classic Cars,1.7989801491145638,S12_3891,"Tokyo Collectables, Ltd",+81 3 3584 0555,2-2-8 Roppongi,Minato-ku,106-0032,Japan,Japan,Shimamura,Akiko,Medium
1.3389377773488293,-0.11220131389876024,0.579625603049507,1.3097534192788498,-0.1694175887515906,2/17/2005 0:00,Shipped,-1.4270386327380036,-1.3929088876103477,1.6938261357079059,Classic Cars,1.7989801491145638,S12_3891,Mini Gifts Distributors Ltd.,4155551450,5677 Strong St.,San Rafael,97562,USA,EMEA,Nelson,Valarie,Medium
1.4909973708500166,-0.21487369935619982,0.8101579745265006,-0.8203774937679902,1.3876443199797,3/23/2005 0:00,Shipped,-1.4270386327380036,-1.1193848343462958,1.6938261357079059,Classic Cars,1.7989801491145638,S12_3891,Mini Gifts Distributors Ltd.,4155551450,5677 Strong St.,San Rafael,97562,USA,EMEA,Nelson,Valarie,Medium
1.6756411629586012,-1.344269939388035,0.8101579745265006,-1.2937399188895102,-0.09020123128165423,5/5/2005 0:00,Shipped,-0.5962425798983697,-0.5723367278181918,1.6938261357079059,Classic Cars,1.7989801491145638,S12_3891,Gift Depot Inc.,2035552570,25593 South Bay Ln.,Bridgewater,97562,USA,EMEA,King,Julie,Medium
-1.6370856954601212,0.40116061338843767,0.28365178418549636,0.1263473564750498,-0.0369631473335287,3/3/2003 0:00,Shipped,-1.4270386327380036,-1.1193848343462958,-1.1651700861775494,Classic Cars,-0.5404460478644416,S12_3990,Cruz & Sons Co.,+63 2 555 3587,15 McCallum Street - NatWest Center #13-03,Makati City,1227 MM,Philippines,Japan,Cruz,Arnold,Medium
-1.485026101958934,-0.3175460848136394,-0.982541069045129,1.0730722067180898,-0.8205143596153349,5/8/2003 0:00,Shipped,-0.5962425798983697,-0.5723367278181918,-1.1651700861775494,Classic Cars,-0.5404460478644416,S12_3990,Marseille Mini Autos,91.24.4555,"12, rue des Bouchers",Marseille,13008,France,EMEA,Lebihan,Laurence,Small
-1.3438279079935458,-1.138925168473156,-0.42876760895953414,0.3630285690358098,-0.9522737301699371,7/2/2003 0:00,Shipped,0.23455347294126402,-0.025288621290087743,-1.1651700861775494,Classic Cars,-0.5404460478644416,S12_3990,Mini Gifts Distributors Ltd.,4155551450,5677 Strong St.,San Rafael,97562,USA,EMEA,Nelson,Valarie,Small
-1.2134911135639566,-1.4469423248454747,-0.982541069045129,0.3630285690358098,-1.2018476120809782,9/5/2003 0:00,Shipped,0.23455347294126402,0.5217594852380163,-1.1651700861775494,Classic Cars,-0.5404460478644416,S12_3990,Collectables For Less Inc.,6175558555,7825 Douglas Av.,Brickhaven,58339,USA,EMEA,Nelson,Allen,Small
-1.0831543191343675,-1.138925168473156,-0.5075948069484417,-0.8203774937679902,-0.9729955302868329,10/10/2003 0:00,Shipped,1.0653495257808978,0.7952835385020682,-1.1651700861775494,Classic Cars,-0.5404460478644416,S12_3990,Corporate Gift Ideas Co.,6505551386,7734 Strong St.,San Francisco,28034,USA,EMEA,Brown,Julie,Small
-0.9745403237763767,0.09314345701611891,-0.982541069045129,-0.8203774937679902,-0.6818477223551012,11/4/2003 0:00,Shipped,1.0653495257808978,1.0688075917661204,-1.1651700861775494,Classic Cars,-0.5404460478644416,S12_3990,"Anna's Decorations, Ltd",02 9936 8555,201 Miller Street,North Sydney,2060,Australia,APAC,O'Hara,Anna,Small
-0.8442035293467876,-1.5496147103029143,-0.11197151138147232,2.0197970569611297,-1.045804203234249,11/12/2003 0:00,Shipped,1.0653495257808978,1.0688075917661204,-1.1651700861775494,Classic Cars,-0.5404460478644416,S12_3990,Herkku Gifts,+47 2267 3215,"Drammen 121, PR 744 Sentrum",Bergen,N 5804,Norway,EMEA,Oeztan,Veysel,Small
-0.7355895339887967,-0.5228908557285186,-0.94287958578027,-0.5836962812072303,-0.8768150995555803,11/20/2003 0:00,Shipped,1.0653495257808978,1.0688075917661204,-1.1651700861775494,Classic Cars,-0.5404460478644416,S12_3990,"Toms Spezialitten, Ltd",0221-5554327,Mehrheimerstr. 369,Koln,50739,Germany,EMEA,Pfalzheim,Henriette,Small
-0.6052527395592077,0.9145225406756355,-0.03314431339256547,0.5997097815965698,0.05303766900227625,12/2/2003 0:00,Shipped,1.0653495257808978,1.3423316450301723,-1.1651700861775494,Classic Cars,-0.5404460478644416,S12_3990,Euro Shopping Channel,(91) 555 94 44,"C/ Moralzarzal, 86",Madrid,28034,Spain,EMEA,Freyre,Diego,Medium
-0.5183615432728149,-0.7282356266433977,0.44180194870412176,-0.8203774937679902,-0.5223506801555555,1/15/2004 0:00,Shipped,-1.4270386327380036,-1.6664329408743999,0.2643280247651782,Classic Cars,-0.5404460478644416,S12_3990,Auto Canal Petit,(1) 47.55.6555,"25, rue Lauriston",Paris,75016,France,EMEA,Perrier,Dominique,Small
-0.36630194977162767,0.1958158424735585,-0.30978315916495736,0.8363909941573299,-0.3745340866068075,2/22/2004 0:00,Shipped,-1.4270386327380036,-1.3929088876103477,0.2643280247651782,Classic Cars,-0.5404460478644416,S12_3990,"Vida Sport, Ltd",0897-034555,Grenzacherweg 237,Gensve,1203,Switzerland,EMEA,Holz,Michael,Small
-0.22510375580623948,-1.5496147103029143,-0.4684290922243938,-0.5836962812072303,-1.1238910705510632,4/9/2004 0:00,Shipped,-0.5962425798983697,-0.8458607810822437,0.2643280247651782,Classic Cars,-0.5404460478644416,S12_3990,Danish Wholesale Imports,31 12 3555,Vinb'ltet 34,Kobenhavn,1734,Denmark,EMEA,Petersen,Jytte,Small
-0.06218276276925314,-1.0362527830157164,0.322817498909545,1.7831158444003699,-0.7057353530454116,6/1/2004 0:00,Cancelled,-0.5962425798983697,-0.29881267455413973,0.2643280247651782,Classic Cars,-0.5404460478644416,S12_3990,"UK Collectables, Ltd.",(171) 555-2282,Berkeley Gardens 12  Brewery,Liverpool,WX1 6LT,UK,EMEA,Devon,Elizabeth,Small
0.07901543119613502,-0.009528928441320661,-0.34944464242981627,2.0197970569611297,-0.4738097547769046,7/6/2004 0:00,Shipped,0.23455347294126402,-0.025288621290087743,0.2643280247651782,Classic Cars,-0.5404460478644416,S12_3990,L'ordine Souveniers,0522-556555,Strada Provinciale 124,Reggio Emilia,42100,Italy,EMEA,Moroni,Maurizio,Small
0.18762942655412593,0.29848822793099805,0.006517169872294163,-0.5836962812072303,-0.20084782435866438,8/2/2004 0:00,Shipped,0.23455347294126402,0.24823543197396428,0.2643280247651782,Classic Cars,-0.5404460478644416,S12_3990,Online Mini Collectables,6175557555,7635 Spinnaker Dr.,Brickhaven,58339,USA,EMEA,Barajas,Miguel,Medium
0.3071048214479159,0.6065053843033168,-0.705406454731926,1.5464346318396098,-0.38405872953265535,8/30/2004 0:00,Shipped,0.23455347294126402,0.24823543197396428,0.2643280247651782,Classic Cars,-0.5404460478644416,S12_3990,"Vida Sport, Ltd",0897-034555,Grenzacherweg 237,Gensve,1203,Switzerland,EMEA,Holz,Michael,Small
0.4483030154133041,-1.344269939388035,-0.34944464242981627,-0.1103338560857102,-1.0146237587187312,10/4/2003 0:00,Shipped,1.0653495257808978,0.7952835385020682,-1.1651700861775494,Classic Cars,-0.5404460478644416,S12_3990,"Blauer See Auto, Co.",+49 69 66 90 2555,Lyonerstr. 34,Frankfurt,60528,Germany,EMEA,Keitel,Roland,Small
0.556917010771295,1.4278844679628335,-0.11197151138147232,1.0730722067180898,0.23605851573703995,10/16/2004 0:00,Shipped,1.0653495257808978,0.7952835385020682,0.2643280247651782,Classic Cars,-0.5404460478644416,S12_3990,"Toms Spezialitten, Ltd",0221-5554327,Mehrheimerstr. 369,Koln,50739,Germany,EMEA,Pfalzheim,Henriette,Medium
0.6655310061292858,0.29848822793099805,-0.5075948069484417,-0.5836962812072303,-0.41483190596411473,11/3/2004 0:00,Shipped,1.0653495257808978,1.0688075917661204,0.2643280247651782,Classic Cars,-0.5404460478644416,S12_3990,"Volvo Model Replicas, Co",0921-12 3555,BerguvsvÂgen  8,Lule,S-958 22,Sweden,EMEA,Berglund,Christina,Small
0.7632836019514777,-0.21487369935619982,0.8101579745265006,1.7831158444003699,0.029144608070844954,11/15/2004 0:00,Shipped,1.0653495257808978,1.0688075917661204,0.2643280247651782,Classic Cars,-0.5404460478644416,S12_3990,Land of Toys Inc.,2125557818,897 Long Airport Avenue,NYC,10022,USA,EMEA,Yu,Kwai,Medium
0.8936203963810667,0.09314345701611891,0.4908830342443853,0.8363909941573299,-0.10085536436062446,11/24/2004 0:00,Shipped,1.0653495257808978,1.0688075917661204,0.2643280247651782,Classic Cars,-0.5404460478644416,S12_3990,Salzburg Collectables,6562-9555,Geislweg 14,Salzburg,5020,Austria,EMEA,Pipps,Georg,Medium
1.1325711861686467,-0.11220131389876024,-0.10106460348363613,-0.3470150686464702,-0.42291210475183516,1/6/2005 0:00,Shipped,-1.4270386327380036,-1.6664329408743999,1.6938261357079059,Classic Cars,-0.5404460478644416,S12_3990,Suominen Souveniers,+358 9 8045 555,"Software Engineering Center, SEC Oy",Espoo,FIN-02271,Finland,EMEA,Suominen,Kalle,Small
1.284630779669834,-1.138925168473156,-0.7847294212616446,-0.3470150686464702,-1.0458476451632153,2/9/2005 0:00,Shipped,-1.4270386327380036,-1.3929088876103477,1.6938261357079059,Classic Cars,-0.5404460478644416,S12_3990,"Toys of Finland, Co.",90-224 8555,Keskuskatu 45,Helsinki,21240,Finland,EMEA,Karttunen,Matti,Small
1.414967574099423,0.09314345701611891,-0.6642576658446349,0.1263473564750498,-0.5563439895716373,3/3/2005 0:00,Shipped,-1.4270386327380036,-1.1193848343462958,1.6938261357079059,Classic Cars,-0.5404460478644416,S12_3990,Scandinavian Gift Ideas,0695-34 6555,?kergatan 24,Boras,S-844 67,Sweden,EMEA,Larsson,Maria,Small
1.7408095601733957,-0.11220131389876024,0.322817498909545,1.7831158444003699,-0.2650549953707651,5/17/2005 0:00,Shipped,-0.5962425798983697,-0.5723367278181918,1.6938261357079059,Classic Cars,-0.5404460478644416,S12_3990,Salzburg Collectables,6562-9555,Geislweg 14,Salzburg,5020,Austria,EMEA,Pipps,Georg,Medium
-1.6805312936033174,0.6065053843033168,0.8101579745265006,0.5997097815965698,0.5766323783501098,1/31/2003 0:00,Shipped,-1.4270386327380036,-1.6664329408743999,-1.1651700861775494,Trucks and Buses,0.4301669487545075,S12_4473,Euro Shopping Channel,(91) 555 94 44,"C/ Moralzarzal, 86",Madrid,28034,Spain,EMEA,Freyre,Diego,Medium
-1.5610558987095275,1.1198673115905147,0.8101579745265006,-0.3470150686464702,1.1783030945325161,4/4/2003 0:00,Shipped,-0.5962425798983697,-0.8458607810822437,-1.1651700861775494,Trucks and Buses,0.4301669487545075,S12_4473,Classic Legends Inc.,2125558493,5905 Pompton St.,NYC,10022,USA,EMEA,Hernandez,Maria,Medium
-1.4307191042799385,-1.138925168473156,0.8101579745265006,1.0730722067180898,-0.5399229404223992,6/3/2003 0:00,Shipped,-0.5962425798983697,-0.29881267455413973,-1.1651700861775494,Trucks and Buses,0.4301669487545075,S12_4473,Muscle Machine Inc,2125557413,4092 Furth Circle,NYC,10022,USA,EMEA,Young,Jeff,Small
-1.2786595107787513,-1.4469423248454747,0.8101579745265006,-0.3470150686464702,-0.7677161251979926,8/1/2003 0:00,Shipped,0.23455347294126402,0.24823543197396428,-1.1651700861775494,Trucks and Buses,0.4301669487545075,S12_4473,Suominen Souveniers,+358 9 8045 555,"Software Engineering Center, SEC Oy",Espoo,FIN-02271,Finland,EMEA,Suominen,Kalle,Small
-1.1700455154207603,-1.138925168473156,0.8101579745265006,-0.8203774937679902,-0.12288042234650746,9/21/2003 0:00,Shipped,0.23455347294126402,0.5217594852380163,-1.1651700861775494,Trucks and Buses,0.4301669487545075,S12_4473,"Oulu Toy Supplies, Inc.",981-443655,Torikatu 38,Oulu,90110,Finland,EMEA,Koskitalo,Pirkko,Medium
-1.017985921919573,1.325212082505394,0.8101579745265006,1.3097534192788498,1.7766179217022808,10/22/2003 0:00,Shipped,1.0653495257808978,0.7952835385020682,-1.1651700861775494,Trucks and Buses,0.4301669487545075,S12_4473,"Dragon Souveniers, Ltd.",+65 221 7555,"Bronz Sok., Bronz Apt. 3/6 Tesvikiye",Singapore,79903,Singapore,Japan,Natividad,Eric,Medium
-0.9093719265615822,-0.9335803975582768,0.8101579745265006,-1.2937399188895102,-0.005760981853527719,11/6/2003 0:00,Shipped,1.0653495257808978,1.0688075917661204,-1.1651700861775494,Trucks and Buses,0.4301669487545075,S12_4473,"Stylish Desk Decors, Co.",(171) 555-0297,35 King George,London,WX3 6FW,UK,EMEA,Brown,Ann,Medium
-0.8116193307393903,0.1958158424735585,0.8101579745265006,-0.1103338560857102,0.5225688977516261,11/14/2003 0:00,Shipped,1.0653495257808978,1.0688075917661204,-1.1651700861775494,Trucks and Buses,0.4301669487545075,S12_4473,"Iberia Gift Imports, Corp.",(95) 555 82 82,"C/ Romero, 33",Sevilla,41101,Spain,EMEA,Roel,Jose Pedro,Medium
-0.6921439358456003,1.4278844679628335,0.8101579745265006,-0.1103338560857102,1.5701927357369558,11/25/2003 0:00,Shipped,1.0653495257808978,1.0688075917661204,-1.1651700861775494,Trucks and Buses,0.4301669487545075,S12_4473,Mini Classics,9145554562,3758 North Pendale Street,White Plains,24067,USA,EMEA,Frick,Steve,Medium
-0.5618071414160113,-0.11220131389876024,0.7873526216492069,0.1263473564750498,-0.09205837374496098,12/9/2003 0:00,Shipped,1.0653495257808978,1.3423316450301723,-1.1651700861775494,Trucks and Buses,0.4301669487545075,S12_4473,Diecast Collectables,6175552555,6251 Ingle Ln.,Boston,51003,USA,EMEA,Franco,Valarie,Medium
-0.43147034698642217,1.325212082505394,0.8101579745265006,-1.0570587063287502,0.726452730872426,2/10/2004 0:00,Shipped,-1.4270386327380036,-1.3929088876103477,0.2643280247651782,Trucks and Buses,0.4301669487545075,S12_4473,Signal Collectibles Ltd.,4155554312,2793 Furth Circle,Brisbane,94217,USA,EMEA,Taylor,Sue,Medium
-0.3228563516284313,0.09314345701611891,0.8101579745265006,-1.2937399188895102,0.5256858561549536,3/11/2004 0:00,Shipped,-1.4270386327380036,-1.1193848343462958,0.2643280247651782,Trucks and Buses,0.4301669487545075,S12_4473,Mini Gifts Distributors Ltd.,4155551450,5677 Strong St.,San Rafael,97562,USA,EMEA,Nelson,Valarie,Medium
-0.13821255951984676,1.1198673115905147,0.8101579745265006,-0.3470150686464702,0.8231001623400653,5/5/2004 0:00,Shipped,-0.5962425798983697,-0.5723367278181918,0.2643280247651782,Trucks and Buses,0.4301669487545075,S12_4473,Euro Shopping Channel,(91) 555 94 44,"C/ Moralzarzal, 86",Madrid,28034,Spain,EMEA,Freyre,Diego,Medium
0.0029856344455413955,1.1198673115905147,0.8101579745265006,-0.5836962812072303,1.6221818642273018,6/15/2004 0:00,Shipped,-0.5962425798983697,-0.29881267455413973,0.2643280247651782,Trucks and Buses,0.4301669487545075,S12_4473,Handji Gifts& Co,+65 224 1555,Village Close - 106 Linden Road Sandown,Singapore,69045,Singapore,APAC,Victorino,Wendy,Medium
0.13332242887513046,-0.42021847027107895,0.6698554774770618,-0.3470150686464702,-0.2941122156080581,7/20/2004 0:00,Shipped,0.23455347294126402,-0.025288621290087743,0.2643280247651782,Trucks and Buses,0.4301669487545075,S12_4473,Mini Gifts Distributors Ltd.,4155551450,5677 Strong St.,San Rafael,97562,USA,EMEA,Nelson,Valarie,Medium
0.24193642423312137,0.6065053843033168,0.8101579745265006,-1.2937399188895102,0.9194978027161492,8/19/2004 0:00,Shipped,0.23455347294126402,0.24823543197396428,0.2643280247651782,Trucks and Buses,0.4301669487545075,S12_4473,Diecast Classics Inc.,2155551555,7586 Pompton St.,Allentown,70267,USA,EMEA,Yu,Kyung,Medium
0.36141181912691134,-1.4469423248454747,0.8101579745265006,0.3630285690358098,-0.7271196425790426,9/8/2004 0:00,Shipped,0.23455347294126402,0.5217594852380163,0.2643280247651782,Trucks and Buses,0.4301669487545075,S12_4473,Land of Toys Inc.,2125557818,897 Long Airport Avenue,NYC,10022,USA,EMEA,Yu,Kwai,Small
0.5026100130922995,0.29848822793099805,0.8101579745265006,-0.3470150686464702,0.6621043735911849,10/13/2004 0:00,Shipped,1.0653495257808978,0.7952835385020682,0.2643280247651782,Trucks and Buses,0.4301669487545075,S12_4473,Marta's Replicas Co.,6175558555,39323 Spinnaker Dr.,Cambridge,51247,USA,EMEA,Hernandez,Marta,Medium
0.6003626089144913,1.017194926133075,0.8101579745265006,1.7831158444003699,1.4291367923835785,10/22/2004 0:00,Shipped,1.0653495257808978,0.7952835385020682,0.2643280247651782,Trucks and Buses,0.4301669487545075,S12_4473,Heintze Collectables,86 21 3555,Smagsloget 45,Aaarhus,8200,Denmark,EMEA,Ibsen,Palle,Medium
0.7089766042724822,-0.9335803975582768,-1.253230692327792,0.1263473564750498,-1.1056020184562765,11/5/2004 0:00,Shipped,1.0653495257808978,1.0688075917661204,0.2643280247651782,Trucks and Buses,0.4301669487545075,S12_4473,Vitachrome Inc.,2125551500,2678 Kingston Rd.,NYC,10022,USA,EMEA,Frick,Michael,Small
0.8393133987020713,0.29848822793099805,0.8101579745265006,-0.8203774937679902,1.5306279989309541,11/20/2004 0:00,Shipped,1.0653495257808978,1.0688075917661204,0.2643280247651782,Trucks and Buses,0.4301669487545075,S12_4473,"La Corne D'abondance, Co.",(1) 42.34.2555,"265, boulevard Charonne",Paris,75012,France,EMEA,Bertrand,Marie,Medium
0.9805115926674595,1.325212082505394,0.8101579745265006,0.5997097815965698,0.9117759998424002,12/1/2004 0:00,Shipped,1.0653495257808978,1.3423316450301723,0.2643280247651782,Trucks and Buses,0.4301669487545075,S12_4473,Muscle Machine Inc,2125557413,4092 Furth Circle,NYC,10022,USA,EMEA,Young,Jeff,Medium
1.0782641884896513,0.7091777697607564,-0.9666764757391856,0.5997097815965698,-0.46654952239842207,12/10/2004 0:00,Shipped,1.0653495257808978,1.3423316450301723,0.2643280247651782,Trucks and Buses,0.4301669487545075,S12_4473,Euro Shopping Channel,(91) 555 94 44,"C/ Moralzarzal, 86",Madrid,28034,Spain,EMEA,Freyre,Diego,Small
1.2194623824550395,1.4278844679628335,-2.377137974345736,-0.5836962812072303,-0.9796692966242714,1/23/2005 0:00,Shipped,-1.4270386327380036,-1.6664329408743999,1.6938261357079059,Trucks and Buses,0.4301669487545075,S12_4473,Mini Gifts Distributors Ltd.,4155551450,5677 Strong St.,San Rafael,97562,USA,EMEA,Nelson,Valarie,Small
1.3389377773488293,-0.3175460848136394,-0.8467004888629869,1.5464346318396098,-0.7729020054683374,2/17/2005 0:00,Shipped,-1.4270386327380036,-1.3929088876103477,1.6938261357079059,Trucks and Buses,0.4301669487545075,S12_4473,Mini Gifts Distributors Ltd.,4155551450,5677 Strong St.,San Rafael,97562,USA,EMEA,Nelson,Valarie,Small
1.664779763422802,1.9412463952500314,0.8101579745265006,-0.3470150686464702,1.3018736614769824,5/3/2005 0:00,Shipped,-0.5962425798983697,-0.5723367278181918,1.6938261357079059,Trucks and Buses,0.4301669487545075,S12_4473,Euro Shopping Channel,(91) 555 94 44,"C/ Moralzarzal, 86",Madrid,28034,Spain,EMEA,Freyre,Diego,Medium
1.8059779573881902,-0.21487369935619982,0.8101579745265006,-0.5836962812072303,0.618347490639941,5/31/2005 0:00,In Process,-0.5962425798983697,-0.5723367278181918,1.6938261357079059,Trucks and Buses,0.4301669487545075,S12_4473,La Rochelle Gifts,40.67.8555,"67, rue des Cinquante Otages",Nantes,44000,France,EMEA,Labrune,Janine,Medium
-1.6370856954601212,0.09314345701611891,0.8101579745265006,-0.8203774937679902,0.09619722543023443,3/3/2003 0:00,Shipped,-1.4270386327380036,-1.1193848343462958,-1.1651700861775494,Classic Cars,0.3555044105530499,S12_4675,Cruz & Sons Co.,+63 2 555 3587,15 McCallum Street - NatWest Center #13-03,Makati City,1227 MM,Philippines,Japan,Cruz,Arnold,Medium
-1.485026101958934,-1.5496147103029143,0.8101579745265006,0.1263473564750498,-0.7666898096261653,5/8/2003 0:00,Shipped,-0.5962425798983697,-0.5723367278181918,-1.1651700861775494,Classic Cars,0.3555044105530499,S12_4675,Marseille Mini Autos,91.24.4555,"12, rue des Bouchers",Marseille,13008,France,EMEA,Lebihan,Laurence,Small
-1.3438279079935458,-0.6255632411859581,0.7055508124154349,-0.5836962812072303,-0.38830517808910525,7/2/2003 0:00,Shipped,0.23455347294126402,-0.025288621290087743,-1.1651700861775494,Classic Cars,0.3555044105530499,S12_4675,Mini Gifts Distributors Ltd.,4155551450,5677 Strong St.,San Rafael,97562,USA,EMEA,Nelson,Valarie,Small
-1.2134911135639566,-0.21487369935619982,0.7055508124154349,-0.5836962812072303,-0.17567865676384986,9/5/2003 0:00,Shipped,0.23455347294126402,0.5217594852380163,-1.1651700861775494,Classic Cars,0.3555044105530499,S12_4675,Collectables For Less Inc.,6175558555,7825 Douglas Av.,Brickhaven,58339,USA,EMEA,Nelson,Allen,Medium
-1.0722929195985684,1.530556853420273,0.8101579745265006,-0.3470150686464702,0.8841034910909061,10/11/2003 0:00,Shipped,1.0653495257808978,0.7952835385020682,-1.1651700861775494,Classic Cars,0.3555044105530499,S12_4675,"Men 'R' US Retailers, Ltd.",2155554369,6047 Douglas Av.,Los Angeles,28034,USA,EMEA,Chandler,Michael,Medium
-0.9636789242405776,0.6065053843033168,0.8101579745265006,-0.8203774937679902,0.4546257208484288,11/4/2003 0:00,Shipped,1.0653495257808978,1.0688075917661204,-1.1651700861775494,Classic Cars,0.3555044105530499,S12_4675,Mini Auto Werke,7675-3555,Kirchgasse 6,Graz,8010,Austria,EMEA,Mendel,Roland,Medium
-0.8442035293467876,0.09314345701611891,0.8101579745265006,1.0730722067180898,0.5014452597917922,11/12/2003 0:00,Shipped,1.0653495257808978,1.0688075917661204,-1.1651700861775494,Classic Cars,0.3555044105530499,S12_4675,Herkku Gifts,+47 2267 3215,"Drammen 121, PR 744 Sentrum",Bergen,N 5804,Norway,EMEA,Oeztan,Veysel,Medium
-0.7247281344529977,-0.8309080121008373,0.8101579745265006,2.2564782695218897,-0.005065910990068038,11/20/2003 0:00,Shipped,1.0653495257808978,1.0688075917661204,-1.1651700861775494,Classic Cars,0.3555044105530499,S12_4675,Online Diecast Creations Co.,6035558647,2304 Long Airport Avenue,Nashua,62005,USA,EMEA,Young,Valarie,Medium
-0.6052527395592077,1.2225396970479543,0.8101579745265006,-0.3470150686464702,0.8916243750431864,12/2/2003 0:00,Shipped,1.0653495257808978,1.3423316450301723,-1.1651700861775494,Classic Cars,0.3555044105530499,S12_4675,Euro Shopping Channel,(91) 555 94 44,"C/ Moralzarzal, 86",Madrid,28034,Spain,EMEA,Freyre,Diego,Medium
-0.5075001437370158,-0.21487369935619982,0.8101579745265006,2.0197970569611297,0.34023226139808027,1/16/2004 0:00,Shipped,-1.4270386327380036,-1.6664329408743999,0.2643280247651782,Classic Cars,0.3555044105530499,S12_4675,Euro Shopping Channel,(91) 555 94 44,"C/ Moralzarzal, 86",Madrid,28034,Spain,EMEA,Freyre,Diego,Medium
-0.36630194977162767,-1.4469423248454747,0.8101579745265006,-0.1103338560857102,-0.47213724051170447,2/22/2004 0:00,Shipped,-1.4270386327380036,-1.3929088876103477,0.2643280247651782,Classic Cars,0.3555044105530499,S12_4675,"Vida Sport, Ltd",0897-034555,Grenzacherweg 237,Gensve,1203,Switzerland,EMEA,Holz,Michael,Small
-0.2142423562704404,-1.4469423248454747,0.47700151510168454,-0.3470150686464702,-0.8661283850298857,4/12/2004 0:00,Shipped,-0.5962425798983697,-0.8458607810822437,0.2643280247651782,Classic Cars,0.3555044105530499,S12_4675,"Oulu Toy Supplies, Inc.",981-443655,Torikatu 38,Oulu,90110,Finland,EMEA,Koskitalo,Pirkko,Small
-0.06218276276925314,0.6065053843033168,0.8101579745265006,0.8363909941573299,0.7367104563495788,6/1/2004 0:00,Cancelled,-0.5962425798983697,-0.29881267455413973,0.2643280247651782,Classic Cars,0.3555044105530499,S12_4675,"UK Collectables, Ltd.",(171) 555-2282,Berkeley Gardens 12  Brewery,Liverpool,WX1 6LT,UK,EMEA,Devon,Elizabeth,Medium
0.07901543119613502,0.5038329988458772,0.8101579745265006,1.0730722067180898,0.49660148471205656,7/6/2004 0:00,Shipped,0.23455347294126402,-0.025288621290087743,0.2643280247651782,Classic Cars,0.3555044105530499,S12_4675,L'ordine Souveniers,0522-556555,Strada Provinciale 124,Reggio Emilia,42100,Italy,EMEA,Moroni,Maurizio,Medium
0.19849082608992502,-0.7282356266433977,0.8101579745265006,-1.2937399188895102,-0.23133319801072233,8/4/2004 0:00,Shipped,0.23455347294126402,0.24823543197396428,0.2643280247651782,Classic Cars,0.3555044105530499,S12_4675,"Dragon Souveniers, Ltd.",+65 221 7555,"Bronz Sok., Bronz Apt. 3/6 Tesvikiye",Singapore,79903,Singapore,Japan,Natividad,Eric,Medium
0.3071048214479159,-1.2415975539305957,0.8101579745265006,0.5997097815965698,-0.47718736475402956,8/30/2004 0:00,Shipped,0.23455347294126402,0.24823543197396428,0.2643280247651782,Classic Cars,0.3555044105530499,S12_4675,"Vida Sport, Ltd",0897-034555,Grenzacherweg 237,Gensve,1203,Switzerland,EMEA,Holz,Michael,Small
0.4483030154133041,-1.2415975539305957,0.8101579745265006,-1.0570587063287502,-0.40524753038593825,10/4/2003 0:00,Shipped,1.0653495257808978,0.7952835385020682,-1.1651700861775494,Classic Cars,0.3555044105530499,S12_4675,"Blauer See Auto, Co.",+49 69 66 90 2555,Lyonerstr. 34,Frankfurt,60528,Germany,EMEA,Keitel,Roland,Small
0.556917010771295,-1.0362527830157164,0.8101579745265006,0.1263473564750498,-0.5697078129698766,10/16/2004 0:00,Shipped,1.0653495257808978,0.7952835385020682,0.2643280247651782,Classic Cars,0.3555044105530499,S12_4675,"Toms Spezialitten, Ltd",0221-5554327,Mehrheimerstr. 369,Koln,50739,Germany,EMEA,Pfalzheim,Henriette,Small
0.676392405665085,-1.138925168473156,0.8101579745265006,2.0197970569611297,-0.30898564603787404,11/4/2004 0:00,Shipped,1.0653495257808978,1.0688075917661204,0.2643280247651782,Classic Cars,0.3555044105530499,S12_4675,FunGiftIdeas.com,5085552555,1785 First Street,New Bedford,50553,USA,EMEA,Benitez,Violeta,Small
0.7632836019514777,0.40116061338843767,-0.9379219003721628,2.0197970569611297,-0.5587875980759882,11/15/2004 0:00,Shipped,1.0653495257808978,1.0688075917661204,0.2643280247651782,Classic Cars,0.3555044105530499,S12_4675,Land of Toys Inc.,2125557818,897 Long Airport Avenue,NYC,10022,USA,EMEA,Yu,Kwai,Small
0.8936203963810667,2.043918780707471,-0.4193480066841302,0.1263473564750498,0.31610026985733486,11/24/2004 0:00,Shipped,1.0653495257808978,1.0688075917661204,0.2643280247651782,Classic Cars,0.3555044105530499,S12_4675,Salzburg Collectables,6562-9555,Geislweg 14,Salzburg,5020,Austria,EMEA,Pipps,Georg,Medium
1.1325711861686467,1.1198673115905147,0.23754530989009803,-0.1103338560857102,0.2795547471144864,1/6/2005 0:00,Shipped,-1.4270386327380036,-1.6664329408743999,1.6938261357079059,Classic Cars,0.3555044105530499,S12_4675,Suominen Souveniers,+358 9 8045 555,"Software Engineering Center, SEC Oy",Espoo,FIN-02271,Finland,EMEA,Suominen,Kalle,Medium
1.284630779669834,1.530556853420273,0.8101579745265006,-1.2937399188895102,0.8841034910909061,2/9/2005 0:00,Shipped,-1.4270386327380036,-1.3929088876103477,1.6938261357079059,Classic Cars,0.3555044105530499,S12_4675,"Toys of Finland, Co.",90-224 8555,Keskuskatu 45,Helsinki,21240,Finland,EMEA,Karttunen,Matti,Medium
1.414967574099423,1.2225396970479543,0.8101579745265006,0.3630285690358098,0.9176569509762047,3/3/2005 0:00,Shipped,-1.4270386327380036,-1.1193848343462958,1.6938261357079059,Classic Cars,0.3555044105530499,S12_4675,Scandinavian Gift Ideas,0695-34 6555,?kergatan 24,Boras,S-844 67,Sweden,EMEA,Larsson,Maria,Medium
1.5887499666722085,6.3561589699199335,0.47700151510168454,-0.3470150686464702,2.9835215922423246,4/14/2005 0:00,Shipped,-0.5962425798983697,-0.8458607810822437,1.6938261357079059,Classic Cars,0.3555044105530499,S12_4675,Mini Caravy,88.60.1555,"24, place Kluber",Strasbourg,67000,France,EMEA,Citeaux,Frederique,Large
1.7408095601733957,-0.3175460848136394,0.8101579745265006,0.8363909941573299,0.15136847521735755,5/17/2005 0:00,Shipped,-0.5962425798983697,-0.5723367278181918,1.6938261357079059,Classic Cars,0.3555044105530499,S12_4675,Salzburg Collectables,6562-9555,Geislweg 14,Salzburg,5020,Austria,EMEA,Pipps,Georg,Medium
-1.6913926931391166,-0.009528928441320661,0.8101579745265006,0.8363909941573299,0.1988070616484903,1/29/2003 0:00,Shipped,-1.4270386327380036,-1.6664329408743999,-1.1651700861775494,Trucks and Buses,0.3803919232868691,S18_1097,Baane Mini Imports,07-98 9555,Erling Skakkes gate 78,Stavern,4110,Norway,EMEA,Bergulfsen,Jonas,Medium
-1.5827786977811258,1.4278844679628335,0.8101579745265006,-0.5836962812072303,0.7400174731921337,3/26/2003 0:00,Shipped,-1.4270386327380036,-1.1193848343462958,-1.1651700861775494,Trucks and Buses,0.3803919232868691,S18_1097,Mini Gifts Distributors Ltd.,4155551450,5677 Strong St.,San Rafael,97562,USA,EMEA,Nelson,Valarie,Medium
-1.4415805038157374,0.29848822793099805,0.8101579745265006,0.8363909941573299,0.1645965425875773,5/28/2003 0:00,Shipped,-0.5962425798983697,-0.5723367278181918,-1.1651700861775494,Trucks and Buses,0.3803919232868691,S18_1097,"Corrida Auto Replicas, Ltd",(91) 555 22 82,"C/ Araquil, 67",Madrid,28023,Spain,EMEA,Sommer,MartÂ¡n,Medium
-1.2895209103145502,-0.3175460848136394,0.8101579745265006,0.8363909941573299,0.34077528551015823,7/24/2003 0:00,Shipped,0.23455347294126402,-0.025288621290087743,-1.1651700861775494,Trucks and Buses,0.3803919232868691,S18_1097,Technics Stores Inc.,6505556809,9408 Furth Circle,Burlingame,94217,USA,EMEA,Hirano,Juri,Medium
-1.1809069149565594,-0.11220131389876024,0.8101579745265006,0.1263473564750498,0.5903274464567168,9/19/2003 0:00,Shipped,0.23455347294126402,0.5217594852380163,-1.1651700861775494,Trucks and Buses,0.3803919232868691,S18_1097,"Dragon Souveniers, Ltd.",+65 221 7555,"Bronz Sok., Bronz Apt. 3/6 Tesvikiye",Singapore,79903,Singapore,Japan,Natividad,Eric,Medium
-1.0288473214553722,0.09314345701611891,0.7690091856392095,0.3630285690358098,0.008813785314645203,10/21/2003 0:00,Resolved,1.0653495257808978,0.7952835385020682,-1.1651700861775494,Trucks and Buses,0.3803919232868691,S18_1097,Mini Auto Werke,7675-3555,Kirchgasse 6,Graz,8010,Austria,EMEA,Mendel,Roland,Medium
-0.9202333260973812,1.325212082505394,0.4799761263465491,-0.8203774937679902,0.5030743321280261,11/6/2003 0:00,Shipped,1.0653495257808978,1.0688075917661204,-1.1651700861775494,Trucks and Buses,0.3803919232868691,S18_1097,"Australian Gift Network, Co",61-7-3844-6555,31 Duncan St. West End,South Brisbane,4101,Australia,APAC,Calaghan,Tony,Medium
-0.8224807302751894,-1.4469423248454747,0.6534951156303075,0.1263473564750498,-0.8255319024109355,11/13/2003 0:00,Shipped,1.0653495257808978,1.0688075917661204,-1.1651700861775494,Trucks and Buses,0.3803919232868691,S18_1097,"Classic Gift Ideas, Inc",2155554695,782 First Street,Philadelphia,71270,USA,EMEA,Cervantes,Francisca,Small
-0.7030053353813994,-1.4469423248454747,0.4799761263465491,0.8363909941573299,-0.8654441746486674,11/25/2003 0:00,Shipped,1.0653495257808978,1.0688075917661204,-1.1651700861775494,Trucks and Buses,0.3803919232868691,S18_1097,"Saveley & Henriot, Co.",78.32.5555,"2, rue du Commerce",Lyon,69004,France,EMEA,Saveley,Mary,Small
-0.5726685409518104,-0.11220131389876024,0.8101579745265006,-0.3470150686464702,0.22420972961149851,12/5/2003 0:00,Shipped,1.0653495257808978,1.3423316450301723,-1.1651700861775494,Trucks and Buses,0.3803919232868691,S18_1097,Canadian Gift Exchange Network,(604) 555-3392,1900 Oak St.,Vancouver,V3F 2K1,Canada,EMEA,Tannamuri,Yoshi,Medium
-0.47491594512961854,1.1198673115905147,0.8101579745265006,-1.0570587063287502,0.8678127677285666,1/29/2004 0:00,Shipped,-1.4270386327380036,-1.6664329408743999,0.2643280247651782,Trucks and Buses,0.3803919232868691,S18_1097,West Coast Collectables Co.,3105553722,3675 Furth Circle,Burbank,94019,USA,EMEA,Thompson,Steve,Medium
-0.33371775116423036,-0.3175460848136394,0.8101579745265006,-1.2937399188895102,-0.10528644111518073,3/10/2004 0:00,Shipped,-1.4270386327380036,-1.1193848343462958,0.2643280247651782,Trucks and Buses,0.3803919232868691,S18_1097,Cambridge Collectables Co.,6175555555,4658 Baden Av.,Cambridge,51247,USA,EMEA,Tseng,Kyung,Medium
-0.14907395905564585,-0.6255632411859581,0.8101579745265006,0.3630285690358098,-0.055871246916084194,5/4/2004 0:00,Shipped,-0.5962425798983697,-0.5723367278181918,0.2643280247651782,Trucks and Buses,0.3803919232868691,S18_1097,Super Scale Inc.,2035559545,567 North Pendale Street,New Haven,97823,USA,EMEA,Murphy,Leslie,Medium
-0.007875765090257694,0.6065053843033168,0.8101579745265006,-0.3470150686464702,1.0312630254640398,6/15/2004 0:00,Shipped,-0.5962425798983697,-0.29881267455413973,0.2643280247651782,Trucks and Buses,0.3803919232868691,S18_1097,"Tokyo Collectables, Ltd",+81 3 3584 0555,2-2-8 Roppongi,Minato-ku,106-0032,Japan,Japan,Shimamura,Akiko,Medium
0.12246102933933138,0.8118501552181959,0.6534951156303075,0.3630285690358098,0.3313701078889677,7/19/2004 0:00,Shipped,0.23455347294126402,-0.025288621290087743,0.2643280247651782,Trucks and Buses,0.3803919232868691,S18_1097,Souveniers And Things Co.,+61 2 9495 8555,"Monitor Money Building, 815 Pacific Hwy",Chatswood,2067,Australia,APAC,Huxley,Adrian,Medium
0.23107502469732227,-1.138925168473156,0.8101579745265006,-1.2937399188895102,-0.4093365019498856,8/17/2004 0:00,Shipped,0.23455347294126402,0.24823543197396428,0.2643280247651782,Trucks and Buses,0.3803919232868691,S18_1097,Amica Models & Co.,011-4988555,Via Monte Bianco 34,Torino,10100,Italy,EMEA,Accorti,Paolo,Small
0.35055041959111227,0.6065053843033168,0.8101579745265006,0.8363909941573299,0.6158169982776571,9/8/2004 0:00,Shipped,0.23455347294126402,0.5217594852380163,0.2643280247651782,Trucks and Buses,0.3803919232868691,S18_1097,Scandinavian Gift Ideas,0695-34 6555,?kergatan 24,Boras,S-844 67,Sweden,EMEA,Larsson,Maria,Medium
0.49174861355650046,1.1198673115905147,0.711004266364353,-0.3470150686464702,0.5181052395503449,10/11/2004 0:00,Shipped,1.0653495257808978,0.7952835385020682,0.2643280247651782,Trucks and Buses,0.3803919232868691,S18_1097,Auto Assoc. & Cie.,30.59.8555,"67, avenue de l'Europe",Versailles,78000,France,EMEA,Tonini,Daniel,Medium
0.5786398098428932,-0.3175460848136394,0.8101579745265006,-1.0570587063287502,0.34077528551015823,10/21/2004 0:00,Shipped,1.0653495257808978,0.7952835385020682,0.2643280247651782,Trucks and Buses,0.3803919232868691,S18_1097,Mini Gifts Distributors Ltd.,4155551450,5677 Strong St.,San Rafael,97562,USA,EMEA,Nelson,Valarie,Medium
0.6872538052008841,-1.344269939388035,0.8101579745265006,0.8363909941573299,-0.7074784604451819,11/4/2004 0:00,Shipped,1.0653495257808978,1.0688075917661204,0.2643280247651782,Trucks and Buses,0.3803919232868691,S18_1097,Online Diecast Creations Co.,6035558647,2304 Long Airport Avenue,Nashua,62005,USA,EMEA,Young,Valarie,Small
0.8067292000946741,-0.6255632411859581,-2.1520590568176607,0.1263473564750498,-1.2960025628741803,11/18/2004 0:00,Shipped,1.0653495257808978,1.0688075917661204,0.2643280247651782,Trucks and Buses,0.3803919232868691,S18_1097,Mini Wheels Co.,6505555787,5557 North Pendale Street,San Francisco,28034,USA,EMEA,Murphy,Julie,Small
0.9587887935958613,0.7091777697607564,-1.6885154711596204,-0.3470150686464702,-0.7986196274163508,11/29/2004 0:00,Shipped,1.0653495257808978,1.0688075917661204,0.2643280247651782,Trucks and Buses,0.3803919232868691,S18_1097,"Australian Collectors, Co.",03 9520 4555,636 St Kilda Road,Melbourne,3004,Australia,APAC,Ferguson,Peter,Small
1.0674027889538522,0.40116061338843767,0.711004266364353,-1.2937399188895102,0.14559069866484786,12/10/2004 0:00,Shipped,1.0653495257808978,1.3423316450301723,0.2643280247651782,Trucks and Buses,0.3803919232868691,S18_1097,Mini Gifts Distributors Ltd.,4155551450,5677 Strong St.,San Rafael,97562,USA,EMEA,Nelson,Valarie,Medium
1.2086009829192403,-0.8309080121008373,0.8101579745265006,-1.2937399188895102,0.19418592645470653,1/20/2005 0:00,Shipped,-1.4270386327380036,-1.6664329408743999,1.6938261357079059,Trucks and Buses,0.3803919232868691,S18_1097,"Anna's Decorations, Ltd",02 9936 8555,201 Miller Street,North Sydney,2060,Australia,APAC,O'Hara,Anna,Medium
1.3280763778130305,1.325212082505394,0.711004266364353,-1.0570587063287502,0.6245379655176297,2/17/2005 0:00,Shipped,-1.4270386327380036,-1.3929088876103477,1.6938261357079059,Trucks and Buses,0.3803919232868691,S18_1097,Corporate Gift Ideas Co.,6505551386,7734 Strong St.,San Francisco,28034,USA,EMEA,Brown,Julie,Medium
1.4366903731710212,-0.6255632411859581,0.07146284871850028,0.8363909941573299,-0.5897182514999502,3/9/2005 0:00,Shipped,-1.4270386327380036,-1.1193848343462958,1.6938261357079059,Trucks and Buses,0.3803919232868691,S18_1097,"Anna's Decorations, Ltd",02 9936 8555,201 Miller Street,North Sydney,2060,Australia,APAC,O'Hara,Anna,Small
1.653918363887003,-0.8309080121008373,0.8101579745265006,0.3630285690358098,-0.18511098559064437,5/1/2005 0:00,Shipped,-0.5962425798983697,-0.5723367278181918,1.6938261357079059,Trucks and Buses,0.3803919232868691,S18_1097,Quebec Home Shopping Network,(514) 555-8054,43 rue St. Laurent,Montreal,H1J 1C3,Canada,EMEA,Fresnisre,Jean,Medium
1.795116557852391,1.9412463952500314,0.8101579745265006,-0.3470150686464702,1.9701517152468742,5/31/2005 0:00,In Process,-0.5962425798983697,-0.5723367278181918,1.6938261357079059,Trucks and Buses,0.3803919232868691,S18_1097,Euro Shopping Channel,(91) 555 94 44,"C/ Moralzarzal, 86",Madrid,28034,Spain,EMEA,Freyre,Diego,Large
-1.626224295924322,-0.9335803975582768,0.8101579745265006,-0.5836962812072303,0.4481528734324592,3/10/2003 0:00,Shipped,-1.4270386327380036,-1.1193848343462958,-1.1651700861775494,Classic Cars,1.0025797416323492,S18_1129,Motor Mint Distributors Inc.,2155559857,11328 Douglas Av.,Philadelphia,71270,USA,EMEA,Hernandez,Rosa,Medium
-1.485026101958934,-0.11220131389876024,0.8101579745265006,-1.0570587063287502,0.7878796184306874,5/8/2003 0:00,Shipped,-0.5962425798983697,-0.5723367278181918,-1.1651700861775494,Classic Cars,1.0025797416323492,S18_1129,Marseille Mini Autos,91.24.4555,"12, rue des Bouchers",Marseille,13008,France,EMEA,Lebihan,Laurence,Medium
-1.3329665084577467,-1.0362527830157164,0.8101579745265006,-1.0570587063287502,0.04933967479902521,7/4/2003 0:00,Shipped,0.23455347294126402,-0.025288621290087743,-1.1651700861775494,Classic Cars,1.0025797416323492,S18_1129,Alpha Cognac,61.77.6555,1 rue Alsace-Lorraine,Toulouse,31000,France,EMEA,Roulet,Annette,Medium
-1.2026297140281577,-1.2415975539305957,0.8101579745265006,1.5464346318396098,-0.4625745858980111,9/11/2003 0:00,Shipped,0.23455347294126402,0.5217594852380163,-1.1651700861775494,Classic Cars,1.0025797416323492,S18_1129,"Anna's Decorations, Ltd",02 9936 8555,201 Miller Street,North Sydney,2060,Australia,APAC,O'Hara,Anna,Small
-1.0614315200627693,-0.7282356266433977,0.8101579745265006,1.3097534192788498,0.11457316138295348,10/17/2003 0:00,Shipped,1.0653495257808978,0.7952835385020682,-1.1651700861775494,Classic Cars,1.0025797416323492,S18_1129,Heintze Collectables,86 21 3555,Smagsloget 45,Aaarhus,8200,Denmark,EMEA,Ibsen,Palle,Medium
-0.9528175247047785,-0.009528928441320661,0.8101579745265006,-1.0570587063287502,0.5181052395503449,11/5/2003 0:00,Shipped,1.0653495257808978,1.0688075917661204,-1.1651700861775494,Classic Cars,1.0025797416323492,S18_1129,Quebec Home Shopping Network,(514) 555-8054,43 rue St. Laurent,Montreal,H1J 1C3,Canada,EMEA,Fresnisre,Jean,Medium
-0.8442035293467876,0.9145225406756355,0.8101579745265006,-0.1103338560857102,1.0123440653992428,11/12/2003 0:00,Shipped,1.0653495257808978,1.0688075917661204,-1.1651700861775494,Classic Cars,1.0025797416323492,S18_1129,Herkku Gifts,+47 2267 3215,"Drammen 121, PR 744 Sentrum",Bergen,N 5804,Norway,EMEA,Oeztan,Veysel,Medium
-0.7247281344529977,-1.344269939388035,0.8101579745265006,1.0730722067180898,-0.13750949192588838,11/20/2003 0:00,Shipped,1.0653495257808978,1.0688075917661204,-1.1651700861775494,Classic Cars,1.0025797416323492,S18_1129,Online Diecast Creations Co.,6035558647,2304 Long Airport Avenue,Nashua,62005,USA,EMEA,Young,Valarie,Medium
-0.5943913400234085,0.7091777697607564,0.8101579745265006,2.4931594820826497,1.4273448128137212,12/2/2003 0:00,Shipped,1.0653495257808978,1.3423316450301723,-1.1651700861775494,Classic Cars,1.0025797416323492,S18_1129,Muscle Machine Inc,2125557413,4092 Furth Circle,NYC,10022,USA,EMEA,Young,Jeff,Medium
-0.5075001437370158,-0.6255632411859581,0.8101579745265006,0.8363909941573299,0.3436478830630507,1/16/2004 0:00,Shipped,-1.4270386327380036,-1.6664329408743999,0.2643280247651782,Classic Cars,1.0025797416323492,S18_1129,Euro Shopping Channel,(91) 555 94 44,"C/ Moralzarzal, 86",Madrid,28034,Spain,EMEA,Freyre,Diego,Medium
-0.36630194977162767,-0.3175460848136394,0.8101579745265006,-1.2937399188895102,0.5296607926553643,2/22/2004 0:00,Shipped,-1.4270386327380036,-1.3929088876103477,0.2643280247651782,Classic Cars,1.0025797416323492,S18_1129,"Vida Sport, Ltd",0897-034555,Grenzacherweg 237,Gensve,1203,Switzerland,EMEA,Holz,Michael,Medium
-0.20338095673464132,0.6065053843033168,0.8101579745265006,-0.8203774937679902,1.1267755365374366,4/13/2004 0:00,Shipped,-0.5962425798983697,-0.8458607810822437,0.2643280247651782,Classic Cars,1.0025797416323492,S18_1129,Osaka Souveniers Co.,+81 06 6342 5555,"Dojima Avanza 4F, 1-6-20 Dojima, Kita-ku",Osaka,530-0003,Japan,Japan,Kentary,Mory,Medium
-0.06218276276925314,-0.9335803975582768,0.8101579745265006,-0.3470150686464702,-0.2711911678372464,6/1/2004 0:00,Cancelled,-0.5962425798983697,-0.29881267455413973,0.2643280247651782,Classic Cars,1.0025797416323492,S18_1129,"UK Collectables, Ltd.",(171) 555-2282,Berkeley Gardens 12  Brewery,Liverpool,WX1 6LT,UK,EMEA,Devon,Elizabeth,Medium
0.07901543119613502,-1.4469423248454747,0.8101579745265006,-0.1103338560857102,-0.5578916082910595,7/6/2004 0:00,Shipped,0.23455347294126402,-0.025288621290087743,0.2643280247651782,Classic Cars,1.0025797416323492,S18_1129,L'ordine Souveniers,0522-556555,Strada Provinciale 124,Reggio Emilia,42100,Italy,EMEA,Moroni,Maurizio,Small
0.2093522256257241,-0.11220131389876024,0.8101579745265006,-0.1103338560857102,0.6049130741071312,8/6/2004 0:00,Shipped,0.23455347294126402,0.24823543197396428,0.2643280247651782,Classic Cars,1.0025797416323492,S18_1129,Signal Gift Stores,7025551838,8489 Strong St.,Las Vegas,83030,USA,EMEA,King,Sue,Medium
0.3071048214479159,0.6065053843033168,0.8101579745265006,-0.5836962812072303,1.599440014413476,8/30/2004 0:00,Shipped,0.23455347294126402,0.24823543197396428,0.2643280247651782,Classic Cars,1.0025797416323492,S18_1129,"Vida Sport, Ltd",0897-034555,Grenzacherweg 237,Gensve,1203,Switzerland,EMEA,Holz,Michael,Medium
0.45916441494910315,0.1958158424735585,0.8101579745265006,0.3630285690358098,1.283649772275645,10/5/2003 0:00,Shipped,1.0653495257808978,0.7952835385020682,-1.1651700861775494,Classic Cars,1.0025797416323492,S18_1129,"Norway Gifts By Mail, Co.",+47 2212 1555,"Drammensveien 126 A, PB 744 Sentrum",Oslo,N 0106,Norway,EMEA,Klaeboe,Jan,Medium
0.556917010771295,0.1958158424735585,0.8101579745265006,-1.0570587063287502,1.4542299366027023,10/16/2004 0:00,Shipped,1.0653495257808978,0.7952835385020682,0.2643280247651782,Classic Cars,1.0025797416323492,S18_1129,"Toms Spezialitten, Ltd",0221-5554327,Mehrheimerstr. 369,Koln,50739,Germany,EMEA,Pfalzheim,Henriette,Medium
0.676392405665085,0.6065053843033168,0.8101579745265006,0.8363909941573299,1.2213974880670253,11/4/2004 0:00,Shipped,1.0653495257808978,1.0688075917661204,0.2643280247651782,Classic Cars,1.0025797416323492,S18_1129,FunGiftIdeas.com,5085552555,1785 First Street,New Bedford,50553,USA,EMEA,Benitez,Violeta,Medium
0.7850064010230758,1.1198673115905147,0.8101579745265006,-0.1103338560857102,1.563980539894784,11/17/2004 0:00,Shipped,1.0653495257808978,1.0688075917661204,0.2643280247651782,Classic Cars,1.0025797416323492,S18_1129,Motor Mint Distributors Inc.,2155559857,11328 Douglas Av.,Philadelphia,71270,USA,EMEA,Hernandez,Rosa,Medium
0.9044817959168658,0.5038329988458772,0.8101579745265006,-1.0570587063287502,1.5750473712989328,11/24/2004 0:00,Shipped,1.0653495257808978,1.0688075917661204,0.2643280247651782,Classic Cars,1.0025797416323492,S18_1129,"Australian Collectors, Co.",03 9520 4555,636 St Kilda Road,Melbourne,3004,Australia,APAC,Ferguson,Peter,Medium
1.056541389418053,0.8118501552181959,0.6911735247319232,0.3630285690358098,0.3491161358716764,12/9/2004 0:00,Shipped,1.0653495257808978,1.3423316450301723,0.2643280247651782,Classic Cars,1.0025797416323492,S18_1129,Lyon Souveniers,+33 1 46 62 7555,27 rue du Colonel Pierre Avia,Paris,75508,France,EMEA,Da Cunha,Daniel,Medium
1.154293985240245,-0.5228908557285186,0.1686334827174054,-1.2937399188895102,-0.5115770817719283,1/7/2005 0:00,Shipped,-1.4270386327380036,-1.6664329408743999,1.6938261357079059,Classic Cars,1.0025797416323492,S18_1129,Mini Creations Ltd.,5085559555,4575 Hillside Dr.,New Bedford,50553,USA,EMEA,Tam,Wing C,Small
1.284630779669834,-0.009528928441320661,0.8101579745265006,-1.0570587063287502,1.2713068342081126,2/9/2005 0:00,Shipped,-1.4270386327380036,-1.3929088876103477,1.6938261357079059,Classic Cars,1.0025797416323492,S18_1129,"Toys of Finland, Co.",90-224 8555,Keskuskatu 45,Helsinki,21240,Finland,EMEA,Karttunen,Matti,Medium
1.425828973635222,0.09314345701611891,0.5012941736014105,1.7831158444003699,-0.09675010207331494,3/4/2005 0:00,Shipped,-1.4270386327380036,-1.1193848343462958,1.6938261357079059,Classic Cars,1.0025797416323492,S18_1129,Mini Gifts Distributors Ltd.,4155551450,5677 Strong St.,San Rafael,97562,USA,EMEA,Nelson,Valarie,Medium
1.5996113662080076,2.6599530934521085,0.8101579745265006,-0.8203774937679902,2.6178111434811653,4/15/2005 0:00,Disputed,-0.5962425798983697,-0.8458607810822437,1.6938261357079059,Classic Cars,1.0025797416323492,S18_1129,Danish Wholesale Imports,31 12 3555,Vinb'ltet 34,Kobenhavn,1734,Denmark,EMEA,Petersen,Jytte,Large
1.7408095601733957,0.29848822793099805,0.8101579745265006,-0.3470150686464702,0.4943425044058122,5/17/2005 0:00,Shipped,-0.5962425798983697,-0.5723367278181918,1.6938261357079059,Classic Cars,1.0025797416323492,S18_1129,Salzburg Collectables,6562-9555,Geislweg 14,Salzburg,5020,Austria,EMEA,Pipps,Georg,Medium
-1.7022540926749157,0.40116061338843767,0.8101579745265006,-1.0570587063287502,0.6811808106484845,1/10/2003 0:00,Shipped,-1.4270386327380036,-1.6664329408743999,-1.1651700861775494,Vintage Cars,0.03196674501340019,S18_1342,Vitachrome Inc.,2125551500,2678 Kingston Rd.,NYC,10022,USA,EMEA,Frick,Michael,Medium
-1.6045014968527238,-0.21487369935619982,0.7933018441389353,-0.1103338560857102,-0.14396061837737464,3/25/2003 0:00,Shipped,-1.4270386327380036,-1.1193848343462958,-1.1651700861775494,Vintage Cars,0.03196674501340019,S18_1342,Mini Wheels Co.,6505555787,5557 North Pendale Street,San Francisco,28034,USA,EMEA,Murphy,Julie,Medium
-1.4524419033515366,-0.3175460848136394,0.8101579745265006,-1.2937399188895102,-0.162456019634751,5/21/2003 0:00,Shipped,-0.5962425798983697,-0.5723367278181918,-1.1651700861775494,Vintage Cars,0.03196674501340019,S18_1342,"Australian Collectors, Co.",03 9520 4555,636 St Kilda Road,Melbourne,3004,Australia,APAC,Ferguson,Peter,Medium
-1.3003823098503493,-0.42021847027107895,0.8101579745265006,0.1263473564750498,-0.20034824217555258,7/16/2003 0:00,Shipped,0.23455347294126402,-0.025288621290087743,-1.1651700861775494,Vintage Cars,0.03196674501340019,S18_1342,Souveniers And Things Co.,+61 2 9495 8555,"Monitor Money Building, 815 Pacific Hwy",Chatswood,2067,Australia,APAC,Huxley,Adrian,Medium
-1.1917683144923585,1.530556853420273,0.8101579745265006,-0.5836962812072303,1.2780674844034836,9/12/2003 0:00,Shipped,0.23455347294126402,0.5217594852380163,-1.1651700861775494,Vintage Cars,0.03196674501340019,S18_1342,Signal Collectibles Ltd.,4155554312,2793 Furth Circle,Brisbane,94217,USA,EMEA,Taylor,Sue,Medium
-1.0505701205269704,1.325212082505394,0.3857801035925085,-1.0570587063287502,0.4535505331065141,10/18/2003 0:00,Shipped,1.0653495257808978,0.7952835385020682,-1.1651700861775494,Vintage Cars,0.03196674501340019,S18_1342,Corporate Gift Ideas Co.,6505551386,7734 Strong St.,San Francisco,28034,USA,EMEA,Brown,Julie,Medium
-0.9310947256331803,0.8118501552181959,0.8101579745265006,-0.1103338560857102,0.8049088545854528,11/5/2003 0:00,Shipped,1.0653495257808978,1.0688075917661204,-1.1651700861775494,Vintage Cars,0.03196674501340019,S18_1342,Rovelli Gifts,035-640555,Via Ludovico il Moro 22,Bergamo,24100,Italy,EMEA,Rovelli,Giovanni,Medium
-0.8333421298109885,-1.0362527830157164,0.18201923331929512,-0.8203774937679902,-0.7442900650029484,11/12/2003 0:00,Shipped,1.0653495257808978,1.0688075917661204,-1.1651700861775494,Vintage Cars,0.03196674501340019,S18_1342,Mini Gifts Distributors Ltd.,4155551450,5677 Strong St.,San Rafael,97562,USA,EMEA,Nelson,Valarie,Small
-0.7138667349171985,-0.7282356266433977,0.8101579745265006,0.1263473564750498,-0.24273670436435998,11/21/2003 0:00,Shipped,1.0653495257808978,1.0688075917661204,-1.1651700861775494,Vintage Cars,0.03196674501340019,S18_1342,"Australian Collectables, Ltd",61-9-3844-6555,7 Allen Street,Glen Waverly,3150,Australia,APAC,Connery,Sean,Medium
-0.5835299404876094,0.09314345701611891,0.8101579745265006,-1.0570587063287502,0.0987385782747593,12/3/2003 0:00,Shipped,1.0653495257808978,1.3423316450301723,-1.1651700861775494,Vintage Cars,0.03196674501340019,S18_1342,Euro Shopping Channel,(91) 555 94 44,"C/ Moralzarzal, 86",Madrid,28034,Spain,EMEA,Freyre,Diego,Medium
-0.47491594512961854,-0.8309080121008373,0.28365178418549636,0.8363909941573299,-0.6193890889838912,1/29/2004 0:00,Shipped,-1.4270386327380036,-1.6664329408743999,0.2643280247651782,Vintage Cars,0.03196674501340019,S18_1342,West Coast Collectables Co.,3105553722,3675 Furth Circle,Burbank,94019,USA,EMEA,Thompson,Steve,Small
-0.3445791507000295,-1.0362527830157164,0.8101579745265006,-0.8203774937679902,-0.32588998664686175,3/2/2004 0:00,Shipped,-1.4270386327380036,-1.1193848343462958,0.2643280247651782,Vintage Cars,0.03196674501340019,S18_1342,"Saveley & Henriot, Co.",78.32.5555,"2, rue du Commerce",Lyon,69004,France,EMEA,Saveley,Mary,Small
-0.15993535859144495,0.5038329988458772,0.8101579745265006,0.1263473564750498,0.6141119025657326,4/29/2004 0:00,Shipped,-0.5962425798983697,-0.8458607810822437,0.2643280247651782,Vintage Cars,0.03196674501340019,S18_1342,Euro Shopping Channel,(91) 555 94 44,"C/ Moralzarzal, 86",Madrid,28034,Spain,EMEA,Freyre,Diego,Medium
-0.029598564161855873,-0.11220131389876024,0.5895409738657219,-1.0570587063287502,-0.16572502478946047,6/8/2004 0:00,Shipped,-0.5962425798983697,-0.29881267455413973,0.2643280247651782,Vintage Cars,0.03196674501340019,S18_1342,Danish Wholesale Imports,31 12 3555,Vinb'ltet 34,Kobenhavn,1734,Denmark,EMEA,Petersen,Jytte,Medium
0.23107502469732227,1.530556853420273,0.8101579745265006,0.5997097815965698,0.9153273775353902,8/17/2004 0:00,Shipped,0.23455347294126402,0.24823543197396428,0.2643280247651782,Vintage Cars,0.03196674501340019,S18_1342,Amica Models & Co.,011-4988555,Via Monte Bianco 34,Torino,10100,Italy,EMEA,Accorti,Paolo,Medium
0.3288276205195141,0.29848822793099805,0.8101579745265006,-1.0570587063287502,0.5506758257927822,9/3/2004 0:00,Shipped,0.23455347294126402,0.5217594852380163,0.2643280247651782,Vintage Cars,0.03196674501340019,S18_1342,Herkku Gifts,+47 2267 3215,"Drammen 121, PR 744 Sentrum",Bergen,N 5804,Norway,EMEA,Oeztan,Veysel,Medium
0.49174861355650046,0.1958158424735585,0.5895409738657219,1.5464346318396098,-0.010067163062306289,10/11/2004 0:00,Shipped,1.0653495257808978,0.7952835385020682,0.2643280247651782,Vintage Cars,0.03196674501340019,S18_1342,Auto Assoc. & Cie.,30.59.8555,"67, avenue de l'Europe",Versailles,78000,France,EMEA,Tonini,Daniel,Medium
0.5786398098428932,0.8118501552181959,0.28365178418549636,0.8363909941573299,0.15717883321659212,10/21/2004 0:00,Shipped,1.0653495257808978,0.7952835385020682,0.2643280247651782,Vintage Cars,0.03196674501340019,S18_1342,Mini Gifts Distributors Ltd.,4155551450,5677 Strong St.,San Rafael,97562,USA,EMEA,Nelson,Valarie,Medium
0.6872538052008841,0.8118501552181959,0.13095507361578904,1.7831158444003699,0.0852607198129839,11/4/2004 0:00,Shipped,1.0653495257808978,1.0688075917661204,0.2643280247651782,Vintage Cars,0.03196674501340019,S18_1342,Online Diecast Creations Co.,6035558647,2304 Long Airport Avenue,Nashua,62005,USA,EMEA,Young,Valarie,Medium
0.795867800558875,1.1198673115905147,0.5687186951516708,2.0197970569611297,0.4464151962738092,11/17/2004 0:00,Shipped,1.0653495257808978,1.0688075917661204,0.2643280247651782,Vintage Cars,0.03196674501340019,S18_1342,"AV Stores, Co.",(171) 555-1555,Fauntleroy Circus,Manchester,EC2 5NT,UK,EMEA,Ashworth,Victoria,Medium
0.9479273940600622,0.7091777697607564,-2.3573072327133064,-0.8203774937679902,-1.106286228837495,11/29/2004 0:00,Shipped,1.0653495257808978,1.0688075917661204,0.2643280247651782,Vintage Cars,0.03196674501340019,S18_1342,Signal Gift Stores,7025551838,8489 Strong St.,Las Vegas,83030,USA,EMEA,King,Sue,Small
1.056541389418053,1.530556853420273,-1.6597608957925976,0.5997097815965698,-0.5673999604935451,12/9/2004 0:00,Shipped,1.0653495257808978,1.3423316450301723,0.2643280247651782,Vintage Cars,0.03196674501340019,S18_1342,Lyon Souveniers,+33 1 46 62 7555,27 rue du Colonel Pierre Avia,Paris,75508,France,EMEA,Da Cunha,Daniel,Small
1.1977395833834412,0.9145225406756355,0.8101579745265006,0.3630285690358098,3.08793426851268,1/20/2005 0:00,Shipped,-1.4270386327380036,-1.6664329408743999,1.6938261357079059,Vintage Cars,0.03196674501340019,S18_1342,Collectables For Less Inc.,6175558555,7825 Douglas Av.,Brickhaven,58339,USA,EMEA,Nelson,Allen,Large
1.3172149782772313,-0.8309080121008373,0.47105229261195547,1.5464346318396098,-0.5639680481052122,2/16/2005 0:00,Shipped,-1.4270386327380036,-1.3929088876103477,1.6938261357079059,Vintage Cars,0.03196674501340019,S18_1342,Euro Shopping Channel,(91) 555 94 44,"C/ Moralzarzal, 86",Madrid,28034,Spain,EMEA,Freyre,Diego,Small
1.4366903731710212,-0.009528928441320661,0.8101579745265006,-1.0570587063287502,1.0833390378123182,3/9/2005 0:00,Shipped,-1.4270386327380036,-1.1193848343462958,1.6938261357079059,Vintage Cars,0.03196674501340019,S18_1342,"Anna's Decorations, Ltd",02 9936 8555,201 Miller Street,North Sydney,2060,Australia,APAC,O'Hara,Anna,Medium
1.773393758780793,1.6332292388777125,0.5895409738657219,-1.0570587063287502,0.7163361916644131,5/30/2005 0:00,In Process,-0.5962425798983697,-0.5723367278181918,1.6938261357079059,Vintage Cars,0.03196674501340019,S18_1342,Diecast Classics Inc.,2155551555,7586 Pompton St.,Allentown,70267,USA,EMEA,Yu,Kyung,Medium
-1.7022540926749157,0.6065053843033168,-1.6617439699558405,-1.2937399188895102,-0.8135310695340122,1/10/2003 0:00,Shipped,-1.4270386327380036,-1.6664329408743999,-1.1651700861775494,Vintage Cars,-1.1875213789437409,S18_1367,Vitachrome Inc.,2125551500,2678 Kingston Rd.,NYC,10022,USA,EMEA,Frick,Michael,Small
-1.6045014968527238,1.325212082505394,-1.7152869723634,-0.3470150686464702,-0.651090836647004,3/25/2003 0:00,Shipped,-1.4270386327380036,-1.1193848343462958,-1.1651700861775494,Vintage Cars,-1.1875213789437409,S18_1367,Mini Wheels Co.,6505555787,5557 North Pendale Street,San Francisco,28034,USA,EMEA,Murphy,Julie,Small
-1.4415805038157374,0.7091777697607564,-1.4212962276626324,2.4931594820826497,-0.6756898289241368,5/28/2003 0:00,Shipped,-0.5962425798983697,-0.5723367278181918,-1.1651700861775494,Vintage Cars,-1.1875213789437409,S18_1367,"Corrida Auto Replicas, Ltd",(91) 555 22 82,"C/ Araquil, 67",Madrid,28023,Spain,EMEA,Sommer,MartÂ¡n,Small
-1.3003823098503493,1.4278844679628335,-2.009277717064168,-0.1103338560857102,-0.782236589954958,7/16/2003 0:00,Shipped,0.23455347294126402,-0.025288621290087743,-1.1651700861775494,Vintage Cars,-1.1875213789437409,S18_1367,Souveniers And Things Co.,+61 2 9495 8555,"Monitor Money Building, 815 Pacific Hwy",Chatswood,2067,Australia,APAC,Huxley,Adrian,Small
-1.1917683144923585,-0.5228908557285186,-1.261162988980764,-0.8203774937679902,-0.9814015435418002,9/12/2003 0:00,Shipped,0.23455347294126402,0.5217594852380163,-1.1651700861775494,Vintage Cars,-1.1875213789437409,S18_1367,Signal Collectibles Ltd.,4155554312,2793 Furth Circle,Brisbane,94217,USA,EMEA,Taylor,Sue,Small
-1.0505701205269704,1.017194926133075,-1.6086967360890916,-1.2937399188895102,-0.6784755426190968,10/18/2003 0:00,Shipped,1.0653495257808978,0.7952835385020682,-1.1651700861775494,Vintage Cars,-1.1875213789437409,S18_1367,Corporate Gift Ideas Co.,6505551386,7734 Strong St.,San Francisco,28034,USA,EMEA,Brown,Julie,Small
-0.9310947256331803,1.325212082505394,-1.9557347146566084,-0.3470150686464702,-0.7775068499387587,11/5/2003 0:00,Shipped,1.0653495257808978,1.0688075917661204,-1.1651700861775494,Vintage Cars,-1.1875213789437409,S18_1367,Rovelli Gifts,035-640555,Via Ludovico il Moro 22,Bergamo,24100,Italy,EMEA,Rovelli,Giovanni,Small
-0.8333421298109885,-0.3175460848136394,-1.448067728866412,-1.0570587063287502,-0.9836822448125276,11/12/2003 0:00,Shipped,1.0653495257808978,1.0688075917661204,-1.1651700861775494,Vintage Cars,-1.1875213789437409,S18_1367,Mini Gifts Distributors Ltd.,4155551450,5677 Strong St.,San Rafael,97562,USA,EMEA,Nelson,Valarie,Small
-0.7138667349171985,1.1198673115905147,-1.5016107312739722,-0.1103338560857102,-0.5967124020635147,11/21/2003 0:00,Shipped,1.0653495257808978,1.0688075917661204,-1.1651700861775494,Vintage Cars,-1.1875213789437409,S18_1367,"Australian Collectables, Ltd",61-9-3844-6555,7 Allen Street,Glen Waverly,3150,Australia,APAC,Connery,Sean,Small
-0.5835299404876094,1.325212082505394,-0.9939437454837761,-1.2937399188895102,-0.2718427967717399,12/3/2003 0:00,Shipped,1.0653495257808978,1.3423316450301723,-1.1651700861775494,Vintage Cars,-1.1875213789437409,S18_1367,Euro Shopping Channel,(91) 555 94 44,"C/ Moralzarzal, 86",Madrid,28034,Spain,EMEA,Freyre,Diego,Medium
-0.47491594512961854,-0.21487369935619982,-2.009277717064168,0.5997097815965698,-1.1569666692177332,1/29/2004 0:00,Shipped,-1.4270386327380036,-1.6664329408743999,0.2643280247651782,Vintage Cars,-1.1875213789437409,S18_1367,West Coast Collectables Co.,3105553722,3675 Furth Circle,Burbank,94019,USA,EMEA,Thompson,Steve,Small
-0.3445791507000295,-0.42021847027107895,-1.74205847356718,-1.0570587063287502,-1.1130740302384698,3/2/2004 0:00,Shipped,-1.4270386327380036,-1.1193848343462958,0.2643280247651782,Vintage Cars,-1.1875213789437409,S18_1367,"Saveley & Henriot, Co.",78.32.5555,"2, rue du Commerce",Lyon,69004,France,EMEA,Saveley,Mary,Small
-0.15993535859144495,-1.5496147103029143,-1.261162988980764,-0.1103338560857102,-1.2975501815936024,4/29/2004 0:00,Shipped,-0.5962425798983697,-0.8458607810822437,0.2643280247651782,Vintage Cars,-1.1875213789437409,S18_1367,Euro Shopping Channel,(91) 555 94 44,"C/ Moralzarzal, 86",Madrid,28034,Spain,EMEA,Freyre,Diego,Small
-0.029598564161855873,-0.6255632411859581,-1.5819252348853117,-1.2937399188895102,-1.1149040214961725,6/8/2004 0:00,Shipped,-0.5962425798983697,-0.29881267455413973,0.2643280247651782,Vintage Cars,-1.1875213789437409,S18_1367,Danish Wholesale Imports,31 12 3555,Vinb'ltet 34,Kobenhavn,1734,Denmark,EMEA,Petersen,Jytte,Small
0.23107502469732227,-0.8309080121008373,-1.287934490184544,0.3630285690358098,-1.084163426511438,8/17/2004 0:00,Shipped,0.23455347294126402,0.24823543197396428,0.2643280247651782,Vintage Cars,-1.1875213789437409,S18_1367,Amica Models & Co.,011-4988555,Via Monte Bianco 34,Torino,10100,Italy,EMEA,Accorti,Paolo,Small
0.3288276205195141,-1.138925168473156,-1.3677532252550728,-1.2937399188895102,-1.1991107705561053,9/3/2004 0:00,Shipped,0.23455347294126402,0.5217594852380163,0.2643280247651782,Vintage Cars,-1.1875213789437409,S18_1367,Herkku Gifts,+47 2267 3215,"Drammen 121, PR 744 Sentrum",Bergen,N 5804,Norway,EMEA,Oeztan,Veysel,Small
0.49174861355650046,0.1958158424735585,-1.74205847356718,1.3097534192788498,-0.954988850730327,10/11/2004 0:00,Shipped,1.0653495257808978,0.7952835385020682,0.2643280247651782,Vintage Cars,-1.1875213789437409,S18_1367,Auto Assoc. & Cie.,30.59.8555,"67, avenue de l'Europe",Versailles,78000,France,EMEA,Tonini,Daniel,Small
0.5786398098428932,-1.0362527830157164,-1.9557347146566084,0.5997097815965698,-1.3296700578230152,10/21/2004 0:00,Shipped,1.0653495257808978,0.7952835385020682,0.2643280247651782,Vintage Cars,-1.1875213789437409,S18_1367,Mini Gifts Distributors Ltd.,4155551450,5677 Strong St.,San Rafael,97562,USA,EMEA,Nelson,Valarie,Small
0.6872538052008841,0.6065053843033168,-1.287934490184544,-0.3470150686464702,-0.6456605955262241,11/4/2004 0:00,Shipped,1.0653495257808978,1.0688075917661204,0.2643280247651782,Vintage Cars,-1.1875213789437409,S18_1367,Online Diecast Creations Co.,6035558647,2304 Long Airport Avenue,Nashua,62005,USA,EMEA,Young,Valarie,Small
0.795867800558875,-0.8309080121008373,0.3089359797668442,2.2564782695218897,-0.6119116469605773,11/17/2004 0:00,Shipped,1.0653495257808978,1.0688075917661204,0.2643280247651782,Vintage Cars,-1.1875213789437409,S18_1367,"AV Stores, Co.",(171) 555-1555,Fauntleroy Circus,Manchester,EC2 5NT,UK,EMEA,Ashworth,Victoria,Small
0.9587887935958613,-1.4469423248454747,-1.2249718855015799,0.1263473564750498,-1.2576107581502667,11/29/2004 0:00,Shipped,1.0653495257808978,1.0688075917661204,0.2643280247651782,Vintage Cars,-1.1875213789437409,S18_1367,"Australian Collectors, Co.",03 9520 4555,636 St Kilda Road,Melbourne,3004,Australia,APAC,Ferguson,Peter,Small
1.056541389418053,-1.344269939388035,-0.5576674295703266,-0.1103338560857102,-1.0647991866747368,12/9/2004 0:00,Shipped,1.0653495257808978,1.3423316450301723,0.2643280247651782,Vintage Cars,-1.1875213789437409,S18_1367,Lyon Souveniers,+33 1 46 62 7555,27 rue du Colonel Pierre Avia,Paris,75508,France,EMEA,Da Cunha,Daniel,Small
1.1977395833834412,-0.3175460848136394,0.7422376844354293,0.1263473564750498,-0.21597647612115708,1/20/2005 0:00,Shipped,-1.4270386327380036,-1.6664329408743999,1.6938261357079059,Vintage Cars,-1.1875213789437409,S18_1367,Collectables For Less Inc.,6175558555,7825 Douglas Av.,Brickhaven,58339,USA,EMEA,Nelson,Allen,Medium
1.3280763778130305,-1.0362527830157164,-1.528382232477752,0.5997097815965698,-1.2126483616702097,2/17/2005 0:00,Shipped,-1.4270386327380036,-1.3929088876103477,1.6938261357079059,Vintage Cars,-1.1875213789437409,S18_1367,Corporate Gift Ideas Co.,6505551386,7734 Strong St.,San Francisco,28034,USA,EMEA,Brown,Julie,Small
1.4366903731710212,0.7091777697607564,0.8101579745265006,-0.8203774937679902,0.7841870544685571,3/9/2005 0:00,Shipped,-1.4270386327380036,-1.1193848343462958,1.6938261357079059,Vintage Cars,-1.1875213789437409,S18_1367,"Anna's Decorations, Ltd",02 9936 8555,201 Miller Street,North Sydney,2060,Australia,APAC,O'Hara,Anna,Medium
1.773393758780793,-1.0362527830157164,-1.5819252348853117,-1.2937399188895102,-1.2273100126963152,5/30/2005 0:00,In Process,-0.5962425798983697,-0.5723367278181918,1.6938261357079059,Vintage Cars,-1.1875213789437409,S18_1367,Diecast Classics Inc.,2155551555,7586 Pompton St.,Allentown,70267,USA,EMEA,Yu,Kyung,Small
-1.615362896388523,0.1958158424735585,0.8101579745265006,2.2564782695218897,1.0204459851514462,3/18/2003 0:00,Shipped,-1.4270386327380036,-1.1193848343462958,-1.1651700861775494,Classic Cars,0.5794920251574227,S18_1589,"AV Stores, Co.",(171) 555-1555,Fauntleroy Circus,Manchester,EC2 5NT,UK,EMEA,Ashworth,Victoria,Medium
-1.4741647024231348,-0.9335803975582768,0.8101579745265006,-1.0570587063287502,-0.2607433839208661,5/20/2003 0:00,Shipped,-0.5962425798983697,-0.5723367278181918,-1.1651700861775494,Classic Cars,0.5794920251574227,S18_1589,Atelier graphique,40.32.2555,"54, rue Royale",Nantes,44000,France,EMEA,Schmitt,Carine,Medium
-1.3221051089219475,0.9145225406756355,0.7878483901900173,-1.0570587063287502,0.44870675802677845,7/10/2003 0:00,Shipped,0.23455347294126402,-0.025288621290087743,-1.1651700861775494,Classic Cars,0.5794920251574227,S18_1589,Reims Collectables,26.47.1555,59 rue de l'Abbaye,Reims,51100,France,EMEA,Henriot,Paul,Medium
-1.2026297140281577,1.2225396970479543,0.8101579745265006,0.5997097815965698,1.2461268061310566,9/11/2003 0:00,Shipped,0.23455347294126402,0.5217594852380163,-1.1651700861775494,Classic Cars,0.5794920251574227,S18_1589,"Anna's Decorations, Ltd",02 9936 8555,201 Miller Street,North Sydney,2060,Australia,APAC,O'Hara,Anna,Medium
-1.0614315200627693,0.8118501552181959,0.8101579745265006,0.3630285690358098,1.4117763115204454,10/17/2003 0:00,Shipped,1.0653495257808978,0.7952835385020682,-1.1651700861775494,Classic Cars,0.5794920251574227,S18_1589,Heintze Collectables,86 21 3555,Smagsloget 45,Aaarhus,8200,Denmark,EMEA,Ibsen,Palle,Medium
-0.9419561251689794,0.7091777697607564,0.8101579745265006,-0.1103338560857102,0.7663975845568822,11/5/2003 0:00,Shipped,1.0653495257808978,1.0688075917661204,-1.1651700861775494,Classic Cars,0.5794920251574227,S18_1589,Gift Depot Inc.,2035552570,25593 South Bay Ln.,Bridgewater,97562,USA,EMEA,King,Julie,Medium
-0.8442035293467876,0.7091777697607564,0.8101579745265006,-1.0570587063287502,1.0218361268783662,11/12/2003 0:00,Shipped,1.0653495257808978,1.0688075917661204,-1.1651700861775494,Classic Cars,0.5794920251574227,S18_1589,Herkku Gifts,+47 2267 3215,"Drammen 121, PR 744 Sentrum",Bergen,N 5804,Norway,EMEA,Oeztan,Veysel,Medium
-0.7247281344529977,-0.6255632411859581,0.8101579745265006,0.1263473564750498,0.3825447002111968,11/20/2003 0:00,Shipped,1.0653495257808978,1.0688075917661204,-1.1651700861775494,Classic Cars,0.5794920251574227,S18_1589,Online Diecast Creations Co.,6035558647,2304 Long Airport Avenue,Nashua,62005,USA,EMEA,Young,Valarie,Medium
-0.5943913400234085,0.5038329988458772,0.8101579745265006,1.5464346318396098,0.2596257622012245,12/2/2003 0:00,Shipped,1.0653495257808978,1.3423316450301723,-1.1651700861775494,Classic Cars,0.5794920251574227,S18_1589,Muscle Machine Inc,2125557413,4092 Furth Circle,NYC,10022,USA,EMEA,Young,Jeff,Medium
-0.5075001437370158,0.29848822793099805,0.8101579745265006,-0.1103338560857102,0.509612342437445,1/16/2004 0:00,Shipped,-1.4270386327380036,-1.6664329408743999,0.2643280247651782,Classic Cars,0.5794920251574227,S18_1589,Euro Shopping Channel,(91) 555 94 44,"C/ Moralzarzal, 86",Madrid,28034,Spain,EMEA,Freyre,Diego,Medium
-0.35544055023582855,0.29848822793099805,0.8101579745265006,-0.5836962812072303,0.32988222182187416,2/26/2004 0:00,Shipped,-1.4270386327380036,-1.3929088876103477,0.2643280247651782,Classic Cars,0.5794920251574227,S18_1589,Collectable Mini Designs Co.,7605558146,361 Furth Circle,San Diego,91217,USA,EMEA,Thompson,Valarie,Medium
-0.19251955719884223,-1.4469423248454747,0.8101579745265006,1.0730722067180898,-0.5675845886916517,4/13/2004 0:00,Shipped,-0.5962425798983697,-0.8458607810822437,0.2643280247651782,Classic Cars,0.5794920251574227,S18_1589,Mini Caravy,88.60.1555,"24, place Kluber",Strasbourg,67000,France,EMEA,Citeaux,Frederique,Small
-0.06218276276925314,-1.138925168473156,0.8101579745265006,-1.2937399188895102,-0.09720624232746028,6/1/2004 0:00,Cancelled,-0.5962425798983697,-0.29881267455413973,0.2643280247651782,Classic Cars,0.5794920251574227,S18_1589,"UK Collectables, Ltd.",(171) 555-2282,Berkeley Gardens 12  Brewery,Liverpool,WX1 6LT,UK,EMEA,Devon,Elizabeth,Medium
0.07901543119613502,0.09314345701611891,0.8101579745265006,-1.0570587063287502,0.8920316431272449,7/6/2004 0:00,Shipped,0.23455347294126402,-0.025288621290087743,0.2643280247651782,Classic Cars,0.5794920251574227,S18_1589,L'ordine Souveniers,0522-556555,Strada Provinciale 124,Reggio Emilia,42100,Italy,EMEA,Moroni,Maurizio,Medium
0.2093522256257241,-1.2415975539305957,0.8101579745265006,-1.0570587063287502,-0.5155302973078562,8/6/2004 0:00,Shipped,0.23455347294126402,0.24823543197396428,0.2643280247651782,Classic Cars,0.5794920251574227,S18_1589,Signal Gift Stores,7025551838,8489 Strong St.,Las Vegas,83030,USA,EMEA,King,Sue,Small
0.317966220983715,-1.5496147103029143,0.8101579745265006,1.7831158444003699,-0.33509424534658344,9/1/2004 0:00,Shipped,0.23455347294126402,0.5217594852380163,0.2643280247651782,Classic Cars,0.5794920251574227,S18_1589,Handji Gifts& Co,+65 224 1555,Village Close - 106 Linden Road Sandown,Singapore,69045,Singapore,APAC,Victorino,Wendy,Small
0.45916441494910315,-0.3175460848136394,0.8101579745265006,-0.5836962812072303,-0.07018536251045993,10/5/2003 0:00,Shipped,1.0653495257808978,0.7952835385020682,-1.1651700861775494,Classic Cars,0.5794920251574227,S18_1589,"Norway Gifts By Mail, Co.",+47 2212 1555,"Drammensveien 126 A, PB 744 Sentrum",Oslo,N 0106,Norway,EMEA,Klaeboe,Jan,Medium
0.5677784103070941,-0.6255632411859581,0.8101579745265006,0.5997097815965698,-0.34247937327084427,10/16/2004 0:00,Shipped,1.0653495257808978,0.7952835385020682,0.2643280247651782,Classic Cars,0.5794920251574227,S18_1589,Euro Shopping Channel,(91) 555 94 44,"C/ Moralzarzal, 86",Madrid,28034,Spain,EMEA,Freyre,Diego,Small
0.676392405665085,0.9145225406756355,0.8101579745265006,-0.1103338560857102,0.5082004797460425,11/4/2004 0:00,Shipped,1.0653495257808978,1.0688075917661204,0.2643280247651782,Classic Cars,0.5794920251574227,S18_1589,FunGiftIdeas.com,5085552555,1785 First Street,New Bedford,50553,USA,EMEA,Benitez,Violeta,Medium
0.7850064010230758,0.9145225406756355,0.8101579745265006,1.7831158444003699,0.7034067875558361,11/17/2004 0:00,Shipped,1.0653495257808978,1.0688075917661204,0.2643280247651782,Classic Cars,0.5794920251574227,S18_1589,Motor Mint Distributors Inc.,2155559857,11328 Douglas Av.,Philadelphia,71270,USA,EMEA,Hernandez,Rosa,Medium
0.915343195452665,0.09314345701611891,0.8101579745265006,-0.5836962812072303,1.2462571319179552,11/24/2004 0:00,Shipped,1.0653495257808978,1.0688075917661204,0.2643280247651782,Classic Cars,0.5794920251574227,S18_1589,Reims Collectables,26.47.1555,59 rue de l'Abbaye,Reims,51100,France,EMEA,Henriot,Paul,Medium
1.176016784311843,1.4278844679628335,-1.3563505488164258,-1.2937399188895102,-0.43180683970767264,1/12/2005 0:00,Resolved,-1.4270386327380036,-1.6664329408743999,1.6938261357079059,Classic Cars,0.5794920251574227,S18_1589,Toys4GrownUps.com,6265557265,78934 Hillside Dr.,Pasadena,90003,USA,EMEA,Young,Julie,Small
1.295492179205633,-0.11220131389876024,-2.0335703755638943,-0.3470150686464702,-1.1425928209710288,2/10/2005 0:00,Shipped,-1.4270386327380036,-1.3929088876103477,1.6938261357079059,Classic Cars,0.5794920251574227,S18_1589,Euro Shopping Channel,(91) 555 94 44,"C/ Moralzarzal, 86",Madrid,28034,Spain,EMEA,Freyre,Diego,Small
1.6104727657438067,2.4546083225372293,0.8101579745265006,1.0730722067180898,1.8974625076041154,4/22/2005 0:00,On Hold,-0.5962425798983697,-0.8458607810822437,1.6938261357079059,Classic Cars,0.5794920251574227,S18_1589,The Sharp Gifts Warehouse,4085553659,3086 Ingle Ln.,San Jose,94217,USA,EMEA,Frick,Sue,Large
1.7408095601733957,0.1958158424735585,0.8101579745265006,-1.2937399188895102,0.8954744159978189,5/17/2005 0:00,Shipped,-0.5962425798983697,-0.5723367278181918,1.6938261357079059,Classic Cars,0.5794920251574227,S18_1589,Salzburg Collectables,6562-9555,Geislweg 14,Salzburg,5020,Austria,EMEA,Pipps,Georg,Medium
-1.6588084945317194,0.09314345701611891,0.8101579745265006,1.3097534192788498,0.9369940396073015,2/17/2003 0:00,Shipped,-1.4270386327380036,-1.3929088876103477,-1.1651700861775494,Planes,1.4007799453734566,S18_1662,Rovelli Gifts,035-640555,Via Ludovico il Moro 22,Bergamo,24100,Italy,EMEA,Rovelli,Giovanni,Medium
-1.517610300566331,0.8118501552181959,0.8101579745265006,-0.8203774937679902,1.8257724643275797,4/28/2003 0:00,Shipped,-0.5962425798983697,-0.8458607810822437,-1.1651700861775494,Planes,1.4007799453734566,S18_1662,Salzburg Collectables,6562-9555,Geislweg 14,Salzburg,5020,Austria,EMEA,Pipps,Georg,Medium
-1.387273506136742,-1.4469423248454747,0.8101579745265006,-0.5836962812072303,-0.4193390060943621,6/16/2003 0:00,Shipped,-0.5962425798983697,-0.29881267455413973,-1.1651700861775494,Planes,1.4007799453734566,S18_1662,Gift Ideas Corp.,2035554407,2440 Pompton St.,Glendale,97561,USA,EMEA,Lewis,Dan,Small
-1.256936711707153,-0.3175460848136394,0.8101579745265006,0.1263473564750498,0.9199430824880531,8/10/2003 0:00,Shipped,0.23455347294126402,0.24823543197396428,-1.1651700861775494,Planes,1.4007799453734566,S18_1662,Mini Creations Ltd.,5085559555,4575 Hillside Dr.,New Bedford,50553,USA,EMEA,Tam,Wing C,Medium
-1.126599917277564,0.29848822793099805,0.8101579745265006,-0.3470150686464702,1.6168819488934207,10/6/2003 0:00,Shipped,1.0653495257808978,0.7952835385020682,-1.1651700861775494,Planes,1.4007799453734566,S18_1662,"Toys of Finland, Co.",90-224 8555,Keskuskatu 45,Helsinki,21240,Finland,EMEA,Karttunen,Matti,Medium
-0.9962631228479749,0.8118501552181959,0.8101579745265006,-1.2937399188895102,1.1999914775689111,10/23/2003 0:00,Cancelled,1.0653495257808978,0.7952835385020682,-1.1651700861775494,Planes,1.4007799453734566,S18_1662,Scandinavian Gift Ideas,0695-34 6555,?kergatan 24,Boras,S-844 67,Sweden,EMEA,Larsson,Maria,Medium
-0.8767877279541849,0.7091777697607564,0.8101579745265006,-0.5836962812072303,1.5947482860851223,11/8/2003 0:00,Shipped,1.0653495257808978,1.0688075917661204,-1.1651700861775494,Planes,1.4007799453734566,S18_1662,Alpha Cognac,61.77.6555,1 rue Alsace-Lorraine,Toulouse,31000,France,EMEA,Roulet,Annette,Medium
-0.7898965316677922,-0.3175460848136394,0.8101579745265006,-1.2937399188895102,1.3309037305086715,11/14/2003 0:00,Shipped,1.0653495257808978,1.0688075917661204,-1.1651700861775494,Planes,1.4007799453734566,S18_1662,"Double Decker Gift Stores, Ltd",(171) 555-7555,120 Hanover Sq.,London,WA1 1DP,UK,EMEA,Hardy,Thomas,Medium
-0.659559737238203,0.7091777697607564,0.8101579745265006,-0.5836962812072303,2.1341341366121833,11/27/2003 0:00,Shipped,1.0653495257808978,1.0688075917661204,-1.1651700861775494,Planes,1.4007799453734566,S18_1662,Cruz & Sons Co.,+63 2 555 3587,15 McCallum Street - NatWest Center #13-03,Makati City,1227 MM,Philippines,Japan,Cruz,Arnold,Large
-0.529222942808614,-0.42021847027107895,0.8101579745265006,2.4931594820826497,1.1759789513328225,1/12/2004 0:00,Shipped,-1.4270386327380036,-1.6664329408743999,0.2643280247651782,Planes,1.4007799453734566,S18_1662,Osaka Souveniers Co.,+81 06 6342 5555,"Dojima Avanza 4F, 1-6-20 Dojima, Kita-ku",Osaka,530-0003,Japan,Japan,Kentary,Mory,Medium
-0.3988861483790249,1.4278844679628335,0.8101579745265006,-0.5836962812072303,1.84638565962206,2/19/2004 0:00,Shipped,-1.4270386327380036,-1.3929088876103477,0.2643280247651782,Planes,1.4007799453734566,S18_1662,Collectable Mini Designs Co.,7605558146,361 Furth Circle,San Diego,91217,USA,EMEA,Thompson,Valarie,Medium
-0.09476696137665042,1.017194926133075,0.8101579745265006,1.7831158444003699,2.501392204092766,5/11/2004 0:00,Shipped,-0.5962425798983697,-0.5723367278181918,0.2643280247651782,Planes,1.4007799453734566,S18_1662,The Sharp Gifts Warehouse,4085553659,3086 Ingle Ln.,San Jose,94217,USA,EMEA,Frick,Sue,Large
0.03556983305293866,1.4278844679628335,0.8101579745265006,0.5997097815965698,1.6367131894665088,6/24/2004 0:00,Cancelled,-0.5962425798983697,-0.29881267455413973,0.2643280247651782,Planes,1.4007799453734566,S18_1662,Euro Shopping Channel,(91) 555 94 44,"C/ Moralzarzal, 86",Madrid,28034,Spain,EMEA,Freyre,Diego,Medium
0.16590662748252774,0.6065053843033168,0.8101579745265006,-1.2937399188895102,1.7214466719151575,7/21/2004 0:00,Shipped,0.23455347294126402,-0.025288621290087743,0.2643280247651782,Planes,1.4007799453734566,S18_1662,Collectables For Less Inc.,6175558555,7825 Douglas Av.,Brickhaven,58339,USA,EMEA,Nelson,Allen,Medium
0.27452062284051865,1.017194926133075,0.8101579745265006,1.0730722067180898,1.1913736849102337,8/21/2004 0:00,Shipped,0.23455347294126402,0.24823543197396428,0.2643280247651782,Planes,1.4007799453734566,S18_1662,"Norway Gifts By Mail, Co.",+47 2212 1555,"Drammensveien 126 A, PB 744 Sentrum",Oslo,N 0106,Norway,EMEA,Klaeboe,Jan,Medium
0.4048574172701077,0.09314345701611891,0.8101579745265006,0.1263473564750498,1.1528135427115758,9/15/2004 0:00,Shipped,0.23455347294126402,0.5217594852380163,0.2643280247651782,Planes,1.4007799453734566,S18_1662,"Bavarian Collectables Imports, Co.",+49 89 61 08 9555,Hansastr. 15,Munich,80686,Germany,EMEA,Donnermeyer,Michael,Medium
0.5243328121638977,0.40116061338843767,0.8101579745265006,-1.2937399188895102,2.077654198714953,10/14/2004 0:00,Shipped,1.0653495257808978,0.7952835385020682,0.2643280247651782,Planes,1.4007799453734566,S18_1662,"Classic Gift Ideas, Inc",2155554695,782 First Street,Philadelphia,71270,USA,EMEA,Cervantes,Francisca,Large
0.6220854079860895,-0.8309080121008373,0.8101579745265006,0.5997097815965698,0.08158444657421596,11/1/2004 0:00,Shipped,1.0653495257808978,1.0688075917661204,0.2643280247651782,Planes,1.4007799453734566,S18_1662,giftsbymail.co.uk,(198) 555-8888,Garden House Crowther Way,Cowes,PO31 7PJ,UK,EMEA,Bennett,Helen,Medium
0.7415608028798795,-1.0362527830157164,0.8101579745265006,-0.1103338560857102,-0.40680057934648134,11/10/2004 0:00,Resolved,1.0653495257808978,1.0688075917661204,0.2643280247651782,Planes,1.4007799453734566,S18_1662,Danish Wholesale Imports,31 12 3555,Vinb'ltet 34,Kobenhavn,1734,Denmark,EMEA,Petersen,Jytte,Small
0.8610361977736695,0.6065053843033168,0.8101579745265006,-1.2937399188895102,1.1245491376779166,11/22/2004 0:00,Shipped,1.0653495257808978,1.0688075917661204,0.2643280247651782,Planes,1.4007799453734566,S18_1662,Royale Belge,(071) 23 67 2555,"Boulevard Tirou, 255",Charleroi,B-6000,Belgium,EMEA,Cartrain,Pascale,Medium
1.0022343917390577,0.40116061338843767,0.786361084567585,-1.2937399188895102,0.17778116802883087,12/3/2004 0:00,Shipped,1.0653495257808978,1.3423316450301723,0.2643280247651782,Planes,1.4007799453734566,S18_1662,"Stylish Desk Decors, Co.",(171) 555-0297,35 King George,London,WX3 6FW,UK,EMEA,Brown,Ann,Medium
1.2411851815266377,-0.7282356266433977,-1.2943794812150835,-0.5836962812072303,-1.0548184034947434,1/31/2005 0:00,Shipped,-1.4270386327380036,-1.6664329408743999,1.6938261357079059,Planes,1.4007799453734566,S18_1662,"Oulu Toy Supplies, Inc.",981-443655,Torikatu 38,Oulu,90110,Finland,EMEA,Koskitalo,Pirkko,Small
1.3823833754920258,-1.0362527830157164,-1.4421185063766835,0.1263473564750498,-1.1890268127948174,3/1/2005 0:00,Resolved,-1.4270386327380036,-1.1193848343462958,1.6938261357079059,Planes,1.4007799453734566,S18_1662,Euro Shopping Channel,(91) 555 94 44,"C/ Moralzarzal, 86",Madrid,28034,Spain,EMEA,Freyre,Diego,Small
1.5127201699216148,-0.21487369935619982,0.8101579745265006,1.0730722067180898,0.3590480468815827,3/30/2005 0:00,Shipped,-1.4270386327380036,-1.1193848343462958,1.6938261357079059,Planes,1.4007799453734566,S18_1662,Reims Collectables,26.47.1555,59 rue de l'Abbaye,Reims,51100,France,EMEA,Henriot,Paul,Medium
1.534442968993213,-0.11220131389876024,0.8101579745265006,-1.2937399188895102,1.563871935072368,4/1/2005 0:00,Shipped,-0.5962425798983697,-0.8458607810822437,1.6938261357079059,Planes,1.4007799453734566,S18_1662,The Sharp Gifts Warehouse,4085553659,3086 Ingle Ln.,San Jose,94217,USA,EMEA,Frick,Sue,Medium
1.7082253615659986,-1.138925168473156,0.8101579745265006,1.7831158444003699,0.4334803619241118,5/10/2005 0:00,Shipped,-0.5962425798983697,-0.5723367278181918,1.6938261357079059,Planes,1.4007799453734566,S18_1662,L'ordine Souveniers,0522-556555,Strada Provinciale 124,Reggio Emilia,42100,Italy,EMEA,Moroni,Maurizio,Medium
-1.723976891746514,-0.5228908557285186,0.8101579745265006,-0.8203774937679902,0.8672697436164886,1/6/2003 0:00,Shipped,-1.4270386327380036,-1.6664329408743999,-1.1651700861775494,Vintage Cars,1.7243176109131062,S18_1749,Online Diecast Creations Co.,6035558647,2304 Long Airport Avenue,Nashua,62005,USA,EMEA,Young,Valarie,Medium
-1.615362896388523,0.7091777697607564,0.8101579745265006,0.1263473564750498,1.365765878504078,3/18/2003 0:00,Shipped,-1.4270386327380036,-1.1193848343462958,-1.1651700861775494,Vintage Cars,1.7243176109131062,S18_1749,"AV Stores, Co.",(171) 555-1555,Fauntleroy Circus,Manchester,EC2 5NT,UK,EMEA,Ashworth,Victoria,Medium
-1.4633033028873357,-1.4469423248454747,0.8101579745265006,-0.1103338560857102,-0.3789705936024847,5/21/2003 0:00,Shipped,-0.5962425798983697,-0.5723367278181918,-1.1651700861775494,Vintage Cars,1.7243176109131062,S18_1749,Signal Gift Stores,7025551838,8489 Strong St.,Las Vegas,83030,USA,EMEA,King,Sue,Small
-1.1917683144923585,-0.11220131389876024,0.8101579745265006,1.0730722067180898,0.989124354366788,9/12/2003 0:00,Shipped,0.23455347294126402,0.5217594852380163,-1.1651700861775494,Vintage Cars,1.7243176109131062,S18_1749,Signal Collectibles Ltd.,4155554312,2793 Furth Circle,Brisbane,94217,USA,EMEA,Taylor,Sue,Medium
-1.0505701205269704,-0.6255632411859581,0.8101579745265006,0.5997097815965698,0.8811168584744772,10/18/2003 0:00,Shipped,1.0653495257808978,0.7952835385020682,-1.1651700861775494,Vintage Cars,1.7243176109131062,S18_1749,Corporate Gift Ideas Co.,6505551386,7734 Strong St.,San Francisco,28034,USA,EMEA,Brown,Julie,Medium
-0.9310947256331803,-1.138925168473156,0.8101579745265006,1.5464346318396098,-0.024484453237976617,11/5/2003 0:00,Shipped,1.0653495257808978,1.0688075917661204,-1.1651700861775494,Vintage Cars,1.7243176109131062,S18_1749,Rovelli Gifts,035-640555,Via Ludovico il Moro 22,Bergamo,24100,Italy,EMEA,Rovelli,Giovanni,Medium
-0.8333421298109885,0.9145225406756355,0.8101579745265006,0.8363909941573299,2.1725911042295465,11/12/2003 0:00,Shipped,1.0653495257808978,1.0688075917661204,-1.1651700861775494,Vintage Cars,1.7243176109131062,S18_1749,Mini Gifts Distributors Ltd.,4155551450,5677 Strong St.,San Rafael,97562,USA,EMEA,Nelson,Valarie,Large
-0.7138667349171985,-1.4469423248454747,0.8101579745265006,1.7831158444003699,-0.2238829071930125,11/21/2003 0:00,Shipped,1.0653495257808978,1.0688075917661204,-1.1651700861775494,Vintage Cars,1.7243176109131062,S18_1749,"Australian Collectables, Ltd",61-9-3844-6555,7 Allen Street,Glen Waverly,3150,Australia,APAC,Connery,Sean,Medium
-0.5943913400234085,-0.21487369935619982,0.8101579745265006,-0.5836962812072303,1.2688360744981577,12/2/2003 0:00,Shipped,1.0653495257808978,1.3423316450301723,-1.1651700861775494,Vintage Cars,1.7243176109131062,S18_1749,Muscle Machine Inc,2125557413,4092 Furth Circle,NYC,10022,USA,EMEA,Young,Jeff,Medium
-0.48577734466541767,-0.5228908557285186,0.8101579745265006,0.1263473564750498,1.3103774190721236,1/26/2004 0:00,Shipped,-1.4270386327380036,-1.6664329408743999,0.2643280247651782,Vintage Cars,1.7243176109131062,S18_1749,"Corrida Auto Replicas, Ltd",(91) 555 22 82,"C/ Araquil, 67",Madrid,28023,Spain,EMEA,Sommer,MartÂ¡n,Medium
-0.3445791507000295,-0.9335803975582768,0.8101579745265006,0.8363909941573299,0.08629246562593212,3/2/2004 0:00,Shipped,-1.4270386327380036,-1.1193848343462958,0.2643280247651782,Vintage Cars,1.7243176109131062,S18_1749,"Saveley & Henriot, Co.",78.32.5555,"2, rue du Commerce",Lyon,69004,France,EMEA,Saveley,Mary,Medium
-0.19251955719884223,0.6065053843033168,0.8101579745265006,-1.0570587063287502,2.195669628992861,4/13/2004 0:00,Shipped,-0.5962425798983697,-0.8458607810822437,0.2643280247651782,Vintage Cars,1.7243176109131062,S18_1749,Mini Caravy,88.60.1555,"24, place Kluber",Strasbourg,67000,France,EMEA,Citeaux,Frederique,Large
0.23107502469732227,-0.9335803975582768,0.8101579745265006,2.2564782695218897,0.06229079987208508,8/17/2004 0:00,Shipped,0.23455347294126402,0.24823543197396428,0.2643280247651782,Vintage Cars,1.7243176109131062,S18_1749,Amica Models & Co.,011-4988555,Via Monte Bianco 34,Torino,10100,Italy,EMEA,Accorti,Paolo,Medium
0.317966220983715,-0.3175460848136394,0.8101579745265006,-0.3470150686464702,1.2605278055833646,9/1/2004 0:00,Shipped,0.23455347294126402,0.5217594852380163,0.2643280247651782,Vintage Cars,1.7243176109131062,S18_1749,Handji Gifts& Co,+65 224 1555,Village Close - 106 Linden Road Sandown,Singapore,69045,Singapore,APAC,Victorino,Wendy,Medium
0.47002581448490227,0.8118501552181959,0.8101579745265006,-1.2937399188895102,2.0396588015928563,10/6/2003 0:00,Shipped,1.0653495257808978,0.7952835385020682,-1.1651700861775494,Vintage Cars,1.7243176109131062,S18_1749,"UK Collectables, Ltd.",(171) 555-2282,Berkeley Gardens 12  Brewery,Liverpool,WX1 6LT,UK,EMEA,Devon,Elizabeth,Large
0.5786398098428932,1.325212082505394,0.8101579745265006,2.4931594820826497,2.4569185293135787,10/21/2004 0:00,Shipped,1.0653495257808978,0.7952835385020682,0.2643280247651782,Vintage Cars,1.7243176109131062,S18_1749,Mini Gifts Distributors Ltd.,4155551450,5677 Strong St.,San Rafael,97562,USA,EMEA,Nelson,Valarie,Large
0.7850064010230758,0.9145225406756355,-0.4768571574181757,0.1263473564750498,-0.1608052263340337,11/17/2004 0:00,Shipped,1.0653495257808978,1.0688075917661204,0.2643280247651782,Vintage Cars,1.7243176109131062,S18_1749,Motor Mint Distributors Inc.,2155559857,11328 Douglas Av.,Philadelphia,71270,USA,EMEA,Hernandez,Rosa,Medium
0.926204594988464,1.017194926133075,0.8101579745265006,-1.2937399188895102,2.2242869996993706,11/25/2004 0:00,Shipped,1.0653495257808978,1.0688075917661204,0.2643280247651782,Vintage Cars,1.7243176109131062,S18_1749,Marseille Mini Autos,91.24.4555,"12, rue des Bouchers",Marseille,13008,France,EMEA,Lebihan,Laurence,Large
1.176016784311843,0.1958158424735585,0.8101579745265006,-0.8203774937679902,0.6244347909363351,1/12/2005 0:00,Resolved,-1.4270386327380036,-1.6664329408743999,1.6938261357079059,Vintage Cars,1.7243176109131062,S18_1749,Toys4GrownUps.com,6265557265,78934 Hillside Dr.,Pasadena,90003,USA,EMEA,Young,Julie,Medium
1.3063535787414322,0.40116061338843767,0.8101579745265006,-1.0570587063287502,1.0022383866734716,2/10/2005 0:00,Shipped,-1.4270386327380036,-1.3929088876103477,1.6938261357079059,Vintage Cars,1.7243176109131062,S18_1749,Euro Shopping Channel,(91) 555 94 44,"C/ Moralzarzal, 86",Madrid,28034,Spain,EMEA,Freyre,Diego,Medium
1.6104727657438067,4.200038875313702,0.8101579745265006,-1.0570587063287502,5.717452507874626,4/22/2005 0:00,On Hold,-0.5962425798983697,-0.8458607810822437,1.6938261357079059,Vintage Cars,1.7243176109131062,S18_1749,The Sharp Gifts Warehouse,4085553659,3086 Ingle Ln.,San Jose,94217,USA,EMEA,Frick,Sue,Large
1.7516709597091948,0.1958158424735585,0.8101579745265006,-0.3470150686464702,0.9392747408780295,5/29/2005 0:00,In Process,-0.5962425798983697,-0.5723367278181918,1.6938261357079059,Vintage Cars,1.7243176109131062,S18_1749,Souveniers And Things Co.,+61 2 9495 8555,"Monitor Money Building, 815 Pacific Hwy",Chatswood,2067,Australia,APAC,Huxley,Adrian,Medium
-1.6370856954601212,0.29848822793099805,-0.06289042584120948,-1.0570587063287502,-0.22973670712121302,3/3/2003 0:00,Shipped,-1.4270386327380036,-1.1193848343462958,-1.1651700861775494,Classic Cars,-0.59022107333208,S18_1889,Cruz & Sons Co.,+63 2 555 3587,15 McCallum Street - NatWest Center #13-03,Makati City,1227 MM,Philippines,Japan,Cruz,Arnold,Medium
-1.485026101958934,0.8118501552181959,-0.5591547351927588,-0.1103338560857102,-0.23977179271241417,5/8/2003 0:00,Shipped,-0.5962425798983697,-0.5723367278181918,-1.1651700861775494,Classic Cars,-0.59022107333208,S18_1889,Marseille Mini Autos,91.24.4555,"12, rue des Bouchers",Marseille,13008,France,EMEA,Lebihan,Laurence,Medium
-1.3438279079935458,1.325212082505394,-0.21558713641091679,-0.8203774937679902,0.13738017409022882,7/2/2003 0:00,Shipped,0.23455347294126402,-0.025288621290087743,-1.1651700861775494,Classic Cars,-0.59022107333208,S18_1889,Mini Gifts Distributors Ltd.,4155551450,5677 Strong St.,San Rafael,97562,USA,EMEA,Nelson,Valarie,Medium
-1.2134911135639566,-0.9335803975582768,-0.06289042584120948,-0.8203774937679902,-0.7666137862504744,9/5/2003 0:00,Shipped,0.23455347294126402,0.5217594852380163,-1.1651700861775494,Classic Cars,-0.59022107333208,S18_1889,Collectables For Less Inc.,6175558555,7825 Douglas Av.,Brickhaven,58339,USA,EMEA,Nelson,Allen,Small
-1.0722929195985684,0.29848822793099805,0.24250299529820515,-0.5836962812072303,-0.10262562296599856,10/11/2003 0:00,Shipped,1.0653495257808978,0.7952835385020682,-1.1651700861775494,Classic Cars,-0.59022107333208,S18_1889,"Men 'R' US Retailers, Ltd.",2155554369,6047 Douglas Av.,Los Angeles,28034,USA,EMEA,Chandler,Michael,Medium
-0.9636789242405776,-1.5496147103029143,-1.0172448669018808,-1.0570587063287502,-1.2441166089651288,11/4/2003 0:00,Shipped,1.0653495257808978,1.0688075917661204,-1.1651700861775494,Classic Cars,-0.59022107333208,S18_1889,Mini Auto Werke,7675-3555,Kirchgasse 6,Graz,8010,Austria,EMEA,Mendel,Roland,Small
-0.8442035293467876,-1.344269939388035,-0.48280637990790476,0.8363909941573299,-1.0467599256715063,11/12/2003 0:00,Shipped,1.0653495257808978,1.0688075917661204,-1.1651700861775494,Classic Cars,-0.59022107333208,S18_1889,Herkku Gifts,+47 2267 3215,"Drammen 121, PR 744 Sentrum",Bergen,N 5804,Norway,EMEA,Oeztan,Veysel,Small
-0.7247281344529977,1.017194926133075,0.35702552822548583,2.0197970569611297,0.29041522935604613,11/20/2003 0:00,Shipped,1.0653495257808978,1.0688075917661204,-1.1651700861775494,Classic Cars,-0.59022107333208,S18_1889,Online Diecast Creations Co.,6035558647,2304 Long Airport Avenue,Nashua,62005,USA,EMEA,Young,Valarie,Medium
-0.6052527395592077,1.017194926133075,0.08980628472849783,-0.5836962812072303,0.15870473097153123,12/2/2003 0:00,Shipped,1.0653495257808978,1.3423316450301723,-1.1651700861775494,Classic Cars,-0.59022107333208,S18_1889,Euro Shopping Channel,(91) 555 94 44,"C/ Moralzarzal, 86",Madrid,28034,Spain,EMEA,Freyre,Diego,Medium
-0.5075001437370158,-1.5496147103029143,-0.8263739786897467,1.7831158444003699,-1.2023037523351239,1/16/2004 0:00,Shipped,-1.4270386327380036,-1.6664329408743999,0.2643280247651782,Classic Cars,-0.59022107333208,S18_1889,Euro Shopping Channel,(91) 555 94 44,"C/ Moralzarzal, 86",Madrid,28034,Spain,EMEA,Freyre,Diego,Small
-0.36630194977162767,1.2225396970479543,-0.9408965116170267,-0.3470150686464702,-0.27907587794461874,2/22/2004 0:00,Shipped,-1.4270386327380036,-1.3929088876103477,0.2643280247651782,Classic Cars,-0.59022107333208,S18_1889,"Vida Sport, Ltd",0897-034555,Grenzacherweg 237,Gensve,1203,Switzerland,EMEA,Holz,Michael,Medium
-0.2142423562704404,1.1198673115905147,-0.48280637990790476,-0.5836962812072303,-0.08339170891619634,4/12/2004 0:00,Shipped,-0.5962425798983697,-0.8458607810822437,0.2643280247651782,Classic Cars,-0.59022107333208,S18_1889,"Oulu Toy Supplies, Inc.",981-443655,Torikatu 38,Oulu,90110,Finland,EMEA,Koskitalo,Pirkko,Medium
-0.06218276276925314,-1.2415975539305957,0.013457929443644528,0.5997097815965698,-0.8815991419829874,6/1/2004 0:00,Cancelled,-0.5962425798983697,-0.29881267455413973,0.2643280247651782,Classic Cars,-0.59022107333208,S18_1889,"UK Collectables, Ltd.",(171) 555-2282,Berkeley Gardens 12  Brewery,Liverpool,WX1 6LT,UK,EMEA,Devon,Elizabeth,Small
0.07901543119613502,-0.21487369935619982,-0.4446322022654781,0.8363909941573299,-0.5914179169707544,7/6/2004 0:00,Shipped,0.23455347294126402,-0.025288621290087743,0.2643280247651782,Classic Cars,-0.59022107333208,S18_1889,L'ordine Souveniers,0522-556555,Strada Provinciale 124,Reggio Emilia,42100,Italy,EMEA,Moroni,Maurizio,Small
0.2093522256257241,-0.6255632411859581,0.35702552822548583,0.8363909941573299,-0.4990115038184438,8/6/2004 0:00,Shipped,0.23455347294126402,0.24823543197396428,0.2643280247651782,Classic Cars,-0.59022107333208,S18_1889,Signal Gift Stores,7025551838,8489 Strong St.,Las Vegas,83030,USA,EMEA,King,Sue,Small
0.3071048214479159,0.9145225406756355,-0.06289042584120948,0.3630285690358098,0.038701832443417426,8/30/2004 0:00,Shipped,0.23455347294126402,0.24823543197396428,0.2643280247651782,Classic Cars,-0.59022107333208,S18_1889,"Vida Sport, Ltd",0897-034555,Grenzacherweg 237,Gensve,1203,Switzerland,EMEA,Holz,Michael,Medium
0.4483030154133041,0.6065053843033168,0.43337388351033984,-1.2937399188895102,0.12734508849902765,10/4/2003 0:00,Shipped,1.0653495257808978,0.7952835385020682,-1.1651700861775494,Classic Cars,-0.59022107333208,S18_1889,"Blauer See Auto, Co.",+49 69 66 90 2555,Lyonerstr. 34,Frankfurt,60528,Germany,EMEA,Keitel,Roland,Medium
0.556917010771295,-1.5496147103029143,0.3951997058679125,-0.1103338560857102,-0.9347014699030936,10/16/2004 0:00,Shipped,1.0653495257808978,0.7952835385020682,0.2643280247651782,Classic Cars,-0.59022107333208,S18_1889,"Toms Spezialitten, Ltd",0221-5554327,Mehrheimerstr. 369,Koln,50739,Germany,EMEA,Pfalzheim,Henriette,Small
0.676392405665085,0.1958158424735585,-0.25376131405334346,1.7831158444003699,-0.351830248480827,11/4/2004 0:00,Shipped,1.0653495257808978,1.0688075917661204,0.2643280247651782,Classic Cars,-0.59022107333208,S18_1889,FunGiftIdeas.com,5085552555,1785 First Street,New Bedford,50553,USA,EMEA,Benitez,Violeta,Small
0.7632836019514777,-0.6255632411859581,0.8101579745265006,0.5997097815965698,-0.3253143810880591,11/15/2004 0:00,Shipped,1.0653495257808978,1.0688075917661204,0.2643280247651782,Classic Cars,-0.59022107333208,S18_1889,Land of Toys Inc.,2125557818,897 Long Airport Avenue,NYC,10022,USA,EMEA,Yu,Kwai,Small
0.9044817959168658,2.043918780707471,-0.9027223339746001,-1.2937399188895102,0.024903589755515928,11/24/2004 0:00,Shipped,1.0653495257808978,1.0688075917661204,0.2643280247651782,Classic Cars,-0.59022107333208,S18_1889,"Australian Collectors, Co.",03 9520 4555,636 St Kilda Road,Melbourne,3004,Australia,APAC,Ferguson,Peter,Medium
1.1325711861686467,-1.344269939388035,0.8101579745265006,0.1263473564750498,0.07203265244276415,1/6/2005 0:00,Shipped,-1.4270386327380036,-1.6664329408743999,1.6938261357079059,Classic Cars,-0.59022107333208,S18_1889,Suominen Souveniers,+358 9 8045 555,"Software Engineering Center, SEC Oy",Espoo,FIN-02271,Finland,EMEA,Suominen,Kalle,Medium
1.284630779669834,-0.42021847027107895,-0.7881998010473193,-0.5836962812072303,-0.7891927288306769,2/9/2005 0:00,Shipped,-1.4270386327380036,-1.3929088876103477,1.6938261357079059,Classic Cars,-0.59022107333208,S18_1889,"Toys of Finland, Co.",90-224 8555,Keskuskatu 45,Helsinki,21240,Finland,EMEA,Karttunen,Matti,Small
1.414967574099423,1.4278844679628335,-0.2200490532782136,-0.8203774937679902,0.17805268008486988,3/3/2005 0:00,Shipped,-1.4270386327380036,-1.1193848343462958,1.6938261357079059,Classic Cars,-0.59022107333208,S18_1889,Scandinavian Gift Ideas,0695-34 6555,?kergatan 24,Boras,S-844 67,Sweden,EMEA,Larsson,Maria,Medium
1.5887499666722085,2.6599530934521085,-0.48280637990790476,-0.5836962812072303,0.5187134265558722,4/14/2005 0:00,Shipped,-0.5962425798983697,-0.8458607810822437,1.6938261357079059,Classic Cars,-0.59022107333208,S18_1889,Mini Caravy,88.60.1555,"24, place Kluber",Strasbourg,67000,France,EMEA,Citeaux,Frederique,Medium
1.7408095601733957,0.40116061338843767,0.013457929443644528,0.5997097815965698,-0.1523829223557043,5/17/2005 0:00,Shipped,-0.5962425798983697,-0.5723367278181918,1.6938261357079059,Classic Cars,-0.59022107333208,S18_1889,Salzburg Collectables,6562-9555,Geislweg 14,Salzburg,5020,Austria,EMEA,Pipps,Georg,Medium
-1.626224295924322,0.29848822793099805,0.8101579745265006,-0.8203774937679902,0.47721552391087263,3/10/2003 0:00,Shipped,-1.4270386327380036,-1.1193848343462958,-1.1651700861775494,Classic Cars,1.0274672543661685,S18_1984,Motor Mint Distributors Inc.,2155559857,11328 Douglas Av.,Philadelphia,71270,USA,EMEA,Hernandez,Rosa,Medium
-1.485026101958934,-0.42021847027107895,0.8101579745265006,-1.2937399188895102,0.2970889956934845,5/8/2003 0:00,Shipped,-0.5962425798983697,-0.5723367278181918,-1.1651700861775494,Classic Cars,1.0274672543661685,S18_1984,Marseille Mini Autos,91.24.4555,"12, rue des Bouchers",Marseille,13008,France,EMEA,Lebihan,Laurence,Medium
-1.3329665084577467,0.09314345701611891,0.8101579745265006,-1.2937399188895102,0.9344526867627769,7/4/2003 0:00,Shipped,0.23455347294126402,-0.025288621290087743,-1.1651700861775494,Classic Cars,1.0274672543661685,S18_1984,Alpha Cognac,61.77.6555,1 rue Alsace-Lorraine,Toulouse,31000,France,EMEA,Roulet,Annette,Medium
-1.2026297140281577,-1.0362527830157164,0.8101579745265006,1.3097534192788498,0.36823058461682134,9/11/2003 0:00,Shipped,0.23455347294126402,0.5217594852380163,-1.1651700861775494,Classic Cars,1.0274672543661685,S18_1984,"Anna's Decorations, Ltd",02 9936 8555,201 Miller Street,North Sydney,2060,Australia,APAC,O'Hara,Anna,Medium
-1.0614315200627693,1.325212082505394,0.8101579745265006,1.0730722067180898,1.4072746416313189,10/17/2003 0:00,Shipped,1.0653495257808978,0.7952835385020682,-1.1651700861775494,Classic Cars,1.0274672543661685,S18_1984,Heintze Collectables,86 21 3555,Smagsloget 45,Aaarhus,8200,Denmark,EMEA,Ibsen,Palle,Medium
-0.9528175247047785,-0.009528928441320661,0.8101579745265006,-1.2937399188895102,0.6116139916501736,11/5/2003 0:00,Shipped,1.0653495257808978,1.0688075917661204,-1.1651700861775494,Classic Cars,1.0274672543661685,S18_1984,Quebec Home Shopping Network,(514) 555-8054,43 rue St. Laurent,Montreal,H1J 1C3,Canada,EMEA,Fresnisre,Jean,Medium
-0.8442035293467876,-1.4469423248454747,0.8101579745265006,-0.3470150686464702,-0.14542678347998536,11/12/2003 0:00,Shipped,1.0653495257808978,1.0688075917661204,-1.1651700861775494,Classic Cars,1.0274672543661685,S18_1984,Herkku Gifts,+47 2267 3215,"Drammen 121, PR 744 Sentrum",Bergen,N 5804,Norway,EMEA,Oeztan,Veysel,Medium
-0.7247281344529977,1.2225396970479543,0.8101579745265006,0.8363909941573299,2.100097385267136,11/20/2003 0:00,Shipped,1.0653495257808978,1.0688075917661204,-1.1651700861775494,Classic Cars,1.0274672543661685,S18_1984,Online Diecast Creations Co.,6035558647,2304 Long Airport Avenue,Nashua,62005,USA,EMEA,Young,Valarie,Large
-0.5943913400234085,0.29848822793099805,0.8101579745265006,2.2564782695218897,1.5632311666201162,12/2/2003 0:00,Shipped,1.0653495257808978,1.3423316450301723,-1.1651700861775494,Classic Cars,1.0274672543661685,S18_1984,Muscle Machine Inc,2125557413,4092 Furth Circle,NYC,10022,USA,EMEA,Young,Jeff,Medium
-0.5075001437370158,0.6065053843033168,0.8101579745265006,0.5997097815965698,0.6988616757377434,1/16/2004 0:00,Shipped,-1.4270386327380036,-1.6664329408743999,0.2643280247651782,Classic Cars,1.0274672543661685,S18_1984,Euro Shopping Channel,(91) 555 94 44,"C/ Moralzarzal, 86",Madrid,28034,Spain,EMEA,Freyre,Diego,Medium
-0.35544055023582855,-1.138925168473156,0.8101579745265006,0.1263473564750498,0.18364582843927296,2/26/2004 0:00,Shipped,-1.4270386327380036,-1.3929088876103477,0.2643280247651782,Classic Cars,1.0274672543661685,S18_1984,Collectable Mini Designs Co.,7605558146,361 Furth Circle,San Diego,91217,USA,EMEA,Thompson,Valarie,Medium
-0.20338095673464132,0.1958158424735585,0.8101579745265006,-1.0570587063287502,1.0710775533615975,4/13/2004 0:00,Shipped,-0.5962425798983697,-0.8458607810822437,0.2643280247651782,Classic Cars,1.0274672543661685,S18_1984,Osaka Souveniers Co.,+81 06 6342 5555,"Dojima Avanza 4F, 1-6-20 Dojima, Kita-ku",Osaka,530-0003,Japan,Japan,Kentary,Mory,Medium
-0.06218276276925314,-0.21487369935619982,0.8101579745265006,-0.5836962812072303,0.491833733008012,6/1/2004 0:00,Cancelled,-0.5962425798983697,-0.29881267455413973,0.2643280247651782,Classic Cars,1.0274672543661685,S18_1984,"UK Collectables, Ltd.",(171) 555-2282,Berkeley Gardens 12  Brewery,Liverpool,WX1 6LT,UK,EMEA,Devon,Elizabeth,Medium
0.07901543119613502,1.4278844679628335,0.8101579745265006,-0.3470150686464702,1.4387483191673587,7/6/2004 0:00,Shipped,0.23455347294126402,-0.025288621290087743,0.2643280247651782,Classic Cars,1.0274672543661685,S18_1984,L'ordine Souveniers,0522-556555,Strada Provinciale 124,Reggio Emilia,42100,Italy,EMEA,Moroni,Maurizio,Medium
0.2093522256257241,-0.6255632411859581,0.8101579745265006,-0.3470150686464702,0.10869221024914896,8/6/2004 0:00,Shipped,0.23455347294126402,0.24823543197396428,0.2643280247651782,Classic Cars,1.0274672543661685,S18_1984,Signal Gift Stores,7025551838,8489 Strong St.,Las Vegas,83030,USA,EMEA,King,Sue,Medium
0.3071048214479159,-1.138925168473156,0.8101579745265006,-0.8203774937679902,-0.020314028057217787,8/30/2004 0:00,Shipped,0.23455347294126402,0.24823543197396428,0.2643280247651782,Classic Cars,1.0274672543661685,S18_1984,"Vida Sport, Ltd",0897-034555,Grenzacherweg 237,Gensve,1203,Switzerland,EMEA,Holz,Michael,Medium
0.45916441494910315,1.2225396970479543,0.8101579745265006,0.1263473564750498,2.13633881450722,10/5/2003 0:00,Shipped,1.0653495257808978,0.7952835385020682,-1.1651700861775494,Classic Cars,1.0274672543661685,S18_1984,"Norway Gifts By Mail, Co.",+47 2212 1555,"Drammensveien 126 A, PB 744 Sentrum",Oslo,N 0106,Norway,EMEA,Klaeboe,Jan,Large
0.556917010771295,-1.138925168473156,0.8101579745265006,-1.2937399188895102,-0.057456877323351946,10/16/2004 0:00,Shipped,1.0653495257808978,0.7952835385020682,0.2643280247651782,Classic Cars,1.0274672543661685,S18_1984,"Toms Spezialitten, Ltd",0221-5554327,Mehrheimerstr. 369,Koln,50739,Germany,EMEA,Pfalzheim,Henriette,Medium
0.676392405665085,-1.0362527830157164,0.8101579745265006,0.5997097815965698,0.09780457680198529,11/4/2004 0:00,Shipped,1.0653495257808978,1.0688075917661204,0.2643280247651782,Classic Cars,1.0274672543661685,S18_1984,FunGiftIdeas.com,5085552555,1785 First Street,New Bedford,50553,USA,EMEA,Benitez,Violeta,Medium
0.7850064010230758,-0.5228908557285186,-2.537766981568415,0.3630285690358098,-1.4008876701220427,11/17/2004 0:00,Shipped,1.0653495257808978,1.0688075917661204,0.2643280247651782,Classic Cars,1.0274672543661685,S18_1984,Motor Mint Distributors Inc.,2155559857,11328 Douglas Av.,Philadelphia,71270,USA,EMEA,Hernandez,Rosa,Small
0.9044817959168658,-1.344269939388035,0.8101579745265006,-0.8203774937679902,-0.21348942568783993,11/24/2004 0:00,Shipped,1.0653495257808978,1.0688075917661204,0.2643280247651782,Classic Cars,1.0274672543661685,S18_1984,"Australian Collectors, Co.",03 9520 4555,636 St Kilda Road,Melbourne,3004,Australia,APAC,Ferguson,Peter,Medium
1.056541389418053,-0.8309080121008373,-0.9404007430762165,-1.0570587063287502,-0.9813852528184377,12/9/2004 0:00,Shipped,1.0653495257808978,1.3423316450301723,0.2643280247651782,Classic Cars,1.0274672543661685,S18_1984,Lyon Souveniers,+33 1 46 62 7555,27 rue du Colonel Pierre Avia,Paris,75508,France,EMEA,Da Cunha,Daniel,Small
1.165155384776044,-0.11220131389876024,0.8101579745265006,-0.8203774937679902,0.3551111220690173,1/10/2005 0:00,Shipped,-1.4270386327380036,-1.6664329408743999,1.6938261357079059,Classic Cars,1.0274672543661685,S18_1984,Royale Belge,(071) 23 67 2555,"Boulevard Tirou, 255",Charleroi,B-6000,Belgium,EMEA,Cartrain,Pascale,Medium
1.284630779669834,0.09314345701611891,0.8101579745265006,-0.1103338560857102,0.43380617639135877,2/9/2005 0:00,Shipped,-1.4270386327380036,-1.3929088876103477,1.6938261357079059,Classic Cars,1.0274672543661685,S18_1984,"Toys of Finland, Co.",90-224 8555,Keskuskatu 45,Helsinki,21240,Finland,EMEA,Karttunen,Matti,Medium
1.425828973635222,-0.11220131389876024,-2.013243865390654,2.0197970569611297,-1.1350230648486619,3/4/2005 0:00,Shipped,-1.4270386327380036,-1.1193848343462958,1.6938261357079059,Classic Cars,1.0274672543661685,S18_1984,Mini Gifts Distributors Ltd.,4155551450,5677 Strong St.,San Rafael,97562,USA,EMEA,Nelson,Valarie,Small
1.5996113662080076,1.325212082505394,0.8101579745265006,-1.0570587063287502,1.9632444485412421,4/15/2005 0:00,Disputed,-0.5962425798983697,-0.8458607810822437,1.6938261357079059,Classic Cars,1.0274672543661685,S18_1984,Danish Wholesale Imports,31 12 3555,Vinb'ltet 34,Kobenhavn,1734,Denmark,EMEA,Petersen,Jytte,Large
1.7408095601733957,-0.11220131389876024,0.8101579745265006,-0.5836962812072303,0.5652180115142309,5/17/2005 0:00,Shipped,-0.5962425798983697,-0.5723367278181918,1.6938261357079059,Classic Cars,1.0274672543661685,S18_1984,Salzburg Collectables,6562-9555,Geislweg 14,Salzburg,5020,Austria,EMEA,Pipps,Georg,Medium
-1.6805312936033174,-1.138925168473156,0.8101579745265006,0.3630285690358098,-0.0521135200605045,1/31/2003 0:00,Shipped,-1.4270386327380036,-1.6664329408743999,-1.1651700861775494,Classic Cars,1.5501050217763719,S18_2238,Euro Shopping Channel,(91) 555 94 44,"C/ Moralzarzal, 86",Madrid,28034,Spain,EMEA,Freyre,Diego,Medium
-1.5610558987095275,1.1198673115905147,0.8101579745265006,-0.5836962812072303,2.0783003974083254,4/4/2003 0:00,Shipped,-0.5962425798983697,-0.8458607810822437,-1.1651700861775494,Classic Cars,1.5501050217763719,S18_2238,Classic Legends Inc.,2125558493,5905 Pompton St.,NYC,10022,USA,EMEA,Hernandez,Maria,Large
-1.4307191042799385,1.017194926133075,0.8101579745265006,0.8363909941573299,1.9510915689129367,6/3/2003 0:00,Shipped,-0.5962425798983697,-0.29881267455413973,-1.1651700861775494,Classic Cars,1.5501050217763719,S18_2238,Muscle Machine Inc,2125557413,4092 Furth Circle,NYC,10022,USA,EMEA,Young,Jeff,Large
-1.2786595107787513,0.40116061338843767,0.8101579745265006,-0.5836962812072303,1.2949175226012632,8/1/2003 0:00,Shipped,0.23455347294126402,0.24823543197396428,-1.1651700861775494,Classic Cars,1.5501050217763719,S18_2238,Suominen Souveniers,+358 9 8045 555,"Software Engineering Center, SEC Oy",Espoo,FIN-02271,Finland,EMEA,Suominen,Kalle,Medium
-1.1700455154207603,0.8118501552181959,0.8101579745265006,-1.0570587063287502,1.9315481311192502,9/21/2003 0:00,Shipped,0.23455347294126402,0.5217594852380163,-1.1651700861775494,Classic Cars,1.5501050217763719,S18_2238,"Oulu Toy Supplies, Inc.",981-443655,Torikatu 38,Oulu,90110,Finland,EMEA,Koskitalo,Pirkko,Large
-1.017985921919573,-0.6255632411859581,0.8101579745265006,1.0730722067180898,0.8031657471856825,10/22/2003 0:00,Shipped,1.0653495257808978,0.7952835385020682,-1.1651700861775494,Classic Cars,1.5501050217763719,S18_2238,"Dragon Souveniers, Ltd.",+65 221 7555,"Bronz Sok., Bronz Apt. 3/6 Tesvikiye",Singapore,79903,Singapore,Japan,Natividad,Eric,Medium
-0.898510527025783,-1.5496147103029143,0.8101579745265006,0.8363909941573299,0.0617477757600071,11/6/2003 0:00,Shipped,1.0653495257808978,1.0688075917661204,-1.1651700861775494,Classic Cars,1.5501050217763719,S18_2238,L'ordine Souveniers,0522-556555,Strada Provinciale 124,Reggio Emilia,42100,Italy,EMEA,Moroni,Maurizio,Medium
-0.8116193307393903,1.1198673115905147,0.8101579745265006,-0.3470150686464702,2.0783003974083254,11/14/2003 0:00,Shipped,1.0653495257808978,1.0688075917661204,-1.1651700861775494,Classic Cars,1.5501050217763719,S18_2238,"Iberia Gift Imports, Corp.",(95) 555 82 82,"C/ Romero, 33",Sevilla,41101,Spain,EMEA,Roel,Jose Pedro,Large
-0.6921439358456003,-0.8309080121008373,0.8101579745265006,-0.3470150686464702,0.8548399216910234,11/25/2003 0:00,Shipped,1.0653495257808978,1.0688075917661204,-1.1651700861775494,Classic Cars,1.5501050217763719,S18_2238,Mini Classics,9145554562,3758 North Pendale Street,White Plains,24067,USA,EMEA,Frick,Steve,Medium
-0.5618071414160113,0.9145225406756355,0.8101579745265006,-0.1103338560857102,1.9040330993602588,12/9/2003 0:00,Shipped,1.0653495257808978,1.3423316450301723,-1.1651700861775494,Classic Cars,1.5501050217763719,S18_2238,Diecast Collectables,6175552555,6251 Ingle Ln.,Boston,51003,USA,EMEA,Franco,Valarie,Large
-0.43147034698642217,0.8118501552181959,0.8101579745265006,-1.2937399188895102,2.6579677765693317,2/10/2004 0:00,Shipped,-1.4270386327380036,-1.3929088876103477,0.2643280247651782,Classic Cars,1.5501050217763719,S18_2238,Signal Collectibles Ltd.,4155554312,2793 Furth Circle,Brisbane,94217,USA,EMEA,Taylor,Sue,Large
-0.3119949520926322,1.4278844679628335,0.8101579745265006,0.3630285690358098,2.0345055027692363,3/15/2004 0:00,Shipped,-1.4270386327380036,-1.1193848343462958,0.2643280247651782,Classic Cars,1.5501050217763719,S18_2238,"Blauer See Auto, Co.",+49 69 66 90 2555,Lyonerstr. 34,Frankfurt,60528,Germany,EMEA,Keitel,Roland,Large
-0.13821255951984676,0.5038329988458772,0.8101579745265006,-0.5836962812072303,1.6265260571239257,5/5/2004 0:00,Shipped,-0.5962425798983697,-0.5723367278181918,0.2643280247651782,Classic Cars,1.5501050217763719,S18_2238,Euro Shopping Channel,(91) 555 94 44,"C/ Moralzarzal, 86",Madrid,28034,Spain,EMEA,Freyre,Diego,Medium
0.0029856344455413955,-0.5228908557285186,0.8101579745265006,-0.8203774937679902,1.1642496305119379,6/15/2004 0:00,Shipped,-0.5962425798983697,-0.29881267455413973,0.2643280247651782,Classic Cars,1.5501050217763719,S18_2238,Handji Gifts& Co,+65 224 1555,Village Close - 106 Linden Road Sandown,Singapore,69045,Singapore,APAC,Victorino,Wendy,Medium
0.13332242887513046,1.530556853420273,0.8101579745265006,-0.5836962812072303,3.0491406259458285,7/20/2004 0:00,Shipped,0.23455347294126402,-0.025288621290087743,0.2643280247651782,Classic Cars,1.5501050217763719,S18_2238,Mini Gifts Distributors Ltd.,4155551450,5677 Strong St.,San Rafael,97562,USA,EMEA,Nelson,Valarie,Large
0.25279782376892046,-1.2415975539305957,0.8101579745265006,1.5464346318396098,-0.17119327759808559,8/20/2004 0:00,Shipped,0.23455347294126402,0.24823543197396428,0.2643280247651782,Classic Cars,1.5501050217763719,S18_2238,Mini Gifts Distributors Ltd.,4155551450,5677 Strong St.,San Rafael,97562,USA,EMEA,Nelson,Valarie,Medium
0.36141181912691134,-0.9335803975582768,0.8101579745265006,0.1263473564750498,0.5435947913712853,9/8/2004 0:00,Shipped,0.23455347294126402,0.5217594852380163,0.2643280247651782,Classic Cars,1.5501050217763719,S18_2238,Land of Toys Inc.,2125557818,897 Long Airport Avenue,NYC,10022,USA,EMEA,Yu,Kwai,Medium
0.5026100130922995,-0.8309080121008373,0.8101579745265006,-0.5836962812072303,0.20664832982689643,10/13/2004 0:00,Shipped,1.0653495257808978,0.7952835385020682,0.2643280247651782,Classic Cars,1.5501050217763719,S18_2238,Marta's Replicas Co.,6175558555,39323 Spinnaker Dr.,Cambridge,51247,USA,EMEA,Hernandez,Marta,Medium
0.6003626089144913,0.7091777697607564,0.8101579745265006,1.5464346318396098,1.206800999934369,10/22/2004 0:00,Shipped,1.0653495257808978,0.7952835385020682,0.2643280247651782,Classic Cars,1.5501050217763719,S18_2238,Heintze Collectables,86 21 3555,Smagsloget 45,Aaarhus,8200,Denmark,EMEA,Ibsen,Palle,Medium
0.7089766042724822,1.2225396970479543,0.8101579745265006,0.3630285690358098,1.9839716788992587,11/5/2004 0:00,Shipped,1.0653495257808978,1.0688075917661204,0.2643280247651782,Classic Cars,1.5501050217763719,S18_2238,Vitachrome Inc.,2125551500,2678 Kingston Rd.,NYC,10022,USA,EMEA,Frick,Michael,Large
0.8393133987020713,1.4278844679628335,0.8101579745265006,-0.1103338560857102,2.121514256247491,11/20/2004 0:00,Shipped,1.0653495257808978,1.0688075917661204,0.2643280247651782,Classic Cars,1.5501050217763719,S18_2238,"La Corne D'abondance, Co.",(1) 42.34.2555,"265, boulevard Charonne",Paris,75012,France,EMEA,Bertrand,Marie,Large
0.9805115926674595,0.29848822793099805,0.8101579745265006,0.3630285690358098,1.7190247843752897,12/1/2004 0:00,Shipped,1.0653495257808978,1.3423316450301723,0.2643280247651782,Classic Cars,1.5501050217763719,S18_2238,Muscle Machine Inc,2125557413,4092 Furth Circle,NYC,10022,USA,EMEA,Young,Jeff,Medium
1.0782641884896513,-1.5496147103029143,0.8101579745265006,0.8363909941573299,-0.6113849135718619,12/10/2004 0:00,Shipped,1.0653495257808978,1.3423316450301723,0.2643280247651782,Classic Cars,1.5501050217763719,S18_2238,Euro Shopping Channel,(91) 555 94 44,"C/ Moralzarzal, 86",Madrid,28034,Spain,EMEA,Freyre,Diego,Small
1.2194623824550395,-1.0362527830157164,0.8101579745265006,0.1263473564750498,-0.5167629620422731,1/23/2005 0:00,Shipped,-1.4270386327380036,-1.6664329408743999,1.6938261357079059,Classic Cars,1.5501050217763719,S18_2238,Mini Gifts Distributors Ltd.,4155551450,5677 Strong St.,San Rafael,97562,USA,EMEA,Nelson,Valarie,Small
1.3389377773488293,-1.0362527830157164,0.21523572555361467,-0.3470150686464702,-0.7351944111256422,2/17/2005 0:00,Shipped,-1.4270386327380036,-1.3929088876103477,1.6938261357079059,Classic Cars,1.5501050217763719,S18_2238,Mini Gifts Distributors Ltd.,4155551450,5677 Strong St.,San Rafael,97562,USA,EMEA,Nelson,Valarie,Small
1.664779763422802,0.6065053843033168,0.8101579745265006,-0.5836962812072303,1.7154353949944543,5/3/2005 0:00,Shipped,-0.5962425798983697,-0.5723367278181918,1.6938261357079059,Classic Cars,1.5501050217763719,S18_2238,Euro Shopping Channel,(91) 555 94 44,"C/ Moralzarzal, 86",Madrid,28034,Spain,EMEA,Freyre,Diego,Medium
1.8059779573881902,-0.7282356266433977,0.8101579745265006,-0.8203774937679902,0.957976491297995,5/31/2005 0:00,In Process,-0.5962425798983697,-0.5723367278181918,1.6938261357079059,Classic Cars,1.5501050217763719,S18_2238,La Rochelle Gifts,40.67.8555,"67, rue des Cinquante Otages",Nantes,44000,France,EMEA,Labrune,Janine,Medium
-1.723976891746514,1.530556853420273,-0.7862167268840768,-1.0570587063287502,-0.08899571775284122,1/6/2003 0:00,Shipped,-1.4270386327380036,-1.6664329408743999,-1.1651700861775494,Vintage Cars,-1.0133087898070066,S18_2248,Online Diecast Creations Co.,6035558647,2304 Long Airport Avenue,Nashua,62005,USA,EMEA,Young,Valarie,Medium
-1.615362896388523,-0.3175460848136394,-1.6562905160069223,-0.1103338560857102,-1.0566646854758086,3/18/2003 0:00,Shipped,-1.4270386327380036,-1.1193848343462958,-1.1651700861775494,Vintage Cars,-1.0133087898070066,S18_2248,"AV Stores, Co.",(171) 555-1555,Fauntleroy Circus,Manchester,EC2 5NT,UK,EMEA,Ashworth,Victoria,Small
-1.4633033028873357,0.7091777697607564,-1.4763265356926243,-0.3470150686464702,-0.7010056130292123,5/21/2003 0:00,Shipped,-0.5962425798983697,-0.5723367278181918,-1.1651700861775494,Vintage Cars,-1.0133087898070066,S18_2248,Signal Gift Stores,7025551838,8489 Strong St.,Las Vegas,83030,USA,EMEA,King,Sue,Small
-1.1917683144923585,-1.138925168473156,-1.0559148130851184,0.8363909941573299,-1.1171358505968128,9/12/2003 0:00,Shipped,0.23455347294126402,0.5217594852380163,-1.1651700861775494,Vintage Cars,-1.0133087898070066,S18_2248,Signal Collectibles Ltd.,4155554312,2793 Furth Circle,Brisbane,94217,USA,EMEA,Taylor,Sue,Small
-1.0505701205269704,-0.8309080121008373,-0.6959868524565221,0.3630285690358098,-0.9091033132597374,10/18/2003 0:00,Shipped,1.0653495257808978,0.7952835385020682,-1.1651700861775494,Vintage Cars,-1.0133087898070066,S18_2248,Corporate Gift Ideas Co.,6505551386,7734 Strong St.,San Francisco,28034,USA,EMEA,Brown,Julie,Small
-0.9310947256331803,-0.9335803975582768,-1.2963625553783265,1.3097534192788498,-1.1178852238714805,11/5/2003 0:00,Shipped,1.0653495257808978,1.0688075917661204,-1.1651700861775494,Vintage Cars,-1.0133087898070066,S18_2248,Rovelli Gifts,035-640555,Via Ludovico il Moro 22,Bergamo,24100,Italy,EMEA,Rovelli,Giovanni,Small
-0.8333421298109885,0.29848822793099805,-1.1159028065232177,0.5997097815965698,-0.6680223284615957,11/12/2003 0:00,Shipped,1.0653495257808978,1.0688075917661204,-1.1651700861775494,Vintage Cars,-1.0133087898070066,S18_2248,Mini Gifts Distributors Ltd.,4155551450,5677 Strong St.,San Rafael,97562,USA,EMEA,Nelson,Valarie,Small
-0.7138667349171985,0.7091777697607564,-1.2061326809507722,1.5464346318396098,-0.5767073937745617,11/21/2003 0:00,Shipped,1.0653495257808978,1.0688075917661204,-1.1651700861775494,Vintage Cars,-1.0133087898070066,S18_2248,"Australian Collectables, Ltd",61-9-3844-6555,7 Allen Street,Glen Waverly,3150,Australia,APAC,Connery,Sean,Small
-0.5943913400234085,-1.2415975539305957,-0.6057569780289681,-0.8203774937679902,-1.03759367865963,12/2/2003 0:00,Shipped,1.0653495257808978,1.3423316450301723,-1.1651700861775494,Vintage Cars,-1.0133087898070066,S18_2248,Muscle Machine Inc,2125557413,4092 Furth Circle,NYC,10022,USA,EMEA,Young,Jeff,Small
-0.48577734466541767,-1.4469423248454747,-1.026168700636474,-0.1103338560857102,-1.2118826976721797,1/26/2004 0:00,Shipped,-1.4270386327380036,-1.6664329408743999,0.2643280247651782,Vintage Cars,-1.0133087898070066,S18_2248,"Corrida Auto Replicas, Ltd",(91) 555 22 82,"C/ Araquil, 67",Madrid,28023,Spain,EMEA,Sommer,MartÂ¡n,Small
-0.3445791507000295,-0.7282356266433977,-1.6265444035582781,0.5997097815965698,-1.1566897269205734,3/2/2004 0:00,Shipped,-1.4270386327380036,-1.1193848343462958,0.2643280247651782,Vintage Cars,-1.0133087898070066,S18_2248,"Saveley & Henriot, Co.",78.32.5555,"2, rue du Commerce",Lyon,69004,France,EMEA,Saveley,Mary,Small
-0.19251955719884223,-0.21487369935619982,-0.5457689845908683,-1.2937399188895102,-0.6279743001958443,4/13/2004 0:00,Shipped,-0.5962425798983697,-0.8458607810822437,0.2643280247651782,Vintage Cars,-1.0133087898070066,S18_2248,Mini Caravy,88.60.1555,"24, place Kluber",Strasbourg,67000,France,EMEA,Citeaux,Frederique,Small
0.23107502469732227,-1.0362527830157164,-1.026168700636474,2.0197970569611297,-1.0751275052864602,8/17/2004 0:00,Shipped,0.23455347294126402,0.24823543197396428,0.2643280247651782,Vintage Cars,-1.0133087898070066,S18_2248,Amica Models & Co.,011-4988555,Via Monte Bianco 34,Torino,10100,Italy,EMEA,Accorti,Paolo,Small
0.317966220983715,-0.7282356266433977,-1.0861566940745733,-0.5836962812072303,-0.9909587679143727,9/1/2004 0:00,Shipped,0.23455347294126402,0.5217594852380163,0.2643280247651782,Vintage Cars,-1.0133087898070066,S18_2248,Handji Gifts& Co,+65 224 1555,Village Close - 106 Linden Road Sandown,Singapore,69045,Singapore,APAC,Victorino,Wendy,Small
0.48088721402070134,1.1198673115905147,-1.7162785094450217,-1.0570587063287502,-0.7048719447072075,10/6/2004 0:00,Shipped,1.0653495257808978,0.7952835385020682,0.2643280247651782,Vintage Cars,-1.0133087898070066,S18_2248,"Iberia Gift Imports, Corp.",(95) 555 82 82,"C/ Romero, 33",Sevilla,41101,Spain,EMEA,Roel,Jose Pedro,Small
0.5786398098428932,-0.5228908557285186,-1.1159028065232177,2.2564782695218897,-0.9336697240901454,10/21/2004 0:00,Shipped,1.0653495257808978,0.7952835385020682,0.2643280247651782,Vintage Cars,-1.0133087898070066,S18_2248,Mini Gifts Distributors Ltd.,4155551450,5677 Strong St.,San Rafael,97562,USA,EMEA,Nelson,Valarie,Small
0.795867800558875,0.29848822793099805,0.029322522749587816,0.5997097815965698,-0.1913557628795412,11/17/2004 0:00,Shipped,1.0653495257808978,1.0688075917661204,0.2643280247651782,Vintage Cars,-1.0133087898070066,S18_2248,"AV Stores, Co.",(171) 555-1555,Fauntleroy Circus,Manchester,EC2 5NT,UK,EMEA,Ashworth,Victoria,Medium
0.926204594988464,0.5038329988458772,-1.326108667826971,-1.0570587063287502,-0.6937073689628842,11/25/2004 0:00,Shipped,1.0653495257808978,1.0688075917661204,0.2643280247651782,Vintage Cars,-1.0133087898070066,S18_2248,Marseille Mini Autos,91.24.4555,"12, rue des Bouchers",Marseille,13008,France,EMEA,Lebihan,Laurence,Small
1.176016784311843,1.017194926133075,0.8101579745265006,-0.5836962812072303,2.8948131732932647,1/12/2005 0:00,Resolved,-1.4270386327380036,-1.6664329408743999,1.6938261357079059,Vintage Cars,-1.0133087898070066,S18_2248,Toys4GrownUps.com,6265557265,78934 Hillside Dr.,Pasadena,90003,USA,EMEA,Young,Julie,Large
1.3063535787414322,-0.8309080121008373,-1.7033885273839426,-1.2937399188895102,-1.2070280621102025,2/10/2005 0:00,Shipped,-1.4270386327380036,-1.3929088876103477,1.6938261357079059,Vintage Cars,-1.0133087898070066,S18_2248,Euro Shopping Channel,(91) 555 94 44,"C/ Moralzarzal, 86",Madrid,28034,Spain,EMEA,Freyre,Diego,Small
1.6104727657438067,0.7091777697607564,-0.5457689845908683,-1.2937399188895102,-0.2729179845136543,4/22/2005 0:00,On Hold,-0.5962425798983697,-0.8458607810822437,1.6938261357079059,Vintage Cars,-1.0133087898070066,S18_2248,The Sharp Gifts Warehouse,4085553659,3086 Ingle Ln.,San Jose,94217,USA,EMEA,Frick,Sue,Medium
1.7516709597091948,0.09314345701611891,-0.995926819647019,-0.5836962812072303,-0.6871259167244991,5/29/2005 0:00,In Process,-0.5962425798983697,-0.5723367278181918,1.6938261357079059,Vintage Cars,-1.0133087898070066,S18_2248,Souveniers And Things Co.,+61 2 9495 8555,"Monitor Money Building, 815 Pacific Hwy",Chatswood,2067,Australia,APAC,Huxley,Adrian,Small
-1.6805312936033174,-0.6255632411859581,0.8101579745265006,1.3097534192788498,0.11877073776931632,1/31/2003 0:00,Shipped,-1.4270386327380036,-1.6664329408743999,-1.1651700861775494,Trucks and Buses,0.5297169996897844,S18_2319,Euro Shopping Channel,(91) 555 94 44,"C/ Moralzarzal, 86",Madrid,28034,Spain,EMEA,Freyre,Diego,Medium
-1.5719172982453267,0.40116061338843767,0.8101579745265006,-0.8203774937679902,0.3315330151225912,4/1/2003 0:00,Shipped,-0.5962425798983697,-0.8458607810822437,-1.1651700861775494,Trucks and Buses,0.5297169996897844,S18_2319,"La Corne D'abondance, Co.",(1) 42.34.2555,"265, boulevard Charonne",Paris,75012,France,EMEA,Bertrand,Marie,Medium
-1.4307191042799385,1.017194926133075,0.8101579745265006,1.7831158444003699,1.4890052007401764,6/3/2003 0:00,Shipped,-0.5962425798983697,-0.29881267455413973,-1.1651700861775494,Trucks and Buses,0.5297169996897844,S18_2319,Muscle Machine Inc,2125557413,4092 Furth Circle,NYC,10022,USA,EMEA,Young,Jeff,Medium
-1.2786595107787513,1.2225396970479543,0.8101579745265006,0.3630285690358098,1.48450353085105,8/1/2003 0:00,Shipped,0.23455347294126402,0.24823543197396428,-1.1651700861775494,Trucks and Buses,0.5297169996897844,S18_2319,Suominen Souveniers,+358 9 8045 555,"Software Engineering Center, SEC Oy",Espoo,FIN-02271,Finland,EMEA,Suominen,Kalle,Medium
-1.1700455154207603,1.4278844679628335,0.8101579745265006,-0.1103338560857102,1.0092922698893645,9/21/2003 0:00,Shipped,0.23455347294126402,0.5217594852380163,-1.1651700861775494,Trucks and Buses,0.5297169996897844,S18_2319,"Oulu Toy Supplies, Inc.",981-443655,Torikatu 38,Oulu,90110,Finland,EMEA,Koskitalo,Pirkko,Medium
-1.017985921919573,1.1198673115905147,0.8101579745265006,2.0197970569611297,1.3196848523531404,10/22/2003 0:00,Shipped,1.0653495257808978,0.7952835385020682,-1.1651700861775494,Trucks and Buses,0.5297169996897844,S18_2319,"Dragon Souveniers, Ltd.",+65 221 7555,"Bronz Sok., Bronz Apt. 3/6 Tesvikiye",Singapore,79903,Singapore,Japan,Natividad,Eric,Medium
-0.9093719265615822,1.325212082505394,0.8101579745265006,-0.5836962812072303,1.2691293075186798,11/6/2003 0:00,Shipped,1.0653495257808978,1.0688075917661204,-1.1651700861775494,Trucks and Buses,0.5297169996897844,S18_2319,"Stylish Desk Decors, Co.",(171) 555-0297,35 King George,London,WX3 6FW,UK,EMEA,Brown,Ann,Medium
-0.8116193307393903,1.1198673115905147,0.8101579745265006,0.5997097815965698,1.3196848523531404,11/14/2003 0:00,Shipped,1.0653495257808978,1.0688075917661204,-1.1651700861775494,Trucks and Buses,0.5297169996897844,S18_2319,"Iberia Gift Imports, Corp.",(95) 555 82 82,"C/ Romero, 33",Sevilla,41101,Spain,EMEA,Roel,Jose Pedro,Medium
-0.6921439358456003,-0.009528928441320661,0.8101579745265006,0.5997097815965698,0.029464992296971044,11/25/2003 0:00,Shipped,1.0653495257808978,1.0688075917661204,-1.1651700861775494,Trucks and Buses,0.5297169996897844,S18_2319,Mini Classics,9145554562,3758 North Pendale Street,White Plains,24067,USA,EMEA,Frick,Steve,Medium
-0.5618071414160113,0.8118501552181959,0.8101579745265006,0.8363909941573299,1.193920467995879,12/9/2003 0:00,Shipped,1.0653495257808978,1.3423316450301723,-1.1651700861775494,Trucks and Buses,0.5297169996897844,S18_2319,Diecast Collectables,6175552555,6251 Ingle Ln.,Boston,51003,USA,EMEA,Franco,Valarie,Medium
-0.3228563516284313,-0.9335803975582768,0.8101579745265006,-0.5836962812072303,0.11481209199226783,3/11/2004 0:00,Shipped,-1.4270386327380036,-1.1193848343462958,0.2643280247651782,Trucks and Buses,0.5297169996897844,S18_2319,Mini Gifts Distributors Ltd.,4155551450,5677 Strong St.,San Rafael,97562,USA,EMEA,Nelson,Valarie,Medium
-0.13821255951984676,-1.344269939388035,0.7199281000989466,0.3630285690358098,-0.7569370965732446,5/5/2004 0:00,Shipped,-0.5962425798983697,-0.5723367278181918,0.2643280247651782,Trucks and Buses,0.5297169996897844,S18_2319,Euro Shopping Channel,(91) 555 94 44,"C/ Moralzarzal, 86",Madrid,28034,Spain,EMEA,Freyre,Diego,Small
0.0029856344455413955,-0.11220131389876024,0.780907630618667,0.1263473564750498,-0.0944585403203457,6/15/2004 0:00,Shipped,-0.5962425798983697,-0.29881267455413973,0.2643280247651782,Trucks and Buses,0.5297169996897844,S18_2319,Handji Gifts& Co,+65 224 1555,Village Close - 106 Linden Road Sandown,Singapore,69045,Singapore,APAC,Victorino,Wendy,Medium
0.13332242887513046,1.530556853420273,0.8101579745265006,0.3630285690358098,0.8360458571720045,7/20/2004 0:00,Shipped,0.23455347294126402,-0.025288621290087743,0.2643280247651782,Trucks and Buses,0.5297169996897844,S18_2319,Mini Gifts Distributors Ltd.,4155551450,5677 Strong St.,San Rafael,97562,USA,EMEA,Nelson,Valarie,Medium
0.24193642423312137,1.325212082505394,0.8101579745265006,-0.5836962812072303,1.2052696719383087,8/19/2004 0:00,Shipped,0.23455347294126402,0.24823543197396428,0.2643280247651782,Trucks and Buses,0.5297169996897844,S18_2319,Diecast Classics Inc.,2155551555,7586 Pompton St.,Allentown,70267,USA,EMEA,Yu,Kyung,Medium
0.36141181912691134,0.6065053843033168,0.8101579745265006,1.0730722067180898,0.5294327225282914,9/8/2004 0:00,Shipped,0.23455347294126402,0.5217594852380163,0.2643280247651782,Trucks and Buses,0.5297169996897844,S18_2319,Land of Toys Inc.,2125557818,897 Long Airport Avenue,NYC,10022,USA,EMEA,Yu,Kwai,Medium
0.5026100130922995,0.09314345701611891,0.8101579745265006,0.3630285690358098,0.6854001079993302,10/13/2004 0:00,Shipped,1.0653495257808978,0.7952835385020682,0.2643280247651782,Trucks and Buses,0.5297169996897844,S18_2319,Marta's Replicas Co.,6175558555,39323 Spinnaker Dr.,Cambridge,51247,USA,EMEA,Hernandez,Marta,Medium
0.5895012093786922,-0.6255632411859581,0.8101579745265006,-1.0570587063287502,-0.0744535320313927,10/22/2004 0:00,Shipped,1.0653495257808978,0.7952835385020682,0.2643280247651782,Trucks and Buses,0.5297169996897844,S18_2319,Canadian Gift Exchange Network,(604) 555-3392,1900 Oak St.,Vancouver,V3F 2K1,Canada,EMEA,Tannamuri,Yoshi,Medium
0.7089766042724822,-0.21487369935619982,-2.2893869426222353,0.8363909941573299,-1.2582135149146731,11/5/2004 0:00,Shipped,1.0653495257808978,1.0688075917661204,0.2643280247651782,Trucks and Buses,0.5297169996897844,S18_2319,Vitachrome Inc.,2125551500,2678 Kingston Rd.,NYC,10022,USA,EMEA,Frick,Michael,Small
0.8175905996304731,1.1198673115905147,0.8101579745265006,-0.1103338560857102,1.2277617306605788,11/19/2004 0:00,On Hold,1.0653495257808978,1.0688075917661204,0.2643280247651782,Trucks and Buses,0.5297169996897844,S18_2319,"Volvo Model Replicas, Co",0921-12 3555,BerguvsvÂgen  8,Lule,S-958 22,Sweden,EMEA,Berglund,Christina,Medium
0.9805115926674595,0.29848822793099805,0.8101579745265006,0.1263473564750498,0.9066281312599007,12/1/2004 0:00,Shipped,1.0653495257808978,1.3423316450301723,0.2643280247651782,Trucks and Buses,0.5297169996897844,S18_2319,Muscle Machine Inc,2125557413,4092 Furth Circle,NYC,10022,USA,EMEA,Young,Jeff,Medium
1.0782641884896513,-1.5496147103029143,-2.3419384079481733,1.0730722067180898,-1.5343086944596034,12/10/2004 0:00,Shipped,1.0653495257808978,1.3423316450301723,0.2643280247651782,Trucks and Buses,0.5297169996897844,S18_2319,Euro Shopping Channel,(91) 555 94 44,"C/ Moralzarzal, 86",Madrid,28034,Spain,EMEA,Freyre,Diego,Small
1.2086009829192403,-1.344269939388035,0.8101579745265006,-0.3470150686464702,0.21455476089875183,1/20/2005 0:00,Shipped,-1.4270386327380036,-1.6664329408743999,1.6938261357079059,Trucks and Buses,0.5297169996897844,S18_2319,"Anna's Decorations, Ltd",02 9936 8555,201 Miller Street,North Sydney,2060,Australia,APAC,O'Hara,Anna,Medium
1.3497991768846285,-0.8309080121008373,0.8101579745265006,1.0730722067180898,0.15753179888944263,2/22/2005 0:00,Shipped,-1.4270386327380036,-1.3929088876103477,1.6938261357079059,Trucks and Buses,0.5297169996897844,S18_2319,Euro Shopping Channel,(91) 555 94 44,"C/ Moralzarzal, 86",Madrid,28034,Spain,EMEA,Freyre,Diego,Medium
1.664779763422802,2.1465911661649106,0.7199281000989466,0.3630285690358098,1.0557425524365152,5/3/2005 0:00,Shipped,-0.5962425798983697,-0.5723367278181918,1.6938261357079059,Trucks and Buses,0.5297169996897844,S18_2319,Euro Shopping Channel,(91) 555 94 44,"C/ Moralzarzal, 86",Madrid,28034,Spain,EMEA,Freyre,Diego,Medium
1.8059779573881902,0.29848822793099805,0.780907630618667,0.1263473564750498,0.12146956760634378,5/31/2005 0:00,In Process,-0.5962425798983697,-0.5723367278181918,1.6938261357079059,Trucks and Buses,0.5297169996897844,S18_2319,La Rochelle Gifts,40.67.8555,"67, rue des Cinquante Otages",Nantes,44000,France,EMEA,Labrune,Janine,Medium
-1.7131154922107148,-1.0362527830157164,0.8101579745265006,-0.5836962812072303,0.12386973418172852,1/9/2003 0:00,Shipped,-1.4270386327380036,-1.6664329408743999,-1.1651700861775494,Vintage Cars,0.6541545633588803,S18_2325,"Blauer See Auto, Co.",+49 69 66 90 2555,Lyonerstr. 34,Frankfurt,60528,Germany,EMEA,Keitel,Roland,Medium
-1.615362896388523,-0.21487369935619982,0.8101579745265006,-0.5836962812072303,0.16605184720794622,3/18/2003 0:00,Shipped,-1.4270386327380036,-1.1193848343462958,-1.1651700861775494,Vintage Cars,0.6541545633588803,S18_2325,"AV Stores, Co.",(171) 555-1555,Fauntleroy Circus,Manchester,EC2 5NT,UK,EMEA,Ashworth,Victoria,Medium
-1.4633033028873357,0.7091777697607564,0.8101579745265006,-0.8203774937679902,0.47674852317448574,5/21/2003 0:00,Shipped,-0.5962425798983697,-0.5723367278181918,-1.1651700861775494,Vintage Cars,0.6541545633588803,S18_2325,Signal Gift Stores,7025551838,8489 Strong St.,Las Vegas,83030,USA,EMEA,King,Sue,Medium
-1.1917683144923585,-0.21487369935619982,0.8101579745265006,0.3630285690358098,0.7583010950457996,9/12/2003 0:00,Shipped,0.23455347294126402,0.5217594852380163,-1.1651700861775494,Vintage Cars,0.6541545633588803,S18_2325,Signal Collectibles Ltd.,4155554312,2793 Furth Circle,Brisbane,94217,USA,EMEA,Taylor,Sue,Medium
-1.0505701205269704,0.29848822793099805,0.8101579745265006,-0.1103338560857102,0.40499331700450075,10/18/2003 0:00,Shipped,1.0653495257808978,0.7952835385020682,-1.1651700861775494,Vintage Cars,0.6541545633588803,S18_2325,Corporate Gift Ideas Co.,6505551386,7734 Strong St.,San Francisco,28034,USA,EMEA,Brown,Julie,Medium
-0.9310947256331803,-0.42021847027107895,0.8101579745265006,0.8363909941573299,0.5098675637701219,11/5/2003 0:00,Shipped,1.0653495257808978,1.0688075917661204,-1.1651700861775494,Vintage Cars,0.6541545633588803,S18_2325,Rovelli Gifts,035-640555,Via Ludovico il Moro 22,Bergamo,24100,Italy,EMEA,Rovelli,Giovanni,Medium
-0.8333421298109885,-1.5496147103029143,0.8101579745265006,0.1263473564750498,-0.7286781217807063,11/12/2003 0:00,Shipped,1.0653495257808978,1.0688075917661204,-1.1651700861775494,Vintage Cars,0.6541545633588803,S18_2325,Mini Gifts Distributors Ltd.,4155551450,5677 Strong St.,San Rafael,97562,USA,EMEA,Nelson,Valarie,Small
-0.7138667349171985,0.9145225406756355,0.8101579745265006,1.0730722067180898,0.5913483317874234,11/21/2003 0:00,Shipped,1.0653495257808978,1.0688075917661204,-1.1651700861775494,Vintage Cars,0.6541545633588803,S18_2325,"Australian Collectables, Ltd",61-9-3844-6555,7 Allen Street,Glen Waverly,3150,Australia,APAC,Connery,Sean,Medium
-0.5943913400234085,-0.9335803975582768,0.8101579745265006,-1.2937399188895102,-0.18873838665932524,12/2/2003 0:00,Shipped,1.0653495257808978,1.3423316450301723,-1.1651700861775494,Vintage Cars,0.6541545633588803,S18_2325,Muscle Machine Inc,2125557413,4092 Furth Circle,NYC,10022,USA,EMEA,Young,Jeff,Medium
-0.48577734466541767,-0.8309080121008373,0.8101579745265006,-0.5836962812072303,0.027336337777625307,1/26/2004 0:00,Shipped,-1.4270386327380036,-1.6664329408743999,0.2643280247651782,Vintage Cars,0.6541545633588803,S18_2325,"Corrida Auto Replicas, Ltd",(91) 555 22 82,"C/ Araquil, 67",Madrid,28023,Spain,EMEA,Sommer,MartÂ¡n,Medium
-0.3445791507000295,1.1198673115905147,0.8101579745265006,0.1263473564750498,1.8809654350791862,3/2/2004 0:00,Shipped,-1.4270386327380036,-1.1193848343462958,0.2643280247651782,Vintage Cars,0.6541545633588803,S18_2325,"Saveley & Henriot, Co.",78.32.5555,"2, rue du Commerce",Lyon,69004,France,EMEA,Saveley,Mary,Large
-0.17079675812724404,1.2225396970479543,0.8101579745265006,-1.0570587063287502,1.4120206723708808,4/26/2004 0:00,Shipped,-0.5962425798983697,-0.8458607810822437,0.2643280247651782,Vintage Cars,0.6541545633588803,S18_2325,Diecast Collectables,6175552555,6251 Ingle Ln.,Boston,51003,USA,EMEA,Franco,Valarie,Medium
0.23107502469732227,0.1958158424735585,0.8101579745265006,1.5464346318396098,0.6499514939628795,8/17/2004 0:00,Shipped,0.23455347294126402,0.24823543197396428,0.2643280247651782,Vintage Cars,0.6541545633588803,S18_2325,Amica Models & Co.,011-4988555,Via Monte Bianco 34,Torino,10100,Italy,EMEA,Accorti,Paolo,Medium
0.317966220983715,-0.42021847027107895,0.8101579745265006,-1.0570587063287502,0.14609028084795966,9/1/2004 0:00,Shipped,0.23455347294126402,0.5217594852380163,0.2643280247651782,Vintage Cars,0.6541545633588803,S18_2325,Handji Gifts& Co,+65 224 1555,Village Close - 106 Linden Road Sandown,Singapore,69045,Singapore,APAC,Victorino,Wendy,Medium
0.49174861355650046,-1.138925168473156,0.8101579745265006,2.4931594820826497,-0.6044342049372635,10/11/2004 0:00,Shipped,1.0653495257808978,0.7952835385020682,0.2643280247651782,Vintage Cars,0.6541545633588803,S18_2325,Auto Assoc. & Cie.,30.59.8555,"67, avenue de l'Europe",Versailles,78000,France,EMEA,Tonini,Daniel,Small
0.5786398098428932,-0.42021847027107895,0.8101579745265006,1.7831158444003699,0.6383090569999272,10/21/2004 0:00,Shipped,1.0653495257808978,0.7952835385020682,0.2643280247651782,Vintage Cars,0.6541545633588803,S18_2325,Mini Gifts Distributors Ltd.,4155551450,5677 Strong St.,San Rafael,97562,USA,EMEA,Nelson,Valarie,Medium
0.6872538052008841,1.530556853420273,0.8101579745265006,-0.1103338560857102,4.877774323368439,11/4/2004 0:00,Shipped,1.0653495257808978,1.0688075917661204,0.2643280247651782,Vintage Cars,0.6541545633588803,S18_2325,Online Diecast Creations Co.,6035558647,2304 Long Airport Avenue,Nashua,62005,USA,EMEA,Young,Valarie,Large
0.795867800558875,-0.009528928441320661,-0.9404007430762165,0.3630285690358098,-0.7003594143358395,11/17/2004 0:00,Shipped,1.0653495257808978,1.0688075917661204,0.2643280247651782,Vintage Cars,0.6541545633588803,S18_2325,"AV Stores, Co.",(171) 555-1555,Fauntleroy Circus,Manchester,EC2 5NT,UK,EMEA,Ashworth,Victoria,Small
0.926204594988464,-0.5228908557285186,0.8101579745265006,-0.8203774937679902,0.2032598593675297,11/25/2004 0:00,Shipped,1.0653495257808978,1.0688075917661204,0.2643280247651782,Vintage Cars,0.6541545633588803,S18_2325,Marseille Mini Autos,91.24.4555,"12, rue des Bouchers",Marseille,13008,France,EMEA,Lebihan,Laurence,Medium
1.056541389418053,-0.6255632411859581,0.8101579745265006,-0.8203774937679902,0.041449534450532,12/9/2004 0:00,Shipped,1.0653495257808978,1.3423316450301723,0.2643280247651782,Vintage Cars,0.6541545633588803,S18_2325,Lyon Souveniers,+33 1 46 62 7555,27 rue du Colonel Pierre Avia,Paris,75508,France,EMEA,Da Cunha,Daniel,Medium
1.176016784311843,-0.8309080121008373,0.8101579745265006,-0.3470150686464702,0.3487197282698592,1/12/2005 0:00,Resolved,-1.4270386327380036,-1.6664329408743999,1.6938261357079059,Vintage Cars,0.6541545633588803,S18_2325,Toys4GrownUps.com,6265557265,78934 Hillside Dr.,Pasadena,90003,USA,EMEA,Young,Julie,Medium
1.3172149782772313,0.5038329988458772,0.8101579745265006,0.8363909941573299,0.7481302534265791,2/16/2005 0:00,Shipped,-1.4270386327380036,-1.3929088876103477,1.6938261357079059,Vintage Cars,0.6541545633588803,S18_2325,Euro Shopping Channel,(91) 555 94 44,"C/ Moralzarzal, 86",Madrid,28034,Spain,EMEA,Freyre,Diego,Medium
1.425828973635222,-0.42021847027107895,0.7600853519046158,2.2564782695218897,-0.26347479520461825,3/4/2005 0:00,Shipped,-1.4270386327380036,-1.1193848343462958,1.6938261357079059,Vintage Cars,0.6541545633588803,S18_2325,Mini Gifts Distributors Ltd.,4155551450,5677 Strong St.,San Rafael,97562,USA,EMEA,Nelson,Valarie,Medium
1.632195564815405,-2.9870281067070685,0.8101579745265006,-1.0570587063287502,-1.5032259942842596,4/23/2005 0:00,Shipped,-0.5962425798983697,-0.8458607810822437,1.6938261357079059,Vintage Cars,0.6541545633588803,S18_2325,Handji Gifts& Co,+65 224 1555,Village Close - 106 Linden Road Sandown,Singapore,69045,Singapore,APAC,Victorino,Wendy,Small
1.7516709597091948,1.017194926133075,0.8101579745265006,-1.0570587063287502,0.7727835481149194,5/29/2005 0:00,In Process,-0.5962425798983697,-0.5723367278181918,1.6938261357079059,Vintage Cars,0.6541545633588803,S18_2325,Souveniers And Things Co.,+61 2 9495 8555,"Monitor Money Building, 815 Pacific Hwy",Chatswood,2067,Australia,APAC,Huxley,Adrian,Medium
-1.6913926931391166,-1.344269939388035,-1.4659153963355986,-1.0570587063287502,-1.2836596248066476,1/29/2003 0:00,Shipped,-1.4270386327380036,-1.6664329408743999,-1.1651700861775494,Trucks and Buses,-1.0133087898070066,S18_2432,Baane Mini Imports,07-98 9555,Erling Skakkes gate 78,Stavern,4110,Norway,EMEA,Bergulfsen,Jonas,Small
-1.5719172982453267,1.017194926133075,-0.7430848638335423,-0.1103338560857102,-0.2518214977594247,4/1/2003 0:00,Shipped,-0.5962425798983697,-0.8458607810822437,-1.1651700861775494,Trucks and Buses,-1.0133087898070066,S18_2432,"La Corne D'abondance, Co.",(1) 42.34.2555,"265, boulevard Charonne",Paris,75012,France,EMEA,Bertrand,Marie,Medium
-1.4415805038157374,0.8118501552181959,-0.9240403812294622,-1.0570587063287502,-0.41162806370285454,5/28/2003 0:00,Shipped,-0.5962425798983697,-0.5723367278181918,-1.1651700861775494,Trucks and Buses,-1.0133087898070066,S18_2432,"Corrida Auto Replicas, Ltd",(91) 555 22 82,"C/ Araquil, 67",Madrid,28023,Spain,EMEA,Sommer,MartÂ¡n,Small
-1.2895209103145502,1.1198673115905147,-1.0742582490951156,-1.0570587063287502,-0.3813924811423525,7/24/2003 0:00,Shipped,0.23455347294126402,-0.025288621290087743,-1.1651700861775494,Trucks and Buses,-1.0133087898070066,S18_2432,Technics Stores Inc.,6505556809,9408 Furth Circle,Burlingame,94217,USA,EMEA,Hirano,Juri,Small
-1.1700455154207603,0.40116061338843767,-0.7128429828440874,0.5997097815965698,-0.4626397487914604,9/21/2003 0:00,Shipped,0.23455347294126402,0.5217594852380163,-1.1651700861775494,Trucks and Buses,-1.0133087898070066,S18_2432,"Oulu Toy Supplies, Inc.",981-443655,Torikatu 38,Oulu,90110,Finland,EMEA,Koskitalo,Pirkko,Small
-1.017985921919573,-0.42021847027107895,-0.6226131084165334,2.7298406946434097,-0.7329680122661225,10/22/2003 0:00,Shipped,1.0653495257808978,0.7952835385020682,-1.1651700861775494,Trucks and Buses,-1.0133087898070066,S18_2432,"Dragon Souveniers, Ltd.",+65 221 7555,"Bronz Sok., Bronz Apt. 3/6 Tesvikiye",Singapore,79903,Singapore,Japan,Natividad,Eric,Small
-0.9093719265615822,0.6065053843033168,-0.7128429828440874,0.1263473564750498,-0.38739832782193495,11/6/2003 0:00,Shipped,1.0653495257808978,1.0688075917661204,-1.1651700861775494,Trucks and Buses,-1.0133087898070066,S18_2432,"Stylish Desk Decors, Co.",(171) 555-0297,35 King George,London,WX3 6FW,UK,EMEA,Brown,Ann,Small
-0.8116193307393903,0.9145225406756355,-1.164983892063481,1.3097534192788498,-0.49244091206230023,11/14/2003 0:00,Shipped,1.0653495257808978,1.0688075917661204,-1.1651700861775494,Trucks and Buses,-1.0133087898070066,S18_2432,"Iberia Gift Imports, Corp.",(95) 555 82 82,"C/ Romero, 33",Sevilla,41101,Spain,EMEA,Roel,Jose Pedro,Small
-0.7030053353813994,1.017194926133075,-0.6528549894059883,-1.0570587063287502,-0.20734782298023774,11/25/2003 0:00,Shipped,1.0653495257808978,1.0688075917661204,-1.1651700861775494,Trucks and Buses,-1.0133087898070066,S18_2432,"Saveley & Henriot, Co.",78.32.5555,"2, rue du Commerce",Lyon,69004,France,EMEA,Saveley,Mary,Medium
-0.5618071414160113,0.1958158424735585,-0.6826011018546324,1.5464346318396098,-0.5256251155513859,12/9/2003 0:00,Shipped,1.0653495257808978,1.3423316450301723,-1.1651700861775494,Trucks and Buses,-1.0133087898070066,S18_2432,Diecast Collectables,6175552555,6251 Ingle Ln.,Boston,51003,USA,EMEA,Franco,Valarie,Small
-0.45319314605802036,-0.009528928441320661,-1.1045001300845705,-1.0570587063287502,-0.7632687577200739,2/4/2004 0:00,Shipped,-1.4270386327380036,-1.3929088876103477,0.2643280247651782,Trucks and Buses,-1.0133087898070066,S18_2432,Handji Gifts& Co,+65 224 1555,Village Close - 106 Linden Road Sandown,Singapore,69045,Singapore,APAC,Victorino,Wendy,Small
-0.3228563516284313,-0.7282356266433977,-1.1952257730529359,0.1263473564750498,-1.0244090532183765,3/11/2004 0:00,Shipped,-1.4270386327380036,-1.1193848343462958,0.2643280247651782,Trucks and Buses,-1.0133087898070066,S18_2432,Mini Gifts Distributors Ltd.,4155551450,5677 Strong St.,San Rafael,97562,USA,EMEA,Nelson,Valarie,Small
-0.13821255951984676,-0.5228908557285186,-1.0742582490951156,1.0730722067180898,-0.9199855164657801,5/5/2004 0:00,Shipped,-0.5962425798983697,-0.5723367278181918,0.2643280247651782,Trucks and Buses,-1.0133087898070066,S18_2432,Euro Shopping Channel,(91) 555 94 44,"C/ Moralzarzal, 86",Madrid,28034,Spain,EMEA,Freyre,Diego,Small
0.0029856344455413955,-0.5228908557285186,-1.7073546757104285,0.8363909941573299,-1.128018053802856,6/15/2004 0:00,Shipped,-0.5962425798983697,-0.29881267455413973,0.2643280247651782,Trucks and Buses,-1.0133087898070066,S18_2432,Handji Gifts& Co,+65 224 1555,Village Close - 106 Linden Road Sandown,Singapore,69045,Singapore,APAC,Victorino,Wendy,Small
0.13332242887513046,-1.0362527830157164,-0.7128429828440874,1.0730722067180898,-0.9893296955781387,7/20/2004 0:00,Shipped,0.23455347294126402,-0.025288621290087743,0.2643280247651782,Trucks and Buses,-1.0133087898070066,S18_2432,Mini Gifts Distributors Ltd.,4155551450,5677 Strong St.,San Rafael,97562,USA,EMEA,Nelson,Valarie,Small
0.24193642423312137,-0.6255632411859581,-1.2854556474804903,0.1263473564750498,-1.0207327799796084,8/19/2004 0:00,Shipped,0.23455347294126402,0.24823543197396428,0.2643280247651782,Trucks and Buses,-1.0133087898070066,S18_2432,Diecast Classics Inc.,2155551555,7586 Pompton St.,Allentown,70267,USA,EMEA,Yu,Kyung,Small
0.35055041959111227,-0.9335803975582768,-1.2854556474804903,-1.0570587063287502,-1.1147791259503945,9/8/2004 0:00,Shipped,0.23455347294126402,0.5217594852380163,0.2643280247651782,Trucks and Buses,-1.0133087898070066,S18_2432,Scandinavian Gift Ideas,0695-34 6555,?kergatan 24,Boras,S-844 67,Sweden,EMEA,Larsson,Maria,Small
0.5026100130922995,0.6065053843033168,-1.496157277325054,1.0730722067180898,-0.7391693476260531,10/13/2004 0:00,Shipped,1.0653495257808978,0.7952835385020682,0.2643280247651782,Trucks and Buses,-1.0133087898070066,S18_2432,Marta's Replicas Co.,6175558555,39323 Spinnaker Dr.,Cambridge,51247,USA,EMEA,Hernandez,Marta,Small
0.5895012093786922,-0.11220131389876024,-1.5263991583145091,-0.3470150686464702,-0.9537181743080645,10/22/2004 0:00,Shipped,1.0653495257808978,0.7952835385020682,0.2643280247651782,Trucks and Buses,-1.0133087898070066,S18_2432,Canadian Gift Exchange Network,(604) 555-3392,1900 Oak St.,Vancouver,V3F 2K1,Canada,EMEA,Tannamuri,Yoshi,Small
0.6872538052008841,-0.009528928441320661,-1.1129281952783532,1.0730722067180898,-0.766499751186938,11/4/2004 0:00,Shipped,1.0653495257808978,1.0688075917661204,0.2643280247651782,Trucks and Buses,-1.0133087898070066,S18_2432,Online Diecast Creations Co.,6035558647,2304 Long Airport Avenue,Nashua,62005,USA,EMEA,Young,Valarie,Small
0.8175905996304731,-0.11220131389876024,-1.1045001300845705,-1.2937399188895102,-0.7965995777194206,11/19/2004 0:00,On Hold,1.0653495257808978,1.0688075917661204,0.2643280247651782,Trucks and Buses,-1.0133087898070066,S18_2432,"Volvo Model Replicas, Co",0921-12 3555,BerguvsvÂgen  8,Lule,S-958 22,Sweden,EMEA,Berglund,Christina,Small
0.9587887935958613,1.530556853420273,0.8101579745265006,0.3630285690358098,1.7814508362997747,11/29/2004 0:00,Shipped,1.0653495257808978,1.0688075917661204,0.2643280247651782,Trucks and Buses,-1.0133087898070066,S18_2432,"Australian Collectors, Co.",03 9520 4555,636 St Kilda Road,Melbourne,3004,Australia,APAC,Ferguson,Peter,Medium
1.0674027889538522,0.6065053843033168,-1.0742582490951156,0.1263473564750498,-0.5497028046809236,12/10/2004 0:00,Shipped,1.0653495257808978,1.3423316450301723,0.2643280247651782,Trucks and Buses,-1.0133087898070066,S18_2432,Mini Gifts Distributors Ltd.,4155551450,5677 Strong St.,San Rafael,97562,USA,EMEA,Nelson,Valarie,Small
1.2086009829192403,-1.344269939388035,0.6544866527119287,0.1263473564750498,-0.7727065167879893,1/20/2005 0:00,Shipped,-1.4270386327380036,-1.6664329408743999,1.6938261357079059,Trucks and Buses,-1.0133087898070066,S18_2432,"Anna's Decorations, Ltd",02 9936 8555,201 Miller Street,North Sydney,2060,Australia,APAC,O'Hara,Anna,Small
1.3280763778130305,-0.009528928441320661,-1.737100788159073,0.1263473564750498,-1.0057833261741016,2/17/2005 0:00,Shipped,-1.4270386327380036,-1.3929088876103477,1.6938261357079059,Trucks and Buses,-1.0133087898070066,S18_2432,Corporate Gift Ideas Co.,6505551386,7734 Strong St.,San Francisco,28034,USA,EMEA,Brown,Julie,Small
1.4366903731710212,0.9145225406756355,-2.23881855145954,-0.3470150686464702,-1.0099646118371022,3/9/2005 0:00,Shipped,-1.4270386327380036,-1.1193848343462958,1.6938261357079059,Trucks and Buses,-1.0133087898070066,S18_2432,"Anna's Decorations, Ltd",02 9936 8555,201 Miller Street,North Sydney,2060,Australia,APAC,O'Hara,Anna,Small
1.664779763422802,1.2225396970479543,-1.0742582490951156,1.0730722067180898,-0.34773041643463815,5/3/2005 0:00,Shipped,-0.5962425798983697,-0.5723367278181918,1.6938261357079059,Trucks and Buses,-1.0133087898070066,S18_2432,Euro Shopping Channel,(91) 555 94 44,"C/ Moralzarzal, 86",Madrid,28034,Spain,EMEA,Freyre,Diego,Small
1.8059779573881902,-1.652287095760354,-1.7073546757104285,0.8363909941573299,-1.422022168564118,5/31/2005 0:00,In Process,-0.5962425798983697,-0.5723367278181918,1.6938261357079059,Trucks and Buses,-1.0133087898070066,S18_2432,La Rochelle Gifts,40.67.8555,"67, rue des Cinquante Otages",Nantes,44000,France,EMEA,Labrune,Janine,Small
-1.6588084945317194,-0.11220131389876024,0.33372440680738114,-1.0570587063287502,-0.26099317501242175,2/17/2003 0:00,Shipped,-1.4270386327380036,-1.3929088876103477,-1.1651700861775494,Planes,-0.41600848419534553,S18_2581,Rovelli Gifts,035-640555,Via Ludovico il Moro 22,Bergamo,24100,Italy,EMEA,Rovelli,Giovanni,Medium
-1.5067489010305322,-0.6255632411859581,-0.5874135420189706,0.3630285690358098,-0.7990051745359262,4/29/2003 0:00,Shipped,-0.5962425798983697,-0.8458607810822437,-1.1651700861775494,Planes,-0.41600848419534553,S18_2581,"Australian Collectors, Co.",03 9520 4555,636 St Kilda Road,Melbourne,3004,Australia,APAC,Ferguson,Peter,Small
-1.3655507070651438,1.4278844679628335,-0.7133387513848983,-0.8203774937679902,-0.08669872575875133,6/27/2003 0:00,Shipped,-0.5962425798983697,-0.29881267455413973,-1.1651700861775494,Planes,-0.41600848419534553,S18_2581,Euro Shopping Channel,(91) 555 94 44,"C/ Moralzarzal, 86",Madrid,28034,Spain,EMEA,Freyre,Diego,Medium
-1.2352139126355548,-0.5228908557285186,0.08236975661633647,1.7831158444003699,-0.5399229404223992,8/25/2003 0:00,Shipped,0.23455347294126402,0.24823543197396428,-1.1651700861775494,Planes,-0.41600848419534553,S18_2581,Toys4GrownUps.com,6265557265,78934 Hillside Dr.,Pasadena,90003,USA,EMEA,Young,Julie,Small
-0.9854017233121758,-1.4469423248454747,-0.6295538679878837,0.5997097815965698,-1.1206546468430785,10/28/2003 0:00,Shipped,1.0653495257808978,0.7952835385020682,-1.1651700861775494,Planes,-0.41600848419534553,S18_2581,Technics Stores Inc.,6505556809,9408 Furth Circle,Burlingame,94217,USA,EMEA,Hirano,Juri,Small
-0.529222942808614,1.530556853420273,-0.33605889182792653,0.1263473564750498,0.15753722913056353,1/12/2004 0:00,Shipped,-1.4270386327380036,-1.6664329408743999,0.2643280247651782,Planes,-0.41600848419534553,S18_2581,Osaka Souveniers Co.,+81 06 6342 5555,"Dojima Avanza 4F, 1-6-20 Dojima, Kita-ku",Osaka,530-0003,Japan,Japan,Kentary,Mory,Medium
-0.38802474884322585,1.2225396970479543,0.8101579745265006,0.5997097815965698,0.6358925997011803,2/20/2004 0:00,Shipped,-1.4270386327380036,-1.3929088876103477,0.2643280247651782,Planes,-0.41600848419534553,S18_2581,"Australian Collectors, Co.",03 9520 4555,636 St Kilda Road,Melbourne,3004,Australia,APAC,Ferguson,Peter,Medium
-0.25768795441363673,-1.138925168473156,-0.378199217796839,-0.8203774937679902,-0.938980499906268,4/2/2004 0:00,Shipped,-0.5962425798983697,-0.8458607810822437,0.2643280247651782,Planes,-0.41600848419534553,S18_2581,"Royal Canadian Collectables, Ltd.",(604) 555-4555,23 Tsawassen Blvd.,Tsawassen,T2F 8M4,Canada,EMEA,Lincoln,Elizabeth,Small
-0.09476696137665042,-0.8309080121008373,0.7526488237924551,-0.5836962812072303,-0.4806898702769327,5/11/2004 0:00,Shipped,-0.5962425798983697,-0.5723367278181918,0.2643280247651782,Planes,-0.41600848419534553,S18_2581,The Sharp Gifts Warehouse,4085553659,3086 Ingle Ln.,San Jose,94217,USA,EMEA,Frick,Sue,Small
0.046431232588737756,-0.21487369935619982,0.12451008258524965,0.8363909941573299,-0.3856986623511308,6/28/2004 0:00,Shipped,-0.5962425798983697,-0.29881267455413973,0.2643280247651782,Planes,-0.41600848419534553,S18_2581,Gift Depot Inc.,2035552570,25593 South Bay Ln.,Bridgewater,97562,USA,EMEA,King,Julie,Small
0.17676802701832683,-0.009528928441320661,0.33372440680738114,0.5997097815965698,-0.21190922552169283,7/23/2004 0:00,Shipped,0.23455347294126402,-0.025288621290087743,0.2643280247651782,Planes,-0.41600848419534553,S18_2581,La Rochelle Gifts,40.67.8555,"67, rue des Cinquante Otages",Nantes,44000,France,EMEA,Labrune,Janine,Medium
0.27452062284051865,-0.42021847027107895,-0.5874135420189706,-1.2937399188895102,-0.7210160515592859,8/21/2004 0:00,Shipped,0.23455347294126402,0.24823543197396428,0.2643280247651782,Planes,-0.41600848419534553,S18_2581,"Norway Gifts By Mail, Co.",+47 2212 1555,"Drammensveien 126 A, PB 744 Sentrum",Oslo,N 0106,Norway,EMEA,Klaeboe,Jan,Small
0.41571881680590683,-1.0362527830157164,-0.04305968420877967,-0.5836962812072303,-0.8059233017237996,9/16/2004 0:00,Shipped,0.23455347294126402,0.5217594852380163,0.2643280247651782,Planes,-0.41600848419534553,S18_2581,"Clover Collections, Co.",+353 1862 1555,25 Maiden Lane,Dublin,2,Ireland,EMEA,Cassidy,Dean,Small
0.5351942116996968,-0.8309080121008373,-0.04305968420877967,0.1263473564750498,-0.7160093692459271,10/15/2004 0:00,Shipped,1.0653495257808978,0.7952835385020682,0.2643280247651782,Planes,-0.41600848419534553,S18_2581,Mini Classics,9145554562,3758 North Pendale Street,White Plains,24067,USA,EMEA,Frick,Steve,Small
0.6438082070576877,-0.42021847027107895,0.8101579745265006,0.5997097815965698,-0.2375508240940154,11/2/2004 0:00,Shipped,1.0653495257808978,1.0688075917661204,0.2643280247651782,Planes,-0.41600848419534553,S18_2581,Diecast Classics Inc.,2155551555,7586 Pompton St.,Allentown,70267,USA,EMEA,Yu,Kyung,Medium
0.7415608028798795,1.017194926133075,0.8101579745265006,0.3630285690358098,0.666730939026089,11/10/2004 0:00,Resolved,1.0653495257808978,1.0688075917661204,0.2643280247651782,Planes,-0.41600848419534553,S18_2581,Danish Wholesale Imports,31 12 3555,Vinb'ltet 34,Kobenhavn,1734,Denmark,EMEA,Petersen,Jytte,Medium
0.8718975973094686,-0.8309080121008373,0.8101579745265006,-1.0570587063287502,-0.40356958587961744,11/23/2004 0:00,Shipped,1.0653495257808978,1.0688075917661204,0.2643280247651782,Planes,-0.41600848419534553,S18_2581,"Tokyo Collectables, Ltd",+81 3 3584 0555,2-2-8 Roppongi,Minato-ku,106-0032,Japan,Japan,Shimamura,Akiko,Small
1.0239571908106557,-0.8309080121008373,0.8101579745265006,-1.2937399188895102,-0.020753877588000926,12/4/2004 0:00,Shipped,1.0653495257808978,1.3423316450301723,0.2643280247651782,Planes,-0.41600848419534553,S18_2581,Gift Ideas Corp.,2035554407,2440 Pompton St.,Glendale,97561,USA,EMEA,Lewis,Dan,Medium
1.2520465810624366,0.7091777697607564,-0.7133387513848983,-1.0570587063287502,-0.35000568746424493,2/2/2005 0:00,Shipped,-1.4270386327380036,-1.3929088876103477,1.6938261357079059,Planes,-0.41600848419534553,S18_2581,"Australian Gift Network, Co",61-7-3844-6555,31 Duncan St. West End,South Brisbane,4101,Australia,APAC,Calaghan,Tony,Small
1.3823833754920258,-1.4469423248454747,-0.4406660539389923,2.7298406946434097,-1.0772072876357188,3/1/2005 0:00,Resolved,-1.4270386327380036,-1.1193848343462958,1.6938261357079059,Planes,-0.41600848419534553,S18_2581,Euro Shopping Channel,(91) 555 94 44,"C/ Moralzarzal, 86",Madrid,28034,Spain,EMEA,Freyre,Diego,Small
1.5127201699216148,-0.11220131389876024,-0.33605889182792653,2.0197970569611297,-0.510425870654323,3/30/2005 0:00,Shipped,-1.4270386327380036,-1.1193848343462958,1.6938261357079059,Planes,-0.41600848419534553,S18_2581,Reims Collectables,26.47.1555,59 rue de l'Abbaye,Reims,51100,France,EMEA,Henriot,Paul,Small
1.5453043685290122,0.7091777697607564,-0.378199217796839,-0.8203774937679902,-0.19583028156306367,4/3/2005 0:00,On Hold,-0.5962425798983697,-0.8458607810822437,1.6938261357079059,Planes,-0.41600848419534553,S18_2581,Tekni Collectables Inc.,2015559350,7476 Moss Rd.,Newark,94019,USA,EMEA,Brown,William,Medium
1.7082253615659986,-2.062976637590112,0.7526488237924551,-0.5836962812072303,-1.124759909130388,5/10/2005 0:00,Shipped,-0.5962425798983697,-0.5723367278181918,1.6938261357079059,Planes,-0.41600848419534553,S18_2581,L'ordine Souveniers,0522-556555,Strada Provinciale 124,Reggio Emilia,42100,Italy,EMEA,Moroni,Maurizio,Small
-1.6479470949959203,-0.6255632411859581,-0.6340157848551798,-0.1103338560857102,-0.8138080118311719,2/24/2003 0:00,Shipped,-1.4270386327380036,-1.3929088876103477,-1.1651700861775494,Motorcycles,-1.0133087898070066,S18_2625,Land of Toys Inc.,2125557818,897 Long Airport Avenue,NYC,10022,USA,EMEA,Yu,Kwai,Small
-1.5067489010305322,1.1198673115905147,-1.2646333687664393,-0.5836962812072303,-0.47731226029980756,4/29/2003 0:00,Shipped,-0.5962425798983697,-0.8458607810822437,-1.1651700861775494,Motorcycles,-1.0133087898070066,S18_2625,"Australian Collectors, Co.",03 9520 4555,636 St Kilda Road,Melbourne,3004,Australia,APAC,Ferguson,Peter,Small
-1.354689307529345,-0.5228908557285186,-1.084669388452141,-0.1103338560857102,-0.9234065683718714,7/1/2003 0:00,Shipped,0.23455347294126402,-0.025288621290087743,-1.1651700861775494,Motorcycles,-1.0133087898070066,S18_2625,Lyon Souveniers,+33 1 46 62 7555,27 rue du Colonel Pierre Avia,Paris,75508,France,EMEA,Da Cunha,Daniel,Small
-1.2352139126355548,-0.5228908557285186,-1.6850450913739452,0.8363909941573299,-1.120687228289803,8/25/2003 0:00,Shipped,0.23455347294126402,0.24823543197396428,-1.1651700861775494,Motorcycles,-1.0133087898070066,S18_2625,Toys4GrownUps.com,6265557265,78934 Hillside Dr.,Pasadena,90003,USA,EMEA,Young,Julie,Small
-1.0831543191343675,0.7091777697607564,-1.5953109854872018,2.7298406946434097,-0.7557424435266732,10/10/2003 0:00,Shipped,1.0653495257808978,0.7952835385020682,-1.1651700861775494,Motorcycles,-1.0133087898070066,S18_2625,Corporate Gift Ideas Co.,6505551386,7734 Strong St.,San Francisco,28034,USA,EMEA,Brown,Julie,Small
-0.9854017233121758,1.1198673115905147,-1.1144155009007854,-0.3470150686464702,-0.40162555955837803,10/28/2003 0:00,Shipped,1.0653495257808978,0.7952835385020682,-1.1651700861775494,Motorcycles,-1.0133087898070066,S18_2625,Technics Stores Inc.,6505556809,9408 Furth Circle,Burlingame,94217,USA,EMEA,Hirano,Juri,Small
-0.8550649288825867,-1.0362527830157164,-0.9646934015759423,1.5464346318396098,-1.0582937578120426,11/11/2003 0:00,Shipped,1.0653495257808978,1.0688075917661204,-1.1651700861775494,Motorcycles,-1.0133087898070066,S18_2625,Daedalus Designs Imports,20.16.1555,"184, chausse de Tournai",Lille,59000,France,EMEA,Rance,Martine,Small
-0.7681737325961939,-0.3175460848136394,-0.9042096395970324,-0.3470150686464702,-0.7930590605086721,11/18/2003 0:00,Shipped,1.0653495257808978,1.0688075917661204,-1.1651700861775494,Motorcycles,-1.0133087898070066,S18_2625,Herkku Gifts,+47 2267 3215,"Drammen 121, PR 744 Sentrum",Bergen,N 5804,Norway,EMEA,Oeztan,Veysel,Small
-0.6269755386308058,-0.5228908557285186,-0.9344515205864873,-0.1103338560857102,-0.8740456765839827,12/1/2003 0:00,Shipped,1.0653495257808978,1.3423316450301723,-1.1651700861775494,Motorcycles,-1.0133087898070066,S18_2625,Mini Wheels Co.,6505555787,5557 North Pendale Street,San Francisco,28034,USA,EMEA,Murphy,Julie,Small
-0.529222942808614,0.5038329988458772,-1.6850450913739452,-0.8203774937679902,-0.8509671518206684,1/12/2004 0:00,Shipped,-1.4270386327380036,-1.6664329408743999,0.2643280247651782,Motorcycles,-1.0133087898070066,S18_2625,Osaka Souveniers Co.,+81 06 6342 5555,"Dojima Avanza 4F, 1-6-20 Dojima, Kita-ku",Osaka,530-0003,Japan,Japan,Kentary,Mory,Small
-0.38802474884322585,-0.7282356266433977,-1.1446573818902406,-0.3470150686464702,-1.0089002845774293,2/20/2004 0:00,Shipped,-1.4270386327380036,-1.3929088876103477,0.2643280247651782,Motorcycles,-1.0133087898070066,S18_2625,"Australian Collectors, Co.",03 9520 4555,636 St Kilda Road,Melbourne,3004,Australia,APAC,Ferguson,Peter,Small
-0.24682655487783767,-1.2415975539305957,-1.3851051241834487,-1.0570587063287502,-1.233929476622546,4/3/2004 0:00,Shipped,-0.5962425798983697,-0.8458607810822437,0.2643280247651782,Motorcycles,-1.0133087898070066,S18_2625,Motor Mint Distributors Inc.,2155559857,11328 Douglas Av.,Philadelphia,71270,USA,EMEA,Hernandez,Rosa,Small
-0.08390556184085132,-0.6255632411859581,-1.1144155009007854,-0.1103338560857102,-0.9664032175662062,5/18/2004 0:00,Shipped,-0.5962425798983697,-0.5723367278181918,0.2643280247651782,Motorcycles,-1.0133087898070066,S18_2625,Tekni Collectables Inc.,2015559350,7476 Moss Rd.,Newark,94019,USA,EMEA,Brown,William,Small
0.046431232588737756,-0.11220131389876024,-1.2348872563177948,-0.1103338560857102,-0.8451567938214339,6/28/2004 0:00,Shipped,-0.5962425798983697,-0.29881267455413973,0.2643280247651782,Motorcycles,-1.0133087898070066,S18_2625,Gift Depot Inc.,2035552570,25593 South Bay Ln.,Bridgewater,97562,USA,EMEA,King,Julie,Small
0.17676802701832683,0.1958158424735585,-0.9944395140245867,-0.3470150686464702,-0.6520031171552951,7/23/2004 0:00,Shipped,0.23455347294126402,-0.025288621290087743,0.2643280247651782,Motorcycles,-1.0133087898070066,S18_2625,La Rochelle Gifts,40.67.8555,"67, rue des Cinquante Otages",Nantes,44000,France,EMEA,Labrune,Janine,Small
0.2853820223763177,-1.5496147103029143,-1.7152869723634,0.8363909941573299,-1.3970321989262893,8/27/2004 0:00,Shipped,0.23455347294126402,0.24823543197396428,0.2643280247651782,Motorcycles,-1.0133087898070066,S18_2625,Marta's Replicas Co.,6175558555,39323 Spinnaker Dr.,Cambridge,51247,USA,EMEA,Hernandez,Marta,Small
0.4265802163417059,-0.3175460848136394,-1.7450330848120446,-1.0570587063287502,-1.0877691066156356,9/27/2004 0:00,Shipped,0.23455347294126402,0.5217594852380163,0.2643280247651782,Motorcycles,-1.0133087898070066,S18_2625,Atelier graphique,40.32.2555,"54, rue Royale",Nantes,44000,France,EMEA,Schmitt,Carine,Small
0.5351942116996968,-0.11220131389876024,-1.5650691044977465,-0.8203774937679902,-0.9681191737603727,10/15/2004 0:00,Shipped,1.0653495257808978,0.7952835385020682,0.2643280247651782,Motorcycles,-1.0133087898070066,S18_2625,Mini Classics,9145554562,3758 North Pendale Street,White Plains,24067,USA,EMEA,Frick,Steve,Small
0.6438082070576877,0.7091777697607564,-1.5348272235082914,-0.3470150686464702,-0.7279178880237972,11/2/2004 0:00,Shipped,1.0653495257808978,1.0688075917661204,0.2643280247651782,Motorcycles,-1.0133087898070066,S18_2625,Diecast Classics Inc.,2155551555,7586 Pompton St.,Allentown,70267,USA,EMEA,Yu,Kyung,Small
0.7632836019514777,0.29848822793099805,0.8101579745265006,1.3097534192788498,0.9297392374699399,11/15/2004 0:00,Shipped,1.0653495257808978,1.0688075917661204,0.2643280247651782,Motorcycles,-1.0133087898070066,S18_2625,Land of Toys Inc.,2125557818,897 Long Airport Avenue,NYC,10022,USA,EMEA,Yu,Kwai,Medium
0.8718975973094686,-0.5228908557285186,-1.0658301839013333,-1.2937399188895102,-0.9172160934941824,11/23/2004 0:00,Shipped,1.0653495257808978,1.0688075917661204,0.2643280247651782,Motorcycles,-1.0133087898070066,S18_2625,"Tokyo Collectables, Ltd",+81 3 3584 0555,2-2-8 Roppongi,Minato-ku,106-0032,Japan,Japan,Shimamura,Akiko,Small
1.1217097866328476,-1.2415975539305957,-1.6850450913739452,-0.8203774937679902,-1.3094912818181974,1/5/2005 0:00,Shipped,-1.4270386327380036,-1.6664329408743999,1.6938261357079059,Motorcycles,-1.0133087898070066,S18_2625,Technics Stores Inc.,6505556809,9408 Furth Circle,Burlingame,94217,USA,EMEA,Hirano,Juri,Small
1.2520465810624366,-1.344269939388035,-1.5050811110596474,-0.5836962812072303,-1.293097383874563,2/2/2005 0:00,Shipped,-1.4270386327380036,-1.3929088876103477,1.6938261357079059,Motorcycles,-1.0133087898070066,S18_2625,"Australian Gift Network, Co",61-7-3844-6555,31 Duncan St. West End,South Brisbane,4101,Australia,APAC,Calaghan,Tony,Small
1.414967574099423,0.40116061338843767,0.8101579745265006,-0.3470150686464702,1.8610038687191994,3/3/2005 0:00,Shipped,-1.4270386327380036,-1.1193848343462958,1.6938261357079059,Motorcycles,-1.0133087898070066,S18_2625,Scandinavian Gift Ideas,0695-34 6555,?kergatan 24,Boras,S-844 67,Sweden,EMEA,Larsson,Maria,Medium
1.5561657680648113,2.043918780707471,-1.3851051241834487,-1.0570587063287502,-0.26569576382301724,4/7/2005 0:00,Shipped,-0.5962425798983697,-0.8458607810822437,1.6938261357079059,Motorcycles,-1.0133087898070066,S18_2625,Auto Canal Petit,(1) 47.55.6555,"25, rue Lauriston",Paris,75016,France,EMEA,Perrier,Dominique,Medium
1.7190867611017975,0.09314345701611891,-1.1144155009007854,-0.1103338560857102,-0.7338477113276888,5/13/2005 0:00,Disputed,-0.5962425798983697,-0.5723367278181918,1.6938261357079059,Motorcycles,-1.0133087898070066,S18_2625,Euro Shopping Channel,(91) 555 94 44,"C/ Moralzarzal, 86",Madrid,28034,Spain,EMEA,Freyre,Diego,Small
-1.7131154922107148,-0.9335803975582768,0.8101579745265006,-1.2937399188895102,0.11918886633561634,1/9/2003 0:00,Shipped,-1.4270386327380036,-1.6664329408743999,-1.1651700861775494,Vintage Cars,1.6745425854454679,S18_2795,"Blauer See Auto, Co.",+49 69 66 90 2555,Lyonerstr. 34,Frankfurt,60528,Germany,EMEA,Keitel,Roland,Medium
-1.615362896388523,-0.42021847027107895,0.8101579745265006,-1.2937399188895102,0.8256686663901944,3/18/2003 0:00,Shipped,-1.4270386327380036,-1.1193848343462958,-1.1651700861775494,Vintage Cars,1.6745425854454679,S18_2795,"AV Stores, Co.",(171) 555-1555,Fauntleroy Circus,Manchester,EC2 5NT,UK,EMEA,Ashworth,Victoria,Medium
-1.4524419033515366,-0.11220131389876024,0.8101579745265006,-1.0570587063287502,1.5908276519959192,5/21/2003 0:00,Shipped,-0.5962425798983697,-0.5723367278181918,-1.1651700861775494,Vintage Cars,1.6745425854454679,S18_2795,"Australian Collectors, Co.",03 9520 4555,636 St Kilda Road,Melbourne,3004,Australia,APAC,Ferguson,Peter,Medium
-1.3003823098503493,0.6065053843033168,0.8101579745265006,0.3630285690358098,2.3907021690867896,7/16/2003 0:00,Shipped,0.23455347294126402,-0.025288621290087743,-1.1651700861775494,Vintage Cars,1.6745425854454679,S18_2795,Souveniers And Things Co.,+61 2 9495 8555,"Monitor Money Building, 815 Pacific Hwy",Chatswood,2067,Australia,APAC,Huxley,Adrian,Large
-1.1917683144923585,-1.2415975539305957,0.8101579745265006,-0.3470150686464702,0.3674812113421536,9/12/2003 0:00,Shipped,0.23455347294126402,0.5217594852380163,-1.1651700861775494,Vintage Cars,1.6745425854454679,S18_2795,Signal Collectibles Ltd.,4155554312,2793 Furth Circle,Brisbane,94217,USA,EMEA,Taylor,Sue,Medium
-1.0505701205269704,1.325212082505394,0.8101579745265006,-0.8203774937679902,1.984878529166429,10/18/2003 0:00,Shipped,1.0653495257808978,0.7952835385020682,-1.1651700861775494,Vintage Cars,1.6745425854454679,S18_2795,Corporate Gift Ideas Co.,6505551386,7734 Strong St.,San Francisco,28034,USA,EMEA,Brown,Julie,Large
-0.9310947256331803,-1.344269939388035,0.8101579745265006,0.1263473564750498,-0.05495896640779327,11/5/2003 0:00,Shipped,1.0653495257808978,1.0688075917661204,-1.1651700861775494,Vintage Cars,1.6745425854454679,S18_2795,Rovelli Gifts,035-640555,Via Ludovico il Moro 22,Bergamo,24100,Italy,EMEA,Rovelli,Giovanni,Medium
-0.8333421298109885,-1.4469423248454747,0.8101579745265006,-0.5836962812072303,-0.27485658059377277,11/12/2003 0:00,Shipped,1.0653495257808978,1.0688075917661204,-1.1651700861775494,Vintage Cars,1.6745425854454679,S18_2795,Mini Gifts Distributors Ltd.,4155551450,5677 Strong St.,San Rafael,97562,USA,EMEA,Nelson,Valarie,Medium
-0.7138667349171985,-1.344269939388035,0.8101579745265006,0.3630285690358098,0.06593992190524926,11/21/2003 0:00,Shipped,1.0653495257808978,1.0688075917661204,-1.1651700861775494,Vintage Cars,1.6745425854454679,S18_2795,"Australian Collectables, Ltd",61-9-3844-6555,7 Allen Street,Glen Waverly,3150,Australia,APAC,Connery,Sean,Medium
-0.5835299404876094,0.5038329988458772,0.8101579745265006,-0.8203774937679902,2.1387063996358804,12/3/2003 0:00,Shipped,1.0653495257808978,1.3423316450301723,-1.1651700861775494,Vintage Cars,1.6745425854454679,S18_2795,Euro Shopping Channel,(91) 555 94 44,"C/ Moralzarzal, 86",Madrid,28034,Spain,EMEA,Freyre,Diego,Large
-0.48577734466541767,1.530556853420273,0.8101579745265006,-1.2937399188895102,3.2476159389103314,1/26/2004 0:00,Shipped,-1.4270386327380036,-1.6664329408743999,0.2643280247651782,Vintage Cars,1.6745425854454679,S18_2795,"Corrida Auto Replicas, Ltd",(91) 555 22 82,"C/ Araquil, 67",Madrid,28023,Spain,EMEA,Sommer,MartÂ¡n,Large
-0.3445791507000295,-0.6255632411859581,0.8101579745265006,-0.5836962812072303,1.0996949240681075,3/2/2004 0:00,Shipped,-1.4270386327380036,-1.1193848343462958,0.2643280247651782,Vintage Cars,1.6745425854454679,S18_2795,"Saveley & Henriot, Co.",78.32.5555,"2, rue du Commerce",Lyon,69004,France,EMEA,Saveley,Mary,Medium
-0.15993535859144495,0.8118501552181959,0.8101579745265006,0.3630285690358098,1.3013306373649045,4/29/2004 0:00,Shipped,-0.5962425798983697,-0.8458607810822437,0.2643280247651782,Vintage Cars,1.6745425854454679,S18_2795,Euro Shopping Channel,(91) 555 94 44,"C/ Moralzarzal, 86",Madrid,28034,Spain,EMEA,Freyre,Diego,Medium
-0.04045996369765496,-1.138925168473156,0.8101579745265006,-1.2937399188895102,0.0934603839053614,6/4/2004 0:00,Shipped,-0.5962425798983697,-0.29881267455413973,0.2643280247651782,Vintage Cars,1.6745425854454679,S18_2795,Mini Caravy,88.60.1555,"24, place Kluber",Strasbourg,67000,France,EMEA,Citeaux,Frederique,Medium
0.23107502469732227,-1.344269939388035,0.8101579745265006,0.8363909941573299,0.4893249616102118,8/17/2004 0:00,Shipped,0.23455347294126402,0.24823543197396428,0.2643280247651782,Vintage Cars,1.6745425854454679,S18_2795,Amica Models & Co.,011-4988555,Via Monte Bianco 34,Torino,10100,Italy,EMEA,Accorti,Paolo,Medium
0.3288276205195141,0.8118501552181959,0.8101579745265006,-0.8203774937679902,2.562232625609983,9/3/2004 0:00,Shipped,0.23455347294126402,0.5217594852380163,0.2643280247651782,Vintage Cars,1.6745425854454679,S18_2795,Herkku Gifts,+47 2267 3215,"Drammen 121, PR 744 Sentrum",Bergen,N 5804,Norway,EMEA,Oeztan,Veysel,Large
0.49174861355650046,-1.5496147103029143,0.8101579745265006,1.7831158444003699,0.012875605672988535,10/11/2004 0:00,Shipped,1.0653495257808978,0.7952835385020682,0.2643280247651782,Vintage Cars,1.6745425854454679,S18_2795,Auto Assoc. & Cie.,30.59.8555,"67, avenue de l'Europe",Versailles,78000,France,EMEA,Tonini,Daniel,Medium
0.5786398098428932,-1.0362527830157164,0.8101579745265006,1.0730722067180898,0.17776487730546842,10/21/2004 0:00,Shipped,1.0653495257808978,0.7952835385020682,0.2643280247651782,Vintage Cars,1.6745425854454679,S18_2795,Mini Gifts Distributors Ltd.,4155551450,5677 Strong St.,San Rafael,97562,USA,EMEA,Nelson,Valarie,Medium
0.6872538052008841,0.09314345701611891,0.8101579745265006,-1.0570587063287502,1.2183022506281804,11/4/2004 0:00,Shipped,1.0653495257808978,1.0688075917661204,0.2643280247651782,Vintage Cars,1.6745425854454679,S18_2795,Online Diecast Creations Co.,6035558647,2304 Long Airport Avenue,Nashua,62005,USA,EMEA,Young,Valarie,Medium
0.795867800558875,-1.138925168473156,-1.5363145291307236,-1.2937399188895102,-1.243421538101669,11/17/2004 0:00,Shipped,1.0653495257808978,1.0688075917661204,0.2643280247651782,Vintage Cars,1.6745425854454679,S18_2795,"AV Stores, Co.",(171) 555-1555,Fauntleroy Circus,Manchester,EC2 5NT,UK,EMEA,Ashworth,Victoria,Small
0.9587887935958613,-1.4469423248454747,0.8101579745265006,-0.1103338560857102,0.6849765491919095,11/29/2004 0:00,Shipped,1.0653495257808978,1.0688075917661204,0.2643280247651782,Vintage Cars,1.6745425854454679,S18_2795,"Australian Collectors, Co.",03 9520 4555,636 St Kilda Road,Melbourne,3004,Australia,APAC,Ferguson,Peter,Medium
1.056541389418053,-0.5228908557285186,0.8101579745265006,-1.2937399188895102,0.49323473521717315,12/9/2004 0:00,Shipped,1.0653495257808978,1.3423316450301723,0.2643280247651782,Vintage Cars,1.6745425854454679,S18_2795,Lyon Souveniers,+33 1 46 62 7555,27 rue du Colonel Pierre Avia,Paris,75508,France,EMEA,Da Cunha,Daniel,Medium
1.176016784311843,-0.3175460848136394,0.5518625647641063,0.1263473564750498,-0.28270327901329956,1/12/2005 0:00,Resolved,-1.4270386327380036,-1.6664329408743999,1.6938261357079059,Vintage Cars,1.6745425854454679,S18_2795,Toys4GrownUps.com,6265557265,78934 Hillside Dr.,Pasadena,90003,USA,EMEA,Young,Julie,Medium
1.3172149782772313,-1.4469423248454747,-1.8084914580358191,0.3630285690358098,-1.3918300279325821,2/16/2005 0:00,Shipped,-1.4270386327380036,-1.3929088876103477,1.6938261357079059,Vintage Cars,1.6745425854454679,S18_2795,Euro Shopping Channel,(91) 555 94 44,"C/ Moralzarzal, 86",Madrid,28034,Spain,EMEA,Freyre,Diego,Small
1.425828973635222,-0.9335803975582768,-0.27507936130820554,0.1263473564750498,-0.8270415094425124,3/4/2005 0:00,Shipped,-1.4270386327380036,-1.1193848343462958,1.6938261357079059,Vintage Cars,1.6745425854454679,S18_2795,Mini Gifts Distributors Ltd.,4155551450,5677 Strong St.,San Rafael,97562,USA,EMEA,Nelson,Valarie,Small
1.762532359244994,-0.009528928441320661,0.8101579745265006,-1.2937399188895102,1.0208098113065387,5/29/2005 0:00,In Process,-0.5962425798983697,-0.5723367278181918,1.6938261357079059,Vintage Cars,1.6745425854454679,S18_2795,Mini Gifts Distributors Ltd.,4155551450,5677 Strong St.,San Rafael,97562,USA,EMEA,Nelson,Valarie,Medium
-1.626224295924322,-0.9335803975582768,0.8101579745265006,-1.2937399188895102,-0.21528140525769715,3/10/2003 0:00,Shipped,-1.4270386327380036,-1.1193848343462958,-1.1651700861775494,Classic Cars,0.7785921270279764,S18_2870,Motor Mint Distributors Inc.,2155559857,11328 Douglas Av.,Philadelphia,71270,USA,EMEA,Hernandez,Rosa,Medium
-1.4741647024231348,1.1198673115905147,0.8101579745265006,-0.8203774937679902,0.872808589559684,5/20/2003 0:00,Shipped,-0.5962425798983697,-0.5723367278181918,-1.1651700861775494,Classic Cars,0.7785921270279764,S18_2870,Atelier graphique,40.32.2555,"54, rue Royale",Nantes,44000,France,EMEA,Schmitt,Carine,Medium
-1.3221051089219475,0.1958158424735585,0.8101579745265006,-0.8203774937679902,0.4305480317188909,7/10/2003 0:00,Shipped,0.23455347294126402,-0.025288621290087743,-1.1651700861775494,Classic Cars,0.7785921270279764,S18_2870,Reims Collectables,26.47.1555,59 rue de l'Abbaye,Reims,51100,France,EMEA,Henriot,Paul,Medium
-1.2026297140281577,-0.8309080121008373,0.8101579745265006,0.8363909941573299,-0.01386290160573128,9/11/2003 0:00,Shipped,0.23455347294126402,0.5217594852380163,-1.1651700861775494,Classic Cars,0.7785921270279764,S18_2870,"Anna's Decorations, Ltd",02 9936 8555,201 Miller Street,North Sydney,2060,Australia,APAC,O'Hara,Anna,Medium
-1.0614315200627693,-1.2415975539305957,0.8101579745265006,0.5997097815965698,-0.1987951932150095,10/17/2003 0:00,Shipped,1.0653495257808978,0.7952835385020682,-1.1651700861775494,Classic Cars,0.7785921270279764,S18_2870,Heintze Collectables,86 21 3555,Smagsloget 45,Aaarhus,8200,Denmark,EMEA,Ibsen,Palle,Medium
-0.9419561251689794,0.40116061338843767,0.8101579745265006,0.1263473564750498,1.3408736532064232,11/5/2003 0:00,Shipped,1.0653495257808978,1.0688075917661204,-1.1651700861775494,Classic Cars,0.7785921270279764,S18_2870,Gift Depot Inc.,2035552570,25593 South Bay Ln.,Bridgewater,97562,USA,EMEA,King,Julie,Medium
-0.8442035293467876,-0.8309080121008373,0.8101579745265006,-0.8203774937679902,0.17967089193886226,11/12/2003 0:00,Shipped,1.0653495257808978,1.0688075917661204,-1.1651700861775494,Classic Cars,0.7785921270279764,S18_2870,Herkku Gifts,+47 2267 3215,"Drammen 121, PR 744 Sentrum",Bergen,N 5804,Norway,EMEA,Oeztan,Veysel,Medium
-0.7247281344529977,0.29848822793099805,0.8101579745265006,0.3630285690358098,0.7667233990241292,11/20/2003 0:00,Shipped,1.0653495257808978,1.0688075917661204,-1.1651700861775494,Classic Cars,0.7785921270279764,S18_2870,Online Diecast Creations Co.,6035558647,2304 Long Airport Avenue,Nashua,62005,USA,EMEA,Young,Valarie,Medium
-0.5943913400234085,-0.8309080121008373,0.8101579745265006,1.7831158444003699,0.334497926774537,12/2/2003 0:00,Shipped,1.0653495257808978,1.3423316450301723,-1.1651700861775494,Classic Cars,0.7785921270279764,S18_2870,Muscle Machine Inc,2125557413,4092 Furth Circle,NYC,10022,USA,EMEA,Young,Jeff,Medium
-0.5075001437370158,0.5038329988458772,0.8101579745265006,0.1263473564750498,0.7366181422505255,1/16/2004 0:00,Shipped,-1.4270386327380036,-1.6664329408743999,0.2643280247651782,Classic Cars,0.7785921270279764,S18_2870,Euro Shopping Channel,(91) 555 94 44,"C/ Moralzarzal, 86",Madrid,28034,Spain,EMEA,Freyre,Diego,Medium
-0.35544055023582855,-1.138925168473156,0.8101579745265006,-0.3470150686464702,-0.17514106289289252,2/26/2004 0:00,Shipped,-1.4270386327380036,-1.3929088876103477,0.2643280247651782,Classic Cars,0.7785921270279764,S18_2870,Collectable Mini Designs Co.,7605558146,361 Furth Circle,San Diego,91217,USA,EMEA,Thompson,Valarie,Medium
-0.19251955719884223,0.9145225406756355,0.8101579745265006,1.3097534192788498,1.7917357129825315,4/13/2004 0:00,Shipped,-0.5962425798983697,-0.8458607810822437,0.2643280247651782,Classic Cars,0.7785921270279764,S18_2870,Mini Caravy,88.60.1555,"24, place Kluber",Strasbourg,67000,France,EMEA,Citeaux,Frederique,Medium
-0.06218276276925314,0.1958158424735585,0.8101579745265006,-1.0570587063287502,0.8814100914949993,6/1/2004 0:00,Cancelled,-0.5962425798983697,-0.29881267455413973,0.2643280247651782,Classic Cars,0.7785921270279764,S18_2870,"UK Collectables, Ltd.",(171) 555-2282,Berkeley Gardens 12  Brewery,Liverpool,WX1 6LT,UK,EMEA,Devon,Elizabeth,Medium
0.07901543119613502,-1.5496147103029143,0.8101579745265006,-0.8203774937679902,-0.3959129458993177,7/6/2004 0:00,Shipped,0.23455347294126402,-0.025288621290087743,0.2643280247651782,Classic Cars,0.7785921270279764,S18_2870,L'ordine Souveniers,0522-556555,Strada Provinciale 124,Reggio Emilia,42100,Italy,EMEA,Moroni,Maurizio,Small
0.2093522256257241,0.40116061338843767,0.8101579745265006,-0.8203774937679902,0.4183625706438606,8/6/2004 0:00,Shipped,0.23455347294126402,0.24823543197396428,0.2643280247651782,Classic Cars,0.7785921270279764,S18_2870,Signal Gift Stores,7025551838,8489 Strong St.,Las Vegas,83030,USA,EMEA,King,Sue,Medium
0.3071048214479159,0.9145225406756355,0.8101579745265006,-1.2937399188895102,0.8140316596683631,8/30/2004 0:00,Shipped,0.23455347294126402,0.24823543197396428,0.2643280247651782,Classic Cars,0.7785921270279764,S18_2870,"Vida Sport, Ltd",0897-034555,Grenzacherweg 237,Gensve,1203,Switzerland,EMEA,Holz,Michael,Medium
0.45916441494910315,-1.344269939388035,0.8101579745265006,-0.3470150686464702,-0.1794418138605502,10/5/2003 0:00,Shipped,1.0653495257808978,0.7952835385020682,-1.1651700861775494,Classic Cars,0.7785921270279764,S18_2870,"Norway Gifts By Mail, Co.",+47 2212 1555,"Drammensveien 126 A, PB 744 Sentrum",Oslo,N 0106,Norway,EMEA,Klaeboe,Jan,Medium
0.5677784103070941,0.8118501552181959,0.8101579745265006,0.8363909941573299,0.9366030622466057,10/16/2004 0:00,Shipped,1.0653495257808978,0.7952835385020682,0.2643280247651782,Classic Cars,0.7785921270279764,S18_2870,Euro Shopping Channel,(91) 555 94 44,"C/ Moralzarzal, 86",Madrid,28034,Spain,EMEA,Freyre,Diego,Medium
0.676392405665085,-0.8309080121008373,0.8101579745265006,0.1263473564750498,-0.3815771093404591,11/4/2004 0:00,Shipped,1.0653495257808978,1.0688075917661204,0.2643280247651782,Classic Cars,0.7785921270279764,S18_2870,FunGiftIdeas.com,5085552555,1785 First Street,New Bedford,50553,USA,EMEA,Benitez,Violeta,Small
0.7850064010230758,-0.9335803975582768,-0.9299896037191905,0.8363909941573299,-1.0135485709768168,11/17/2004 0:00,Shipped,1.0653495257808978,1.0688075917661204,0.2643280247651782,Classic Cars,0.7785921270279764,S18_2870,Motor Mint Distributors Inc.,2155559857,11328 Douglas Av.,Philadelphia,71270,USA,EMEA,Hernandez,Rosa,Small
0.915343195452665,-1.0362527830157164,-1.5536664280590995,-0.8203774937679902,-1.2195719190992038,11/24/2004 0:00,Shipped,1.0653495257808978,1.0688075917661204,0.2643280247651782,Classic Cars,0.7785921270279764,S18_2870,Reims Collectables,26.47.1555,59 rue de l'Abbaye,Reims,51100,France,EMEA,Henriot,Paul,Small
1.165155384776044,1.4278844679628335,0.8101579745265006,-1.0570587063287502,1.4068185013771737,1/10/2005 0:00,Shipped,-1.4270386327380036,-1.6664329408743999,1.6938261357079059,Classic Cars,0.7785921270279764,S18_2870,Royale Belge,(071) 23 67 2555,"Boulevard Tirou, 255",Charleroi,B-6000,Belgium,EMEA,Cartrain,Pascale,Medium
1.3063535787414322,-0.6255632411859581,0.8101579745265006,-0.3470150686464702,0.8543457697490325,2/10/2005 0:00,Shipped,-1.4270386327380036,-1.3929088876103477,1.6938261357079059,Classic Cars,0.7785921270279764,S18_2870,Euro Shopping Channel,(91) 555 94 44,"C/ Moralzarzal, 86",Madrid,28034,Spain,EMEA,Freyre,Diego,Medium
1.6104727657438067,0.6065053843033168,0.8101579745265006,1.3097534192788498,1.5379914058907314,4/22/2005 0:00,On Hold,-0.5962425798983697,-0.8458607810822437,1.6938261357079059,Classic Cars,0.7785921270279764,S18_2870,The Sharp Gifts Warehouse,4085553659,3086 Ingle Ln.,San Jose,94217,USA,EMEA,Frick,Sue,Medium
1.7408095601733957,2.043918780707471,0.8101579745265006,-1.0570587063287502,2.249048899210127,5/17/2005 0:00,Shipped,-0.5962425798983697,-0.5723367278181918,1.6938261357079059,Classic Cars,0.7785921270279764,S18_2870,Salzburg Collectables,6562-9555,Geislweg 14,Salzburg,5020,Austria,EMEA,Pipps,Georg,Large
-1.6913926931391166,-0.8309080121008373,-0.029178165066079644,1.3097534192788498,-0.7119041069586175,1/29/2003 0:00,Shipped,-1.4270386327380036,-1.6664329408743999,-1.1651700861775494,Vintage Cars,0.007079232279580979,S18_2949,Baane Mini Imports,07-98 9555,Erling Skakkes gate 78,Stavern,4110,Norway,EMEA,Bergulfsen,Jonas,Small
-1.5936400973169247,-1.2415975539305957,0.8101579745265006,-1.0570587063287502,-0.5506259456714563,3/24/2003 0:00,Shipped,-1.4270386327380036,-1.1193848343462958,-1.1651700861775494,Vintage Cars,0.007079232279580979,S18_2949,"Volvo Model Replicas, Co",0921-12 3555,BerguvsvÂgen  8,Lule,S-958 22,Sweden,EMEA,Berglund,Christina,Small
-1.4415805038157374,-0.42021847027107895,0.322817498909545,1.3097534192788498,-0.41194844792898067,5/28/2003 0:00,Shipped,-0.5962425798983697,-0.5723367278181918,-1.1651700861775494,Vintage Cars,0.007079232279580979,S18_2949,"Corrida Auto Replicas, Ltd",(91) 555 22 82,"C/ Araquil, 67",Madrid,28023,Spain,EMEA,Sommer,MartÂ¡n,Small
-1.3003823098503493,1.1198673115905147,0.8101579745265006,-1.2937399188895102,1.0816339421003938,7/16/2003 0:00,Shipped,0.23455347294126402,-0.025288621290087743,-1.1651700861775494,Vintage Cars,0.007079232279580979,S18_2949,Souveniers And Things Co.,+61 2 9495 8555,"Monitor Money Building, 815 Pacific Hwy",Chatswood,2067,Australia,APAC,Huxley,Adrian,Medium
-1.1809069149565594,1.2225396970479543,0.3728901215314298,0.5997097815965698,0.3972606536485104,9/19/2003 0:00,Shipped,0.23455347294126402,0.5217594852380163,-1.1651700861775494,Vintage Cars,0.007079232279580979,S18_2949,"Dragon Souveniers, Ltd.",+65 221 7555,"Bronz Sok., Bronz Apt. 3/6 Tesvikiye",Singapore,79903,Singapore,Japan,Natividad,Eric,Medium
-1.0397087209911713,-0.42021847027107895,0.8101579745265006,-1.0570587063287502,-0.12207131641951115,10/20/2003 0:00,Shipped,1.0653495257808978,0.7952835385020682,-1.1651700861775494,Vintage Cars,0.007079232279580979,S18_2949,Classic Legends Inc.,2125558493,5905 Pompton St.,NYC,10022,USA,EMEA,Hernandez,Maria,Medium
-0.9202333260973812,1.1198673115905147,0.8101579745265006,-0.3470150686464702,1.1068628423475368,11/6/2003 0:00,Shipped,1.0653495257808978,1.0688075917661204,-1.1651700861775494,Vintage Cars,0.007079232279580979,S18_2949,"Australian Gift Network, Co",61-7-3844-6555,31 Duncan St. West End,South Brisbane,4101,Australia,APAC,Calaghan,Tony,Medium
-0.8224807302751894,0.1958158424735585,0.27224910774684985,0.5997097815965698,-0.13865527280237275,11/13/2003 0:00,Shipped,1.0653495257808978,1.0688075917661204,-1.1651700861775494,Vintage Cars,0.007079232279580979,S18_2949,"Classic Gift Ideas, Inc",2155554695,782 First Street,Philadelphia,71270,USA,EMEA,Cervantes,Francisca,Medium
-0.7138667349171985,-0.7282356266433977,0.47353113531600904,-1.2937399188895102,-0.512619688067118,11/21/2003 0:00,Shipped,1.0653495257808978,1.0688075917661204,-1.1651700861775494,Vintage Cars,0.007079232279580979,S18_2949,"Australian Collectables, Ltd",61-9-3844-6555,7 Allen Street,Glen Waverly,3150,Australia,APAC,Connery,Sean,Small
-0.5726685409518104,0.1958158424735585,0.322817498909545,0.1263473564750498,-0.11816154281254976,12/5/2003 0:00,Shipped,1.0653495257808978,1.3423316450301723,-1.1651700861775494,Vintage Cars,0.007079232279580979,S18_2949,Canadian Gift Exchange Network,(604) 555-3392,1900 Oak St.,Vancouver,V3F 2K1,Canada,EMEA,Tannamuri,Yoshi,Medium
-0.47491594512961854,1.4278844679628335,0.8101579745265006,-0.5836962812072303,1.0622425510580888,1/29/2004 0:00,Shipped,-1.4270386327380036,-1.6664329408743999,0.2643280247651782,Vintage Cars,0.007079232279580979,S18_2949,West Coast Collectables Co.,3105553722,3675 Furth Circle,Burbank,94019,USA,EMEA,Thompson,Steve,Medium
-0.33371775116423036,-1.138925168473156,0.8101579745265006,-0.8203774937679902,-0.5698978714091038,3/10/2004 0:00,Shipped,-1.4270386327380036,-1.1193848343462958,0.2643280247651782,Vintage Cars,0.007079232279580979,S18_2949,Cambridge Collectables Co.,6175555555,4658 Baden Av.,Cambridge,51247,USA,EMEA,Tseng,Kyung,Small
-0.15993535859144495,-0.5228908557285186,0.8101579745265006,-1.2937399188895102,-0.015361648155066633,4/29/2004 0:00,Shipped,-0.5962425798983697,-0.8458607810822437,0.2643280247651782,Vintage Cars,0.007079232279580979,S18_2949,Euro Shopping Channel,(91) 555 94 44,"C/ Moralzarzal, 86",Madrid,28034,Spain,EMEA,Freyre,Diego,Medium
-0.018737164626056783,1.530556853420273,0.22217648512496505,-1.2937399188895102,0.46325980423046853,6/14/2004 0:00,Shipped,-0.5962425798983697,-0.29881267455413973,0.2643280247651782,Vintage Cars,0.007079232279580979,S18_2949,The Sharp Gifts Warehouse,4085553659,3086 Ingle Ln.,San Jose,94217,USA,EMEA,Frick,Sue,Medium
0.12246102933933138,-0.42021847027107895,0.6237490031816628,0.8363909941573299,-0.30976760075926635,7/19/2004 0:00,Shipped,0.23455347294126402,-0.025288621290087743,0.2643280247651782,Vintage Cars,0.007079232279580979,S18_2949,Souveniers And Things Co.,+61 2 9495 8555,"Monitor Money Building, 815 Pacific Hwy",Chatswood,2067,Australia,APAC,Huxley,Adrian,Small
0.23107502469732227,1.1198673115905147,0.8101579745265006,-0.8203774937679902,0.8538244666014376,8/17/2004 0:00,Shipped,0.23455347294126402,0.24823543197396428,0.2643280247651782,Vintage Cars,0.007079232279580979,S18_2949,Amica Models & Co.,011-4988555,Via Monte Bianco 34,Torino,10100,Italy,EMEA,Accorti,Paolo,Medium
0.35055041959111227,1.2225396970479543,0.8101579745265006,1.3097534192788498,1.1728782836528573,9/8/2004 0:00,Shipped,0.23455347294126402,0.5217594852380163,0.2643280247651782,Vintage Cars,0.007079232279580979,S18_2949,Scandinavian Gift Ideas,0695-34 6555,?kergatan 24,Boras,S-844 67,Sweden,EMEA,Larsson,Maria,Medium
0.49174861355650046,1.1198673115905147,0.8101579745265006,0.1263473564750498,0.5755571906081957,10/11/2004 0:00,Shipped,1.0653495257808978,0.7952835385020682,0.2643280247651782,Vintage Cars,0.007079232279580979,S18_2949,Auto Assoc. & Cie.,30.59.8555,"67, avenue de l'Europe",Versailles,78000,France,EMEA,Tonini,Daniel,Medium
0.5786398098428932,0.1958158424735585,0.8101579745265006,-0.5836962812072303,0.0853693246353994,10/21/2004 0:00,Shipped,1.0653495257808978,0.7952835385020682,0.2643280247651782,Vintage Cars,0.007079232279580979,S18_2949,Mini Gifts Distributors Ltd.,4155551450,5677 Strong St.,San Rafael,97562,USA,EMEA,Nelson,Valarie,Medium
0.6872538052008841,-0.21487369935619982,0.8101579745265006,1.3097534192788498,-0.01583407913257442,11/4/2004 0:00,Shipped,1.0653495257808978,1.0688075917661204,0.2643280247651782,Vintage Cars,0.007079232279580979,S18_2949,Online Diecast Creations Co.,6035558647,2304 Long Airport Avenue,Nashua,62005,USA,EMEA,Young,Valarie,Medium
0.8067292000946741,-0.42021847027107895,0.322817498909545,-0.3470150686464702,-0.41194844792898067,11/18/2004 0:00,Shipped,1.0653495257808978,1.0688075917661204,0.2643280247651782,Vintage Cars,0.007079232279580979,S18_2949,Mini Wheels Co.,6505555787,5557 North Pendale Street,San Francisco,28034,USA,EMEA,Murphy,Julie,Small
0.9587887935958613,1.325212082505394,0.8101579745265006,0.5997097815965698,0.684487827491039,11/29/2004 0:00,Shipped,1.0653495257808978,1.0688075917661204,0.2643280247651782,Vintage Cars,0.007079232279580979,S18_2949,"Australian Collectors, Co.",03 9520 4555,636 St Kilda Road,Melbourne,3004,Australia,APAC,Ferguson,Peter,Medium
1.0674027889538522,0.6065053843033168,0.1721038625030802,-0.1103338560857102,0.01001386860233757,12/10/2004 0:00,Shipped,1.0653495257808978,1.3423316450301723,0.2643280247651782,Vintage Cars,0.007079232279580979,S18_2949,Mini Gifts Distributors Ltd.,4155551450,5677 Strong St.,San Rafael,97562,USA,EMEA,Nelson,Valarie,Medium
1.1977395833834412,0.7091777697607564,0.8101579745265006,-1.2937399188895102,0.5579414884123857,1/20/2005 0:00,Shipped,-1.4270386327380036,-1.6664329408743999,1.6938261357079059,Vintage Cars,0.007079232279580979,S18_2949,Collectables For Less Inc.,6175558555,7825 Douglas Av.,Brickhaven,58339,USA,EMEA,Nelson,Allen,Medium
1.3280763778130305,0.6065053843033168,0.8101579745265006,0.3630285690358098,0.41588638069278533,2/17/2005 0:00,Shipped,-1.4270386327380036,-1.3929088876103477,1.6938261357079059,Vintage Cars,0.007079232279580979,S18_2949,Corporate Gift Ideas Co.,6505551386,7734 Strong St.,San Francisco,28034,USA,EMEA,Brown,Julie,Medium
1.4366903731710212,-0.3175460848136394,-1.9041747864122915,-0.1103338560857102,-1.1435485434082862,3/9/2005 0:00,Shipped,-1.4270386327380036,-1.1193848343462958,1.6938261357079059,Vintage Cars,0.007079232279580979,S18_2949,"Anna's Decorations, Ltd",02 9936 8555,201 Miller Street,North Sydney,2060,Australia,APAC,O'Hara,Anna,Small
1.7842551583165922,-2.57633856487731,0.22217648512496505,-1.2937399188895102,-1.451226005311672,5/30/2005 0:00,In Process,-0.5962425798983697,-0.5723367278181918,1.6938261357079059,Vintage Cars,0.007079232279580979,S18_2949,Petit Auto,(02) 5554 67,Rue Joseph-Bens 532,Bruxelles,B-1180,Belgium,EMEA,Dewey,Catherine,Small
-1.6913926931391166,-0.009528928441320661,-1.29884139808238,1.7831158444003699,-0.8377716658971734,1/29/2003 0:00,Shipped,-1.4270386327380036,-1.6664329408743999,-1.1651700861775494,Vintage Cars,-0.9635337643393681,S18_2957,Baane Mini Imports,07-98 9555,Erling Skakkes gate 78,Stavern,4110,Norway,EMEA,Bergulfsen,Jonas,Small
-1.6045014968527238,-0.7282356266433977,-0.958248410545403,-1.0570587063287502,-0.951730706057859,3/25/2003 0:00,Shipped,-1.4270386327380036,-1.1193848343462958,-1.1651700861775494,Vintage Cars,-0.9635337643393681,S18_2957,Mini Wheels Co.,6505555787,5557 North Pendale Street,San Francisco,28034,USA,EMEA,Murphy,Julie,Small
-1.4415805038157374,1.1198673115905147,-0.493713287805741,1.7831158444003699,-0.08888711293042571,5/28/2003 0:00,Shipped,-0.5962425798983697,-0.5723367278181918,-1.1651700861775494,Vintage Cars,-0.9635337643393681,S18_2957,"Corrida Auto Replicas, Ltd",(91) 555 22 82,"C/ Araquil, 67",Madrid,28023,Spain,EMEA,Sommer,MartÂ¡n,Medium
-1.3003823098503493,-1.5496147103029143,-0.6176554230084256,-0.8203774937679902,-1.1565811220981577,7/16/2003 0:00,Shipped,0.23455347294126402,-0.025288621290087743,-1.1651700861775494,Vintage Cars,-0.9635337643393681,S18_2957,Souveniers And Things Co.,+61 2 9495 8555,"Monitor Money Building, 815 Pacific Hwy",Chatswood,2067,Australia,APAC,Huxley,Adrian,Small
-1.1809069149565594,-0.5228908557285186,-1.6701720351496232,1.0730722067180898,-1.1158000112811013,9/19/2003 0:00,Shipped,0.23455347294126402,0.5217594852380163,-1.1651700861775494,Vintage Cars,-0.9635337643393681,S18_2957,"Dragon Souveniers, Ltd.",+65 221 7555,"Bronz Sok., Bronz Apt. 3/6 Tesvikiye",Singapore,79903,Singapore,Japan,Natividad,Eric,Small
-1.0397087209911713,1.325212082505394,-0.6791307220689575,-0.5836962812072303,-0.10632904741037051,10/20/2003 0:00,Shipped,1.0653495257808978,0.7952835385020682,-1.1651700861775494,Vintage Cars,-0.9635337643393681,S18_2957,Classic Legends Inc.,2125558493,5905 Pompton St.,NYC,10022,USA,EMEA,Hernandez,Maria,Medium
-0.9310947256331803,-0.7282356266433977,-1.4842588323455963,-1.0570587063287502,-1.1130523092739866,11/5/2003 0:00,Shipped,1.0653495257808978,1.0688075917661204,-1.1651700861775494,Vintage Cars,-0.9635337643393681,S18_2957,Rovelli Gifts,035-640555,Via Ludovico il Moro 22,Bergamo,24100,Italy,EMEA,Rovelli,Giovanni,Small
-0.8224807302751894,0.40116061338843767,-0.7723352077413761,1.0730722067180898,-0.48805327723671016,11/13/2003 0:00,Shipped,1.0653495257808978,1.0688075917661204,-1.1651700861775494,Vintage Cars,-0.9635337643393681,S18_2957,"Classic Gift Ideas, Inc",2155554695,782 First Street,Philadelphia,71270,USA,EMEA,Cervantes,Francisca,Small
-0.7138667349171985,-1.138925168473156,-1.5774633180180149,-0.8203774937679902,-1.2542385784142625,11/21/2003 0:00,Shipped,1.0653495257808978,1.0688075917661204,-1.1651700861775494,Vintage Cars,-0.9635337643393681,S18_2957,"Australian Collectables, Ltd",61-9-3844-6555,7 Allen Street,Glen Waverly,3150,Australia,APAC,Connery,Sean,Small
-0.5726685409518104,-0.7282356266433977,-0.8030728572716421,0.5997097815965698,-0.9041400728753445,12/5/2003 0:00,Shipped,1.0653495257808978,1.3423316450301723,-1.1651700861775494,Vintage Cars,-0.9635337643393681,S18_2957,Canadian Gift Exchange Network,(604) 555-3392,1900 Oak St.,Vancouver,V3F 2K1,Canada,EMEA,Tannamuri,Yoshi,Small
-0.47491594512961854,-0.42021847027107895,-1.2368703304810378,-0.1103338560857102,-0.9415381434741553,1/29/2004 0:00,Shipped,-1.4270386327380036,-1.6664329408743999,0.2643280247651782,Vintage Cars,-0.9635337643393681,S18_2957,West Coast Collectables Co.,3105553722,3675 Furth Circle,Burbank,94019,USA,EMEA,Thompson,Steve,Small
-0.33371775116423036,1.017194926133075,-0.9889860600756686,-0.3470150686464702,-0.3730244795752308,3/10/2004 0:00,Shipped,-1.4270386327380036,-1.1193848343462958,0.2643280247651782,Vintage Cars,-0.9635337643393681,S18_2957,Cambridge Collectables Co.,6175555555,4658 Baden Av.,Cambridge,51247,USA,EMEA,Tseng,Kyung,Small
-0.15993535859144495,-1.138925168473156,-1.2676079800113034,-0.8203774937679902,-1.172784961602565,4/29/2004 0:00,Shipped,-0.5962425798983697,-0.8458607810822437,0.2643280247651782,Vintage Cars,-0.9635337643393681,S18_2957,Euro Shopping Channel,(91) 555 94 44,"C/ Moralzarzal, 86",Madrid,28034,Spain,EMEA,Freyre,Diego,Small
-0.018737164626056783,1.4278844679628335,-1.4842588323455963,-0.8203774937679902,-0.5004559479565711,6/14/2004 0:00,Shipped,-0.5962425798983697,-0.29881267455413973,0.2643280247651782,Vintage Cars,-0.9635337643393681,S18_2957,The Sharp Gifts Warehouse,4085553659,3086 Ingle Ln.,San Jose,94217,USA,EMEA,Frick,Sue,Small
0.11159962980353229,-0.3175460848136394,-1.0202194781467453,-1.2937399188895102,-0.8337207060210716,7/16/2004 0:00,Shipped,0.23455347294126402,-0.025288621290087743,0.2643280247651782,Vintage Cars,-0.9635337643393681,S18_2957,Salzburg Collectables,6562-9555,Geislweg 14,Salzburg,5020,Austria,EMEA,Pipps,Georg,Small
0.23107502469732227,0.8118501552181959,-0.7411017896702998,-0.3470150686464702,-0.3254664278394408,8/17/2004 0:00,Shipped,0.23455347294126402,0.24823543197396428,0.2643280247651782,Vintage Cars,-0.9635337643393681,S18_2957,Amica Models & Co.,011-4988555,Via Monte Bianco 34,Torino,10100,Italy,EMEA,Accorti,Paolo,Small
0.35055041959111227,0.1958158424735585,-1.6394343856193572,1.7831158444003699,-0.9133986339862742,9/8/2004 0:00,Shipped,0.23455347294126402,0.5217594852380163,0.2643280247651782,Vintage Cars,-0.9635337643393681,S18_2957,Scandinavian Gift Ideas,0695-34 6555,?kergatan 24,Boras,S-844 67,Sweden,EMEA,Larsson,Maria,Small
0.49174861355650046,-1.138925168473156,-0.9270149924743267,0.5997097815965698,-1.0832511460031469,10/11/2004 0:00,Shipped,1.0653495257808978,0.7952835385020682,0.2643280247651782,Vintage Cars,-0.9635337643393681,S18_2957,Auto Assoc. & Cie.,30.59.8555,"67, avenue de l'Europe",Versailles,78000,France,EMEA,Tonini,Daniel,Small
0.5786398098428932,-0.009528928441320661,-1.4842588323455963,-0.1103338560857102,-0.9088535221681815,10/21/2004 0:00,Shipped,1.0653495257808978,0.7952835385020682,0.2643280247651782,Vintage Cars,-0.9635337643393681,S18_2957,Mini Gifts Distributors Ltd.,4155551450,5677 Strong St.,San Rafael,97562,USA,EMEA,Nelson,Valarie,Small
0.6872538052008841,0.6065053843033168,-2.666666802179207,1.5464346318396098,-1.2648221183586623,11/4/2004 0:00,Shipped,1.0653495257808978,1.0688075917661204,0.2643280247651782,Vintage Cars,-0.9635337643393681,S18_2957,Online Diecast Creations Co.,6035558647,2304 Long Airport Avenue,Nashua,62005,USA,EMEA,Young,Valarie,Small
0.795867800558875,-0.9335803975582768,0.8101579745265006,2.4931594820826497,-0.31213518588792644,11/17/2004 0:00,Shipped,1.0653495257808978,1.0688075917661204,0.2643280247651782,Vintage Cars,-0.9635337643393681,S18_2957,"AV Stores, Co.",(171) 555-1555,Fauntleroy Circus,Manchester,EC2 5NT,UK,EMEA,Ashworth,Victoria,Small
0.9587887935958613,-0.11220131389876024,-0.9270149924743267,0.8363909941573299,-0.7305026827972885,11/29/2004 0:00,Shipped,1.0653495257808978,1.0688075917661204,0.2643280247651782,Vintage Cars,-0.9635337643393681,S18_2957,"Australian Collectors, Co.",03 9520 4555,636 St Kilda Road,Melbourne,3004,Australia,APAC,Ferguson,Peter,Small
1.0674027889538522,1.4278844679628335,-0.6483930725386915,-0.3470150686464702,-0.05184200800446551,12/10/2004 0:00,Shipped,1.0653495257808978,1.3423316450301723,0.2643280247651782,Vintage Cars,-0.9635337643393681,S18_2957,Mini Gifts Distributors Ltd.,4155551450,5677 Strong St.,San Rafael,97562,USA,EMEA,Nelson,Valarie,Medium
1.1977395833834412,-0.7282356266433977,-1.9557347146566084,-0.1103338560857102,-1.257648769838112,1/20/2005 0:00,Shipped,-1.4270386327380036,-1.6664329408743999,1.6938261357079059,Vintage Cars,-0.9635337643393681,S18_2957,Collectables For Less Inc.,6175558555,7825 Douglas Av.,Brickhaven,58339,USA,EMEA,Nelson,Allen,Small
1.3280763778130305,0.5038329988458772,-0.7723352077413761,-0.5836962812072303,-0.45108419568644104,2/17/2005 0:00,Shipped,-1.4270386327380036,-1.3929088876103477,1.6938261357079059,Vintage Cars,-0.9635337643393681,S18_2957,Corporate Gift Ideas Co.,6505551386,7734 Strong St.,San Francisco,28034,USA,EMEA,Brown,Julie,Small
1.4475517727068203,0.1958158424735585,-1.1748992628796955,-0.8203774937679902,-0.7251376045699579,3/10/2005 0:00,Shipped,-1.4270386327380036,-1.1193848343462958,1.6938261357079059,Vintage Cars,-0.9635337643393681,S18_2957,Mini Auto Werke,7675-3555,Kirchgasse 6,Graz,8010,Austria,EMEA,Mendel,Roland,Small
1.7842551583165922,-0.42021847027107895,-1.4842588323455963,-0.8203774937679902,-1.0255385433714987,5/30/2005 0:00,In Process,-0.5962425798983697,-0.5723367278181918,1.6938261357079059,Vintage Cars,-0.9635337643393681,S18_2957,Petit Auto,(02) 5554 67,Rue Joseph-Bens 532,Bruxelles,B-1180,Belgium,EMEA,Dewey,Catherine,Small
-1.6588084945317194,0.6065053843033168,-0.0108347290560821,2.7298406946434097,-0.07214024931394061,2/17/2003 0:00,Shipped,-1.4270386327380036,-1.3929088876103477,-1.1651700861775494,Ships,-0.36623345872770713,S18_3029,Rovelli Gifts,035-640555,Via Ludovico il Moro 22,Bergamo,24100,Italy,EMEA,Rovelli,Giovanni,Medium
-1.517610300566331,-1.4469423248454747,0.28761793251198214,0.5997097815965698,-0.9096897793007815,4/28/2003 0:00,Shipped,-0.5962425798983697,-0.8458607810822437,-1.1651700861775494,Ships,-0.36623345872770713,S18_3029,Salzburg Collectables,6562-9555,Geislweg 14,Salzburg,5020,Austria,EMEA,Pipps,Georg,Small
-1.3981349056725412,0.5038329988458772,0.6287066885897706,-1.0570587063287502,0.16275026060651213,6/16/2003 0:00,Shipped,-0.5962425798983697,-0.29881267455413973,-1.1651700861775494,Ships,-0.36623345872770713,S18_3029,Auto-Moto Classics Inc.,6175558428,16780 Pompton St.,Brickhaven,58339,USA,EMEA,Taylor,Leslie,Medium
-1.256936711707153,1.1198673115905147,-0.4371956741533168,1.5464346318396098,-0.06041092849305621,8/10/2003 0:00,Shipped,0.23455347294126402,0.24823543197396428,-1.1651700861775494,Ships,-0.36623345872770713,S18_3029,Mini Creations Ltd.,5085559555,4575 Hillside Dr.,New Bedford,50553,USA,EMEA,Tam,Wing C,Medium
-1.126599917277564,0.9145225406756355,-0.22401520160469943,1.0730722067180898,-0.03895061558373429,10/6/2003 0:00,Shipped,1.0653495257808978,0.7952835385020682,-1.1651700861775494,Ships,-0.36623345872770713,S18_3029,"Toys of Finland, Co.",90-224 8555,Keskuskatu 45,Helsinki,21240,Finland,EMEA,Karttunen,Matti,Medium
-0.9962631228479749,1.1198673115905147,-0.5224678631727637,0.1263473564750498,-0.10337499624066625,10/23/2003 0:00,Cancelled,1.0653495257808978,0.7952835385020682,-1.1651700861775494,Ships,-0.36623345872770713,S18_3029,Scandinavian Gift Ideas,0695-34 6555,?kergatan 24,Boras,S-844 67,Sweden,EMEA,Larsson,Maria,Medium
-0.8767877279541849,0.6065053843033168,-0.09610691807552903,0.8363909941573299,-0.11043430969768003,11/8/2003 0:00,Shipped,1.0653495257808978,1.0688075917661204,-1.1651700861775494,Ships,-0.36623345872770713,S18_3029,Alpha Cognac,61.77.6555,1 rue Alsace-Lorraine,Toulouse,31000,France,EMEA,Roulet,Annette,Medium
-0.7898965316677922,-0.3175460848136394,0.28761793251198214,0.1263473564750498,-0.3753214715693207,11/14/2003 0:00,Shipped,1.0653495257808978,1.0688075917661204,-1.1651700861775494,Ships,-0.36623345872770713,S18_3029,"Double Decker Gift Stores, Ltd",(171) 555-7555,120 Hanover Sq.,London,WA1 1DP,UK,EMEA,Hardy,Thomas,Small
-0.6704211367740022,1.1198673115905147,0.20234574349253523,-0.5836962812072303,0.2618195796140195,11/26/2003 0:00,Shipped,1.0653495257808978,1.0688075917661204,-1.1651700861775494,Ships,-0.36623345872770713,S18_3029,Enaco Distributors,(93) 203 4555,"Rambla de CataluÂ¤a, 23",Barcelona,8022,Spain,EMEA,Saavedra,Eduardo,Medium
-0.540084342344413,-0.7282356266433977,0.8101579745265006,-0.1103338560857102,-0.39964895179041426,1/9/2004 0:00,Shipped,-1.4270386327380036,-1.6664329408743999,0.2643280247651782,Ships,-0.36623345872770713,S18_3029,"Men 'R' US Retailers, Ltd.",2155554369,6047 Douglas Av.,Los Angeles,28034,USA,EMEA,Chandler,Michael,Small
-0.3988861483790249,1.4278844679628335,0.5434344995703236,0.8363909941573299,0.5878186750589165,2/19/2004 0:00,Shipped,-1.4270386327380036,-1.3929088876103477,0.2643280247651782,Ships,-0.36623345872770713,S18_3029,Collectable Mini Designs Co.,7605558146,361 Furth Circle,San Diego,91217,USA,EMEA,Thompson,Valarie,Medium
-0.11648976044824859,-1.4469423248454747,-0.4798317686630402,-1.2937399188895102,-1.0862160576550925,5/7/2004 0:00,Cancelled,-0.5962425798983697,-0.5723367278181918,0.2643280247651782,Ships,-0.36623345872770713,S18_3029,Land of Toys Inc.,2125557818,897 Long Airport Avenue,NYC,10022,USA,EMEA,Yu,Kwai,Small
0.03556983305293866,-0.3175460848136394,0.031801365453641366,2.0197970569611297,-0.4649856129556374,6/24/2004 0:00,Cancelled,-0.5962425798983697,-0.29881267455413973,0.2643280247651782,Ships,-0.36623345872770713,S18_3029,Euro Shopping Channel,(91) 555 94 44,"C/ Moralzarzal, 86",Madrid,28034,Spain,EMEA,Freyre,Diego,Small
0.15504522794672865,-0.11220131389876024,0.7139788776092175,-1.0570587063287502,-0.11938334706472523,7/21/2004 0:00,Shipped,0.23455347294126402,-0.025288621290087743,0.2643280247651782,Ships,-0.36623345872770713,S18_3029,Petit Auto,(02) 5554 67,Rue Joseph-Bens 532,Bruxelles,B-1180,Belgium,EMEA,Dewey,Catherine,Medium
0.2636592233047195,-1.4469423248454747,0.7139788776092175,-0.5836962812072303,-0.8116196246594976,8/20/2004 0:00,Shipped,0.23455347294126402,0.24823543197396428,0.2643280247651782,Ships,-0.36623345872770713,S18_3029,"Royal Canadian Collectables, Ltd.",(604) 555-4555,23 Tsawassen Blvd.,Tsawassen,T2F 8M4,Canada,EMEA,Lincoln,Elizabeth,Small
0.4048574172701077,-1.4469423248454747,0.6287066885897706,1.5464346318396098,-0.8312336555877544,9/15/2004 0:00,Shipped,0.23455347294126402,0.5217594852380163,0.2643280247651782,Ships,-0.36623345872770713,S18_3029,"Bavarian Collectables Imports, Co.",+49 89 61 08 9555,Hansastr. 15,Munich,80686,Germany,EMEA,Donnermeyer,Michael,Small
0.5243328121638977,-0.42021847027107895,-0.0108347290560821,0.1263473564750498,-0.5252395684318105,10/14/2004 0:00,Shipped,1.0653495257808978,0.7952835385020682,0.2643280247651782,Ships,-0.36623345872770713,S18_3029,"Classic Gift Ideas, Inc",2155554695,782 First Street,Philadelphia,71270,USA,EMEA,Cervantes,Francisca,Small
0.6220854079860895,-1.4469423248454747,0.5434344995703236,2.0197970569611297,-0.8508476865160112,11/1/2004 0:00,Shipped,1.0653495257808978,1.0688075917661204,0.2643280247651782,Ships,-0.36623345872770713,S18_3029,giftsbymail.co.uk,(198) 555-8888,Garden House Crowther Way,Cowes,PO31 7PJ,UK,EMEA,Bennett,Helen,Small
0.7415608028798795,-1.0362527830157164,-1.8739329054228366,-0.3470150686464702,-1.3072703131997983,11/10/2004 0:00,Resolved,1.0653495257808978,1.0688075917661204,0.2643280247651782,Ships,-0.36623345872770713,S18_3029,Danish Wholesale Imports,31 12 3555,Vinb'ltet 34,Kobenhavn,1734,Denmark,EMEA,Petersen,Jytte,Small
0.8610361977736695,-0.7282356266433977,-0.05347082356580556,-0.8203774937679902,-0.6742453847860094,11/22/2004 0:00,Shipped,1.0653495257808978,1.0688075917661204,0.2643280247651782,Ships,-0.36623345872770713,S18_3029,Royale Belge,(071) 23 67 2555,"Boulevard Tirou, 255",Charleroi,B-6000,Belgium,EMEA,Cartrain,Pascale,Small
0.9913729922032586,0.8118501552181959,-0.9265192239335157,-0.1103338560857102,-0.4127955655438223,12/2/2004 0:00,Shipped,1.0653495257808978,1.3423316450301723,0.2643280247651782,Ships,-0.36623345872770713,S18_3029,Euro Shopping Channel,(91) 555 94 44,"C/ Moralzarzal, 86",Madrid,28034,Spain,EMEA,Freyre,Diego,Small
1.2411851815266377,-1.344269939388035,0.1527688894114614,-0.3470150686464702,-0.8936054051010317,1/31/2005 0:00,Shipped,-1.4270386327380036,-1.6664329408743999,1.6938261357079059,Ships,-0.36623345872770713,S18_3029,"Oulu Toy Supplies, Inc.",981-443655,Torikatu 38,Oulu,90110,Finland,EMEA,Koskitalo,Pirkko,Small
1.3823833754920258,0.1958158424735585,0.4636157644997948,-0.3470150686464702,-0.061100569115395235,3/1/2005 0:00,Resolved,-1.4270386327380036,-1.1193848343462958,1.6938261357079059,Ships,-0.36623345872770713,S18_3029,Euro Shopping Channel,(91) 555 94 44,"C/ Moralzarzal, 86",Madrid,28034,Spain,EMEA,Freyre,Diego,Medium
1.5127201699216148,-0.7282356266433977,-0.5651039576824871,2.7298406946434097,-0.8311576322120635,3/30/2005 0:00,Shipped,-1.4270386327380036,-1.1193848343462958,1.6938261357079059,Ships,-0.36623345872770713,S18_3029,Reims Collectables,26.47.1555,59 rue de l'Abbaye,Reims,51100,France,EMEA,Henriot,Paul,Small
1.534442968993213,-0.5228908557285186,-0.4371956741533168,0.1263473564750498,-0.7106497212597174,4/1/2005 0:00,Shipped,-0.5962425798983697,-0.8458607810822437,1.6938261357079059,Ships,-0.36623345872770713,S18_3029,The Sharp Gifts Warehouse,4085553659,3086 Ingle Ln.,San Jose,94217,USA,EMEA,Frick,Sue,Small
1.6865025624944003,0.9145225406756355,-0.4798317686630402,-1.2937399188895102,-0.16223880998991977,5/6/2005 0:00,On Hold,-0.5962425798983697,-0.5723367278181918,1.6938261357079059,Ships,-0.36623345872770713,S18_3029,Gifts4AllAges.com,6175559555,8616 Spinnaker Dr.,Boston,51003,USA,EMEA,Yoshido,Juri,Medium
-1.6913926931391166,-1.0362527830157164,0.8101579745265006,1.5464346318396098,-0.5508377250751666,1/29/2003 0:00,Shipped,-1.4270386327380036,-1.6664329408743999,-1.1651700861775494,Vintage Cars,0.0817417704810386,S18_3136,Baane Mini Imports,07-98 9555,Erling Skakkes gate 78,Stavern,4110,Norway,EMEA,Bergulfsen,Jonas,Small
-1.6045014968527238,0.8118501552181959,0.8101579745265006,-1.2937399188895102,0.6865241679113314,3/25/2003 0:00,Shipped,-1.4270386327380036,-1.1193848343462958,-1.1651700861775494,Vintage Cars,0.0817417704810386,S18_3136,Mini Wheels Co.,6505555787,5557 North Pendale Street,San Francisco,28034,USA,EMEA,Murphy,Julie,Medium
-1.4415805038157374,-0.5228908557285186,0.680762385374898,1.5464346318396098,-0.3432939094389612,5/28/2003 0:00,Shipped,-0.5962425798983697,-0.5723367278181918,-1.1651700861775494,Vintage Cars,0.0817417704810386,S18_3136,"Corrida Auto Replicas, Ltd",(91) 555 22 82,"C/ Araquil, 67",Madrid,28023,Spain,EMEA,Sommer,MartÂ¡n,Small
-1.3003823098503493,-1.5496147103029143,0.31736404496062687,-1.0570587063287502,-0.9517524270223422,7/16/2003 0:00,Shipped,0.23455347294126402,-0.025288621290087743,-1.1651700861775494,Vintage Cars,0.0817417704810386,S18_3136,Souveniers And Things Co.,+61 2 9495 8555,"Monitor Money Building, 815 Pacific Hwy",Chatswood,2067,Australia,APAC,Huxley,Adrian,Small
-1.1809069149565594,-0.9335803975582768,0.8101579745265006,0.8363909941573299,-0.4070123587501917,9/19/2003 0:00,Shipped,0.23455347294126402,0.5217594852380163,-1.1651700861775494,Vintage Cars,0.0817417704810386,S18_3136,"Dragon Souveniers, Ltd.",+65 221 7555,"Bronz Sok., Bronz Apt. 3/6 Tesvikiye",Singapore,79903,Singapore,Japan,Natividad,Eric,Small
-1.0397087209911713,0.5038329988458772,0.8101579745265006,-0.8203774937679902,0.7314051107745771,10/20/2003 0:00,Shipped,1.0653495257808978,0.7952835385020682,-1.1651700861775494,Vintage Cars,0.0817417704810386,S18_3136,Classic Legends Inc.,2125558493,5905 Pompton St.,NYC,10022,USA,EMEA,Hernandez,Maria,Medium
-0.9310947256331803,-0.42021847027107895,0.2653083481754995,-1.2937399188895102,-0.431475594999305,11/5/2003 0:00,Shipped,1.0653495257808978,1.0688075917661204,-1.1651700861775494,Vintage Cars,0.0817417704810386,S18_3136,Rovelli Gifts,035-640555,Via Ludovico il Moro 22,Bergamo,24100,Italy,EMEA,Rovelli,Giovanni,Small
-0.8224807302751894,-1.344269939388035,0.8101579745265006,0.8363909941573299,-0.5786948620247673,11/13/2003 0:00,Shipped,1.0653495257808978,1.0688075917661204,-1.1651700861775494,Vintage Cars,0.0817417704810386,S18_3136,"Classic Gift Ideas, Inc",2155554695,782 First Street,Philadelphia,71270,USA,EMEA,Cervantes,Francisca,Small
-0.7138667349171985,-1.2415975539305957,0.8101579745265006,-1.0570587063287502,-0.42573039989351996,11/21/2003 0:00,Shipped,1.0653495257808978,1.0688075917661204,-1.1651700861775494,Vintage Cars,0.0817417704810386,S18_3136,"Australian Collectables, Ltd",61-9-3844-6555,7 Allen Street,Glen Waverly,3150,Australia,APAC,Connery,Sean,Small
-0.5726685409518104,-0.5228908557285186,0.8101579745265006,0.3630285690358098,0.014939097298884972,12/5/2003 0:00,Shipped,1.0653495257808978,1.3423316450301723,-1.1651700861775494,Vintage Cars,0.0817417704810386,S18_3136,Canadian Gift Exchange Network,(604) 555-3392,1900 Oak St.,Vancouver,V3F 2K1,Canada,EMEA,Tannamuri,Yoshi,Medium
-0.47491594512961854,1.4278844679628335,0.8101579745265006,-0.3470150686464702,0.9401109980106296,1/29/2004 0:00,Shipped,-1.4270386327380036,-1.6664329408743999,0.2643280247651782,Vintage Cars,0.0817417704810386,S18_3136,West Coast Collectables Co.,3105553722,3675 Furth Circle,Burbank,94019,USA,EMEA,Thompson,Steve,Medium
-0.33371775116423036,-0.42021847027107895,0.8101579745265006,-0.5836962812072303,-0.20219995439773844,3/10/2004 0:00,Shipped,-1.4270386327380036,-1.1193848343462958,0.2643280247651782,Vintage Cars,0.0817417704810386,S18_3136,Cambridge Collectables Co.,6175555555,4658 Baden Av.,Cambridge,51247,USA,EMEA,Tseng,Kyung,Medium
-0.15993535859144495,-0.6255632411859581,0.8101579745265006,-1.0570587063287502,-0.11586998105958053,4/29/2004 0:00,Shipped,-0.5962425798983697,-0.8458607810822437,0.2643280247651782,Vintage Cars,0.0817417704810386,S18_3136,Euro Shopping Channel,(91) 555 94 44,"C/ Moralzarzal, 86",Madrid,28034,Spain,EMEA,Freyre,Diego,Medium
-0.018737164626056783,0.1958158424735585,0.05758132957579956,-1.0570587063287502,-0.2256531657983866,6/14/2004 0:00,Shipped,-0.5962425798983697,-0.29881267455413973,0.2643280247651782,Vintage Cars,0.0817417704810386,S18_3136,The Sharp Gifts Warehouse,4085553659,3086 Ingle Ln.,San Jose,94217,USA,EMEA,Frick,Sue,Medium
0.12246102933933138,0.29848822793099805,0.8101579745265006,1.0730722067180898,0.6631361194041329,7/19/2004 0:00,Shipped,0.23455347294126402,-0.025288621290087743,0.2643280247651782,Vintage Cars,0.0817417704810386,S18_3136,Souveniers And Things Co.,+61 2 9495 8555,"Monitor Money Building, 815 Pacific Hwy",Chatswood,2067,Australia,APAC,Huxley,Adrian,Medium
0.23107502469732227,-0.6255632411859581,0.8101579745265006,-0.5836962812072303,-0.2972834764225936,8/17/2004 0:00,Shipped,0.23455347294126402,0.24823543197396428,0.2643280247651782,Vintage Cars,0.0817417704810386,S18_3136,Amica Models & Co.,011-4988555,Via Monte Bianco 34,Torino,10100,Italy,EMEA,Accorti,Paolo,Medium
0.35055041959111227,-1.2415975539305957,0.8101579745265006,1.5464346318396098,-0.3733991662125644,9/8/2004 0:00,Shipped,0.23455347294126402,0.5217594852380163,0.2643280247651782,Vintage Cars,0.0817417704810386,S18_3136,Scandinavian Gift Ideas,0695-34 6555,?kergatan 24,Boras,S-844 67,Sweden,EMEA,Larsson,Maria,Small
0.49174861355650046,-0.9335803975582768,0.10963702636092765,0.3630285690358098,-0.7174809645896584,10/11/2004 0:00,Shipped,1.0653495257808978,0.7952835385020682,0.2643280247651782,Vintage Cars,0.0817417704810386,S18_3136,Auto Assoc. & Cie.,30.59.8555,"67, avenue de l'Europe",Versailles,78000,France,EMEA,Tonini,Daniel,Small
0.5786398098428932,0.29848822793099805,0.8101579745265006,-0.3470150686464702,0.4904218703166095,10/21/2004 0:00,Shipped,1.0653495257808978,0.7952835385020682,0.2643280247651782,Vintage Cars,0.0817417704810386,S18_3136,Mini Gifts Distributors Ltd.,4155551450,5677 Strong St.,San Rafael,97562,USA,EMEA,Nelson,Valarie,Medium
0.6872538052008841,1.325212082505394,-1.8154322176071696,0.1263473564750498,-0.7037424545540854,11/4/2004 0:00,Shipped,1.0653495257808978,1.0688075917661204,0.2643280247651782,Vintage Cars,0.0817417704810386,S18_3136,Online Diecast Creations Co.,6035558647,2304 Long Airport Avenue,Nashua,62005,USA,EMEA,Young,Valarie,Small
0.795867800558875,0.5038329988458772,-2.1743686411541443,2.7298406946434097,-1.0653530712690564,11/17/2004 0:00,Shipped,1.0653495257808978,1.0688075917661204,0.2643280247651782,Vintage Cars,0.0817417704810386,S18_3136,"AV Stores, Co.",(171) 555-1555,Fauntleroy Circus,Manchester,EC2 5NT,UK,EMEA,Ashworth,Victoria,Small
0.9587887935958613,1.017194926133075,0.8101579745265006,1.0730722067180898,0.7571444536870734,11/29/2004 0:00,Shipped,1.0653495257808978,1.0688075917661204,0.2643280247651782,Vintage Cars,0.0817417704810386,S18_3136,"Australian Collectors, Co.",03 9520 4555,636 St Kilda Road,Melbourne,3004,Australia,APAC,Ferguson,Peter,Medium
1.0674027889538522,0.9145225406756355,0.8101579745265006,-0.5836962812072303,0.8725696589503699,12/10/2004 0:00,Shipped,1.0653495257808978,1.3423316450301723,0.2643280247651782,Vintage Cars,0.0817417704810386,S18_3136,Mini Gifts Distributors Ltd.,4155551450,5677 Strong St.,San Rafael,97562,USA,EMEA,Nelson,Valarie,Medium
1.1977395833834412,-1.4469423248454747,0.5236037579378938,-0.3470150686464702,-0.8554090890574664,1/20/2005 0:00,Shipped,-1.4270386327380036,-1.6664329408743999,1.6938261357079059,Vintage Cars,0.0817417704810386,S18_3136,Collectables For Less Inc.,6175558555,7825 Douglas Av.,Brickhaven,58339,USA,EMEA,Nelson,Allen,Small
1.3280763778130305,-0.009528928441320661,0.8101579745265006,-0.3470150686464702,0.3987485397156039,2/17/2005 0:00,Shipped,-1.4270386327380036,-1.3929088876103477,1.6938261357079059,Vintage Cars,0.0817417704810386,S18_3136,Corporate Gift Ideas Co.,6505551386,7734 Strong St.,San Francisco,28034,USA,EMEA,Brown,Julie,Medium
1.4475517727068203,-0.6255632411859581,0.16169272314605504,-1.0570587063287502,-0.5610574388644743,3/10/2005 0:00,Shipped,-1.4270386327380036,-1.1193848343462958,1.6938261357079059,Vintage Cars,0.0817417704810386,S18_3136,Mini Auto Werke,7675-3555,Kirchgasse 6,Graz,8010,Austria,EMEA,Mendel,Roland,Small
1.7842551583165922,-1.4469423248454747,0.05758132957579956,-1.0570587063287502,-0.9626020487816603,5/30/2005 0:00,In Process,-0.5962425798983697,-0.5723367278181918,1.6938261357079059,Vintage Cars,0.0817417704810386,S18_3136,Petit Auto,(02) 5554 67,Rue Joseph-Bens 532,Bruxelles,B-1180,Belgium,EMEA,Dewey,Catherine,Small
-1.6696698940675183,-1.344269939388035,0.8101579745265006,1.0730722067180898,-0.2654568332137029,2/11/2003 0:00,Shipped,-1.4270386327380036,-1.3929088876103477,-1.1651700861775494,Vintage Cars,0.8781421779632532,S18_3140,Danish Wholesale Imports,31 12 3555,Vinb'ltet 34,Kobenhavn,1734,Denmark,EMEA,Petersen,Jytte,Medium
-1.5393330996379293,-0.9335803975582768,0.8101579745265006,-0.3470150686464702,-0.0013842075101791972,4/16/2003 0:00,Shipped,-0.5962425798983697,-0.8458607810822437,-1.1651700861775494,Vintage Cars,0.8781421779632532,S18_3140,"Dragon Souveniers, Ltd.",+65 221 7555,"Bronz Sok., Bronz Apt. 3/6 Tesvikiye",Singapore,79903,Singapore,Japan,Natividad,Eric,Medium
-1.4198577047441394,0.6065053843033168,0.8101579745265006,-1.0570587063287502,1.0806890801453781,6/6/2003 0:00,Shipped,-0.5962425798983697,-0.29881267455413973,-1.1651700861775494,Vintage Cars,0.8781421779632532,S18_3140,Euro Shopping Channel,(91) 555 94 44,"C/ Moralzarzal, 86",Madrid,28034,Spain,EMEA,Freyre,Diego,Medium
-1.2677981112429522,1.2225396970479543,0.8101579745265006,0.3630285690358098,1.3469392325383343,8/8/2003 0:00,Shipped,0.23455347294126402,0.24823543197396428,-1.1651700861775494,Vintage Cars,0.8781421779632532,S18_3140,Mini Gifts Distributors Ltd.,4155551450,5677 Strong St.,San Rafael,97562,USA,EMEA,Nelson,Valarie,Medium
-1.148322716349162,-0.42021847027107895,0.8101579745265006,0.1263473564750498,0.047612858122617306,9/28/2003 0:00,Shipped,0.23455347294126402,0.5217594852380163,-1.1651700861775494,Vintage Cars,0.8781421779632532,S18_3140,Euro Shopping Channel,(91) 555 94 44,"C/ Moralzarzal, 86",Madrid,28034,Spain,EMEA,Freyre,Diego,Medium
-1.007124522383774,0.8118501552181959,0.8101579745265006,-1.0570587063287502,1.8337114768461598,10/21/2003 0:00,Shipped,1.0653495257808978,0.7952835385020682,-1.1651700861775494,Vintage Cars,0.8781421779632532,S18_3140,FunGiftIdeas.com,5085552555,1785 First Street,New Bedford,50553,USA,EMEA,Benitez,Violeta,Medium
-0.8876491274899839,-1.2415975539305957,0.8101579745265006,0.5997097815965698,0.06610825937999341,11/7/2003 0:00,Shipped,1.0653495257808978,1.0688075917661204,-1.1651700861775494,Vintage Cars,0.8781421779632532,S18_3140,CAF Imports,+34 913 728 555,"Merchants House, 27-30 Merchant's Quay",Madrid,28023,Spain,EMEA,Fernandez,Jesus,Medium
-0.8007579312035913,-0.7282356266433977,0.8101579745265006,0.5997097815965698,-0.060736742960302945,11/14/2003 0:00,Shipped,1.0653495257808978,1.0688075917661204,-1.1651700861775494,Vintage Cars,0.8781421779632532,S18_3140,Mini Creations Ltd.,5085559555,4575 Hillside Dr.,New Bedford,50553,USA,EMEA,Tam,Wing C,Medium
-0.6812825363098013,1.4278844679628335,0.8101579745265006,-1.2937399188895102,1.8136575963871202,11/26/2003 0:00,Shipped,1.0653495257808978,1.0688075917661204,-1.1651700861775494,Vintage Cars,0.8781421779632532,S18_3140,Super Scale Inc.,2035559545,567 North Pendale Street,New Haven,97823,USA,EMEA,Murphy,Leslie,Medium
-0.5509457418802122,-1.138925168473156,0.8101579745265006,0.5997097815965698,-0.5057775842549355,1/2/2004 0:00,Shipped,-1.4270386327380036,-1.6664329408743999,0.2643280247651782,Vintage Cars,0.8781421779632532,S18_3140,"Saveley & Henriot, Co.",78.32.5555,"2, rue du Commerce",Lyon,69004,France,EMEA,Saveley,Mary,Small
-0.40974754791482404,-0.21487369935619982,0.8101579745265006,-0.8203774937679902,0.4688963945138381,2/18/2004 0:00,Shipped,-1.4270386327380036,-1.3929088876103477,0.2643280247651782,Vintage Cars,0.8781421779632532,S18_3140,Petit Auto,(02) 5554 67,Rue Joseph-Bens 532,Bruxelles,B-1180,Belgium,EMEA,Dewey,Catherine,Medium
-0.29027215302103404,-1.344269939388035,0.8101579745265006,-0.1103338560857102,0.02830835093824488,3/20/2004 0:00,Shipped,-1.4270386327380036,-1.1193848343462958,0.2643280247651782,Vintage Cars,0.8781421779632532,S18_3140,giftsbymail.co.uk,(198) 555-8888,Garden House Crowther Way,Cowes,PO31 7PJ,UK,EMEA,Bennett,Helen,Medium
-0.11648976044824859,-0.3175460848136394,0.8101579745265006,1.3097534192788498,0.13503430992605184,5/7/2004 0:00,Cancelled,-0.5962425798983697,-0.5723367278181918,0.2643280247651782,Vintage Cars,0.8781421779632532,S18_3140,Land of Toys Inc.,2125557818,897 Long Airport Avenue,NYC,10022,USA,EMEA,Yu,Kwai,Medium
0.15504522794672865,0.5038329988458772,0.8101579745265006,1.5464346318396098,0.7996089392515716,7/21/2004 0:00,Shipped,0.23455347294126402,-0.025288621290087743,0.2643280247651782,Vintage Cars,0.8781421779632532,S18_3140,Petit Auto,(02) 5554 67,Rue Joseph-Bens 532,Bruxelles,B-1180,Belgium,EMEA,Dewey,Catherine,Medium
0.25279782376892046,0.8118501552181959,0.8101579745265006,-1.2937399188895102,1.7059867754442972,8/20/2004 0:00,Shipped,0.23455347294126402,0.24823543197396428,0.2643280247651782,Vintage Cars,0.8781421779632532,S18_3140,Mini Gifts Distributors Ltd.,4155551450,5677 Strong St.,San Rafael,97562,USA,EMEA,Nelson,Valarie,Medium
0.37227321866271046,-1.138925168473156,0.8101579745265006,-0.5836962812072303,-0.3989104389979881,9/9/2004 0:00,Shipped,0.23455347294126402,0.5217594852380163,0.2643280247651782,Vintage Cars,0.8781421779632532,S18_3140,Amica Models & Co.,011-4988555,Via Monte Bianco 34,Torino,10100,Italy,EMEA,Accorti,Paolo,Small
0.5134714126280986,-0.3175460848136394,0.8101579745265006,0.5997097815965698,0.11140190056841798,10/14/2004 0:00,Shipped,1.0653495257808978,0.7952835385020682,0.2643280247651782,Vintage Cars,0.8781421779632532,S18_3140,"AV Stores, Co.",(171) 555-1555,Fauntleroy Circus,Manchester,EC2 5NT,UK,EMEA,Ashworth,Victoria,Medium
0.6003626089144913,-1.5496147103029143,0.8101579745265006,-1.2937399188895102,-0.4464141883225702,10/22/2004 0:00,Shipped,1.0653495257808978,0.7952835385020682,0.2643280247651782,Vintage Cars,0.8781421779632532,S18_3140,Heintze Collectables,86 21 3555,Smagsloget 45,Aaarhus,8200,Denmark,EMEA,Ibsen,Palle,Small
0.7198380038082813,-1.138925168473156,-0.720775279497059,0.5997097815965698,-1.0290356186532807,11/5/2004 0:00,Shipped,1.0653495257808978,1.0688075917661204,0.2643280247651782,Vintage Cars,0.8781421779632532,S18_3140,Baane Mini Imports,07-98 9555,Erling Skakkes gate 78,Stavern,4110,Norway,EMEA,Bergulfsen,Jonas,Small
0.8393133987020713,1.325212082505394,0.8101579745265006,1.3097534192788498,1.2078761876762831,11/20/2004 0:00,Shipped,1.0653495257808978,1.0688075917661204,0.2643280247651782,Vintage Cars,0.8781421779632532,S18_3140,"La Corne D'abondance, Co.",(1) 42.34.2555,"265, boulevard Charonne",Paris,75012,France,EMEA,Bertrand,Marie,Medium
0.9913729922032586,0.9145225406756355,0.8101579745265006,-1.2937399188895102,0.8890558709930573,12/2/2004 0:00,Shipped,1.0653495257808978,1.3423316450301723,0.2643280247651782,Vintage Cars,0.8781421779632532,S18_3140,Euro Shopping Channel,(91) 555 94 44,"C/ Moralzarzal, 86",Madrid,28034,Spain,EMEA,Freyre,Diego,Medium
1.2303237819908386,-0.7282356266433977,0.8101579745265006,-0.8203774937679902,0.16778952436659592,1/26/2005 0:00,Shipped,-1.4270386327380036,-1.6664329408743999,1.6938261357079059,Vintage Cars,0.8781421779632532,S18_3140,"Tokyo Collectables, Ltd",+81 3 3584 0555,2-2-8 Roppongi,Minato-ku,106-0032,Japan,Japan,Shimamura,Akiko,Medium
1.3497991768846285,-1.138925168473156,-1.0975593705132203,0.5997097815965698,-1.128083216696305,2/22/2005 0:00,Shipped,-1.4270386327380036,-1.3929088876103477,1.6938261357079059,Vintage Cars,0.8781421779632532,S18_3140,Euro Shopping Channel,(91) 555 94 44,"C/ Moralzarzal, 86",Madrid,28034,Spain,EMEA,Freyre,Diego,Small
1.4909973708500166,-0.21487369935619982,0.8101579745265006,-1.0570587063287502,0.9339150928918194,3/23/2005 0:00,Shipped,-1.4270386327380036,-1.1193848343462958,1.6938261357079059,Vintage Cars,0.8781421779632532,S18_3140,Mini Gifts Distributors Ltd.,4155551450,5677 Strong St.,San Rafael,97562,USA,EMEA,Nelson,Valarie,Medium
1.6865025624944003,0.6065053843033168,0.8101579745265006,1.3097534192788498,0.7157823070700933,5/6/2005 0:00,On Hold,-0.5962425798983697,-0.5723367278181918,1.6938261357079059,Vintage Cars,0.8781421779632532,S18_3140,Gifts4AllAges.com,6175559555,8616 Spinnaker Dr.,Boston,51003,USA,EMEA,Yoshido,Juri,Medium
-1.6805312936033174,-1.2415975539305957,0.8101579745265006,1.5464346318396098,0.5447079908010453,1/31/2003 0:00,Shipped,-1.4270386327380036,-1.6664329408743999,-1.1651700861775494,Classic Cars,1.699430098179287,S18_3232,Euro Shopping Channel,(91) 555 94 44,"C/ Moralzarzal, 86",Madrid,28034,Spain,EMEA,Freyre,Diego,Medium
-1.626224295924322,1.1198673115905147,0.8101579745265006,-0.3470150686464702,2.553902635730707,3/10/2003 0:00,Shipped,-1.4270386327380036,-1.1193848343462958,-1.1651700861775494,Classic Cars,1.699430098179287,S18_3232,Motor Mint Distributors Inc.,2155559857,11328 Douglas Av.,Philadelphia,71270,USA,EMEA,Hernandez,Rosa,Large
-1.5719172982453267,1.325212082505394,0.8101579745265006,-0.5836962812072303,2.528076408960278,4/1/2003 0:00,Shipped,-0.5962425798983697,-0.8458607810822437,-1.1651700861775494,Classic Cars,1.699430098179287,S18_3232,"La Corne D'abondance, Co.",(1) 42.34.2555,"265, boulevard Charonne",Paris,75012,France,EMEA,Bertrand,Marie,Large
-1.485026101958934,-1.0362527830157164,0.8101579745265006,-0.8203774937679902,0.02422480961541845,5/8/2003 0:00,Shipped,-0.5962425798983697,-0.5723367278181918,-1.1651700861775494,Classic Cars,1.699430098179287,S18_3232,Marseille Mini Autos,91.24.4555,"12, rue des Bouchers",Marseille,13008,France,EMEA,Lebihan,Laurence,Medium
-1.4307191042799385,-1.344269939388035,0.8101579745265006,2.0197970569611297,0.15386638613291623,6/3/2003 0:00,Shipped,-0.5962425798983697,-0.29881267455413973,-1.1651700861775494,Classic Cars,1.699430098179287,S18_3232,Muscle Machine Inc,2125557413,4092 Furth Circle,NYC,10022,USA,EMEA,Young,Jeff,Medium
-1.3329665084577467,0.6065053843033168,0.8101579745265006,-0.8203774937679902,2.5944176647328456,7/4/2003 0:00,Shipped,0.23455347294126402,-0.025288621290087743,-1.1651700861775494,Classic Cars,1.699430098179287,S18_3232,Alpha Cognac,61.77.6555,1 rue Alsace-Lorraine,Toulouse,31000,France,EMEA,Roulet,Annette,Large
-1.2786595107787513,-0.11220131389876024,0.8101579745265006,0.5997097815965698,0.6964886603679626,8/1/2003 0:00,Shipped,0.23455347294126402,0.24823543197396428,-1.1651700861775494,Classic Cars,1.699430098179287,S18_3232,Suominen Souveniers,+358 9 8045 555,"Software Engineering Center, SEC Oy",Espoo,FIN-02271,Finland,EMEA,Suominen,Kalle,Medium
-1.2026297140281577,-0.3175460848136394,0.8101579745265006,1.7831158444003699,1.012735042759939,9/11/2003 0:00,Shipped,0.23455347294126402,0.5217594852380163,-1.1651700861775494,Classic Cars,1.699430098179287,S18_3232,"Anna's Decorations, Ltd",02 9936 8555,201 Miller Street,North Sydney,2060,Australia,APAC,O'Hara,Anna,Medium
-1.1700455154207603,-1.4469423248454747,0.8101579745265006,0.1263473564750498,0.09781000704310618,9/21/2003 0:00,Shipped,0.23455347294126402,0.5217594852380163,-1.1651700861775494,Classic Cars,1.699430098179287,S18_3232,"Oulu Toy Supplies, Inc.",981-443655,Torikatu 38,Oulu,90110,Finland,EMEA,Koskitalo,Pirkko,Medium
-1.0722929195985684,-1.5496147103029143,0.8101579745265006,-1.2937399188895102,0.24029410381124833,10/11/2003 0:00,Shipped,1.0653495257808978,0.7952835385020682,-1.1651700861775494,Classic Cars,1.699430098179287,S18_3232,"Men 'R' US Retailers, Ltd.",2155554369,6047 Douglas Av.,Los Angeles,28034,USA,EMEA,Chandler,Michael,Medium
-1.017985921919573,1.2225396970479543,0.8101579745265006,2.2564782695218897,2.824160306070799,10/22/2003 0:00,Shipped,1.0653495257808978,0.7952835385020682,-1.1651700861775494,Classic Cars,1.699430098179287,S18_3232,"Dragon Souveniers, Ltd.",+65 221 7555,"Bronz Sok., Bronz Apt. 3/6 Tesvikiye",Singapore,79903,Singapore,Japan,Natividad,Eric,Large
-0.9528175247047785,0.40116061338843767,0.8101579745265006,-0.8203774937679902,1.0467120614526584,11/5/2003 0:00,Shipped,1.0653495257808978,1.0688075917661204,-1.1651700861775494,Classic Cars,1.699430098179287,S18_3232,Quebec Home Shopping Network,(514) 555-8054,43 rue St. Laurent,Montreal,H1J 1C3,Canada,EMEA,Fresnisre,Jean,Medium
-0.9093719265615822,-0.6255632411859581,0.8101579745265006,-0.3470150686464702,0.4702593850351539,11/6/2003 0:00,Shipped,1.0653495257808978,1.0688075917661204,-1.1651700861775494,Classic Cars,1.699430098179287,S18_3232,"Stylish Desk Decors, Co.",(171) 555-0297,35 King George,London,WX3 6FW,UK,EMEA,Brown,Ann,Medium
-0.8442035293467876,1.017194926133075,0.8101579745265006,0.1263473564750498,1.5046442951680223,11/12/2003 0:00,Shipped,1.0653495257808978,1.0688075917661204,-1.1651700861775494,Classic Cars,1.699430098179287,S18_3232,Herkku Gifts,+47 2267 3215,"Drammen 121, PR 744 Sentrum",Bergen,N 5804,Norway,EMEA,Oeztan,Veysel,Medium
-0.8116193307393903,-0.7282356266433977,0.8101579745265006,0.8363909941573299,0.4647368298153208,11/14/2003 0:00,Shipped,1.0653495257808978,1.0688075917661204,-1.1651700861775494,Classic Cars,1.699430098179287,S18_3232,"Iberia Gift Imports, Corp.",(95) 555 82 82,"C/ Romero, 33",Sevilla,41101,Spain,EMEA,Roel,Jose Pedro,Medium
-0.7247281344529977,-0.9335803975582768,0.8101579745265006,1.3097534192788498,0.19797080451589022,11/20/2003 0:00,Shipped,1.0653495257808978,1.0688075917661204,-1.1651700861775494,Classic Cars,1.699430098179287,S18_3232,Online Diecast Creations Co.,6035558647,2304 Long Airport Avenue,Nashua,62005,USA,EMEA,Young,Valarie,Medium
-0.6921439358456003,1.530556853420273,0.8101579745265006,0.8363909941573299,2.20826778839307,11/25/2003 0:00,Shipped,1.0653495257808978,1.0688075917661204,-1.1651700861775494,Classic Cars,1.699430098179287,S18_3232,Mini Classics,9145554562,3758 North Pendale Street,White Plains,24067,USA,EMEA,Frick,Steve,Large
-0.6052527395592077,1.325212082505394,0.8101579745265006,-1.2937399188895102,2.572387176505842,12/2/2003 0:00,Shipped,1.0653495257808978,1.3423316450301723,-1.1651700861775494,Classic Cars,1.699430098179287,S18_3232,Euro Shopping Channel,(91) 555 94 44,"C/ Moralzarzal, 86",Madrid,28034,Spain,EMEA,Freyre,Diego,Large
-0.5618071414160113,-1.0362527830157164,0.8101579745265006,1.0730722067180898,0.20817422758183554,12/9/2003 0:00,Shipped,1.0653495257808978,1.3423316450301723,-1.1651700861775494,Classic Cars,1.699430098179287,S18_3232,Diecast Collectables,6175552555,6251 Ingle Ln.,Boston,51003,USA,EMEA,Franco,Valarie,Medium
-0.5075001437370158,0.5038329988458772,0.8101579745265006,1.0730722067180898,1.0863256704287472,1/16/2004 0:00,Shipped,-1.4270386327380036,-1.6664329408743999,0.2643280247651782,Classic Cars,1.699430098179287,S18_3232,Euro Shopping Channel,(91) 555 94 44,"C/ Moralzarzal, 86",Madrid,28034,Spain,EMEA,Freyre,Diego,Medium
-0.36630194977162767,0.8118501552181959,0.8101579745265006,-1.0570587063287502,1.5497750291228234,2/22/2004 0:00,Shipped,-1.4270386327380036,-1.3929088876103477,0.2643280247651782,Classic Cars,1.699430098179287,S18_3232,"Vida Sport, Ltd",0897-034555,Grenzacherweg 237,Gensve,1203,Switzerland,EMEA,Holz,Michael,Medium
-0.3228563516284313,-1.344269939388035,0.8101579745265006,-0.3470150686464702,0.3359315104304231,3/11/2004 0:00,Shipped,-1.4270386327380036,-1.1193848343462958,0.2643280247651782,Classic Cars,1.699430098179287,S18_3232,Mini Gifts Distributors Ltd.,4155551450,5677 Strong St.,San Rafael,97562,USA,EMEA,Nelson,Valarie,Medium
-0.2142423562704404,1.2225396970479543,0.8101579745265006,-1.2937399188895102,1.9165932470726226,4/12/2004 0:00,Shipped,-0.5962425798983697,-0.8458607810822437,0.2643280247651782,Classic Cars,1.699430098179287,S18_3232,"Oulu Toy Supplies, Inc.",981-443655,Torikatu 38,Oulu,90110,Finland,EMEA,Koskitalo,Pirkko,Large
-0.13821255951984676,0.09314345701611891,0.8101579745265006,0.5997097815965698,1.9433697660391882,5/5/2004 0:00,Shipped,-0.5962425798983697,-0.5723367278181918,0.2643280247651782,Classic Cars,1.699430098179287,S18_3232,Euro Shopping Channel,(91) 555 94 44,"C/ Moralzarzal, 86",Madrid,28034,Spain,EMEA,Freyre,Diego,Large
-0.06218276276925314,0.5038329988458772,0.8101579745265006,-0.1103338560857102,1.7483806678742257,6/1/2004 0:00,Cancelled,-0.5962425798983697,-0.29881267455413973,0.2643280247651782,Classic Cars,1.699430098179287,S18_3232,"UK Collectables, Ltd.",(171) 555-2282,Berkeley Gardens 12  Brewery,Liverpool,WX1 6LT,UK,EMEA,Devon,Elizabeth,Medium
0.0029856344455413955,-0.8309080121008373,0.8101579745265006,0.3630285690358098,0.05636640680931435,6/15/2004 0:00,Shipped,-0.5962425798983697,-0.29881267455413973,0.2643280247651782,Classic Cars,1.699430098179287,S18_3232,Handji Gifts& Co,+65 224 1555,Village Close - 106 Linden Road Sandown,Singapore,69045,Singapore,APAC,Victorino,Wendy,Medium
0.07901543119613502,-0.6255632411859581,0.8101579745265006,0.1263473564750498,0.6834832328836951,7/6/2004 0:00,Shipped,0.23455347294126402,-0.025288621290087743,0.2643280247651782,Classic Cars,1.699430098179287,S18_3232,L'ordine Souveniers,0522-556555,Strada Provinciale 124,Reggio Emilia,42100,Italy,EMEA,Moroni,Maurizio,Medium
0.13332242887513046,-1.5496147103029143,0.8101579745265006,0.5997097815965698,0.20347706901236093,7/20/2004 0:00,Shipped,0.23455347294126402,-0.025288621290087743,0.2643280247651782,Classic Cars,1.699430098179287,S18_3232,Mini Gifts Distributors Ltd.,4155551450,5677 Strong St.,San Rafael,97562,USA,EMEA,Nelson,Valarie,Medium
0.2093522256257241,0.7091777697607564,0.8101579745265006,0.1263473564750498,1.546169349018626,8/6/2004 0:00,Shipped,0.23455347294126402,0.24823543197396428,0.2643280247651782,Classic Cars,1.699430098179287,S18_3232,Signal Gift Stores,7025551838,8489 Strong St.,Las Vegas,83030,USA,EMEA,King,Sue,Medium
0.24193642423312137,-1.0362527830157164,0.8101579745265006,-0.3470150686464702,0.34610235204964346,8/19/2004 0:00,Shipped,0.23455347294126402,0.24823543197396428,0.2643280247651782,Classic Cars,1.699430098179287,S18_3232,Diecast Classics Inc.,2155551555,7586 Pompton St.,Allentown,70267,USA,EMEA,Yu,Kyung,Medium
0.3071048214479159,0.09314345701611891,0.8101579745265006,-0.3470150686464702,1.2482120187214363,8/30/2004 0:00,Shipped,0.23455347294126402,0.24823543197396428,0.2643280247651782,Classic Cars,1.699430098179287,S18_3232,"Vida Sport, Ltd",0897-034555,Grenzacherweg 237,Gensve,1203,Switzerland,EMEA,Holz,Michael,Medium
0.36141181912691134,-1.4469423248454747,0.8101579745265006,1.3097534192788498,-0.3850144519699127,9/8/2004 0:00,Shipped,0.23455347294126402,0.5217594852380163,0.2643280247651782,Classic Cars,1.699430098179287,S18_3232,Land of Toys Inc.,2125557818,897 Long Airport Avenue,NYC,10022,USA,EMEA,Yu,Kwai,Small
0.45916441494910315,-1.2415975539305957,0.8101579745265006,0.5997097815965698,0.24858065176155825,10/5/2003 0:00,Shipped,1.0653495257808978,0.7952835385020682,-1.1651700861775494,Classic Cars,1.699430098179287,S18_3232,"Norway Gifts By Mail, Co.",+47 2212 1555,"Drammensveien 126 A, PB 744 Sentrum",Oslo,N 0106,Norway,EMEA,Klaeboe,Jan,Medium
0.5026100130922995,0.1958158424735585,0.8101579745265006,0.5997097815965698,2.1188697288216716,10/13/2004 0:00,Shipped,1.0653495257808978,0.7952835385020682,0.2643280247651782,Classic Cars,1.699430098179287,S18_3232,Marta's Replicas Co.,6175558555,39323 Spinnaker Dr.,Cambridge,51247,USA,EMEA,Hernandez,Marta,Large
0.556917010771295,1.325212082505394,0.8101579745265006,-0.8203774937679902,2.9253094074275645,10/16/2004 0:00,Shipped,1.0653495257808978,0.7952835385020682,0.2643280247651782,Classic Cars,1.699430098179287,S18_3232,"Toms Spezialitten, Ltd",0221-5554327,Mehrheimerstr. 369,Koln,50739,Germany,EMEA,Pfalzheim,Henriette,Large
0.5895012093786922,-1.0362527830157164,0.8101579745265006,-0.8203774937679902,0.5529945387513554,10/22/2004 0:00,Shipped,1.0653495257808978,0.7952835385020682,0.2643280247651782,Classic Cars,1.699430098179287,S18_3232,Canadian Gift Exchange Network,(604) 555-3392,1900 Oak St.,Vancouver,V3F 2K1,Canada,EMEA,Tannamuri,Yoshi,Medium
0.676392405665085,-0.21487369935619982,0.8101579745265006,1.0730722067180898,1.165438853317389,11/4/2004 0:00,Shipped,1.0653495257808978,1.0688075917661204,0.2643280247651782,Classic Cars,1.699430098179287,S18_3232,FunGiftIdeas.com,5085552555,1785 First Street,New Bedford,50553,USA,EMEA,Benitez,Violeta,Medium
0.7089766042724822,-0.8309080121008373,0.8101579745265006,1.3097534192788498,-0.21634030227624937,11/5/2004 0:00,Shipped,1.0653495257808978,1.0688075917661204,0.2643280247651782,Classic Cars,1.699430098179287,S18_3232,Vitachrome Inc.,2125551500,2678 Kingston Rd.,NYC,10022,USA,EMEA,Frick,Michael,Medium
0.7850064010230758,-0.8309080121008373,0.8101579745265006,1.0730722067180898,0.3349377763053199,11/17/2004 0:00,Shipped,1.0653495257808978,1.0688075917661204,0.2643280247651782,Classic Cars,1.699430098179287,S18_3232,Motor Mint Distributors Inc.,2155559857,11328 Douglas Av.,Philadelphia,71270,USA,EMEA,Hernandez,Rosa,Medium
0.8175905996304731,-1.5496147103029143,0.8101579745265006,-0.8203774937679902,-0.3665896438471065,11/19/2004 0:00,On Hold,1.0653495257808978,1.0688075917661204,0.2643280247651782,Classic Cars,1.699430098179287,S18_3232,"Volvo Model Replicas, Co",0921-12 3555,BerguvsvÂgen  8,Lule,S-958 22,Sweden,EMEA,Berglund,Christina,Small
0.9044817959168658,-0.5228908557285186,0.8101579745265006,-0.5836962812072303,0.8012923139990136,11/24/2004 0:00,Shipped,1.0653495257808978,1.0688075917661204,0.2643280247651782,Classic Cars,1.699430098179287,S18_3232,"Australian Collectors, Co.",03 9520 4555,636 St Kilda Road,Melbourne,3004,Australia,APAC,Ferguson,Peter,Medium
0.9805115926674595,1.325212082505394,0.8101579745265006,-0.1103338560857102,2.0867932945212253,12/1/2004 0:00,Shipped,1.0653495257808978,1.3423316450301723,0.2643280247651782,Classic Cars,1.699430098179287,S18_3232,Muscle Machine Inc,2125557413,4092 Furth Circle,NYC,10022,USA,EMEA,Young,Jeff,Large
1.0782641884896513,-0.3175460848136394,0.48741265445870974,1.3097534192788498,-0.3052930820757439,12/10/2004 0:00,Shipped,1.0653495257808978,1.3423316450301723,0.2643280247651782,Classic Cars,1.699430098179287,S18_3232,Euro Shopping Channel,(91) 555 94 44,"C/ Moralzarzal, 86",Madrid,28034,Spain,EMEA,Freyre,Diego,Small
1.165155384776044,-0.11220131389876024,0.8101579745265006,-1.2937399188895102,1.478019822952839,1/10/2005 0:00,Shipped,-1.4270386327380036,-1.6664329408743999,1.6938261357079059,Classic Cars,1.699430098179287,S18_3232,Royale Belge,(071) 23 67 2555,"Boulevard Tirou, 255",Charleroi,B-6000,Belgium,EMEA,Cartrain,Pascale,Medium
1.2086009829192403,-0.8309080121008373,-1.329083279071835,0.5997097815965698,-1.0963325968631055,1/20/2005 0:00,Shipped,-1.4270386327380036,-1.6664329408743999,1.6938261357079059,Classic Cars,1.699430098179287,S18_3232,"Anna's Decorations, Ltd",02 9936 8555,201 Miller Street,North Sydney,2060,Australia,APAC,O'Hara,Anna,Small
1.284630779669834,0.40116061338843767,0.8101579745265006,-0.8203774937679902,2.01496749521667,2/9/2005 0:00,Shipped,-1.4270386327380036,-1.3929088876103477,1.6938261357079059,Classic Cars,1.699430098179287,S18_3232,"Toys of Finland, Co.",90-224 8555,Keskuskatu 45,Helsinki,21240,Finland,EMEA,Karttunen,Matti,Large
1.3497991768846285,1.2225396970479543,0.8101579745265006,-0.1103338560857102,1.8002123193720692,2/22/2005 0:00,Shipped,-1.4270386327380036,-1.3929088876103477,1.6938261357079059,Classic Cars,1.699430098179287,S18_3232,Euro Shopping Channel,(91) 555 94 44,"C/ Moralzarzal, 86",Madrid,28034,Spain,EMEA,Freyre,Diego,Medium
1.4692745717784186,-1.344269939388035,0.8101579745265006,-0.3470150686464702,-0.10907674941748507,3/15/2005 0:00,Shipped,-1.4270386327380036,-1.1193848343462958,1.6938261357079059,Classic Cars,1.699430098179287,S18_3232,Euro Shopping Channel,(91) 555 94 44,"C/ Moralzarzal, 86",Madrid,28034,Spain,EMEA,Freyre,Diego,Medium
1.5887499666722085,2.043918780707471,0.8101579745265006,-1.2937399188895102,2.571306558522806,4/14/2005 0:00,Shipped,-0.5962425798983697,-0.8458607810822437,1.6938261357079059,Classic Cars,1.699430098179287,S18_3232,Mini Caravy,88.60.1555,"24, place Kluber",Strasbourg,67000,France,EMEA,Citeaux,Frederique,Large
1.664779763422802,2.5572807079946687,0.8101579745265006,0.5997097815965698,4.525514581863451,5/3/2005 0:00,Shipped,-0.5962425798983697,-0.5723367278181918,1.6938261357079059,Classic Cars,1.699430098179287,S18_3232,Euro Shopping Channel,(91) 555 94 44,"C/ Moralzarzal, 86",Madrid,28034,Spain,EMEA,Freyre,Diego,Large
1.7408095601733957,-0.009528928441320661,0.8101579745265006,-0.1103338560857102,1.2886021521777962,5/17/2005 0:00,Shipped,-0.5962425798983697,-0.5723367278181918,1.6938261357079059,Classic Cars,1.699430098179287,S18_3232,Salzburg Collectables,6562-9555,Geislweg 14,Salzburg,5020,Austria,EMEA,Pipps,Georg,Medium
1.8059779573881902,-0.7282356266433977,0.8101579745265006,0.3630285690358098,0.12992988327251873,5/31/2005 0:00,In Process,-0.5962425798983697,-0.5723367278181918,1.6938261357079059,Classic Cars,1.699430098179287,S18_3232,La Rochelle Gifts,40.67.8555,"67, rue des Cinquante Otages",Nantes,44000,France,EMEA,Labrune,Janine,Medium
-1.6696698940675183,0.29848822793099805,0.8101579745265006,1.5464346318396098,0.42150125001167177,2/11/2003 0:00,Shipped,-1.4270386327380036,-1.3929088876103477,-1.1651700861775494,Trains,-0.01780828045423823,S18_3259,Danish Wholesale Imports,31 12 3555,Vinb'ltet 34,Kobenhavn,1734,Denmark,EMEA,Petersen,Jytte,Medium
-1.5393330996379293,-1.4469423248454747,0.6019351873859904,0.1263473564750498,-0.8373915490187188,4/16/2003 0:00,Shipped,-0.5962425798983697,-0.8458607810822437,-1.1651700861775494,Trains,-0.01780828045423823,S18_3259,"Dragon Souveniers, Ltd.",+65 221 7555,"Bronz Sok., Bronz Apt. 3/6 Tesvikiye",Singapore,79903,Singapore,Japan,Natividad,Eric,Small
-1.4198577047441394,0.6065053843033168,0.8101579745265006,-0.5836962812072303,0.6968579167641759,6/6/2003 0:00,Shipped,-0.5962425798983697,-0.29881267455413973,-1.1651700861775494,Trains,-0.01780828045423823,S18_3259,Euro Shopping Channel,(91) 555 94 44,"C/ Moralzarzal, 86",Madrid,28034,Spain,EMEA,Freyre,Diego,Medium
-1.2677981112429522,-1.344269939388035,0.701584664088949,0.8363909941573299,-0.7613573128455594,8/8/2003 0:00,Shipped,0.23455347294126402,0.24823543197396428,-1.1651700861775494,Trains,-0.01780828045423823,S18_3259,Mini Gifts Distributors Ltd.,4155551450,5677 Strong St.,San Rafael,97562,USA,EMEA,Nelson,Valarie,Small
-1.148322716349162,-0.6255632411859581,0.2519225975736091,0.5997097815965698,-0.5323966262289983,9/28/2003 0:00,Shipped,0.23455347294126402,0.5217594852380163,-1.1651700861775494,Trains,-0.01780828045423823,S18_3259,Euro Shopping Channel,(91) 555 94 44,"C/ Moralzarzal, 86",Madrid,28034,Spain,EMEA,Freyre,Diego,Small
-1.017985921919573,1.530556853420273,0.8101579745265006,-1.2937399188895102,0.9723449093035785,10/22/2003 0:00,Shipped,1.0653495257808978,0.7952835385020682,-1.1651700861775494,Trains,-0.01780828045423823,S18_3259,"Dragon Souveniers, Ltd.",+65 221 7555,"Bronz Sok., Bronz Apt. 3/6 Tesvikiye",Singapore,79903,Singapore,Japan,Natividad,Eric,Medium
-0.8876491274899839,-0.6255632411859581,0.8101579745265006,1.0730722067180898,-0.2624810610795156,11/7/2003 0:00,Shipped,1.0653495257808978,1.0688075917661204,-1.1651700861775494,Trains,-0.01780828045423823,S18_3259,CAF Imports,+34 913 728 555,"Merchants House, 27-30 Merchant's Quay",Madrid,28023,Spain,EMEA,Fernandez,Jesus,Medium
-0.8007579312035913,1.4278844679628335,-0.1481626148606564,1.0730722067180898,0.21663454324801049,11/14/2003 0:00,Shipped,1.0653495257808978,1.0688075917661204,-1.1651700861775494,Trains,-0.01780828045423823,S18_3259,Mini Creations Ltd.,5085559555,4575 Hillside Dr.,New Bedford,50553,USA,EMEA,Tam,Wing C,Medium
-0.6812825363098013,-0.009528928441320661,0.8101579745265006,-0.8203774937679902,0.005897745832786489,11/26/2003 0:00,Shipped,1.0653495257808978,1.0688075917661204,-1.1651700861775494,Trains,-0.01780828045423823,S18_3259,Super Scale Inc.,2035559545,567 North Pendale Street,New Haven,97823,USA,EMEA,Murphy,Leslie,Medium
-0.5509457418802122,1.325212082505394,0.8101579745265006,1.0730722067180898,1.118994001011359,1/2/2004 0:00,Shipped,-1.4270386327380036,-1.6664329408743999,0.2643280247651782,Trains,-0.01780828045423823,S18_3259,"Saveley & Henriot, Co.",78.32.5555,"2, rue du Commerce",Lyon,69004,France,EMEA,Saveley,Mary,Medium
-0.40974754791482404,-1.2415975539305957,-0.1481626148606564,-0.3470150686464702,-0.9223150899065946,2/18/2004 0:00,Shipped,-1.4270386327380036,-1.3929088876103477,0.2643280247651782,Trains,-0.01780828045423823,S18_3259,Petit Auto,(02) 5554 67,Rue Joseph-Bens 532,Bruxelles,B-1180,Belgium,EMEA,Dewey,Catherine,Small
-0.29027215302103404,1.325212082505394,0.6019351873859904,0.3630285690358098,0.5671946192821945,3/20/2004 0:00,Shipped,-1.4270386327380036,-1.1193848343462958,0.2643280247651782,Trains,-0.01780828045423823,S18_3259,giftsbymail.co.uk,(198) 555-8888,Garden House Crowther Way,Cowes,PO31 7PJ,UK,EMEA,Bennett,Helen,Medium
-0.11648976044824859,0.7091777697607564,0.8101579745265006,1.7831158444003699,0.8300291500101805,5/7/2004 0:00,Cancelled,-0.5962425798983697,-0.5723367278181918,0.2643280247651782,Trains,-0.01780828045423823,S18_3259,Land of Toys Inc.,2125557818,897 Long Airport Avenue,NYC,10022,USA,EMEA,Yu,Kwai,Medium
0.15504522794672865,1.2225396970479543,0.8101579745265006,2.0197970569611297,1.029954337353932,7/21/2004 0:00,Shipped,0.23455347294126402,-0.025288621290087743,0.2643280247651782,Trains,-0.01780828045423823,S18_3259,Petit Auto,(02) 5554 67,Rue Joseph-Bens 532,Bruxelles,B-1180,Belgium,EMEA,Dewey,Catherine,Medium
0.25279782376892046,0.09314345701611891,0.8101579745265006,-0.8203774937679902,0.33723476829941,8/20/2004 0:00,Shipped,0.23455347294126402,0.24823543197396428,0.2643280247651782,Trains,-0.01780828045423823,S18_3259,Mini Gifts Distributors Ltd.,4155551450,5677 Strong St.,San Rafael,97562,USA,EMEA,Nelson,Valarie,Medium
0.37227321866271046,-1.344269939388035,0.8101579745265006,-0.1103338560857102,-0.616684828905743,9/9/2004 0:00,Shipped,0.23455347294126402,0.5217594852380163,0.2643280247651782,Trains,-0.01780828045423823,S18_3259,Amica Models & Co.,011-4988555,Via Monte Bianco 34,Torino,10100,Italy,EMEA,Accorti,Paolo,Small
0.5134714126280986,0.5038329988458772,0.40164469689845256,1.0730722067180898,0.06326824327382555,10/14/2004 0:00,Shipped,1.0653495257808978,0.7952835385020682,0.2643280247651782,Trains,-0.01780828045423823,S18_3259,"AV Stores, Co.",(171) 555-1555,Fauntleroy Circus,Manchester,EC2 5NT,UK,EMEA,Ashworth,Victoria,Medium
0.6003626089144913,-1.2415975539305957,0.8101579745265006,-0.8203774937679902,-0.5822245187532742,10/22/2004 0:00,Shipped,1.0653495257808978,0.7952835385020682,0.2643280247651782,Trains,-0.01780828045423823,S18_3259,Heintze Collectables,86 21 3555,Smagsloget 45,Aaarhus,8200,Denmark,EMEA,Ibsen,Palle,Small
0.7306994033440805,-0.3175460848136394,0.8101579745265006,-0.1103338560857102,0.13781459337989105,11/9/2004 0:00,Shipped,1.0653495257808978,1.0688075917661204,0.2643280247651782,Trains,-0.01780828045423823,S18_3259,"Volvo Model Replicas, Co",0921-12 3555,BerguvsvÂgen  8,Lule,S-958 22,Sweden,EMEA,Berglund,Christina,Medium
0.8393133987020713,-1.4469423248454747,0.8101579745265006,0.1263473564750498,-0.7186810478773508,11/20/2004 0:00,Shipped,1.0653495257808978,1.0688075917661204,0.2643280247651782,Trains,-0.01780828045423823,S18_3259,"La Corne D'abondance, Co.",(1) 42.34.2555,"265, boulevard Charonne",Paris,75012,France,EMEA,Bertrand,Marie,Small
0.9913729922032586,0.6065053843033168,0.46510307012222707,-1.0570587063287502,0.14159404119995384,12/2/2004 0:00,Shipped,1.0653495257808978,1.3423316450301723,0.2643280247651782,Trains,-0.01780828045423823,S18_3259,Euro Shopping Channel,(91) 555 94 44,"C/ Moralzarzal, 86",Madrid,28034,Spain,EMEA,Freyre,Diego,Medium
1.2303237819908386,-1.0362527830157164,0.05212787562688147,-0.3470150686464702,-0.7798581443440563,1/26/2005 0:00,Shipped,-1.4270386327380036,-1.6664329408743999,1.6938261357079059,Trains,-0.01780828045423823,S18_3259,"Tokyo Collectables, Ltd",+81 3 3584 0555,2-2-8 Roppongi,Minato-ku,106-0032,Japan,Japan,Shimamura,Akiko,Small
1.3497991768846285,-0.9335803975582768,0.8101579745265006,1.3097534192788498,-0.11588627178294297,2/22/2005 0:00,Shipped,-1.4270386327380036,-1.3929088876103477,1.6938261357079059,Trains,-0.01780828045423823,S18_3259,Euro Shopping Channel,(91) 555 94 44,"C/ Moralzarzal, 86",Madrid,28034,Spain,EMEA,Freyre,Diego,Medium
1.4909973708500166,-1.138925168473156,0.3019952201954939,-0.5836962812072303,-0.7601735202812294,3/23/2005 0:00,Shipped,-1.4270386327380036,-1.1193848343462958,1.6938261357079059,Trains,-0.01780828045423823,S18_3259,Mini Gifts Distributors Ltd.,4155551450,5677 Strong St.,San Rafael,97562,USA,EMEA,Nelson,Valarie,Small
1.6865025624944003,1.325212082505394,0.8101579745265006,1.7831158444003699,1.2242972368255214,5/6/2005 0:00,On Hold,-0.5962425798983697,-0.5723367278181918,1.6938261357079059,Trains,-0.01780828045423823,S18_3259,Gifts4AllAges.com,6175559555,8616 Spinnaker Dr.,Boston,51003,USA,EMEA,Yoshido,Juri,Medium
-1.6370856954601212,-0.9335803975582768,-0.7589494571394864,0.5997097815965698,-0.9648393081234217,3/3/2003 0:00,Shipped,-1.4270386327380036,-1.1193848343462958,-1.1651700861775494,Classic Cars,-0.5155585351306223,S18_3278,Cruz & Sons Co.,+63 2 555 3587,15 McCallum Street - NatWest Center #13-03,Makati City,1227 MM,Philippines,Japan,Cruz,Arnold,Small
-1.485026101958934,-1.4469423248454747,-0.5199890204687101,1.5464346318396098,-1.0954528978015392,5/8/2003 0:00,Shipped,-0.5962425798983697,-0.5723367278181918,-1.1651700861775494,Classic Cars,-0.5155585351306223,S18_3278,Marseille Mini Autos,91.24.4555,"12, rue des Bouchers",Marseille,13008,France,EMEA,Lebihan,Laurence,Small
-1.3438279079935458,1.017194926133075,-0.28053281525712365,0.8363909941573299,-0.023832824303483133,7/2/2003 0:00,Shipped,0.23455347294126402,-0.025288621290087743,-1.1651700861775494,Classic Cars,-0.5155585351306223,S18_3278,Mini Gifts Distributors Ltd.,4155551450,5677 Strong St.,San Rafael,97562,USA,EMEA,Nelson,Valarie,Medium
-1.2134911135639566,0.09314345701611891,0.11806509155471027,0.8363909941573299,-0.24786285198237618,9/5/2003 0:00,Shipped,0.23455347294126402,0.5217594852380163,-1.1651700861775494,Classic Cars,-0.5155585351306223,S18_3278,Collectables For Less Inc.,6175558555,7825 Douglas Av.,Brickhaven,58339,USA,EMEA,Nelson,Allen,Medium
-1.0831543191343675,-1.4469423248454747,-0.12139111365687694,-0.3470150686464702,-1.0037687067182923,10/10/2003 0:00,Shipped,1.0653495257808978,0.7952835385020682,-1.1651700861775494,Classic Cars,-0.5155585351306223,S18_3278,Corporate Gift Ideas Co.,6505551386,7734 Strong St.,San Francisco,28034,USA,EMEA,Brown,Julie,Small
-0.9745403237763767,-0.3175460848136394,-0.6394692388040979,-0.3470150686464702,-0.7002671002367862,11/4/2003 0:00,Shipped,1.0653495257808978,1.0688075917661204,-1.1651700861775494,Classic Cars,-0.5155585351306223,S18_3278,"Anna's Decorations, Ltd",02 9936 8555,201 Miller Street,North Sydney,2060,Australia,APAC,O'Hara,Anna,Small
-0.8442035293467876,-0.5228908557285186,-0.0415723785863481,2.4931594820826497,-0.5806497488282479,11/12/2003 0:00,Shipped,1.0653495257808978,1.0688075917661204,-1.1651700861775494,Classic Cars,-0.5155585351306223,S18_3278,Herkku Gifts,+47 2267 3215,"Drammen 121, PR 744 Sentrum",Bergen,N 5804,Norway,EMEA,Oeztan,Veysel,Small
-0.7355895339887967,0.09314345701611891,0.5563244816314024,-0.1103338560857102,-0.07505085855467868,11/20/2003 0:00,Shipped,1.0653495257808978,1.0688075917661204,-1.1651700861775494,Classic Cars,-0.5155585351306223,S18_3278,"Toms Spezialitten, Ltd",0221-5554327,Mehrheimerstr. 369,Koln,50739,Germany,EMEA,Pfalzheim,Henriette,Medium
-0.6052527395592077,-0.21487369935619982,0.11806509155471027,1.0730722067180898,-0.38802823579194534,12/2/2003 0:00,Shipped,1.0653495257808978,1.3423316450301723,-1.1651700861775494,Classic Cars,-0.5155585351306223,S18_3278,Euro Shopping Channel,(91) 555 94 44,"C/ Moralzarzal, 86",Madrid,28034,Spain,EMEA,Freyre,Diego,Small
-0.5183615432728149,-0.009528928441320661,-0.28053281525712365,-0.3470150686464702,-0.4473916317243107,1/15/2004 0:00,Shipped,-1.4270386327380036,-1.6664329408743999,0.2643280247651782,Classic Cars,-0.5155585351306223,S18_3278,Auto Canal Petit,(1) 47.55.6555,"25, rue Lauriston",Paris,75016,France,EMEA,Perrier,Dominique,Small
-0.36630194977162767,0.1958158424735585,0.5964817334370723,1.3097534192788498,-0.0072542981617421745,2/22/2004 0:00,Shipped,-1.4270386327380036,-1.3929088876103477,0.2643280247651782,Classic Cars,-0.5155585351306223,S18_3278,"Vida Sport, Ltd",0897-034555,Grenzacherweg 237,Gensve,1203,Switzerland,EMEA,Holz,Michael,Medium
-0.22510375580623948,0.6065053843033168,-0.5199890204687101,-0.1103338560857102,-0.3007914121866174,4/9/2004 0:00,Shipped,-0.5962425798983697,-0.8458607810822437,0.2643280247651782,Classic Cars,-0.5155585351306223,S18_3278,Danish Wholesale Imports,31 12 3555,Vinb'ltet 34,Kobenhavn,1734,Denmark,EMEA,Petersen,Jytte,Small
-0.07304416230505223,-1.5496147103029143,-0.3603515503276525,-1.0570587063287502,-1.100215219264463,5/26/2004 0:00,Shipped,-0.5962425798983697,-0.5723367278181918,0.2643280247651782,Classic Cars,-0.5155585351306223,S18_3278,Auto Canal Petit,(1) 47.55.6555,"25, rue Lauriston",Paris,75016,France,EMEA,Perrier,Dominique,Small
0.06815403166033593,1.017194926133075,0.1577265748195692,-1.0570587063287502,0.192182167481139,7/2/2004 0:00,Shipped,0.23455347294126402,-0.025288621290087743,0.2643280247651782,Classic Cars,-0.5155585351306223,S18_3278,"Australian Collectables, Ltd",61-9-3844-6555,7 Allen Street,Glen Waverly,3150,Australia,APAC,Connery,Sean,Medium
0.18762942655412593,0.29848822793099805,-0.6791307220689575,-0.1103338560857102,-0.4862287162201281,8/2/2004 0:00,Shipped,0.23455347294126402,0.24823543197396428,0.2643280247651782,Classic Cars,-0.5155585351306223,S18_3278,Online Mini Collectables,6175557555,7635 Spinnaker Dr.,Brickhaven,58339,USA,EMEA,Barajas,Miguel,Small
0.3071048214479159,0.8118501552181959,-0.6394692388040979,2.0197970569611297,-0.2775988523597667,8/30/2004 0:00,Shipped,0.23455347294126402,0.24823543197396428,0.2643280247651782,Classic Cars,-0.5155585351306223,S18_3278,"Vida Sport, Ltd",0897-034555,Grenzacherweg 237,Gensve,1203,Switzerland,EMEA,Holz,Michael,Medium
0.4483030154133041,1.4278844679628335,-0.2408713319922647,0.3630285690358098,0.16687724385830474,10/4/2003 0:00,Shipped,1.0653495257808978,0.7952835385020682,-1.1651700861775494,Classic Cars,-0.5155585351306223,S18_3278,"Blauer See Auto, Co.",+49 69 66 90 2555,Lyonerstr. 34,Frankfurt,60528,Germany,EMEA,Keitel,Roland,Medium
0.556917010771295,-0.8309080121008373,-0.16105259692173587,1.5464346318396098,-0.7509040986880582,10/16/2004 0:00,Shipped,1.0653495257808978,0.7952835385020682,0.2643280247651782,Classic Cars,-0.5155585351306223,S18_3278,"Toms Spezialitten, Ltd",0221-5554327,Mehrheimerstr. 369,Koln,50739,Germany,EMEA,Pfalzheim,Henriette,Small
0.6546696065934868,1.1198673115905147,-0.4798317686630402,-1.2937399188895102,-0.08189296236686122,11/3/2004 0:00,Shipped,1.0653495257808978,1.0688075917661204,0.2643280247651782,Classic Cars,-0.5155585351306223,S18_3278,Microscale Inc.,2125551957,5290 North Pendale Street,NYC,10022,USA,EMEA,Kuo,Kee,Medium
0.7632836019514777,0.29848822793099805,-1.217535357389419,0.8363909941573299,-0.7103239067924704,11/15/2004 0:00,Shipped,1.0653495257808978,1.0688075917661204,0.2643280247651782,Classic Cars,-0.5155585351306223,S18_3278,Land of Toys Inc.,2125557818,897 Long Airport Avenue,NYC,10022,USA,EMEA,Yu,Kwai,Small
0.9044817959168658,-1.0362527830157164,-0.8387681922100152,-0.3470150686464702,-1.0238117266950906,11/24/2004 0:00,Shipped,1.0653495257808978,1.0688075917661204,0.2643280247651782,Classic Cars,-0.5155585351306223,S18_3278,"Australian Collectors, Co.",03 9520 4555,636 St Kilda Road,Melbourne,3004,Australia,APAC,Ferguson,Peter,Small
1.1325711861686467,1.1198673115905147,-1.1580431324921305,0.8363909941573299,-0.4236071756152949,1/6/2005 0:00,Shipped,-1.4270386327380036,-1.6664329408743999,1.6938261357079059,Classic Cars,-0.5155585351306223,S18_3278,Suominen Souveniers,+358 9 8045 555,"Software Engineering Center, SEC Oy",Espoo,FIN-02271,Finland,EMEA,Suominen,Kalle,Small
1.295492179205633,-1.344269939388035,0.8101579745265006,-0.5836962812072303,-0.5918360455370544,2/10/2005 0:00,Shipped,-1.4270386327380036,-1.3929088876103477,1.6938261357079059,Classic Cars,-0.5155585351306223,S18_3278,Euro Shopping Channel,(91) 555 94 44,"C/ Moralzarzal, 86",Madrid,28034,Spain,EMEA,Freyre,Diego,Small
1.425828973635222,0.5038329988458772,0.8101579745265006,0.5997097815965698,1.05222375619025,3/4/2005 0:00,Shipped,-1.4270386327380036,-1.1193848343462958,1.6938261357079059,Classic Cars,-0.5155585351306223,S18_3278,Mini Gifts Distributors Ltd.,4155551450,5677 Strong St.,San Rafael,97562,USA,EMEA,Nelson,Valarie,Medium
-1.6913926931391166,1.1198673115905147,0.8101579745265006,2.2564782695218897,0.6722263430403181,1/29/2003 0:00,Shipped,-1.4270386327380036,-1.6664329408743999,-1.1651700861775494,Vintage Cars,-0.04269579318805743,S18_3320,Baane Mini Imports,07-98 9555,Erling Skakkes gate 78,Stavern,4110,Norway,EMEA,Bergulfsen,Jonas,Medium
-1.6045014968527238,0.40116061338843767,0.8101579745265006,-0.5836962812072303,0.3393688530598767,3/25/2003 0:00,Shipped,-1.4270386327380036,-1.1193848343462958,-1.1651700861775494,Vintage Cars,-0.04269579318805743,S18_3320,Mini Wheels Co.,6505555787,5557 North Pendale Street,San Francisco,28034,USA,EMEA,Murphy,Julie,Medium
-1.4415805038157374,0.29848822793099805,-0.06536926854526304,2.2564782695218897,-0.23076845293416123,5/28/2003 0:00,Shipped,-0.5962425798983697,-0.5723367278181918,-1.1651700861775494,Vintage Cars,-0.04269579318805743,S18_3320,"Corrida Auto Replicas, Ltd",(91) 555 22 82,"C/ Araquil, 67",Madrid,28023,Spain,EMEA,Sommer,MartÂ¡n,Medium
-1.3003823098503493,-0.5228908557285186,0.8101579745265006,-0.3470150686464702,-0.24897062117101526,7/16/2003 0:00,Shipped,0.23455347294126402,-0.025288621290087743,-1.1651700861775494,Vintage Cars,-0.04269579318805743,S18_3320,Souveniers And Things Co.,+61 2 9495 8555,"Monitor Money Building, 815 Pacific Hwy",Chatswood,2067,Australia,APAC,Huxley,Adrian,Medium
-1.1917683144923585,0.7091777697607564,0.5250910635603261,-1.0570587063287502,0.2197134899634927,9/12/2003 0:00,Shipped,0.23455347294126402,0.5217594852380163,-1.1651700861775494,Vintage Cars,-0.04269579318805743,S18_3320,Signal Collectibles Ltd.,4155554312,2793 Furth Circle,Brisbane,94217,USA,EMEA,Taylor,Sue,Medium
-1.0397087209911713,0.8118501552181959,0.8101579745265006,-0.1103338560857102,0.7806248162933253,10/20/2003 0:00,Shipped,1.0653495257808978,0.7952835385020682,-1.1651700861775494,Vintage Cars,-0.04269579318805743,S18_3320,Classic Legends Inc.,2125558493,5905 Pompton St.,NYC,10022,USA,EMEA,Hernandez,Maria,Medium
-0.9310947256331803,-0.6255632411859581,0.574172149100589,-0.5836962812072303,-0.43003658110229825,11/5/2003 0:00,Shipped,1.0653495257808978,1.0688075917661204,-1.1651700861775494,Vintage Cars,-0.04269579318805743,S18_3320,Rovelli Gifts,035-640555,Via Ludovico il Moro 22,Bergamo,24100,Italy,EMEA,Rovelli,Giovanni,Small
-0.8333421298109885,-0.21487369935619982,0.13145084215660002,-1.2937399188895102,-0.3831898909533306,11/12/2003 0:00,Shipped,1.0653495257808978,1.0688075917661204,-1.1651700861775494,Vintage Cars,-0.04269579318805743,S18_3320,Mini Gifts Distributors Ltd.,4155551450,5677 Strong St.,San Rafael,97562,USA,EMEA,Nelson,Valarie,Small
-0.7138667349171985,-0.3175460848136394,-0.21261252516605225,-0.3470150686464702,-0.55065309687706,11/21/2003 0:00,Shipped,1.0653495257808978,1.0688075917661204,-1.1651700861775494,Vintage Cars,-0.04269579318805743,S18_3320,"Australian Collectables, Ltd",61-9-3844-6555,7 Allen Street,Glen Waverly,3150,Australia,APAC,Connery,Sean,Small
-0.5726685409518104,-0.7282356266433977,0.18053192769686285,1.0730722067180898,-0.6024793181337829,12/5/2003 0:00,Shipped,1.0653495257808978,1.3423316450301723,-1.1651700861775494,Vintage Cars,-0.04269579318805743,S18_3320,Canadian Gift Exchange Network,(604) 555-3392,1900 Oak St.,Vancouver,V3F 2K1,Canada,EMEA,Tannamuri,Yoshi,Small
-0.47491594512961854,0.6065053843033168,0.8101579745265006,0.3630285690358098,0.544126955001122,1/29/2004 0:00,Shipped,-1.4270386327380036,-1.6664329408743999,0.2643280247651782,Vintage Cars,-0.04269579318805743,S18_3320,West Coast Collectables Co.,3105553722,3675 Furth Circle,Burbank,94019,USA,EMEA,Thompson,Steve,Medium
-0.3445791507000295,-0.21487369935619982,0.8101579745265006,-1.2937399188895102,0.061400240328277254,3/2/2004 0:00,Shipped,-1.4270386327380036,-1.1193848343462958,0.2643280247651782,Vintage Cars,-0.04269579318805743,S18_3320,"Saveley & Henriot, Co.",78.32.5555,"2, rue du Commerce",Lyon,69004,France,EMEA,Saveley,Mary,Medium
-0.15993535859144495,0.09314345701611891,0.03328867107607364,-0.3470150686464702,-0.28129141632189686,4/29/2004 0:00,Shipped,-0.5962425798983697,-0.8458607810822437,0.2643280247651782,Vintage Cars,-0.04269579318805743,S18_3320,Euro Shopping Channel,(91) 555 94 44,"C/ Moralzarzal, 86",Madrid,28034,Spain,EMEA,Freyre,Diego,Medium
-0.018737164626056783,-0.9335803975582768,0.2791898673182002,-0.3470150686464702,-0.6691952605436841,6/14/2004 0:00,Shipped,-0.5962425798983697,-0.29881267455413973,0.2643280247651782,Vintage Cars,-0.04269579318805743,S18_3320,The Sharp Gifts Warehouse,4085553659,3086 Ingle Ln.,San Jose,94217,USA,EMEA,Frick,Sue,Small
0.23107502469732227,-0.11220131389876024,0.8101579745265006,0.1263473564750498,-0.04313190124673467,8/17/2004 0:00,Shipped,0.23455347294126402,0.24823543197396428,0.2643280247651782,Vintage Cars,-0.04269579318805743,S18_3320,Amica Models & Co.,011-4988555,Via Monte Bianco 34,Torino,10100,Italy,EMEA,Accorti,Paolo,Medium
0.33968902005531315,-0.9335803975582768,0.6232532346408525,-1.0570587063287502,-0.5712119897603326,9/7/2004 0:00,Shipped,0.23455347294126402,0.5217594852380163,0.2643280247651782,Vintage Cars,-0.04269579318805743,S18_3320,Auto-Moto Classics Inc.,6175558428,16780 Pompton St.,Brickhaven,58339,USA,EMEA,Taylor,Leslie,Small
0.49174861355650046,0.29848822793099805,0.8101579745265006,1.0730722067180898,0.21969176899900958,10/11/2004 0:00,Shipped,1.0653495257808978,0.7952835385020682,0.2643280247651782,Vintage Cars,-0.04269579318805743,S18_3320,Auto Assoc. & Cie.,30.59.8555,"67, avenue de l'Europe",Versailles,78000,France,EMEA,Tonini,Daniel,Medium
0.5786398098428932,-0.21487369935619982,0.8101579745265006,0.3630285690358098,-0.009741348595059549,10/21/2004 0:00,Shipped,1.0653495257808978,0.7952835385020682,0.2643280247651782,Vintage Cars,-0.04269579318805743,S18_3320,Mini Gifts Distributors Ltd.,4155551450,5677 Strong St.,San Rafael,97562,USA,EMEA,Nelson,Valarie,Medium
0.6981152047366831,-0.21487369935619982,0.3773520383987259,-1.0570587063287502,-0.29430770428840625,11/5/2004 0:00,Shipped,1.0653495257808978,1.0688075917661204,0.2643280247651782,Vintage Cars,-0.04269579318805743,S18_3320,"Blauer See Auto, Co.",+49 69 66 90 2555,Lyonerstr. 34,Frankfurt,60528,Germany,EMEA,Keitel,Roland,Medium
0.8067292000946741,1.1198673115905147,0.8101579745265006,-1.0570587063287502,4.2262539936972745,11/18/2004 0:00,Shipped,1.0653495257808978,1.0688075917661204,0.2643280247651782,Vintage Cars,-0.04269579318805743,S18_3320,Mini Wheels Co.,6505555787,5557 North Pendale Street,San Francisco,28034,USA,EMEA,Murphy,Julie,Large
0.9587887935958613,-0.9335803975582768,0.8101579745265006,1.3097534192788498,-0.48706497335272814,11/29/2004 0:00,Shipped,1.0653495257808978,1.0688075917661204,0.2643280247651782,Vintage Cars,-0.04269579318805743,S18_3320,"Australian Collectors, Co.",03 9520 4555,636 St Kilda Road,Melbourne,3004,Australia,APAC,Ferguson,Peter,Small
1.0674027889538522,-1.0362527830157164,0.8101579745265006,-0.8203774937679902,-0.5156769138181172,12/10/2004 0:00,Shipped,1.0653495257808978,1.3423316450301723,0.2643280247651782,Vintage Cars,-0.04269579318805743,S18_3320,Mini Gifts Distributors Ltd.,4155551450,5677 Strong St.,San Rafael,97562,USA,EMEA,Nelson,Valarie,Small
1.1977395833834412,1.017194926133075,-0.524450937336007,-0.5836962812072303,-0.14405836271754885,1/20/2005 0:00,Shipped,-1.4270386327380036,-1.6664329408743999,1.6938261357079059,Vintage Cars,-0.04269579318805743,S18_3320,Collectables For Less Inc.,6175558555,7825 Douglas Av.,Brickhaven,58339,USA,EMEA,Nelson,Allen,Medium
1.3389377773488293,1.530556853420273,0.8101579745265006,0.1263473564750498,2.922344495775619,2/17/2005 0:00,Shipped,-1.4270386327380036,-1.3929088876103477,1.6938261357079059,Vintage Cars,-0.04269579318805743,S18_3320,Mini Gifts Distributors Ltd.,4155551450,5677 Strong St.,San Rafael,97562,USA,EMEA,Nelson,Valarie,Large
1.4475517727068203,0.09314345701611891,0.8101579745265006,-1.2937399188895102,0.26177613768505337,3/10/2005 0:00,Shipped,-1.4270386327380036,-1.1193848343462958,1.6938261357079059,Vintage Cars,-0.04269579318805743,S18_3320,Mini Auto Werke,7675-3555,Kirchgasse 6,Graz,8010,Austria,EMEA,Mendel,Roland,Medium
1.7842551583165922,-1.4469423248454747,0.2791898673182002,-0.3470150686464702,-0.9116283753809,5/30/2005 0:00,In Process,-0.5962425798983697,-0.5723367278181918,1.6938261357079059,Vintage Cars,-0.04269579318805743,S18_3320,Petit Auto,(02) 5554 67,Rue Joseph-Bens 532,Bruxelles,B-1180,Belgium,EMEA,Dewey,Catherine,Small
-1.6370856954601212,-0.6255632411859581,0.8101579745265006,0.3630285690358098,0.26916126560931386,3/3/2003 0:00,Shipped,-1.4270386327380036,-1.1193848343462958,-1.1651700861775494,Classic Cars,1.1270173053014452,S18_3482,Cruz & Sons Co.,+63 2 555 3587,15 McCallum Street - NatWest Center #13-03,Makati City,1227 MM,Philippines,Japan,Cruz,Arnold,Medium
-1.485026101958934,-1.4469423248454747,0.8101579745265006,1.3097534192788498,-0.5889091455729542,5/8/2003 0:00,Shipped,-0.5962425798983697,-0.5723367278181918,-1.1651700861775494,Classic Cars,1.1270173053014452,S18_3482,Marseille Mini Autos,91.24.4555,"12, rue des Bouchers",Marseille,13008,France,EMEA,Lebihan,Laurence,Small
-1.3438279079935458,0.7091777697607564,0.8101579745265006,0.5997097815965698,1.0202396359888566,7/2/2003 0:00,Shipped,0.23455347294126402,-0.025288621290087743,-1.1651700861775494,Classic Cars,1.1270173053014452,S18_3482,Mini Gifts Distributors Ltd.,4155551450,5677 Strong St.,San Rafael,97562,USA,EMEA,Nelson,Valarie,Medium
-1.2134911135639566,0.1958158424735585,0.8101579745265006,0.5997097815965698,0.46229322131096984,9/5/2003 0:00,Shipped,0.23455347294126402,0.5217594852380163,-1.1651700861775494,Classic Cars,1.1270173053014452,S18_3482,Collectables For Less Inc.,6175558555,7825 Douglas Av.,Brickhaven,58339,USA,EMEA,Nelson,Allen,Medium
-1.0831543191343675,-1.0362527830157164,0.8101579745265006,-0.5836962812072303,0.04567426204249882,10/10/2003 0:00,Shipped,1.0653495257808978,0.7952835385020682,-1.1651700861775494,Classic Cars,1.1270173053014452,S18_3482,Corporate Gift Ideas Co.,6505551386,7734 Strong St.,San Francisco,28034,USA,EMEA,Brown,Julie,Medium
-0.9745403237763767,0.09314345701611891,0.8101579745265006,-0.5836962812072303,0.4838512785604657,11/4/2003 0:00,Shipped,1.0653495257808978,1.0688075917661204,-1.1651700861775494,Classic Cars,1.1270173053014452,S18_3482,"Anna's Decorations, Ltd",02 9936 8555,201 Miller Street,North Sydney,2060,Australia,APAC,O'Hara,Anna,Medium
-0.8442035293467876,-1.344269939388035,0.8101579745265006,2.2564782695218897,-0.08601994561865385,11/12/2003 0:00,Shipped,1.0653495257808978,1.0688075917661204,-1.1651700861775494,Classic Cars,1.1270173053014452,S18_3482,Herkku Gifts,+47 2267 3215,"Drammen 121, PR 744 Sentrum",Bergen,N 5804,Norway,EMEA,Oeztan,Veysel,Medium
-0.7355895339887967,-1.2415975539305957,0.8101579745265006,-0.3470150686464702,-0.0756481850779644,11/20/2003 0:00,Shipped,1.0653495257808978,1.0688075917661204,-1.1651700861775494,Classic Cars,1.1270173053014452,S18_3482,"Toms Spezialitten, Ltd",0221-5554327,Mehrheimerstr. 369,Koln,50739,Germany,EMEA,Pfalzheim,Henriette,Medium
-0.6052527395592077,-0.3175460848136394,0.8101579745265006,0.8363909941573299,0.8542588858911001,12/2/2003 0:00,Shipped,1.0653495257808978,1.3423316450301723,-1.1651700861775494,Classic Cars,1.1270173053014452,S18_3482,Euro Shopping Channel,(91) 555 94 44,"C/ Moralzarzal, 86",Madrid,28034,Spain,EMEA,Freyre,Diego,Medium
-0.5183615432728149,-0.7282356266433977,0.8101579745265006,-0.5836962812072303,0.10392988878622506,1/15/2004 0:00,Shipped,-1.4270386327380036,-1.6664329408743999,0.2643280247651782,Classic Cars,1.1270173053014452,S18_3482,Auto Canal Petit,(1) 47.55.6555,"25, rue Lauriston",Paris,75016,France,EMEA,Perrier,Dominique,Medium
-0.36630194977162767,-0.8309080121008373,0.8101579745265006,1.0730722067180898,0.5485580317556782,2/22/2004 0:00,Shipped,-1.4270386327380036,-1.3929088876103477,0.2643280247651782,Classic Cars,1.1270173053014452,S18_3482,"Vida Sport, Ltd",0897-034555,Grenzacherweg 237,Gensve,1203,Switzerland,EMEA,Holz,Michael,Medium
-0.22510375580623948,1.4278844679628335,0.8101579745265006,-0.3470150686464702,1.6292628986487987,4/9/2004 0:00,Shipped,-0.5962425798983697,-0.8458607810822437,0.2643280247651782,Classic Cars,1.1270173053014452,S18_3482,Danish Wholesale Imports,31 12 3555,Vinb'ltet 34,Kobenhavn,1734,Denmark,EMEA,Petersen,Jytte,Medium
-0.07304416230505223,0.6065053843033168,0.8101579745265006,-1.2937399188895102,1.7354729847301318,5/26/2004 0:00,Shipped,-0.5962425798983697,-0.5723367278181918,0.2643280247651782,Classic Cars,1.1270173053014452,S18_3482,Auto Canal Petit,(1) 47.55.6555,"25, rue Lauriston",Paris,75016,France,EMEA,Perrier,Dominique,Medium
0.06815403166033593,1.4278844679628335,0.8101579745265006,-1.2937399188895102,2.646227595266206,7/2/2004 0:00,Shipped,0.23455347294126402,-0.025288621290087743,0.2643280247651782,Classic Cars,1.1270173053014452,S18_3482,"Australian Collectables, Ltd",61-9-3844-6555,7 Allen Street,Glen Waverly,3150,Australia,APAC,Connery,Sean,Large
0.18762942655412593,-0.5228908557285186,0.8101579745265006,-0.3470150686464702,0.20130497256404897,8/2/2004 0:00,Shipped,0.23455347294126402,0.24823543197396428,0.2643280247651782,Classic Cars,1.1270173053014452,S18_3482,Online Mini Collectables,6175557555,7635 Spinnaker Dr.,Brickhaven,58339,USA,EMEA,Barajas,Miguel,Medium
0.3071048214479159,0.5038329988458772,0.8101579745265006,1.7831158444003699,1.7418643785292898,8/30/2004 0:00,Shipped,0.23455347294126402,0.24823543197396428,0.2643280247651782,Classic Cars,1.1270173053014452,S18_3482,"Vida Sport, Ltd",0897-034555,Grenzacherweg 237,Gensve,1203,Switzerland,EMEA,Holz,Michael,Medium
0.4483030154133041,-1.2415975539305957,0.8101579745265006,0.1263473564750498,0.12630791244495854,10/4/2003 0:00,Shipped,1.0653495257808978,0.7952835385020682,-1.1651700861775494,Classic Cars,1.1270173053014452,S18_3482,"Blauer See Auto, Co.",+49 69 66 90 2555,Lyonerstr. 34,Frankfurt,60528,Germany,EMEA,Keitel,Roland,Medium
0.556917010771295,1.4278844679628335,0.8101579745265006,1.3097534192788498,1.47280679147689,10/16/2004 0:00,Shipped,1.0653495257808978,0.7952835385020682,0.2643280247651782,Classic Cars,1.1270173053014452,S18_3482,"Toms Spezialitten, Ltd",0221-5554327,Mehrheimerstr. 369,Koln,50739,Germany,EMEA,Pfalzheim,Henriette,Medium
0.6655310061292858,-1.0362527830157164,0.8101579745265006,-0.3470150686464702,-0.03415028243296483,11/3/2004 0:00,Shipped,1.0653495257808978,1.0688075917661204,0.2643280247651782,Classic Cars,1.1270173053014452,S18_3482,"Volvo Model Replicas, Co",0921-12 3555,BerguvsvÂgen  8,Lule,S-958 22,Sweden,EMEA,Berglund,Christina,Medium
0.7741450014872767,0.1958158424735585,0.8101579745265006,-0.8203774937679902,0.46229322131096984,11/16/2004 0:00,Shipped,1.0653495257808978,1.0688075917661204,0.2643280247651782,Classic Cars,1.1270173053014452,S18_3482,Cruz & Sons Co.,+63 2 555 3587,15 McCallum Street - NatWest Center #13-03,Makati City,1227 MM,Philippines,Japan,Cruz,Arnold,Medium
0.9044817959168658,2.043918780707471,0.8101579745265006,0.1263473564750498,1.6260373354230557,11/24/2004 0:00,Shipped,1.0653495257808978,1.0688075917661204,0.2643280247651782,Classic Cars,1.1270173053014452,S18_3482,"Australian Collectors, Co.",03 9520 4555,636 St Kilda Road,Melbourne,3004,Australia,APAC,Ferguson,Peter,Medium
1.045679989882254,-1.2415975539305957,0.8101579745265006,0.1263473564750498,-0.20416570168346093,12/7/2004 0:00,Shipped,1.0653495257808978,1.3423316450301723,0.2643280247651782,Classic Cars,1.1270173053014452,S18_3482,Euro Shopping Channel,(91) 555 94 44,"C/ Moralzarzal, 86",Madrid,28034,Spain,EMEA,Freyre,Diego,Medium
1.1325711861686467,-1.138925168473156,0.8101579745265006,1.0730722067180898,0.31970594996153284,1/6/2005 0:00,Shipped,-1.4270386327380036,-1.6664329408743999,1.6938261357079059,Classic Cars,1.1270173053014452,S18_3482,Suominen Souveniers,+358 9 8045 555,"Software Engineering Center, SEC Oy",Espoo,FIN-02271,Finland,EMEA,Suominen,Kalle,Medium
1.295492179205633,0.8118501552181959,0.6361432167019312,0.8363909941573299,0.32319759500219397,2/10/2005 0:00,Shipped,-1.4270386327380036,-1.3929088876103477,1.6938261357079059,Classic Cars,1.1270173053014452,S18_3482,Euro Shopping Channel,(91) 555 94 44,"C/ Moralzarzal, 86",Madrid,28034,Spain,EMEA,Freyre,Diego,Medium
1.425828973635222,1.530556853420273,0.8101579745265006,-1.2937399188895102,2.0869018993436406,3/4/2005 0:00,Shipped,-1.4270386327380036,-1.1193848343462958,1.6938261357079059,Classic Cars,1.1270173053014452,S18_3482,Mini Gifts Distributors Ltd.,4155551450,5677 Strong St.,San Rafael,97562,USA,EMEA,Nelson,Valarie,Large
-1.626224295924322,1.2225396970479543,0.8101579745265006,-1.0570587063287502,1.4594918402487382,3/10/2003 0:00,Shipped,-1.4270386327380036,-1.1193848343462958,-1.1651700861775494,Classic Cars,1.0025797416323492,S18_3685,Motor Mint Distributors Inc.,2155559857,11328 Douglas Av.,Philadelphia,71270,USA,EMEA,Hernandez,Rosa,Medium
-1.4741647024231348,-0.11220131389876024,0.8101579745265006,-0.5836962812072303,0.9654919450091545,5/20/2003 0:00,Shipped,-0.5962425798983697,-0.5723367278181918,-1.1651700861775494,Classic Cars,1.0025797416323492,S18_3685,Atelier graphique,40.32.2555,"54, rue Royale",Nantes,44000,France,EMEA,Schmitt,Carine,Medium
-1.3221051089219475,-0.42021847027107895,0.8101579745265006,-0.5836962812072303,0.8527709998240065,7/10/2003 0:00,Shipped,0.23455347294126402,-0.025288621290087743,-1.1651700861775494,Classic Cars,1.0025797416323492,S18_3685,Reims Collectables,26.47.1555,59 rue de l'Abbaye,Reims,51100,France,EMEA,Henriot,Paul,Medium
-1.2026297140281577,-0.7282356266433977,0.8101579745265006,1.0730722067180898,0.046456216763891146,9/11/2003 0:00,Shipped,0.23455347294126402,0.5217594852380163,-1.1651700861775494,Classic Cars,1.0025797416323492,S18_3685,"Anna's Decorations, Ltd",02 9936 8555,201 Miller Street,North Sydney,2060,Australia,APAC,O'Hara,Anna,Medium
-1.0614315200627693,0.09314345701611891,0.8101579745265006,0.8363909941573299,1.0806782196631364,10/17/2003 0:00,Shipped,1.0653495257808978,0.7952835385020682,-1.1651700861775494,Classic Cars,1.0025797416323492,S18_3685,Heintze Collectables,86 21 3555,Smagsloget 45,Aaarhus,8200,Denmark,EMEA,Ibsen,Palle,Medium
-0.9419561251689794,1.325212082505394,0.8101579745265006,0.3630285690358098,1.0530491528406085,11/5/2003 0:00,Shipped,1.0653495257808978,1.0688075917661204,-1.1651700861775494,Classic Cars,1.0025797416323492,S18_3685,Gift Depot Inc.,2035552570,25593 South Bay Ln.,Bridgewater,97562,USA,EMEA,King,Julie,Medium
-0.8442035293467876,0.40116061338843767,0.8101579745265006,-0.5836962812072303,1.211688216943071,11/12/2003 0:00,Shipped,1.0653495257808978,1.0688075917661204,-1.1651700861775494,Classic Cars,1.0025797416323492,S18_3685,Herkku Gifts,+47 2267 3215,"Drammen 121, PR 744 Sentrum",Bergen,N 5804,Norway,EMEA,Oeztan,Veysel,Medium
-0.7247281344529977,1.017194926133075,0.8101579745265006,0.5997097815965698,0.9702271152664745,11/20/2003 0:00,Shipped,1.0653495257808978,1.0688075917661204,-1.1651700861775494,Classic Cars,1.0025797416323492,S18_3685,Online Diecast Creations Co.,6035558647,2304 Long Airport Avenue,Nashua,62005,USA,EMEA,Young,Valarie,Medium
-0.5943913400234085,-0.009528928441320661,0.8101579745265006,2.0197970569611297,1.1848302443596939,12/2/2003 0:00,Shipped,1.0653495257808978,1.3423316450301723,-1.1651700861775494,Classic Cars,1.0025797416323492,S18_3685,Muscle Machine Inc,2125557413,4092 Furth Circle,NYC,10022,USA,EMEA,Young,Jeff,Medium
-0.5075001437370158,1.017194926133075,0.8101579745265006,0.3630285690358098,1.5224826372497844,1/16/2004 0:00,Shipped,-1.4270386327380036,-1.6664329408743999,0.2643280247651782,Classic Cars,1.0025797416323492,S18_3685,Euro Shopping Channel,(91) 555 94 44,"C/ Moralzarzal, 86",Madrid,28034,Spain,EMEA,Freyre,Diego,Medium
-0.35544055023582855,1.1198673115905147,0.8101579745265006,-0.1103338560857102,2.0580673189922996,2/26/2004 0:00,Shipped,-1.4270386327380036,-1.3929088876103477,0.2643280247651782,Classic Cars,1.0025797416323492,S18_3685,Collectable Mini Designs Co.,7605558146,361 Furth Circle,San Diego,91217,USA,EMEA,Thompson,Valarie,Large
-0.20338095673464132,0.1958158424735585,0.8101579745265006,-1.2937399188895102,1.306152691480157,4/13/2004 0:00,Shipped,-0.5962425798983697,-0.8458607810822437,0.2643280247651782,Classic Cars,1.0025797416323492,S18_3685,Osaka Souveniers Co.,+81 06 6342 5555,"Dojima Avanza 4F, 1-6-20 Dojima, Kita-ku",Osaka,530-0003,Japan,Japan,Kentary,Mory,Medium
-0.06218276276925314,-0.42021847027107895,0.8101579745265006,-0.8203774937679902,0.25820303902758024,6/1/2004 0:00,Cancelled,-0.5962425798983697,-0.29881267455413973,0.2643280247651782,Classic Cars,1.0025797416323492,S18_3685,"UK Collectables, Ltd.",(171) 555-2282,Berkeley Gardens 12  Brewery,Liverpool,WX1 6LT,UK,EMEA,Devon,Elizabeth,Medium
0.07901543119613502,-0.21487369935619982,0.8101579745265006,-0.5836962812072303,0.8043549699911335,7/6/2004 0:00,Shipped,0.23455347294126402,-0.025288621290087743,0.2643280247651782,Classic Cars,1.0025797416323492,S18_3685,L'ordine Souveniers,0522-556555,Strada Provinciale 124,Reggio Emilia,42100,Italy,EMEA,Moroni,Maurizio,Medium
0.2093522256257241,-0.42021847027107895,0.8101579745265006,-0.5836962812072303,0.3056742069054377,8/6/2004 0:00,Shipped,0.23455347294126402,0.24823543197396428,0.2643280247651782,Classic Cars,1.0025797416323492,S18_3685,Signal Gift Stores,7025551838,8489 Strong St.,Las Vegas,83030,USA,EMEA,King,Sue,Medium
0.3071048214479159,-0.8309080121008373,0.8101579745265006,-1.0570587063287502,0.41088512862054705,8/30/2004 0:00,Shipped,0.23455347294126402,0.24823543197396428,0.2643280247651782,Classic Cars,1.0025797416323492,S18_3685,"Vida Sport, Ltd",0897-034555,Grenzacherweg 237,Gensve,1203,Switzerland,EMEA,Holz,Michael,Medium
0.45916441494910315,0.40116061338843767,0.8101579745265006,-0.1103338560857102,1.5708660856359324,10/5/2003 0:00,Shipped,1.0653495257808978,0.7952835385020682,-1.1651700861775494,Classic Cars,1.0025797416323492,S18_3685,"Norway Gifts By Mail, Co.",+47 2212 1555,"Drammensveien 126 A, PB 744 Sentrum",Oslo,N 0106,Norway,EMEA,Klaeboe,Jan,Medium
0.5677784103070941,-0.3175460848136394,0.8101579745265006,1.0730722067180898,0.03407526700851301,10/16/2004 0:00,Shipped,1.0653495257808978,0.7952835385020682,0.2643280247651782,Classic Cars,1.0025797416323492,S18_3685,Euro Shopping Channel,(91) 555 94 44,"C/ Moralzarzal, 86",Madrid,28034,Spain,EMEA,Freyre,Diego,Medium
0.676392405665085,-0.7282356266433977,0.8101579745265006,0.3630285690358098,0.3686432829420007,11/4/2004 0:00,Shipped,1.0653495257808978,1.0688075917661204,0.2643280247651782,Classic Cars,1.0025797416323492,S18_3685,FunGiftIdeas.com,5085552555,1785 First Street,New Bedford,50553,USA,EMEA,Benitez,Violeta,Medium
0.7850064010230758,-0.9335803975582768,-0.7807632729351588,1.3097534192788498,-0.9710515039655937,11/17/2004 0:00,Shipped,1.0653495257808978,1.0688075917661204,0.2643280247651782,Classic Cars,1.0025797416323492,S18_3685,Motor Mint Distributors Inc.,2155559857,11328 Douglas Av.,Philadelphia,71270,USA,EMEA,Hernandez,Rosa,Small
0.915343195452665,0.9145225406756355,0.0605559408206641,-1.0570587063287502,0.09819555416268132,11/24/2004 0:00,Shipped,1.0653495257808978,1.0688075917661204,0.2643280247651782,Classic Cars,1.0025797416323492,S18_3685,Reims Collectables,26.47.1555,59 rue de l'Abbaye,Reims,51100,France,EMEA,Henriot,Paul,Medium
1.176016784311843,1.1198673115905147,0.8101579745265006,-0.1103338560857102,0.6812188223363298,1/12/2005 0:00,Resolved,-1.4270386327380036,-1.6664329408743999,1.6938261357079059,Classic Cars,1.0025797416323492,S18_3685,Toys4GrownUps.com,6265557265,78934 Hillside Dr.,Pasadena,90003,USA,EMEA,Young,Julie,Medium
1.3063535787414322,-0.3175460848136394,-0.6359988590184231,-0.5836962812072303,-0.6990507262257316,2/10/2005 0:00,Shipped,-1.4270386327380036,-1.3929088876103477,1.6938261357079059,Classic Cars,1.0025797416323492,S18_3685,Euro Shopping Channel,(91) 555 94 44,"C/ Moralzarzal, 86",Madrid,28034,Spain,EMEA,Freyre,Diego,Small
1.5996113662080076,3.0706426352818665,0.8101579745265006,-1.2937399188895102,3.7550176692359996,4/15/2005 0:00,Disputed,-0.5962425798983697,-0.8458607810822437,1.6938261357079059,Classic Cars,1.0025797416323492,S18_3685,Danish Wholesale Imports,31 12 3555,Vinb'ltet 34,Kobenhavn,1734,Denmark,EMEA,Petersen,Jytte,Large
1.7408095601733957,0.8118501552181959,0.8101579745265006,-0.8203774937679902,1.1051903280823367,5/17/2005 0:00,Shipped,-0.5962425798983697,-0.5723367278181918,1.6938261357079059,Classic Cars,1.0025797416323492,S18_3685,Salzburg Collectables,6562-9555,Geislweg 14,Salzburg,5020,Austria,EMEA,Pipps,Georg,Medium
-1.6370856954601212,0.8118501552181959,-0.7877040325065091,1.3097534192788498,-0.34741546244963295,3/3/2003 0:00,Shipped,-1.4270386327380036,-1.1193848343462958,-1.1651700861775494,Motorcycles,-0.9635337643393681,S18_3782,Cruz & Sons Co.,+63 2 555 3587,15 McCallum Street - NatWest Center #13-03,Makati City,1227 MM,Philippines,Japan,Cruz,Arnold,Small
-1.485026101958934,-0.009528928441320661,-1.68157471158827,2.2564782695218897,-0.9844967809806446,5/8/2003 0:00,Shipped,-0.5962425798983697,-0.5723367278181918,-1.1651700861775494,Motorcycles,-0.9635337643393681,S18_3782,Marseille Mini Autos,91.24.4555,"12, rue des Bouchers",Marseille,13008,France,EMEA,Lebihan,Laurence,Small
-1.3438279079935458,1.017194926133075,-1.6508370620580044,1.5464346318396098,-0.6992462149060797,7/2/2003 0:00,Shipped,0.23455347294126402,-0.025288621290087743,-1.1651700861775494,Motorcycles,-0.9635337643393681,S18_3782,Mini Gifts Distributors Ltd.,4155551450,5677 Strong St.,San Rafael,97562,USA,EMEA,Nelson,Valarie,Small
-1.2243525130997557,1.2225396970479543,-0.8189374505775854,-1.0570587063287502,-0.21629143010616225,9/3/2003 0:00,Shipped,0.23455347294126402,0.5217594852380163,-1.1651700861775494,Motorcycles,-0.9635337643393681,S18_3782,Gift Ideas Corp.,2035554407,2440 Pompton St.,Glendale,97561,USA,EMEA,Lewis,Dan,Medium
-1.0831543191343675,-1.4469423248454747,-0.9418880486986487,0.3630285690358098,-1.1924967368709958,10/10/2003 0:00,Shipped,1.0653495257808978,0.7952835385020682,-1.1651700861775494,Motorcycles,-0.9635337643393681,S18_3782,Corporate Gift Ideas Co.,6505551386,7734 Strong St.,San Francisco,28034,USA,EMEA,Brown,Julie,Small
-0.9745403237763767,0.29848822793099805,-0.7569663829762431,0.3630285690358098,-0.5186255347467005,11/4/2003 0:00,Shipped,1.0653495257808978,1.0688075917661204,-1.1651700861775494,Motorcycles,-0.9635337643393681,S18_3782,"Anna's Decorations, Ltd",02 9936 8555,201 Miller Street,North Sydney,2060,Australia,APAC,O'Hara,Anna,Small
-0.8550649288825867,-1.4469423248454747,-1.6508370620580044,-0.8203774937679902,-1.3555668777280143,11/11/2003 0:00,Shipped,1.0653495257808978,1.0688075917661204,-1.1651700861775494,Motorcycles,-0.9635337643393681,S18_3782,Daedalus Designs Imports,20.16.1555,"184, chausse de Tournai",Lille,59000,France,EMEA,Rance,Martine,Small
-0.7355895339887967,0.8118501552181959,-0.5413070677235722,0.5997097815965698,-0.23136577945744696,11/20/2003 0:00,Shipped,1.0653495257808978,1.0688075917661204,-1.1651700861775494,Motorcycles,-0.9635337643393681,S18_3782,"Toms Spezialitten, Ltd",0221-5554327,Mehrheimerstr. 369,Koln,50739,Germany,EMEA,Pfalzheim,Henriette,Medium
-0.5183615432728149,1.1198673115905147,-1.4659153963355986,0.3630285690358098,-0.578727443471492,1/15/2004 0:00,Shipped,-1.4270386327380036,-1.6664329408743999,0.2643280247651782,Motorcycles,-0.9635337643393681,S18_3782,Auto Canal Petit,(1) 47.55.6555,"25, rue Lauriston",Paris,75016,France,EMEA,Perrier,Dominique,Small
-0.37716334930742673,0.29848822793099805,-1.250256081082928,-1.2937399188895102,-0.7239429515233865,2/21/2004 0:00,Shipped,-1.4270386327380036,-1.3929088876103477,0.2643280247651782,Motorcycles,-0.9635337643393681,S18_3782,Daedalus Designs Imports,20.16.1555,"184, chausse de Tournai",Lille,59000,France,EMEA,Rance,Martine,Small
-0.23596515534203857,-0.9335803975582768,-1.558624113467207,-1.2937399188895102,-1.1925727602466865,4/5/2004 0:00,Shipped,-0.5962425798983697,-0.8458607810822437,0.2643280247651782,Motorcycles,-0.9635337643393681,S18_3782,Vitachrome Inc.,2125551500,2678 Kingston Rd.,NYC,10022,USA,EMEA,Frick,Michael,Small
-0.07304416230505223,-0.42021847027107895,-1.527886463936941,-0.3470150686464702,-1.040352241148986,5/26/2004 0:00,Shipped,-0.5962425798983697,-0.5723367278181918,0.2643280247651782,Motorcycles,-0.9635337643393681,S18_3782,Auto Canal Petit,(1) 47.55.6555,"25, rue Lauriston",Paris,75016,France,EMEA,Perrier,Dominique,Small
0.05729263212453684,1.325212082505394,-1.435177746805333,-0.8203774937679902,-0.5038226974514548,6/30/2004 0:00,Shipped,-0.5962425798983697,-0.29881267455413973,0.2643280247651782,Motorcycles,-0.9635337643393681,S18_3782,Gifts4AllAges.com,6175559555,8616 Spinnaker Dr.,Boston,51003,USA,EMEA,Yoshido,Juri,Small
0.18762942655412593,-0.21487369935619982,-1.6508370620580044,0.5997097815965698,-1.027406546317047,8/2/2004 0:00,Shipped,0.23455347294126402,0.24823543197396428,0.2643280247651782,Motorcycles,-0.9635337643393681,S18_3782,Online Mini Collectables,6175557555,7635 Spinnaker Dr.,Brickhaven,58339,USA,EMEA,Barajas,Miguel,Small
0.29624342191211683,0.29848822793099805,-1.3117313801434591,-1.2937399188895102,-0.749530247684501,8/28/2004 0:00,Shipped,0.23455347294126402,0.24823543197396428,0.2643280247651782,Motorcycles,-0.9635337643393681,S18_3782,"La Corne D'abondance, Co.",(1) 42.34.2555,"265, boulevard Charonne",Paris,75012,France,EMEA,Bertrand,Marie,Small
0.43744161587750496,0.40116061338843767,-1.3737024477448014,-0.8203774937679902,-0.7449416939374419,9/30/2004 0:00,Shipped,0.23455347294126402,0.5217594852380163,0.2643280247651782,Motorcycles,-0.9635337643393681,S18_3782,"Toys of Finland, Co.",90-224 8555,Keskuskatu 45,Helsinki,21240,Finland,EMEA,Karttunen,Matti,Small
0.556917010771295,0.7091777697607564,-0.8189374505775854,2.2564782695218897,-0.3985846245307414,10/16/2004 0:00,Shipped,1.0653495257808978,0.7952835385020682,0.2643280247651782,Motorcycles,-0.9635337643393681,S18_3782,"Toms Spezialitten, Ltd",0221-5554327,Mehrheimerstr. 369,Koln,50739,Germany,EMEA,Pfalzheim,Henriette,Small
0.6546696065934868,0.9145225406756355,-1.219518431552662,-0.5836962812072303,-0.5187232790868747,11/3/2004 0:00,Shipped,1.0653495257808978,1.0688075917661204,0.2643280247651782,Motorcycles,-0.9635337643393681,S18_3782,Microscale Inc.,2125551957,5290 North Pendale Street,NYC,10022,USA,EMEA,Kuo,Kee,Small
0.7741450014872767,-0.6255632411859581,-0.6954910839157118,-1.0570587063287502,-0.8333351589014962,11/16/2004 0:00,Shipped,1.0653495257808978,1.0688075917661204,0.2643280247651782,Motorcycles,-0.9635337643393681,S18_3782,Cruz & Sons Co.,+63 2 555 3587,15 McCallum Street - NatWest Center #13-03,Makati City,1227 MM,Philippines,Japan,Cruz,Arnold,Small
0.9044817959168658,-0.9335803975582768,-1.3737024477448014,0.3630285690358098,-1.1399102818573636,11/24/2004 0:00,Shipped,1.0653495257808978,1.0688075917661204,0.2643280247651782,Motorcycles,-0.9635337643393681,S18_3782,"Australian Collectors, Co.",03 9520 4555,636 St Kilda Road,Melbourne,3004,Australia,APAC,Ferguson,Peter,Small
1.045679989882254,-0.42021847027107895,-1.4966530458658647,-1.2937399188895102,-1.0297469802401031,12/7/2004 0:00,Shipped,1.0653495257808978,1.3423316450301723,0.2643280247651782,Motorcycles,-0.9635337643393681,S18_3782,Euro Shopping Channel,(91) 555 94 44,"C/ Moralzarzal, 86",Madrid,28034,Spain,EMEA,Freyre,Diego,Small
1.1325711861686467,-0.3175460848136394,0.2707618021244176,1.3097534192788498,-0.381229573908729,1/6/2005 0:00,Shipped,-1.4270386327380036,-1.6664329408743999,1.6938261357079059,Motorcycles,-0.9635337643393681,S18_3782,Suominen Souveniers,+358 9 8045 555,"Software Engineering Center, SEC Oy",Espoo,FIN-02271,Finland,EMEA,Suominen,Kalle,Small
1.295492179205633,-0.7282356266433977,0.8101579745265006,0.5997097815965698,0.5732982103019514,2/10/2005 0:00,Shipped,-1.4270386327380036,-1.3929088876103477,1.6938261357079059,Motorcycles,-0.9635337643393681,S18_3782,Euro Shopping Channel,(91) 555 94 44,"C/ Moralzarzal, 86",Madrid,28034,Spain,EMEA,Freyre,Diego,Medium
1.425828973635222,0.09314345701611891,0.8101579745265006,-1.0570587063287502,0.8286933106944686,3/4/2005 0:00,Shipped,-1.4270386327380036,-1.1193848343462958,1.6938261357079059,Motorcycles,-0.9635337643393681,S18_3782,Mini Gifts Distributors Ltd.,4155551450,5677 Strong St.,San Rafael,97562,USA,EMEA,Nelson,Valarie,Medium
1.5670271676006102,0.09314345701611891,-1.558624113467207,-1.2937399188895102,-0.9090055689195633,4/8/2005 0:00,Shipped,-0.5962425798983697,-0.8458607810822437,1.6938261357079059,Motorcycles,-0.9635337643393681,S18_3782,"UK Collectables, Ltd.",(171) 555-2282,Berkeley Gardens 12  Brewery,Liverpool,WX1 6LT,UK,EMEA,Devon,Elizabeth,Small
-1.6588084945317194,0.6065053843033168,0.8101579745265006,2.4931594820826497,0.6630166540994755,2/17/2003 0:00,Shipped,-1.4270386327380036,-1.3929088876103477,-1.1651700861775494,Vintage Cars,0.1066292832148578,S18_3856,Rovelli Gifts,035-640555,Via Ludovico il Moro 22,Bergamo,24100,Italy,EMEA,Rovelli,Giovanni,Medium
-1.517610300566331,-0.8309080121008373,0.786361084567585,0.3630285690358098,-0.4707199475791809,4/28/2003 0:00,Shipped,-0.5962425798983697,-0.8458607810822437,-1.1651700861775494,Vintage Cars,0.1066292832148578,S18_3856,Salzburg Collectables,6562-9555,Geislweg 14,Salzburg,5020,Austria,EMEA,Pipps,Georg,Small
-1.3981349056725412,-0.21487369935619982,0.8101579745265006,-1.2937399188895102,-0.07066865397020926,6/16/2003 0:00,Shipped,-0.5962425798983697,-0.29881267455413973,-1.1651700861775494,Vintage Cars,0.1066292832148578,S18_3856,Auto-Moto Classics Inc.,6175558428,16780 Pompton St.,Brickhaven,58339,USA,EMEA,Taylor,Leslie,Medium
-1.256936711707153,-0.11220131389876024,0.8101579745265006,1.3097534192788498,-0.053286452142592866,8/10/2003 0:00,Shipped,0.23455347294126402,0.24823543197396428,-1.1651700861775494,Vintage Cars,0.1066292832148578,S18_3856,Mini Creations Ltd.,5085559555,4575 Hillside Dr.,New Bedford,50553,USA,EMEA,Tam,Wing C,Medium
-1.126599917277564,-0.6255632411859581,0.8101579745265006,0.8363909941573299,0.03751260963796661,10/6/2003 0:00,Shipped,1.0653495257808978,0.7952835385020682,-1.1651700861775494,Vintage Cars,0.1066292832148578,S18_3856,"Toys of Finland, Co.",90-224 8555,Keskuskatu 45,Helsinki,21240,Finland,EMEA,Karttunen,Matti,Medium
-0.9962631228479749,-0.11220131389876024,0.8101579745265006,-0.1103338560857102,0.02481127565646263,10/23/2003 0:00,Cancelled,1.0653495257808978,0.7952835385020682,-1.1651700861775494,Vintage Cars,0.1066292832148578,S18_3856,Scandinavian Gift Ideas,0695-34 6555,?kergatan 24,Boras,S-844 67,Sweden,EMEA,Larsson,Maria,Medium
-0.8767877279541849,1.325212082505394,0.8101579745265006,0.5997097815965698,0.9951845034575787,11/8/2003 0:00,Shipped,1.0653495257808978,1.0688075917661204,-1.1651700861775494,Vintage Cars,0.1066292832148578,S18_3856,Alpha Cognac,61.77.6555,1 rue Alsace-Lorraine,Toulouse,31000,France,EMEA,Roulet,Annette,Medium
-0.7898965316677922,1.1198673115905147,0.8101579745265006,-0.1103338560857102,0.741168684309739,11/14/2003 0:00,Shipped,1.0653495257808978,1.0688075917661204,-1.1651700861775494,Vintage Cars,0.1066292832148578,S18_3856,"Double Decker Gift Stores, Ltd",(171) 555-7555,120 Hanover Sq.,London,WA1 1DP,UK,EMEA,Hardy,Thomas,Medium
-0.6704211367740022,-1.344269939388035,0.8101579745265006,-0.8203774937679902,-0.5512178419536211,11/26/2003 0:00,Shipped,1.0653495257808978,1.0688075917661204,-1.1651700861775494,Vintage Cars,0.1066292832148578,S18_3856,Enaco Distributors,(93) 203 4555,"Rambla de CataluÂ¤a, 23",Barcelona,8022,Spain,EMEA,Saavedra,Eduardo,Small
-0.540084342344413,-1.5496147103029143,0.8101579745265006,-0.3470150686464702,-0.5730474112591563,1/9/2004 0:00,Shipped,-1.4270386327380036,-1.6664329408743999,0.2643280247651782,Vintage Cars,0.1066292832148578,S18_3856,"Men 'R' US Retailers, Ltd.",2155554369,6047 Douglas Av.,Los Angeles,28034,USA,EMEA,Chandler,Michael,Small
-0.3988861483790249,1.017194926133075,0.10368780387119857,0.5997097815965698,0.1655468347837138,2/19/2004 0:00,Shipped,-1.4270386327380036,-1.3929088876103477,0.2643280247651782,Vintage Cars,0.1066292832148578,S18_3856,Collectable Mini Designs Co.,7605558146,361 Furth Circle,San Diego,91217,USA,EMEA,Thompson,Valarie,Medium
-0.1056283609124495,1.1198673115905147,0.8101579745265006,-0.3470150686464702,1.1113590819955423,5/8/2004 0:00,Shipped,-0.5962425798983697,-0.5723367278181918,0.2643280247651782,Vintage Cars,0.1066292832148578,S18_3856,Cambridge Collectables Co.,6175555555,4658 Baden Av.,Cambridge,51247,USA,EMEA,Tseng,Kyung,Medium
0.03556983305293866,-0.11220131389876024,0.8101579745265006,1.7831158444003699,0.2984302652503173,6/24/2004 0:00,Cancelled,-0.5962425798983697,-0.29881267455413973,0.2643280247651782,Vintage Cars,0.1066292832148578,S18_3856,Euro Shopping Channel,(91) 555 94 44,"C/ Moralzarzal, 86",Madrid,28034,Spain,EMEA,Freyre,Diego,Medium
0.15504522794672865,1.530556853420273,0.10368780387119857,-1.2937399188895102,0.3983684228371494,7/21/2004 0:00,Shipped,0.23455347294126402,-0.025288621290087743,0.2643280247651782,Vintage Cars,0.1066292832148578,S18_3856,Petit Auto,(02) 5554 67,Rue Joseph-Bens 532,Bruxelles,B-1180,Belgium,EMEA,Dewey,Catherine,Medium
0.2636592233047195,1.1198673115905147,0.8101579745265006,-0.8203774937679902,1.2172705048152324,8/20/2004 0:00,Shipped,0.23455347294126402,0.24823543197396428,0.2643280247651782,Vintage Cars,0.1066292832148578,S18_3856,"Royal Canadian Collectables, Ltd.",(604) 555-4555,23 Tsawassen Blvd.,Tsawassen,T2F 8M4,Canada,EMEA,Lincoln,Elizabeth,Medium
0.4048574172701077,-1.344269939388035,0.05163210708607118,1.3097534192788498,-0.9179763272510916,9/15/2004 0:00,Shipped,0.23455347294126402,0.5217594852380163,0.2643280247651782,Vintage Cars,0.1066292832148578,S18_3856,"Bavarian Collectables Imports, Co.",+49 89 61 08 9555,Hansastr. 15,Munich,80686,Germany,EMEA,Donnermeyer,Michael,Small
0.5243328121638977,1.325212082505394,0.15623926919713693,-0.1103338560857102,0.33286885443830305,10/14/2004 0:00,Shipped,1.0653495257808978,0.7952835385020682,0.2643280247651782,Vintage Cars,0.1066292832148578,S18_3856,"Classic Gift Ideas, Inc",2155554695,782 First Street,Philadelphia,71270,USA,EMEA,Cervantes,Francisca,Medium
0.6220854079860895,1.2225396970479543,0.15623926919713693,1.7831158444003699,0.28572893126881327,11/1/2004 0:00,Shipped,1.0653495257808978,1.0688075917661204,0.2643280247651782,Vintage Cars,0.1066292832148578,S18_3856,giftsbymail.co.uk,(198) 555-8888,Garden House Crowther Way,Cowes,PO31 7PJ,UK,EMEA,Bennett,Helen,Medium
0.7524222024156786,-0.11220131389876024,0.8101579745265006,-0.1103338560857102,0.14205018145409942,11/12/2004 0:00,Shipped,1.0653495257808978,1.0688075917661204,0.2643280247651782,Vintage Cars,0.1066292832148578,S18_3856,Rovelli Gifts,035-640555,Via Ludovico il Moro 22,Bergamo,24100,Italy,EMEA,Rovelli,Giovanni,Medium
0.8610361977736695,1.017194926133075,0.8101579745265006,-1.0570587063287502,1.0711481464961676,11/22/2004 0:00,Shipped,1.0653495257808978,1.0688075917661204,0.2643280247651782,Vintage Cars,0.1066292832148578,S18_3856,Royale Belge,(071) 23 67 2555,"Boulevard Tirou, 255",Charleroi,B-6000,Belgium,EMEA,Cartrain,Pascale,Medium
1.0022343917390577,-1.5496147103029143,0.8101579745265006,-1.0570587063287502,-0.09735828907884223,12/3/2004 0:00,Shipped,1.0653495257808978,1.3423316450301723,0.2643280247651782,Vintage Cars,0.1066292832148578,S18_3856,"Stylish Desk Decors, Co.",(171) 555-0297,35 King George,London,WX3 6FW,UK,EMEA,Brown,Ann,Medium
1.2411851815266377,1.530556853420273,-1.1486235302167263,-0.1103338560857102,-0.28747103071734437,1/31/2005 0:00,Shipped,-1.4270386327380036,-1.6664329408743999,1.6938261357079059,Vintage Cars,0.1066292832148578,S18_3856,"Oulu Toy Supplies, Inc.",981-443655,Torikatu 38,Oulu,90110,Finland,EMEA,Koskitalo,Pirkko,Medium
1.3823833754920258,-1.344269939388035,-1.2943794812150835,-0.1103338560857102,-1.2423246293952714,3/1/2005 0:00,Resolved,-1.4270386327380036,-1.1193848343462958,1.6938261357079059,Vintage Cars,0.1066292832148578,S18_3856,Euro Shopping Channel,(91) 555 94 44,"C/ Moralzarzal, 86",Madrid,28034,Spain,EMEA,Freyre,Diego,Small
1.5127201699216148,1.017194926133075,0.8101579745265006,2.4931594820826497,0.6831031160052405,3/30/2005 0:00,Shipped,-1.4270386327380036,-1.1193848343462958,1.6938261357079059,Vintage Cars,0.1066292832148578,S18_3856,Reims Collectables,26.47.1555,59 rue de l'Abbaye,Reims,51100,France,EMEA,Henriot,Paul,Medium
1.534442968993213,2.3519359370797894,0.8101579745265006,-0.1103338560857102,2.038257799383695,4/1/2005 0:00,Shipped,-0.5962425798983697,-0.8458607810822437,1.6938261357079059,Vintage Cars,0.1066292832148578,S18_3856,The Sharp Gifts Warehouse,4085553659,3086 Ingle Ln.,San Jose,94217,USA,EMEA,Frick,Sue,Large
1.6973639620301995,1.6332292388777125,0.8101579745265006,-0.3470150686464702,1.4419250102230152,5/9/2005 0:00,Disputed,-0.5962425798983697,-0.5723367278181918,1.6938261357079059,Vintage Cars,0.1066292832148578,S18_3856,"Australian Collectables, Ltd",61-9-3844-6555,7 Allen Street,Glen Waverly,3150,Australia,APAC,Connery,Sean,Medium
-1.6805312936033174,0.29848822793099805,0.8101579745265006,-0.8203774937679902,0.9745170057518905,1/31/2003 0:00,Shipped,-1.4270386327380036,-1.6664329408743999,-1.1651700861775494,Classic Cars,1.0523547670999878,S18_4027,Euro Shopping Channel,(91) 555 94 44,"C/ Moralzarzal, 86",Madrid,28034,Spain,EMEA,Freyre,Diego,Medium
-1.5393330996379293,-1.344269939388035,0.8101579745265006,1.3097534192788498,-0.41992547213540626,4/16/2003 0:00,Shipped,-0.5962425798983697,-0.8458607810822437,-1.1651700861775494,Classic Cars,1.0523547670999878,S18_4027,"Dragon Souveniers, Ltd.",+65 221 7555,"Bronz Sok., Bronz Apt. 3/6 Tesvikiye",Singapore,79903,Singapore,Japan,Natividad,Eric,Small
-1.4307191042799385,-1.0362527830157164,0.8101579745265006,-0.3470150686464702,-0.05804334336439613,6/3/2003 0:00,Shipped,-0.5962425798983697,-0.29881267455413973,-1.1651700861775494,Classic Cars,1.0523547670999878,S18_4027,Muscle Machine Inc,2125557413,4092 Furth Circle,NYC,10022,USA,EMEA,Young,Jeff,Medium
-1.2677981112429522,-1.138925168473156,0.8101579745265006,2.0197970569611297,0.1290393237287109,8/8/2003 0:00,Shipped,0.23455347294126402,0.24823543197396428,-1.1651700861775494,Classic Cars,1.0523547670999878,S18_4027,Mini Gifts Distributors Ltd.,4155551450,5677 Strong St.,San Rafael,97562,USA,EMEA,Nelson,Valarie,Medium
-1.1591841158849612,-0.009528928441320661,0.8101579745265006,-1.2937399188895102,0.5268479277548006,9/25/2003 0:00,Shipped,0.23455347294126402,0.5217594852380163,-1.1651700861775494,Classic Cars,1.0523547670999878,S18_4027,"Australian Gift Network, Co",61-7-3844-6555,31 Duncan St. West End,South Brisbane,4101,Australia,APAC,Calaghan,Tony,Medium
-1.017985921919573,-0.7282356266433977,0.8101579745265006,-0.1103338560857102,-0.11745018122572763,10/22/2003 0:00,Shipped,1.0653495257808978,0.7952835385020682,-1.1651700861775494,Classic Cars,1.0523547670999878,S18_4027,"Dragon Souveniers, Ltd.",+65 221 7555,"Bronz Sok., Bronz Apt. 3/6 Tesvikiye",Singapore,79903,Singapore,Japan,Natividad,Eric,Medium
-0.898510527025783,0.09314345701611891,0.8101579745265006,-0.3470150686464702,1.0742270932116498,11/6/2003 0:00,Shipped,1.0653495257808978,1.0688075917661204,-1.1651700861775494,Classic Cars,1.0523547670999878,S18_4027,L'ordine Souveniers,0522-556555,Strada Provinciale 124,Reggio Emilia,42100,Italy,EMEA,Moroni,Maurizio,Medium
-0.8007579312035913,0.40116061338843767,0.8101579745265006,2.2564782695218897,0.8378975693941904,11/14/2003 0:00,Shipped,1.0653495257808978,1.0688075917661204,-1.1651700861775494,Classic Cars,1.0523547670999878,S18_4027,Mini Creations Ltd.,5085559555,4575 Hillside Dr.,New Bedford,50553,USA,EMEA,Tam,Wing C,Medium
-0.6812825363098013,-0.8309080121008373,0.8101579745265006,0.3630285690358098,0.5338963807295727,11/26/2003 0:00,Shipped,1.0653495257808978,1.0688075917661204,-1.1651700861775494,Classic Cars,1.0523547670999878,S18_4027,Super Scale Inc.,2035559545,567 North Pendale Street,New Haven,97823,USA,EMEA,Murphy,Leslie,Medium
-0.5618071414160113,0.5038329988458772,0.8101579745265006,-1.2937399188895102,1.408013154423745,12/9/2003 0:00,Shipped,1.0653495257808978,1.3423316450301723,-1.1651700861775494,Classic Cars,1.0523547670999878,S18_4027,Diecast Collectables,6175552555,6251 Ingle Ln.,Boston,51003,USA,EMEA,Franco,Valarie,Medium
-0.4206089474506231,1.530556853420273,0.8101579745265006,-0.3470150686464702,2.5544456598427847,2/12/2004 0:00,Shipped,-1.4270386327380036,-1.3929088876103477,0.2643280247651782,Classic Cars,1.0523547670999878,S18_4027,"Clover Collections, Co.",+353 1862 1555,25 Maiden Lane,Dublin,2,Ireland,EMEA,Cassidy,Dean,Large
-0.3119949520926322,0.7091777697607564,0.8101579745265006,-0.8203774937679902,2.000713112274623,3/15/2004 0:00,Shipped,-1.4270386327380036,-1.1193848343462958,0.2643280247651782,Classic Cars,1.0523547670999878,S18_4027,"Blauer See Auto, Co.",+49 69 66 90 2555,Lyonerstr. 34,Frankfurt,60528,Germany,EMEA,Keitel,Roland,Large
-0.12735115998404767,1.325212082505394,0.8101579745265006,-0.3470150686464702,1.738823443501653,5/5/2004 0:00,Shipped,-0.5962425798983697,-0.5723367278181918,0.2643280247651782,Classic Cars,1.0523547670999878,S18_4027,Suominen Souveniers,+358 9 8045 555,"Software Engineering Center, SEC Oy",Espoo,FIN-02271,Finland,EMEA,Suominen,Kalle,Medium
0.14418382841092955,-1.0362527830157164,0.8101579745265006,-0.3470150686464702,0.09780457680198529,7/20/2004 0:00,Shipped,0.23455347294126402,-0.025288621290087743,0.2643280247651782,Classic Cars,1.0523547670999878,S18_4027,Diecast Classics Inc.,2155551555,7586 Pompton St.,Allentown,70267,USA,EMEA,Yu,Kyung,Medium
0.25279782376892046,-0.42021847027107895,0.8101579745265006,0.3630285690358098,0.6086816614449527,8/20/2004 0:00,Shipped,0.23455347294126402,0.24823543197396428,0.2643280247651782,Classic Cars,1.0523547670999878,S18_4027,Mini Gifts Distributors Ltd.,4155551450,5677 Strong St.,San Rafael,97562,USA,EMEA,Nelson,Valarie,Medium
0.36141181912691134,0.9145225406756355,0.8101579745265006,-1.0570587063287502,1.9477574008647782,9/8/2004 0:00,Shipped,0.23455347294126402,0.5217594852380163,0.2643280247651782,Classic Cars,1.0523547670999878,S18_4027,Land of Toys Inc.,2125557818,897 Long Airport Avenue,NYC,10022,USA,EMEA,Yu,Kwai,Large
0.5134714126280986,-1.2415975539305957,0.8101579745265006,2.2564782695218897,0.025392311456386166,10/14/2004 0:00,Shipped,1.0653495257808978,0.7952835385020682,0.2643280247651782,Classic Cars,1.0523547670999878,S18_4027,"AV Stores, Co.",(171) 555-1555,Fauntleroy Circus,Manchester,EC2 5NT,UK,EMEA,Ashworth,Victoria,Medium
0.6003626089144913,-0.6255632411859581,0.8101579745265006,0.3630285690358098,0.3545137955457313,10/22/2004 0:00,Shipped,1.0653495257808978,0.7952835385020682,0.2643280247651782,Classic Cars,1.0523547670999878,S18_4027,Heintze Collectables,86 21 3555,Smagsloget 45,Aaarhus,8200,Denmark,EMEA,Ibsen,Palle,Medium
0.7089766042724822,1.4278844679628335,0.8101579745265006,1.5464346318396098,0.9914647882898444,11/5/2004 0:00,Shipped,1.0653495257808978,1.0688075917661204,0.2643280247651782,Classic Cars,1.0523547670999878,S18_4027,Vitachrome Inc.,2125551500,2678 Kingston Rd.,NYC,10022,USA,EMEA,Frick,Michael,Medium
0.8501747982378703,0.09314345701611891,0.8101579745265006,-0.8203774937679902,1.154181963474012,11/21/2004 0:00,Shipped,1.0653495257808978,1.0688075917661204,0.2643280247651782,Classic Cars,1.0523547670999878,S18_4027,Classic Legends Inc.,2125558493,5905 Pompton St.,NYC,10022,USA,EMEA,Hernandez,Maria,Medium
0.9805115926674595,-0.11220131389876024,0.8101579745265006,-0.3470150686464702,0.4566566310276003,12/1/2004 0:00,Shipped,1.0653495257808978,1.3423316450301723,0.2643280247651782,Classic Cars,1.0523547670999878,S18_4027,Muscle Machine Inc,2125557413,4092 Furth Circle,NYC,10022,USA,EMEA,Young,Jeff,Medium
1.0782641884896513,-1.0362527830157164,0.8101579745265006,1.5464346318396098,-0.5569467463360439,12/10/2004 0:00,Shipped,1.0653495257808978,1.3423316450301723,0.2643280247651782,Classic Cars,1.0523547670999878,S18_4027,Euro Shopping Channel,(91) 555 94 44,"C/ Moralzarzal, 86",Madrid,28034,Spain,EMEA,Freyre,Diego,Small
1.2303237819908386,1.325212082505394,0.8101579745265006,-0.1103338560857102,1.8884374468613794,1/26/2005 0:00,Shipped,-1.4270386327380036,-1.6664329408743999,1.6938261357079059,Classic Cars,1.0523547670999878,S18_4027,"Tokyo Collectables, Ltd",+81 3 3584 0555,2-2-8 Roppongi,Minato-ku,106-0032,Japan,Japan,Shimamura,Akiko,Large
1.3497991768846285,0.29848822793099805,0.8101579745265006,-1.2937399188895102,0.9703900225000975,2/22/2005 0:00,Shipped,-1.4270386327380036,-1.3929088876103477,1.6938261357079059,Classic Cars,1.0523547670999878,S18_4027,Euro Shopping Channel,(91) 555 94 44,"C/ Moralzarzal, 86",Madrid,28034,Spain,EMEA,Freyre,Diego,Medium
1.4692745717784186,0.1958158424735585,0.8101579745265006,-1.2937399188895102,1.5327892348970242,3/15/2005 0:00,Shipped,-1.4270386327380036,-1.1193848343462958,1.6938261357079059,Classic Cars,1.0523547670999878,S18_4027,Euro Shopping Channel,(91) 555 94 44,"C/ Moralzarzal, 86",Madrid,28034,Spain,EMEA,Freyre,Diego,Medium
1.6756411629586012,1.4278844679628335,0.8101579745265006,-0.3470150686464702,1.8152540872766292,5/5/2005 0:00,Shipped,-0.5962425798983697,-0.5723367278181918,1.6938261357079059,Classic Cars,1.0523547670999878,S18_4027,Gift Depot Inc.,2035552570,25593 South Bay Ln.,Bridgewater,97562,USA,EMEA,King,Julie,Medium
-1.723976891746514,-1.344269939388035,0.14136621297281493,-0.5836962812072303,-0.8963531071081463,1/6/2003 0:00,Shipped,-1.4270386327380036,-1.6664329408743999,-1.1651700861775494,Vintage Cars,-0.21690838232479187,S18_4409,Online Diecast Creations Co.,6035558647,2304 Long Airport Avenue,Nashua,62005,USA,EMEA,Young,Valarie,Small
-1.615362896388523,-0.7282356266433977,0.27819833023657825,0.3630285690358098,-0.5725261081115613,3/18/2003 0:00,Shipped,-1.4270386327380036,-1.1193848343462958,-1.1651700861775494,Vintage Cars,-0.21690838232479187,S18_4409,"AV Stores, Co.",(171) 555-1555,Fauntleroy Circus,Manchester,EC2 5NT,UK,EMEA,Ashworth,Victoria,Small
-1.4633033028873357,0.09314345701611891,0.09575550721822691,0.1263473564750498,-0.2566598425980397,5/21/2003 0:00,Shipped,-0.5962425798983697,-0.5723367278181918,-1.1651700861775494,Vintage Cars,-0.21690838232479187,S18_4409,Signal Gift Stores,7025551838,8489 Strong St.,Las Vegas,83030,USA,EMEA,King,Sue,Medium
-1.2026297140281577,-0.11220131389876024,0.8101579745265006,-1.2937399188895102,0.024072762864036507,9/11/2003 0:00,Shipped,0.23455347294126402,0.5217594852380163,-1.1651700861775494,Vintage Cars,-0.21690838232479187,S18_4409,"Anna's Decorations, Ltd",02 9936 8555,201 Miller Street,North Sydney,2060,Australia,APAC,O'Hara,Anna,Medium
-1.0505701205269704,0.40116061338843767,0.8101579745265006,0.8363909941573299,0.19451174092195353,10/18/2003 0:00,Shipped,1.0653495257808978,0.7952835385020682,-1.1651700861775494,Vintage Cars,-0.21690838232479187,S18_4409,Corporate Gift Ideas Co.,6505551386,7734 Strong St.,San Francisco,28034,USA,EMEA,Brown,Julie,Medium
-0.9310947256331803,-1.4469423248454747,-0.4064580246230515,1.7831158444003699,-1.0693388682517089,11/5/2003 0:00,Shipped,1.0653495257808978,1.0688075917661204,-1.1651700861775494,Vintage Cars,-0.21690838232479187,S18_4409,Rovelli Gifts,035-640555,Via Ludovico il Moro 22,Bergamo,24100,Italy,EMEA,Rovelli,Giovanni,Small
-0.8333421298109885,0.09314345701611891,0.8101579745265006,1.0730722067180898,0.21114456947490198,11/12/2003 0:00,Shipped,1.0653495257808978,1.0688075917661204,-1.1651700861775494,Vintage Cars,-0.21690838232479187,S18_4409,Mini Gifts Distributors Ltd.,4155551450,5677 Strong St.,San Rafael,97562,USA,EMEA,Nelson,Valarie,Medium
-0.7138667349171985,-1.138925168473156,0.6886946820278697,2.0197970569611297,-0.6585194065002309,11/21/2003 0:00,Shipped,1.0653495257808978,1.0688075917661204,-1.1651700861775494,Vintage Cars,-0.21690838232479187,S18_4409,"Australian Collectables, Ltd",61-9-3844-6555,7 Allen Street,Glen Waverly,3150,Australia,APAC,Connery,Sean,Small
-0.5943913400234085,-0.6255632411859581,0.09575550721822691,-0.3470150686464702,-0.582001878867322,12/2/2003 0:00,Shipped,1.0653495257808978,1.3423316450301723,-1.1651700861775494,Vintage Cars,-0.21690838232479187,S18_4409,Muscle Machine Inc,2125557413,4092 Furth Circle,NYC,10022,USA,EMEA,Young,Jeff,Small
-0.49663874420121673,0.29848822793099805,0.5518625647641063,-1.2937399188895102,0.026136254489932943,1/22/2004 0:00,Shipped,-1.4270386327380036,-1.6664329408743999,0.2643280247651782,Vintage Cars,-0.21690838232479187,S18_4409,"Double Decker Gift Stores, Ltd",(171) 555-7555,120 Hanover Sq.,London,WA1 1DP,UK,EMEA,Hardy,Thomas,Medium
-0.3445791507000295,-0.11220131389876024,0.8101579745265006,1.0730722067180898,0.007086968638237304,3/2/2004 0:00,Shipped,-1.4270386327380036,-1.1193848343462958,0.2643280247651782,Vintage Cars,-0.21690838232479187,S18_4409,"Saveley & Henriot, Co.",78.32.5555,"2, rue du Commerce",Lyon,69004,France,EMEA,Saveley,Mary,Medium
-0.19251955719884223,0.7091777697607564,0.3238090359911662,-0.8203774937679902,0.12711701837195488,4/13/2004 0:00,Shipped,-0.5962425798983697,-0.8458607810822437,0.2643280247651782,Vintage Cars,-0.21690838232479187,S18_4409,Mini Caravy,88.60.1555,"24, place Kluber",Strasbourg,67000,France,EMEA,Citeaux,Frederique,Medium
0.23107502469732227,-0.009528928441320661,0.8101579745265006,2.4931594820826497,0.08154100464524976,8/17/2004 0:00,Shipped,0.23455347294126402,0.24823543197396428,0.2643280247651782,Vintage Cars,-0.21690838232479187,S18_4409,Amica Models & Co.,011-4988555,Via Monte Bianco 34,Torino,10100,Italy,EMEA,Accorti,Paolo,Medium
0.317966220983715,-0.009528928441320661,-0.13229802155471312,-0.1103338560857102,-0.3905641583953496,9/1/2004 0:00,Shipped,0.23455347294126402,0.5217594852380163,0.2643280247651782,Vintage Cars,-0.21690838232479187,S18_4409,Handji Gifts& Co,+65 224 1555,Village Close - 106 Linden Road Sandown,Singapore,69045,Singapore,APAC,Victorino,Wendy,Small
0.47002581448490227,0.29848822793099805,0.27819833023657825,-1.0570587063287502,-0.08776848325954485,10/6/2003 0:00,Shipped,1.0653495257808978,0.7952835385020682,-1.1651700861775494,Vintage Cars,-0.21690838232479187,S18_4409,"UK Collectables, Ltd.",(171) 555-2282,Berkeley Gardens 12  Brewery,Liverpool,WX1 6LT,UK,EMEA,Devon,Elizabeth,Medium
0.5677784103070941,0.6065053843033168,-0.08668731580012512,-1.2937399188895102,-0.10620415186459256,10/16/2004 0:00,Shipped,1.0653495257808978,0.7952835385020682,0.2643280247651782,Vintage Cars,-0.21690838232479187,S18_4409,Euro Shopping Channel,(91) 555 94 44,"C/ Moralzarzal, 86",Madrid,28034,Spain,EMEA,Freyre,Diego,Medium
0.795867800558875,1.530556853420273,0.8101579745265006,-1.0570587063287502,2.0396588015928563,11/17/2004 0:00,Shipped,1.0653495257808978,1.0688075917661204,0.2643280247651782,Vintage Cars,-0.21690838232479187,S18_4409,"AV Stores, Co.",(171) 555-1555,Fauntleroy Circus,Manchester,EC2 5NT,UK,EMEA,Ashworth,Victoria,Large
0.926204594988464,-1.4469423248454747,0.8101579745265006,-0.5836962812072303,-0.7335056061370796,11/25/2004 0:00,Shipped,1.0653495257808978,1.0688075917661204,0.2643280247651782,Vintage Cars,-0.21690838232479187,S18_4409,Marseille Mini Autos,91.24.4555,"12, rue des Bouchers",Marseille,13008,France,EMEA,Lebihan,Laurence,Small
1.176016784311843,0.8118501552181959,-1.0380671456159318,0.3630285690358098,-0.4653331483873672,1/12/2005 0:00,Resolved,-1.4270386327380036,-1.6664329408743999,1.6938261357079059,Vintage Cars,-0.21690838232479187,S18_4409,Toys4GrownUps.com,6265557265,78934 Hillside Dr.,Pasadena,90003,USA,EMEA,Young,Julie,Small
1.3172149782772313,-0.3175460848136394,0.8101579745265006,-1.2937399188895102,-0.09625051989020315,2/16/2005 0:00,Shipped,-1.4270386327380036,-1.3929088876103477,1.6938261357079059,Vintage Cars,-0.21690838232479187,S18_4409,Euro Shopping Channel,(91) 555 94 44,"C/ Moralzarzal, 86",Madrid,28034,Spain,EMEA,Freyre,Diego,Medium
1.6104727657438067,-2.9870281067070685,0.3238090359911662,-0.8203774937679902,-1.6359953896873267,4/22/2005 0:00,On Hold,-0.5962425798983697,-0.8458607810822437,1.6938261357079059,Vintage Cars,-0.21690838232479187,S18_4409,The Sharp Gifts Warehouse,4085553659,3086 Ingle Ln.,San Jose,94217,USA,EMEA,Frick,Sue,Small
1.7516709597091948,3.1733150207393064,0.46064115325493027,-0.1103338560857102,1.4014425626676015,5/29/2005 0:00,In Process,-0.5962425798983697,-0.5723367278181918,1.6938261357079059,Vintage Cars,-0.21690838232479187,S18_4409,Souveniers And Things Co.,+61 2 9495 8555,"Monitor Money Building, 815 Pacific Hwy",Chatswood,2067,Australia,APAC,Huxley,Adrian,Medium
-1.6696698940675183,0.6065053843033168,-0.05743697189229139,0.8363909941573299,-0.0930683985934261,2/11/2003 0:00,Shipped,-1.4270386327380036,-1.3929088876103477,-1.1651700861775494,Vintage Cars,-0.3413459459938879,S18_4522,Danish Wholesale Imports,31 12 3555,Vinb'ltet 34,Kobenhavn,1734,Denmark,EMEA,Petersen,Jytte,Medium
-1.5393330996379293,-1.2415975539305957,0.6822496909973302,-0.5836962812072303,-0.7131150507285514,4/16/2003 0:00,Shipped,-0.5962425798983697,-0.8458607810822437,-1.1651700861775494,Vintage Cars,-0.3413459459938879,S18_4522,"Dragon Souveniers, Ltd.",+65 221 7555,"Bronz Sok., Bronz Apt. 3/6 Tesvikiye",Singapore,79903,Singapore,Japan,Natividad,Eric,Small
-1.4198577047441394,0.8118501552181959,0.42147543853088165,-1.2937399188895102,0.22209193557439433,6/6/2003 0:00,Shipped,-0.5962425798983697,-0.29881267455413973,-1.1651700861775494,Vintage Cars,-0.3413459459938879,S18_4522,Euro Shopping Channel,(91) 555 94 44,"C/ Moralzarzal, 86",Madrid,28034,Spain,EMEA,Freyre,Diego,Medium
-1.2677981112429522,-1.138925168473156,-0.666240740007878,0.1263473564750498,-1.0146997820944221,8/8/2003 0:00,Shipped,0.23455347294126402,0.24823543197396428,-1.1651700861775494,Vintage Cars,-0.3413459459938879,S18_4522,Mini Gifts Distributors Ltd.,4155551450,5677 Strong St.,San Rafael,97562,USA,EMEA,Nelson,Valarie,Small
-1.148322716349162,-1.344269939388035,-0.013809340300946642,-0.1103338560857102,-0.9337457474658363,9/28/2003 0:00,Shipped,0.23455347294126402,0.5217594852380163,-1.1651700861775494,Vintage Cars,-0.3413459459938879,S18_4522,Euro Shopping Channel,(91) 555 94 44,"C/ Moralzarzal, 86",Madrid,28034,Spain,EMEA,Freyre,Diego,Small
-1.007124522383774,-0.9335803975582768,-0.4922259821833087,-1.2937399188895102,-0.8888810953259532,10/21/2003 0:00,Shipped,1.0653495257808978,0.7952835385020682,-1.1651700861775494,Vintage Cars,-0.3413459459938879,S18_4522,FunGiftIdeas.com,5085552555,1785 First Street,New Bedford,50553,USA,EMEA,Benitez,Violeta,Small
-0.8876491274899839,-0.009528928441320661,-0.4490941191327749,0.3630285690358098,-0.5120115010615908,11/7/2003 0:00,Shipped,1.0653495257808978,1.0688075917661204,-1.1651700861775494,Vintage Cars,-0.3413459459938879,S18_4522,CAF Imports,+34 913 728 555,"Merchants House, 27-30 Merchant's Quay",Madrid,28023,Spain,EMEA,Fernandez,Jesus,Small
-0.8007579312035913,1.2225396970479543,-0.31821122435874,0.3630285690358098,0.04148211589725689,11/14/2003 0:00,Shipped,1.0653495257808978,1.0688075917661204,-1.1651700861775494,Vintage Cars,-0.3413459459938879,S18_4522,Mini Creations Ltd.,5085559555,4575 Hillside Dr.,New Bedford,50553,USA,EMEA,Tam,Wing C,Medium
-0.6704211367740022,1.530556853420273,0.8101579745265006,1.7831158444003699,0.8344167848357705,11/26/2003 0:00,Shipped,1.0653495257808978,1.0688075917661204,-1.1651700861775494,Vintage Cars,-0.3413459459938879,S18_4522,Enaco Distributors,(93) 203 4555,"Rambla de CataluÂ¤a, 23",Barcelona,8022,Spain,EMEA,Saavedra,Eduardo,Medium
-0.5509457418802122,1.017194926133075,0.2038330491149675,0.3630285690358098,0.2149077265716026,1/2/2004 0:00,Shipped,-1.4270386327380036,-1.6664329408743999,0.2643280247651782,Vintage Cars,-0.3413459459938879,S18_4522,"Saveley & Henriot, Co.",78.32.5555,"2, rue du Commerce",Lyon,69004,France,EMEA,Saveley,Mary,Medium
-0.40974754791482404,0.40116061338843767,0.2910883122976577,-1.0570587063287502,-0.033786456277872544,2/18/2004 0:00,Shipped,-1.4270386327380036,-1.3929088876103477,0.2643280247651782,Vintage Cars,-0.3413459459938879,S18_4522,Petit Auto,(02) 5554 67,Rue Joseph-Bens 532,Bruxelles,B-1180,Belgium,EMEA,Dewey,Catherine,Medium
-0.29027215302103404,-1.2415975539305957,0.2910883122976577,-0.3470150686464702,-0.8116576363473431,3/20/2004 0:00,Shipped,-1.4270386327380036,-1.1193848343462958,0.2643280247651782,Vintage Cars,-0.3413459459938879,S18_4522,giftsbymail.co.uk,(198) 555-8888,Garden House Crowther Way,Cowes,PO31 7PJ,UK,EMEA,Bennett,Helen,Small
-0.11648976044824859,0.7091777697607564,-0.4054664875414295,1.0730722067180898,-0.2083741385520653,5/7/2004 0:00,Cancelled,-0.5962425798983697,-0.5723367278181918,0.2643280247651782,Vintage Cars,-0.3413459459938879,S18_4522,Land of Toys Inc.,2125557818,897 Long Airport Avenue,NYC,10022,USA,EMEA,Yu,Kwai,Medium
0.024708433517139576,-1.5496147103029143,0.2910883122976577,0.5997097815965698,-0.9575084826103689,6/17/2004 0:00,Shipped,-0.5962425798983697,-0.29881267455413973,0.2643280247651782,Vintage Cars,-0.3413459459938879,S18_4522,Quebec Home Shopping Network,(514) 555-8054,43 rue St. Laurent,Montreal,H1J 1C3,Canada,EMEA,Fresnisre,Jean,Small
0.15504522794672865,-0.21487369935619982,-0.6231088769573436,1.3097534192788498,-0.655929181485619,7/21/2004 0:00,Shipped,0.23455347294126402,-0.025288621290087743,0.2643280247651782,Vintage Cars,-0.3413459459938879,S18_4522,Petit Auto,(02) 5554 67,Rue Joseph-Bens 532,Bruxelles,B-1180,Belgium,EMEA,Dewey,Catherine,Small
0.2636592233047195,-0.11220131389876024,0.8101579745265006,1.7831158444003699,0.014656724760604431,8/20/2004 0:00,Shipped,0.23455347294126402,0.24823543197396428,0.2643280247651782,Vintage Cars,-0.3413459459938879,S18_4522,"Royal Canadian Collectables, Ltd.",(604) 555-4555,23 Tsawassen Blvd.,Tsawassen,T2F 8M4,Canada,EMEA,Lincoln,Elizabeth,Medium
0.37227321866271046,1.4278844679628335,0.8101579745265006,-0.8203774937679902,0.7559823820872268,9/9/2004 0:00,Shipped,0.23455347294126402,0.5217594852380163,0.2643280247651782,Vintage Cars,-0.3413459459938879,S18_4522,Amica Models & Co.,011-4988555,Via Monte Bianco 34,Torino,10100,Italy,EMEA,Accorti,Paolo,Medium
0.5134714126280986,0.40116061338843767,0.33422017534819215,0.3630285690358098,-0.015361648155066633,10/14/2004 0:00,Shipped,1.0653495257808978,0.7952835385020682,0.2643280247651782,Vintage Cars,-0.3413459459938879,S18_4522,"AV Stores, Co.",(171) 555-1555,Fauntleroy Circus,Manchester,EC2 5NT,UK,EMEA,Ashworth,Victoria,Medium
0.6112240084502905,0.09314345701611891,0.8101579745265006,0.1263473564750498,0.02621227786562379,10/29/2004 0:00,Shipped,1.0653495257808978,0.7952835385020682,0.2643280247651782,Vintage Cars,-0.3413459459938879,S18_4522,La Rochelle Gifts,40.67.8555,"67, rue des Cinquante Otages",Nantes,44000,France,EMEA,Labrune,Janine,Medium
0.7306994033440805,1.530556853420273,0.11657778593227801,-0.3470150686464702,0.40542773629416323,11/9/2004 0:00,Shipped,1.0653495257808978,1.0688075917661204,0.2643280247651782,Vintage Cars,-0.3413459459938879,S18_4522,"Volvo Model Replicas, Co",0921-12 3555,BerguvsvÂgen  8,Lule,S-958 22,Sweden,EMEA,Berglund,Christina,Medium
0.8501747982378703,-0.6255632411859581,0.8101579745265006,-1.0570587063287502,0.5127781730108597,11/21/2004 0:00,Shipped,1.0653495257808978,1.0688075917661204,0.2643280247651782,Vintage Cars,-0.3413459459938879,S18_4522,Classic Legends Inc.,2125558493,5905 Pompton St.,NYC,10022,USA,EMEA,Hernandez,Maria,Medium
0.9913729922032586,-0.5228908557285186,0.8101579745265006,-0.8203774937679902,-0.2882312644742536,12/2/2004 0:00,Shipped,1.0653495257808978,1.3423316450301723,0.2643280247651782,Vintage Cars,-0.3413459459938879,S18_4522,Euro Shopping Channel,(91) 555 94 44,"C/ Moralzarzal, 86",Madrid,28034,Spain,EMEA,Freyre,Diego,Medium
1.2303237819908386,0.6065053843033168,0.16020541752362275,0.1263473564750498,0.004670511339490127,1/26/2005 0:00,Shipped,-1.4270386327380036,-1.6664329408743999,1.6938261357079059,Vintage Cars,-0.3413459459938879,S18_4522,"Tokyo Collectables, Ltd",+81 3 3584 0555,2-2-8 Roppongi,Minato-ku,106-0032,Japan,Japan,Shimamura,Akiko,Medium
1.3497991768846285,-0.7282356266433977,-1.2433153215115775,0.1263473564750498,-1.0391575881024144,2/22/2005 0:00,Shipped,-1.4270386327380036,-1.3929088876103477,1.6938261357079059,Vintage Cars,-0.3413459459938879,S18_4522,Euro Shopping Channel,(91) 555 94 44,"C/ Moralzarzal, 86",Madrid,28034,Spain,EMEA,Freyre,Diego,Small
1.4909973708500166,1.017194926133075,0.8101579745265006,-0.3470150686464702,0.6437610190851902,3/23/2005 0:00,Shipped,-1.4270386327380036,-1.1193848343462958,1.6938261357079059,Vintage Cars,-0.3413459459938879,S18_4522,Mini Gifts Distributors Ltd.,4155551450,5677 Strong St.,San Rafael,97562,USA,EMEA,Nelson,Valarie,Medium
1.6865025624944003,-1.9603042521326726,-0.4054664875414295,1.0730722067180898,-1.274048098022867,5/6/2005 0:00,On Hold,-0.5962425798983697,-0.5723367278181918,1.6938261357079059,Vintage Cars,-0.3413459459938879,S18_4522,Gifts4AllAges.com,6175559555,8616 Spinnaker Dr.,Boston,51003,USA,EMEA,Yoshido,Juri,Small
-1.6913926931391166,0.09314345701611891,0.8101579745265006,-0.3470150686464702,0.36616709299092487,1/29/2003 0:00,Shipped,-1.4270386327380036,-1.6664329408743999,-1.1651700861775494,Trucks and Buses,0.5048294869559651,S18_4600,Baane Mini Imports,07-98 9555,Erling Skakkes gate 78,Stavern,4110,Norway,EMEA,Bergulfsen,Jonas,Medium
-1.5719172982453267,0.6065053843033168,0.8101579745265006,0.5997097815965698,0.685058002808721,4/1/2003 0:00,Shipped,-0.5962425798983697,-0.8458607810822437,-1.1651700861775494,Trucks and Buses,0.5048294869559651,S18_4600,"La Corne D'abondance, Co.",(1) 42.34.2555,"265, boulevard Charonne",Paris,75012,France,EMEA,Bertrand,Marie,Medium
-1.4415805038157374,1.530556853420273,0.8101579745265006,-0.3470150686464702,1.9163923281511537,5/28/2003 0:00,Shipped,-0.5962425798983697,-0.5723367278181918,-1.1651700861775494,Trucks and Buses,0.5048294869559651,S18_4600,"Corrida Auto Replicas, Ltd",(91) 555 22 82,"C/ Araquil, 67",Madrid,28023,Spain,EMEA,Sommer,MartÂ¡n,Large
-1.2895209103145502,0.5038329988458772,0.8101579745265006,-0.3470150686464702,0.5687150867960129,7/24/2003 0:00,Shipped,0.23455347294126402,-0.025288621290087743,-1.1651700861775494,Trucks and Buses,0.5048294869559651,S18_4600,Technics Stores Inc.,6505556809,9408 Furth Circle,Burlingame,94217,USA,EMEA,Hirano,Juri,Medium
-1.1809069149565594,1.4278844679628335,0.8101579745265006,-1.0570587063287502,1.5819003355933574,9/19/2003 0:00,Shipped,0.23455347294126402,0.5217594852380163,-1.1651700861775494,Trucks and Buses,0.5048294869559651,S18_4600,"Dragon Souveniers, Ltd.",+65 221 7555,"Bronz Sok., Bronz Apt. 3/6 Tesvikiye",Singapore,79903,Singapore,Japan,Natividad,Eric,Medium
-1.0288473214553722,1.017194926133075,0.8101579745265006,-0.8203774937679902,0.7920880552992918,10/21/2003 0:00,Resolved,1.0653495257808978,0.7952835385020682,-1.1651700861775494,Trucks and Buses,0.5048294869559651,S18_4600,Mini Auto Werke,7675-3555,Kirchgasse 6,Graz,8010,Austria,EMEA,Mendel,Roland,Medium
-0.9093719265615822,1.2225396970479543,0.8101579745265006,0.8363909941573299,0.8512994044802752,11/6/2003 0:00,Shipped,1.0653495257808978,1.0688075917661204,-1.1651700861775494,Trucks and Buses,0.5048294869559651,S18_4600,"Stylish Desk Decors, Co.",(171) 555-0297,35 King George,London,WX3 6FW,UK,EMEA,Brown,Ann,Medium
-0.8224807302751894,-1.4469423248454747,0.8101579745265006,-1.0570587063287502,-0.604303879150365,11/13/2003 0:00,Shipped,1.0653495257808978,1.0688075917661204,-1.1651700861775494,Trucks and Buses,0.5048294869559651,S18_4600,"Classic Gift Ideas, Inc",2155554695,782 First Street,Philadelphia,71270,USA,EMEA,Cervantes,Francisca,Small
-0.7030053353813994,-0.3175460848136394,0.8101579745265006,-0.3470150686464702,0.38456474990812706,11/25/2003 0:00,Shipped,1.0653495257808978,1.0688075917661204,-1.1651700861775494,Trucks and Buses,0.5048294869559651,S18_4600,"Saveley & Henriot, Co.",78.32.5555,"2, rue du Commerce",Lyon,69004,France,EMEA,Saveley,Mary,Medium
-0.5618071414160113,1.2225396970479543,0.8101579745265006,2.2564782695218897,1.6856179410002523,12/9/2003 0:00,Shipped,1.0653495257808978,1.3423316450301723,-1.1651700861775494,Trucks and Buses,0.5048294869559651,S18_4600,Diecast Collectables,6175552555,6251 Ingle Ln.,Boston,51003,USA,EMEA,Franco,Valarie,Medium
-0.45319314605802036,0.29848822793099805,0.8101579745265006,-0.3470150686464702,0.5186917055913891,2/4/2004 0:00,Shipped,-1.4270386327380036,-1.3929088876103477,0.2643280247651782,Trucks and Buses,0.5048294869559651,S18_4600,Handji Gifts& Co,+65 224 1555,Village Close - 106 Linden Road Sandown,Singapore,69045,Singapore,APAC,Victorino,Wendy,Medium
-0.3228563516284313,0.6065053843033168,0.8101579745265006,0.8363909941573299,0.6311791504083433,3/11/2004 0:00,Shipped,-1.4270386327380036,-1.1193848343462958,0.2643280247651782,Trucks and Buses,0.5048294869559651,S18_4600,Mini Gifts Distributors Ltd.,4155551450,5677 Strong St.,San Rafael,97562,USA,EMEA,Nelson,Valarie,Medium
-0.14907395905564585,-1.4469423248454747,0.8101579745265006,-0.8203774937679902,-0.6319003645261682,5/4/2004 0:00,Shipped,-0.5962425798983697,-0.5723367278181918,0.2643280247651782,Trucks and Buses,0.5048294869559651,S18_4600,Super Scale Inc.,2035559545,567 North Pendale Street,New Haven,97823,USA,EMEA,Murphy,Leslie,Small
0.0029856344455413955,0.6065053843033168,0.8101579745265006,1.5464346318396098,0.6042397242081546,6/15/2004 0:00,Shipped,-0.5962425798983697,-0.29881267455413973,0.2643280247651782,Trucks and Buses,0.5048294869559651,S18_4600,Handji Gifts& Co,+65 224 1555,Village Close - 106 Linden Road Sandown,Singapore,69045,Singapore,APAC,Victorino,Wendy,Medium
0.12246102933933138,0.29848822793099805,0.8101579745265006,-0.8203774937679902,0.9932947795475471,7/19/2004 0:00,Shipped,0.23455347294126402,-0.025288621290087743,0.2643280247651782,Trucks and Buses,0.5048294869559651,S18_4600,Souveniers And Things Co.,+61 2 9495 8555,"Monitor Money Building, 815 Pacific Hwy",Chatswood,2067,Australia,APAC,Huxley,Adrian,Medium
0.24193642423312137,-1.0362527830157164,0.7749584081289386,0.8363909941573299,-0.5819258554916312,8/19/2004 0:00,Shipped,0.23455347294126402,0.24823543197396428,0.2643280247651782,Trucks and Buses,0.5048294869559651,S18_4600,Diecast Classics Inc.,2155551555,7586 Pompton St.,Allentown,70267,USA,EMEA,Yu,Kyung,Small
0.35055041959111227,1.325212082505394,0.8101579745265006,-0.3470150686464702,0.9420115824029025,9/8/2004 0:00,Shipped,0.23455347294126402,0.5217594852380163,0.2643280247651782,Trucks and Buses,0.5048294869559651,S18_4600,Scandinavian Gift Ideas,0695-34 6555,?kergatan 24,Boras,S-844 67,Sweden,EMEA,Larsson,Maria,Medium
0.5026100130922995,-1.344269939388035,0.7749584081289386,1.7831158444003699,-0.7436764477563003,10/13/2004 0:00,Shipped,1.0653495257808978,0.7952835385020682,0.2643280247651782,Trucks and Buses,0.5048294869559651,S18_4600,Marta's Replicas Co.,6175558555,39323 Spinnaker Dr.,Cambridge,51247,USA,EMEA,Hernandez,Marta,Small
0.5895012093786922,-0.7282356266433977,0.8101579745265006,0.3630285690358098,-0.3649822924753557,10/22/2004 0:00,Shipped,1.0653495257808978,0.7952835385020682,0.2643280247651782,Trucks and Buses,0.5048294869559651,S18_4600,Canadian Gift Exchange Network,(604) 555-3392,1900 Oak St.,Vancouver,V3F 2K1,Canada,EMEA,Tannamuri,Yoshi,Small
0.6981152047366831,1.2225396970479543,0.8101579745265006,-1.2937399188895102,1.4385636909692527,11/5/2004 0:00,Shipped,1.0653495257808978,1.0688075917661204,0.2643280247651782,Trucks and Buses,0.5048294869559651,S18_4600,"Blauer See Auto, Co.",+49 69 66 90 2555,Lyonerstr. 34,Frankfurt,60528,Germany,EMEA,Keitel,Roland,Medium
0.8175905996304731,1.4278844679628335,0.8101579745265006,-0.5836962812072303,1.7428798336188756,11/19/2004 0:00,On Hold,1.0653495257808978,1.0688075917661204,0.2643280247651782,Trucks and Buses,0.5048294869559651,S18_4600,"Volvo Model Replicas, Co",0921-12 3555,BerguvsvÂgen  8,Lule,S-958 22,Sweden,EMEA,Berglund,Christina,Medium
0.9587887935958613,1.017194926133075,0.8101579745265006,-0.5836962812072303,1.2656593834425014,11/29/2004 0:00,Shipped,1.0653495257808978,1.0688075917661204,0.2643280247651782,Trucks and Buses,0.5048294869559651,S18_4600,"Australian Collectors, Co.",03 9520 4555,636 St Kilda Road,Melbourne,3004,Australia,APAC,Ferguson,Peter,Medium
1.0674027889538522,-0.7282356266433977,0.8101579745265006,-1.0570587063287502,0.003122892620067922,12/10/2004 0:00,Shipped,1.0653495257808978,1.3423316450301723,0.2643280247651782,Trucks and Buses,0.5048294869559651,S18_4600,Mini Gifts Distributors Ltd.,4155551450,5677 Strong St.,San Rafael,97562,USA,EMEA,Nelson,Valarie,Medium
1.2086009829192403,-0.6255632411859581,-1.2953710182967049,-0.1103338560857102,-1.023882319829661,1/20/2005 0:00,Shipped,-1.4270386327380036,-1.6664329408743999,1.6938261357079059,Trucks and Buses,0.5048294869559651,S18_4600,"Anna's Decorations, Ltd",02 9936 8555,201 Miller Street,North Sydney,2060,Australia,APAC,O'Hara,Anna,Small
1.3389377773488293,0.40116061338843767,0.8101579745265006,-1.2937399188895102,0.7258662648313818,2/17/2005 0:00,Shipped,-1.4270386327380036,-1.3929088876103477,1.6938261357079059,Trucks and Buses,0.5048294869559651,S18_4600,Mini Gifts Distributors Ltd.,4155551450,5677 Strong St.,San Rafael,97562,USA,EMEA,Nelson,Valarie,Medium
1.653918363887003,1.1198673115905147,0.8101579745265006,-0.8203774937679902,0.9132747463917356,5/1/2005 0:00,Shipped,-0.5962425798983697,-0.5723367278181918,1.6938261357079059,Trucks and Buses,0.5048294869559651,S18_4600,Quebec Home Shopping Network,(514) 555-8054,43 rue St. Laurent,Montreal,H1J 1C3,Canada,EMEA,Fresnisre,Jean,Medium
1.8059779573881902,0.29848822793099805,0.8101579745265006,1.5464346318396098,0.4188187108980062,5/31/2005 0:00,In Process,-0.5962425798983697,-0.5723367278181918,1.6938261357079059,Trucks and Buses,0.5048294869559651,S18_4600,La Rochelle Gifts,40.67.8555,"67, rue des Cinquante Otages",Nantes,44000,France,EMEA,Labrune,Janine,Medium
-1.6913926931391166,0.6065053843033168,-1.803038004086901,0.5997097815965698,-0.8769834370303246,1/29/2003 0:00,Shipped,-1.4270386327380036,-1.6664329408743999,-1.1651700861775494,Vintage Cars,-1.2621839171451985,S18_4668,Baane Mini Imports,07-98 9555,Erling Skakkes gate 78,Stavern,4110,Norway,EMEA,Bergulfsen,Jonas,Small
-1.5827786977811258,1.530556853420273,-1.6781043318025948,-0.8203774937679902,-0.5774459065669878,3/26/2003 0:00,Shipped,-1.4270386327380036,-1.1193848343462958,-1.1651700861775494,Vintage Cars,-1.2621839171451985,S18_4668,Mini Gifts Distributors Ltd.,4155551450,5677 Strong St.,San Rafael,97562,USA,EMEA,Nelson,Valarie,Small
-1.4415805038157374,0.8118501552181959,-1.4788053783966781,0.5997097815965698,-0.6729149757114181,5/28/2003 0:00,Shipped,-0.5962425798983697,-0.5723367278181918,-1.1651700861775494,Vintage Cars,-1.2621839171451985,S18_4668,"Corrida Auto Replicas, Ltd",(91) 555 22 82,"C/ Araquil, 67",Madrid,28023,Spain,EMEA,Sommer,MartÂ¡n,Small
-1.2895209103145502,-0.6255632411859581,-2.0023369574928176,0.5997097815965698,-1.2484445111383904,7/24/2003 0:00,Shipped,0.23455347294126402,-0.025288621290087743,-1.1651700861775494,Vintage Cars,-1.2621839171451985,S18_4668,Technics Stores Inc.,6505556809,9408 Furth Circle,Burlingame,94217,USA,EMEA,Hirano,Juri,Small
-1.1809069149565594,-0.5228908557285186,-2.0276211530741657,-0.1103338560857102,-1.233256126723569,9/19/2003 0:00,Shipped,0.23455347294126402,0.5217594852380163,-1.1651700861775494,Vintage Cars,-1.2621839171451985,S18_4668,"Dragon Souveniers, Ltd.",+65 221 7555,"Bronz Sok., Bronz Apt. 3/6 Tesvikiye",Singapore,79903,Singapore,Japan,Natividad,Eric,Small
-1.0288473214553722,-1.0362527830157164,-1.4788053783966781,0.1263473564750498,-1.19907275886826,10/21/2003 0:00,Resolved,1.0653495257808978,0.7952835385020682,-1.1651700861775494,Vintage Cars,-1.2621839171451985,S18_4668,Mini Auto Werke,7675-3555,Kirchgasse 6,Graz,8010,Austria,EMEA,Mendel,Roland,Small
-0.9202333260973812,1.4278844679628335,-1.9274759078303962,-1.0570587063287502,-0.7383330904934531,11/6/2003 0:00,Shipped,1.0653495257808978,1.0688075917661204,-1.1651700861775494,Vintage Cars,-1.2621839171451985,S18_4668,"Australian Gift Network, Co",61-7-3844-6555,31 Duncan St. West End,South Brisbane,4101,Australia,APAC,Calaghan,Tony,Small
-0.8224807302751894,0.5038329988458772,-1.7033885273839426,-0.1103338560857102,-0.8590039086794226,11/13/2003 0:00,Shipped,1.0653495257808978,1.0688075917661204,-1.1651700861775494,Vintage Cars,-1.2621839171451985,S18_4668,"Classic Gift Ideas, Inc",2155554695,782 First Street,Philadelphia,71270,USA,EMEA,Cervantes,Francisca,Small
-0.7030053353813994,0.6065053843033168,-1.9274759078303962,0.5997097815965698,-0.9328660484042699,11/25/2003 0:00,Shipped,1.0653495257808978,1.0688075917661204,-1.1651700861775494,Vintage Cars,-1.2621839171451985,S18_4668,"Saveley & Henriot, Co.",78.32.5555,"2, rue du Commerce",Lyon,69004,France,EMEA,Saveley,Mary,Small
-0.5726685409518104,-1.4469423248454747,-1.503593805437215,-0.5836962812072303,-1.3216984638577103,12/5/2003 0:00,Shipped,1.0653495257808978,1.3423316450301723,-1.1651700861775494,Vintage Cars,-1.2621839171451985,S18_4668,Canadian Gift Exchange Network,(604) 555-3392,1900 Oak St.,Vancouver,V3F 2K1,Canada,EMEA,Tannamuri,Yoshi,Small
-0.47491594512961854,1.1198673115905147,-1.9026874807898593,-1.2937399188895102,-0.7987933951322156,1/29/2004 0:00,Shipped,-1.4270386327380036,-1.6664329408743999,0.2643280247651782,Vintage Cars,-1.2621839171451985,S18_4668,West Coast Collectables Co.,3105553722,3675 Furth Circle,Burbank,94019,USA,EMEA,Thompson,Steve,Small
-0.3228563516284313,0.40116061338843767,-2.1520590568176607,1.7831158444003699,-1.0774353577627915,3/11/2004 0:00,Shipped,-1.4270386327380036,-1.1193848343462958,0.2643280247651782,Vintage Cars,-1.2621839171451985,S18_4668,Mini Gifts Distributors Ltd.,4155551450,5677 Strong St.,San Rafael,97562,USA,EMEA,Nelson,Valarie,Small
-0.14907395905564585,1.017194926133075,-1.1793611797469923,0.1263473564750498,-0.46685904614230633,5/4/2004 0:00,Shipped,-0.5962425798983697,-0.5723367278181918,0.2643280247651782,Vintage Cars,-1.2621839171451985,S18_4668,Super Scale Inc.,2035559545,567 North Pendale Street,New Haven,97823,USA,EMEA,Murphy,Leslie,Small
-0.007875765090257694,-1.4469423248454747,-1.1793611797469923,-0.5836962812072303,-1.24711953230492,6/15/2004 0:00,Shipped,-0.5962425798983697,-0.29881267455413973,0.2643280247651782,Vintage Cars,-1.2621839171451985,S18_4668,"Tokyo Collectables, Ltd",+81 3 3584 0555,2-2-8 Roppongi,Minato-ku,106-0032,Japan,Japan,Shimamura,Akiko,Small
0.12246102933933138,0.9145225406756355,-1.2542222294094136,0.1263473564750498,-0.5354484217388764,7/19/2004 0:00,Shipped,0.23455347294126402,-0.025288621290087743,0.2643280247651782,Vintage Cars,-1.2621839171451985,S18_4668,Souveniers And Things Co.,+61 2 9495 8555,"Monitor Money Building, 815 Pacific Hwy",Chatswood,2067,Australia,APAC,Huxley,Adrian,Small
0.24193642423312137,0.9145225406756355,-1.1793611797469923,1.7831158444003699,-0.4993698997324152,8/19/2004 0:00,Shipped,0.23455347294126402,0.24823543197396428,0.2643280247651782,Vintage Cars,-1.2621839171451985,S18_4668,Diecast Classics Inc.,2155551555,7586 Pompton St.,Allentown,70267,USA,EMEA,Yu,Kyung,Small
0.35055041959111227,-0.6255632411859581,-1.5784548550996365,0.5997097815965698,-1.1138016825486543,9/8/2004 0:00,Shipped,0.23455347294126402,0.5217594852380163,0.2643280247651782,Vintage Cars,-1.2621839171451985,S18_4668,Scandinavian Gift Ideas,0695-34 6555,?kergatan 24,Boras,S-844 67,Sweden,EMEA,Larsson,Maria,Small
0.49174861355650046,-0.11220131389876024,-1.7033885273839426,-0.5836962812072303,-1.0196304410320902,10/11/2004 0:00,Shipped,1.0653495257808978,0.7952835385020682,0.2643280247651782,Vintage Cars,-1.2621839171451985,S18_4668,Auto Assoc. & Cie.,30.59.8555,"67, avenue de l'Europe",Versailles,78000,France,EMEA,Tonini,Daniel,Small
0.5786398098428932,0.40116061338843767,-1.329083279071835,-1.2937399188895102,-0.7258815476035048,10/21/2004 0:00,Shipped,1.0653495257808978,0.7952835385020682,0.2643280247651782,Vintage Cars,-1.2621839171451985,S18_4668,Mini Gifts Distributors Ltd.,4155551450,5677 Strong St.,San Rafael,97562,USA,EMEA,Nelson,Valarie,Small
0.7089766042724822,0.29848822793099805,0.8101579745265006,-0.1103338560857102,1.7801041365018215,11/5/2004 0:00,Shipped,1.0653495257808978,1.0688075917661204,0.2643280247651782,Vintage Cars,-1.2621839171451985,S18_4668,Vitachrome Inc.,2125551500,2678 Kingston Rd.,NYC,10022,USA,EMEA,Frick,Michael,Medium
0.8067292000946741,-1.138925168473156,-0.18831986666632633,0.3630285690358098,-0.8890657235240597,11/18/2004 0:00,Shipped,1.0653495257808978,1.0688075917661204,0.2643280247651782,Vintage Cars,-1.2621839171451985,S18_4668,Mini Wheels Co.,6505555787,5557 North Pendale Street,San Francisco,28034,USA,EMEA,Murphy,Julie,Small
0.9696501931316603,-0.6255632411859581,0.8101579745265006,-0.1103338560857102,1.9314883984669218,11/1/2004 0:00,Shipped,1.0653495257808978,1.0688075917661204,0.2643280247651782,Vintage Cars,-1.2621839171451985,S18_4668,"Corrida Auto Replicas, Ltd",(91) 555 22 82,"C/ Araquil, 67",Madrid,28023,Spain,EMEA,Sommer,MartÂ¡n,Large
1.0782641884896513,-0.5228908557285186,0.8101579745265006,0.3630285690358098,0.9497008038299267,12/10/2004 0:00,Shipped,1.0653495257808978,1.3423316450301723,0.2643280247651782,Vintage Cars,-1.2621839171451985,S18_4668,Euro Shopping Channel,(91) 555 94 44,"C/ Moralzarzal, 86",Madrid,28034,Spain,EMEA,Freyre,Diego,Medium
1.2086009829192403,-1.5496147103029143,0.8101579745265006,-1.0570587063287502,-0.4473916317243107,1/20/2005 0:00,Shipped,-1.4270386327380036,-1.6664329408743999,1.6938261357079059,Vintage Cars,-1.2621839171451985,S18_4668,"Anna's Decorations, Ltd",02 9936 8555,201 Miller Street,North Sydney,2060,Australia,APAC,O'Hara,Anna,Small
1.3389377773488293,0.40116061338843767,0.8101579745265006,-1.0570587063287502,2.320565174770797,2/17/2005 0:00,Shipped,-1.4270386327380036,-1.3929088876103477,1.6938261357079059,Vintage Cars,-1.2621839171451985,S18_4668,Mini Gifts Distributors Ltd.,4155551450,5677 Strong St.,San Rafael,97562,USA,EMEA,Nelson,Valarie,Large
1.653918363887003,-0.009528928441320661,-1.1793611797469923,0.1263473564750498,-0.7919675820433955,5/1/2005 0:00,Shipped,-0.5962425798983697,-0.5723367278181918,1.6938261357079059,Vintage Cars,-1.2621839171451985,S18_4668,Quebec Home Shopping Network,(514) 555-8054,43 rue St. Laurent,Montreal,H1J 1C3,Canada,EMEA,Fresnisre,Jean,Small
1.795116557852391,-0.9335803975582768,-1.1793611797469923,-0.5836962812072303,-1.0845652643543755,5/31/2005 0:00,In Process,-0.5962425798983697,-0.5723367278181918,1.6938261357079059,Vintage Cars,-1.2621839171451985,S18_4668,Euro Shopping Channel,(91) 555 94 44,"C/ Moralzarzal, 86",Madrid,28034,Spain,EMEA,Freyre,Diego,Small
-1.6370856954601212,0.9145225406756355,0.8101579745265006,1.0730722067180898,1.0921468889102233,3/3/2003 0:00,Shipped,-1.4270386327380036,-1.1193848343462958,-1.1651700861775494,Classic Cars,1.1767923307690837,S18_4721,Cruz & Sons Co.,+63 2 555 3587,15 McCallum Street - NatWest Center #13-03,Makati City,1227 MM,Philippines,Japan,Cruz,Arnold,Medium
-1.485026101958934,-0.7282356266433977,0.8101579745265006,2.0197970569611297,0.015894819736142096,5/8/2003 0:00,Shipped,-0.5962425798983697,-0.5723367278181918,-1.1651700861775494,Classic Cars,1.1767923307690837,S18_4721,Marseille Mini Autos,91.24.4555,"12, rue des Bouchers",Marseille,13008,France,EMEA,Lebihan,Laurence,Medium
-1.3438279079935458,-0.42021847027107895,0.8101579745265006,1.3097534192788498,0.625178733969882,7/2/2003 0:00,Shipped,0.23455347294126402,-0.025288621290087743,-1.1651700861775494,Classic Cars,1.1767923307690837,S18_4721,Mini Gifts Distributors Ltd.,4155551450,5677 Strong St.,San Rafael,97562,USA,EMEA,Nelson,Valarie,Medium
-1.2243525130997557,-0.6255632411859581,0.8101579745265006,-1.2937399188895102,0.483644929397876,9/3/2003 0:00,Shipped,0.23455347294126402,0.5217594852380163,-1.1651700861775494,Classic Cars,1.1767923307690837,S18_4721,Gift Ideas Corp.,2035554407,2440 Pompton St.,Glendale,97561,USA,EMEA,Lewis,Dan,Medium
-1.0831543191343675,-0.3175460848136394,0.8101579745265006,0.1263473564750498,0.5783157530975518,10/10/2003 0:00,Shipped,1.0653495257808978,0.7952835385020682,-1.1651700861775494,Classic Cars,1.1767923307690837,S18_4721,Corporate Gift Ideas Co.,6505551386,7734 Strong St.,San Francisco,28034,USA,EMEA,Brown,Julie,Medium
-0.9745403237763767,-0.21487369935619982,0.8101579745265006,0.1263473564750498,0.7366181422505255,11/4/2003 0:00,Shipped,1.0653495257808978,1.0688075917661204,-1.1651700861775494,Classic Cars,1.1767923307690837,S18_4721,"Anna's Decorations, Ltd",02 9936 8555,201 Miller Street,North Sydney,2060,Australia,APAC,O'Hara,Anna,Medium
-0.8550649288825867,0.9145225406756355,0.8101579745265006,-1.0570587063287502,1.0921468889102233,11/11/2003 0:00,Shipped,1.0653495257808978,1.0688075917661204,-1.1651700861775494,Classic Cars,1.1767923307690837,S18_4721,Daedalus Designs Imports,20.16.1555,"184, chausse de Tournai",Lille,59000,France,EMEA,Rance,Martine,Medium
-0.7355895339887967,-0.3175460848136394,0.8101579745265006,0.3630285690358098,0.37135840350239063,11/20/2003 0:00,Shipped,1.0653495257808978,1.0688075917661204,-1.1651700861775494,Classic Cars,1.1767923307690837,S18_4721,"Toms Spezialitten, Ltd",0221-5554327,Mehrheimerstr. 369,Koln,50739,Germany,EMEA,Pfalzheim,Henriette,Medium
-0.5183615432728149,0.6065053843033168,0.8101579745265006,0.1263473564750498,1.1510432841062015,1/15/2004 0:00,Shipped,-1.4270386327380036,-1.6664329408743999,0.2643280247651782,Classic Cars,1.1767923307690837,S18_4721,Auto Canal Petit,(1) 47.55.6555,"25, rue Lauriston",Paris,75016,France,EMEA,Perrier,Dominique,Medium
-0.36630194977162767,-0.009528928441320661,0.8101579745265006,1.7831158444003699,0.9265408254498003,2/22/2004 0:00,Shipped,-1.4270386327380036,-1.3929088876103477,0.2643280247651782,Classic Cars,1.1767923307690837,S18_4721,"Vida Sport, Ltd",0897-034555,Grenzacherweg 237,Gensve,1203,Switzerland,EMEA,Holz,Michael,Medium
-0.22510375580623948,0.9145225406756355,0.8101579745265006,0.3630285690358098,1.5188769571455862,4/9/2004 0:00,Shipped,-0.5962425798983697,-0.8458607810822437,0.2643280247651782,Classic Cars,1.1767923307690837,S18_4721,Danish Wholesale Imports,31 12 3555,Vinb'ltet 34,Kobenhavn,1734,Denmark,EMEA,Petersen,Jytte,Medium
-0.07304416230505223,-0.9335803975582768,0.8101579745265006,-0.5836962812072303,0.0029925668331693242,5/26/2004 0:00,Shipped,-0.5962425798983697,-0.5723367278181918,0.2643280247651782,Classic Cars,1.1767923307690837,S18_4721,Auto Canal Petit,(1) 47.55.6555,"25, rue Lauriston",Paris,75016,France,EMEA,Perrier,Dominique,Medium
0.05729263212453684,-1.5496147103029143,0.8101579745265006,-1.0570587063287502,-0.6208335331220188,6/30/2004 0:00,Shipped,-0.5962425798983697,-0.29881267455413973,0.2643280247651782,Classic Cars,1.1767923307690837,S18_4721,Gifts4AllAges.com,6175559555,8616 Spinnaker Dr.,Boston,51003,USA,EMEA,Yoshido,Juri,Small
0.18762942655412593,1.325212082505394,0.8101579745265006,0.3630285690358098,1.1729488767874274,8/2/2004 0:00,Shipped,0.23455347294126402,0.24823543197396428,0.2643280247651782,Classic Cars,1.1767923307690837,S18_4721,Online Mini Collectables,6175557555,7635 Spinnaker Dr.,Brickhaven,58339,USA,EMEA,Barajas,Miguel,Medium
0.3071048214479159,-0.11220131389876024,0.8101579745265006,2.4931594820826497,0.405329991953989,8/30/2004 0:00,Shipped,0.23455347294126402,0.24823543197396428,0.2643280247651782,Classic Cars,1.1767923307690837,S18_4721,"Vida Sport, Ltd",0897-034555,Grenzacherweg 237,Gensve,1203,Switzerland,EMEA,Holz,Michael,Medium
0.43744161587750496,1.4278844679628335,0.8101579745265006,-1.0570587063287502,2.3857334984612764,9/30/2004 0:00,Shipped,0.23455347294126402,0.5217594852380163,0.2643280247651782,Classic Cars,1.1767923307690837,S18_4721,"Toys of Finland, Co.",90-224 8555,Keskuskatu 45,Helsinki,21240,Finland,EMEA,Karttunen,Matti,Large
0.556917010771295,0.5038329988458772,0.8101579745265006,2.0197970569611297,0.9790241058821378,10/16/2004 0:00,Shipped,1.0653495257808978,0.7952835385020682,0.2643280247651782,Classic Cars,1.1767923307690837,S18_4721,"Toms Spezialitten, Ltd",0221-5554327,Mehrheimerstr. 369,Koln,50739,Germany,EMEA,Pfalzheim,Henriette,Medium
0.6546696065934868,1.017194926133075,0.8101579745265006,-0.8203774937679902,2.3606403542421526,11/3/2004 0:00,Shipped,1.0653495257808978,1.0688075917661204,0.2643280247651782,Classic Cars,1.1767923307690837,S18_4721,Microscale Inc.,2125551957,5290 North Pendale Street,NYC,10022,USA,EMEA,Kuo,Kee,Large
0.7741450014872767,1.530556853420273,0.8101579745265006,-0.5836962812072303,1.3831426500905735,11/16/2004 0:00,Shipped,1.0653495257808978,1.0688075917661204,0.2643280247651782,Classic Cars,1.1767923307690837,S18_4721,Cruz & Sons Co.,+63 2 555 3587,15 McCallum Street - NatWest Center #13-03,Makati City,1227 MM,Philippines,Japan,Cruz,Arnold,Medium
0.9044817959168658,0.29848822793099805,0.8101579745265006,1.0730722067180898,1.4784216607957765,11/24/2004 0:00,Shipped,1.0653495257808978,1.0688075917661204,0.2643280247651782,Classic Cars,1.1767923307690837,S18_4721,"Australian Collectors, Co.",03 9520 4555,636 St Kilda Road,Melbourne,3004,Australia,APAC,Ferguson,Peter,Medium
1.045679989882254,-1.0362527830157164,0.8101579745265006,-1.0570587063287502,0.3527543974225988,12/7/2004 0:00,Shipped,1.0653495257808978,1.3423316450301723,0.2643280247651782,Classic Cars,1.1767923307690837,S18_4721,Euro Shopping Channel,(91) 555 94 44,"C/ Moralzarzal, 86",Madrid,28034,Spain,EMEA,Freyre,Diego,Medium
1.1325711861686467,-0.7282356266433977,-1.263146063144007,1.5464346318396098,-1.045239458157688,1/6/2005 0:00,Shipped,-1.4270386327380036,-1.6664329408743999,1.6938261357079059,Classic Cars,1.1767923307690837,S18_4721,Suominen Souveniers,+358 9 8045 555,"Software Engineering Center, SEC Oy",Espoo,FIN-02271,Finland,EMEA,Suominen,Kalle,Small
1.295492179205633,1.4278844679628335,-0.8189374505775854,0.3630285690358098,-0.14337415233633047,2/10/2005 0:00,Shipped,-1.4270386327380036,-1.3929088876103477,1.6938261357079059,Classic Cars,1.1767923307690837,S18_4721,Euro Shopping Channel,(91) 555 94 44,"C/ Moralzarzal, 86",Madrid,28034,Spain,EMEA,Freyre,Diego,Medium
1.425828973635222,1.4278844679628335,0.8101579745265006,-0.8203774937679902,1.7968944420472723,3/4/2005 0:00,Shipped,-1.4270386327380036,-1.1193848343462958,1.6938261357079059,Classic Cars,1.1767923307690837,S18_4721,Mini Gifts Distributors Ltd.,4155551450,5677 Strong St.,San Rafael,97562,USA,EMEA,Nelson,Valarie,Medium
-1.615362896388523,0.7091777697607564,-1.1089620469518673,0.5997097815965698,-0.5320056488683023,3/18/2003 0:00,Shipped,-1.4270386327380036,-1.1193848343462958,-1.1651700861775494,Classic Cars,-0.7395461497349952,S18_4933,"AV Stores, Co.",(171) 555-1555,Fauntleroy Circus,Manchester,EC2 5NT,UK,EMEA,Ashworth,Victoria,Small
-1.4633033028873357,-1.2415975539305957,-1.2854556474804903,0.3630285690358098,-1.2088254719211806,5/21/2003 0:00,Shipped,-0.5962425798983697,-0.5723367278181918,-1.1651700861775494,Classic Cars,-0.7395461497349952,S18_4933,Signal Gift Stores,7025551838,8489 Strong St.,Las Vegas,83030,USA,EMEA,King,Sue,Small
-1.2026297140281577,-0.6255632411859581,-0.11940803949363367,-1.0570587063287502,-0.6503468936134572,9/11/2003 0:00,Shipped,0.23455347294126402,0.5217594852380163,-1.1651700861775494,Classic Cars,-0.7395461497349952,S18_4933,"Anna's Decorations, Ltd",02 9936 8555,201 Miller Street,North Sydney,2060,Australia,APAC,O'Hara,Anna,Small
-1.0614315200627693,-1.0362527830157164,-0.1546076058911958,-1.2937399188895102,-0.8364684080281862,10/17/2003 0:00,Shipped,1.0653495257808978,0.7952835385020682,-1.1651700861775494,Classic Cars,-0.7395461497349952,S18_4933,Heintze Collectables,86 21 3555,Smagsloget 45,Aaarhus,8200,Denmark,EMEA,Ibsen,Palle,Small
-0.9310947256331803,0.40116061338843767,-0.5789854768251879,2.0197970569611297,-0.40545930978964884,11/5/2003 0:00,Shipped,1.0653495257808978,1.0688075917661204,-1.1651700861775494,Classic Cars,-0.7395461497349952,S18_4933,Rovelli Gifts,035-640555,Via Ludovico il Moro 22,Bergamo,24100,Italy,EMEA,Rovelli,Giovanni,Small
-0.8333421298109885,0.9145225406756355,-0.6850799445586859,1.3097534192788498,-0.26115608224604525,11/12/2003 0:00,Shipped,1.0653495257808978,1.0688075917661204,-1.1651700861775494,Classic Cars,-0.7395461497349952,S18_4933,Mini Gifts Distributors Ltd.,4155551450,5677 Strong St.,San Rafael,97562,USA,EMEA,Nelson,Valarie,Medium
-0.7138667349171985,-1.0362527830157164,-0.36679654135819184,2.2564782695218897,-0.8945719880205305,11/21/2003 0:00,Shipped,1.0653495257808978,1.0688075917661204,-1.1651700861775494,Classic Cars,-0.7395461497349952,S18_4933,"Australian Collectables, Ltd",61-9-3844-6555,7 Allen Street,Glen Waverly,3150,Australia,APAC,Connery,Sean,Small
-0.5943913400234085,1.017194926133075,-0.36679654135819184,-0.1103338560857102,-0.06635161227918938,12/2/2003 0:00,Shipped,1.0653495257808978,1.3423316450301723,-1.1651700861775494,Classic Cars,-0.7395461497349952,S18_4933,Muscle Machine Inc,2125557413,4092 Furth Circle,NYC,10022,USA,EMEA,Young,Jeff,Medium
-0.49663874420121673,-1.0362527830157164,-0.01331357176013565,-1.0570587063287502,-0.7977779400426298,1/22/2004 0:00,Shipped,-1.4270386327380036,-1.6664329408743999,0.2643280247651782,Classic Cars,-0.7395461497349952,S18_4933,"Double Decker Gift Stores, Ltd",(171) 555-7555,120 Hanover Sq.,London,WA1 1DP,UK,EMEA,Hardy,Thomas,Small
-0.3445791507000295,0.1958158424735585,-1.2854556474804903,1.3097534192788498,-0.7699425240575123,3/2/2004 0:00,Shipped,-1.4270386327380036,-1.1193848343462958,0.2643280247651782,Classic Cars,-0.7395461497349952,S18_4933,"Saveley & Henriot, Co.",78.32.5555,"2, rue du Commerce",Lyon,69004,France,EMEA,Saveley,Mary,Small
-0.19251955719884223,-0.5228908557285186,-0.8263739786897467,-0.5836962812072303,-0.8385318996540825,4/13/2004 0:00,Shipped,-0.5962425798983697,-0.8458607810822437,0.2643280247651782,Classic Cars,-0.7395461497349952,S18_4933,Mini Caravy,88.60.1555,"24, place Kluber",Strasbourg,67000,France,EMEA,Citeaux,Frederique,Small
0.08987683073193412,0.09314345701611891,-0.4019961077557547,-1.2937399188895102,-0.452930477667506,7/7/2004 0:00,Shipped,0.23455347294126402,-0.025288621290087743,0.2643280247651782,Classic Cars,-0.7395461497349952,S18_4933,Muscle Machine Inc,2125557413,4092 Furth Circle,NYC,10022,USA,EMEA,Young,Jeff,Small
0.22021362516152318,-0.9335803975582768,-1.14416161334943,-1.2937399188895102,-1.074541039245416,8/9/2004 0:00,Shipped,0.23455347294126402,0.24823543197396428,0.2643280247651782,Classic Cars,-0.7395461497349952,S18_4933,Euro Shopping Channel,(91) 555 94 44,"C/ Moralzarzal, 86",Madrid,28034,Spain,EMEA,Freyre,Diego,Small
0.317966220983715,-1.2415975539305957,-0.5080905754892526,0.1263473564750498,-1.0129892561413765,9/1/2004 0:00,Shipped,0.23455347294126402,0.5217594852380163,0.2643280247651782,Classic Cars,-0.7395461497349952,S18_4933,Handji Gifts& Co,+65 224 1555,Village Close - 106 Linden Road Sandown,Singapore,69045,Singapore,APAC,Victorino,Wendy,Small
0.47002581448490227,-1.2415975539305957,-0.5432901418868148,-0.8203774937679902,-1.02185683989161,10/6/2003 0:00,Shipped,1.0653495257808978,0.7952835385020682,-1.1651700861775494,Classic Cars,-0.7395461497349952,S18_4933,"UK Collectables, Ltd.",(171) 555-2282,Berkeley Gardens 12  Brewery,Liverpool,WX1 6LT,UK,EMEA,Devon,Elizabeth,Small
0.5677784103070941,-1.0362527830157164,-0.8263739786897467,-1.0570587063287502,-1.0204178259946033,10/16/2004 0:00,Shipped,1.0653495257808978,0.7952835385020682,0.2643280247651782,Classic Cars,-0.7395461497349952,S18_4933,Euro Shopping Channel,(91) 555 94 44,"C/ Moralzarzal, 86",Madrid,28034,Spain,EMEA,Freyre,Diego,Small
0.795867800558875,-1.4469423248454747,0.8101579745265006,-0.8203774937679902,-0.04393557693261009,11/17/2004 0:00,Shipped,1.0653495257808978,1.0688075917661204,0.2643280247651782,Classic Cars,-0.7395461497349952,S18_4933,"AV Stores, Co.",(171) 555-1555,Fauntleroy Circus,Manchester,EC2 5NT,UK,EMEA,Ashworth,Victoria,Medium
0.926204594988464,-0.9335803975582768,-1.0028675792183694,-0.3470150686464702,-1.0343029525404372,11/25/2004 0:00,Shipped,1.0653495257808978,1.0688075917661204,0.2643280247651782,Classic Cars,-0.7395461497349952,S18_4933,Marseille Mini Autos,91.24.4555,"12, rue des Bouchers",Marseille,13008,France,EMEA,Lebihan,Laurence,Small
1.176016784311843,0.9145225406756355,0.07889937683066164,0.5997097815965698,0.10703598670731101,1/12/2005 0:00,Resolved,-1.4270386327380036,-1.6664329408743999,1.6938261357079059,Classic Cars,-0.7395461497349952,S18_4933,Toys4GrownUps.com,6265557265,78934 Hillside Dr.,Pasadena,90003,USA,EMEA,Young,Julie,Medium
1.3172149782772313,-1.138925168473156,0.8101579745265006,-1.0570587063287502,0.5333099146885285,2/16/2005 0:00,Shipped,-1.4270386327380036,-1.3929088876103477,1.6938261357079059,Classic Cars,-0.7395461497349952,S18_4933,Euro Shopping Channel,(91) 555 94 44,"C/ Moralzarzal, 86",Madrid,28034,Spain,EMEA,Freyre,Diego,Medium
1.6104727657438067,3.1733150207393064,-0.8263739786897467,-0.5836962812072303,0.47104676999766687,4/22/2005 0:00,On Hold,-0.5962425798983697,-0.8458607810822437,1.6938261357079059,Classic Cars,-0.7395461497349952,S18_4933,The Sharp Gifts Warehouse,4085553659,3086 Ingle Ln.,San Jose,94217,USA,EMEA,Frick,Sue,Medium
1.7516709597091948,0.09314345701611891,-1.2854556474804903,0.1263473564750498,-0.8012913060477743,5/29/2005 0:00,In Process,-0.5962425798983697,-0.5723367278181918,1.6938261357079059,Classic Cars,-0.7395461497349952,S18_4933,Souveniers And Things Co.,+61 2 9495 8555,"Monitor Money Building, 815 Pacific Hwy",Chatswood,2067,Australia,APAC,Huxley,Adrian,Small
-1.615362896388523,0.09314345701611891,0.07889937683066164,1.5464346318396098,-0.2633064577298741,3/18/2003 0:00,Shipped,-1.4270386327380036,-1.1193848343462958,-1.1651700861775494,Classic Cars,-0.6897711242673568,S24_1046,"AV Stores, Co.",(171) 555-1555,Fauntleroy Circus,Manchester,EC2 5NT,UK,EMEA,Ashworth,Victoria,Medium
-1.4633033028873357,-1.344269939388035,-0.28549050066523074,1.3097534192788498,-0.999212734417958,5/21/2003 0:00,Shipped,-0.5962425798983697,-0.5723367278181918,-1.1651700861775494,Classic Cars,-0.6897711242673568,S24_1046,Signal Gift Stores,7025551838,8489 Strong St.,Las Vegas,83030,USA,EMEA,King,Sue,Small
-1.2026297140281577,-1.0362527830157164,-1.1600262066553735,-0.1103338560857102,-1.111781632851724,9/11/2003 0:00,Shipped,0.23455347294126402,0.5217594852380163,-1.1651700861775494,Classic Cars,-0.6897711242673568,S24_1046,"Anna's Decorations, Ltd",02 9936 8555,201 Miller Street,North Sydney,2060,Australia,APAC,O'Hara,Anna,Small
-1.0614315200627693,0.1958158424735585,-0.5403155306419503,-0.3470150686464702,-0.46796138508982477,10/17/2003 0:00,Shipped,1.0653495257808978,0.7952835385020682,-1.1651700861775494,Classic Cars,-0.6897711242673568,S24_1046,Heintze Collectables,86 21 3555,Smagsloget 45,Aaarhus,8200,Denmark,EMEA,Ibsen,Palle,Small
-0.9419561251689794,-0.3175460848136394,-0.3950553481844043,-0.8203774937679902,-0.6145996163153635,11/5/2003 0:00,Shipped,1.0653495257808978,1.0688075917661204,-1.1651700861775494,Classic Cars,-0.6897711242673568,S24_1046,Gift Depot Inc.,2035552570,25593 South Bay Ln.,Bridgewater,97562,USA,EMEA,King,Julie,Small
-0.8333421298109885,1.2225396970479543,-0.46793332368358276,2.2564782695218897,-0.03559472657109219,11/12/2003 0:00,Shipped,1.0653495257808978,1.0688075917661204,-1.1651700861775494,Classic Cars,-0.6897711242673568,S24_1046,Mini Gifts Distributors Ltd.,4155551450,5677 Strong St.,San Rafael,97562,USA,EMEA,Nelson,Valarie,Medium
-0.7247281344529977,0.1958158424735585,-0.6860714816403078,-0.5836962812072303,-0.5270315480016677,11/20/2003 0:00,Shipped,1.0653495257808978,1.0688075917661204,-1.1651700861775494,Classic Cars,-0.6897711242673568,S24_1046,Online Diecast Creations Co.,6035558647,2304 Long Airport Avenue,Nashua,62005,USA,EMEA,Young,Valarie,Small
-0.5943913400234085,-1.5496147103029143,-1.0504613591362002,0.8363909941573299,-1.2513931320669738,12/2/2003 0:00,Shipped,1.0653495257808978,1.3423316450301723,-1.1651700861775494,Classic Cars,-0.6897711242673568,S24_1046,Muscle Machine Inc,2125557413,4092 Furth Circle,NYC,10022,USA,EMEA,Young,Jeff,Small
-0.5075001437370158,0.6065053843033168,-0.0668565741676953,-0.8203774937679902,-0.09729855642651357,1/16/2004 0:00,Shipped,-1.4270386327380036,-1.6664329408743999,0.2643280247651782,Classic Cars,-0.6897711242673568,S24_1046,Euro Shopping Channel,(91) 555 94 44,"C/ Moralzarzal, 86",Madrid,28034,Spain,EMEA,Freyre,Diego,Medium
-0.35544055023582855,-1.4469423248454747,-1.1600262066553735,-1.2937399188895102,-1.2426721648270014,2/26/2004 0:00,Shipped,-1.4270386327380036,-1.3929088876103477,0.2643280247651782,Classic Cars,-0.6897711242673568,S24_1046,Collectable Mini Designs Co.,7605558146,361 Furth Circle,San Diego,91217,USA,EMEA,Thompson,Valarie,Small
-0.19251955719884223,-1.344269939388035,-0.3583684761644092,0.3630285690358098,-1.01677413420256,4/13/2004 0:00,Shipped,-0.5962425798983697,-0.8458607810822437,0.2643280247651782,Classic Cars,-0.6897711242673568,S24_1046,Mini Caravy,88.60.1555,"24, place Kluber",Strasbourg,67000,France,EMEA,Citeaux,Frederique,Small
0.08987683073193412,0.5038329988458772,-0.17642142168686886,-0.3470150686464702,-0.18999820259934624,7/7/2004 0:00,Shipped,0.23455347294126402,-0.025288621290087743,0.2643280247651782,Classic Cars,-0.6897711242673568,S24_1046,Muscle Machine Inc,2125557413,4092 Furth Circle,NYC,10022,USA,EMEA,Young,Jeff,Medium
0.22021362516152318,-0.3175460848136394,-0.4312464516635884,-0.3470150686464702,-0.6272846595735053,8/9/2004 0:00,Shipped,0.23455347294126402,0.24823543197396428,0.2643280247651782,Classic Cars,-0.6897711242673568,S24_1046,Euro Shopping Channel,(91) 555 94 44,"C/ Moralzarzal, 86",Madrid,28034,Spain,EMEA,Freyre,Diego,Small
0.317966220983715,0.09314345701611891,-0.8685143046586592,1.0730722067180898,-0.636885325875044,9/1/2004 0:00,Shipped,0.23455347294126402,0.5217594852380163,0.2643280247651782,Classic Cars,-0.6897711242673568,S24_1046,Handji Gifts& Co,+65 224 1555,Village Close - 106 Linden Road Sandown,Singapore,69045,Singapore,APAC,Victorino,Wendy,Small
0.45916441494910315,-0.8309080121008373,-0.5770024026619454,-1.2937399188895102,-0.873915350797084,10/5/2003 0:00,Shipped,1.0653495257808978,0.7952835385020682,-1.1651700861775494,Classic Cars,-0.6897711242673568,S24_1046,"Norway Gifts By Mail, Co.",+47 2212 1555,"Drammensveien 126 A, PB 744 Sentrum",Oslo,N 0106,Norway,EMEA,Klaeboe,Jan,Small
0.5677784103070941,-0.9335803975582768,0.18796845580902422,-0.1103338560857102,-0.6951735340654949,10/16/2004 0:00,Shipped,1.0653495257808978,0.7952835385020682,0.2643280247651782,Classic Cars,-0.6897711242673568,S24_1046,Euro Shopping Channel,(91) 555 94 44,"C/ Moralzarzal, 86",Madrid,28034,Spain,EMEA,Freyre,Diego,Small
0.676392405665085,-0.5228908557285186,-0.6498803781611238,-0.8203774937679902,-0.7805369244841538,11/4/2004 0:00,Shipped,1.0653495257808978,1.0688075917661204,0.2643280247651782,Classic Cars,-0.6897711242673568,S24_1046,FunGiftIdeas.com,5085552555,1785 First Street,New Bedford,50553,USA,EMEA,Benitez,Violeta,Small
0.795867800558875,-1.2415975539305957,-1.3295790476126457,-0.5836962812072303,-1.219941175495417,11/17/2004 0:00,Shipped,1.0653495257808978,1.0688075917661204,0.2643280247651782,Classic Cars,-0.6897711242673568,S24_1046,"AV Stores, Co.",(171) 555-1555,Fauntleroy Circus,Manchester,EC2 5NT,UK,EMEA,Ashworth,Victoria,Small
0.926204594988464,-0.6255632411859581,-1.1962173101345572,0.1263473564750498,-0.9923869213291379,11/25/2004 0:00,Shipped,1.0653495257808978,1.0688075917661204,0.2643280247651782,Classic Cars,-0.6897711242673568,S24_1046,Marseille Mini Autos,91.24.4555,"12, rue des Bouchers",Marseille,13008,France,EMEA,Lebihan,Laurence,Small
1.176016784311843,-1.4469423248454747,-1.1545727527064553,0.8363909941573299,-1.2414177791281011,1/12/2005 0:00,Resolved,-1.4270386327380036,-1.6664329408743999,1.6938261357079059,Classic Cars,-0.6897711242673568,S24_1046,Toys4GrownUps.com,6265557265,78934 Hillside Dr.,Pasadena,90003,USA,EMEA,Young,Julie,Small
1.3172149782772313,-0.11220131389876024,0.8101579745265006,-0.8203774937679902,-0.06085620826495999,2/16/2005 0:00,Shipped,-1.4270386327380036,-1.3929088876103477,1.6938261357079059,Classic Cars,-0.6897711242673568,S24_1046,Euro Shopping Channel,(91) 555 94 44,"C/ Moralzarzal, 86",Madrid,28034,Spain,EMEA,Freyre,Diego,Medium
1.6104727657438067,-0.9335803975582768,-0.3583684761644092,0.3630285690358098,-0.8507608026580787,4/22/2005 0:00,On Hold,-0.5962425798983697,-0.8458607810822437,1.6938261357079059,Classic Cars,-0.6897711242673568,S24_1046,The Sharp Gifts Warehouse,4085553659,3086 Ingle Ln.,San Jose,94217,USA,EMEA,Frick,Sue,Small
1.7516709597091948,2.5572807079946687,-0.9413922801578377,1.0730722067180898,0.17719470198778645,5/29/2005 0:00,In Process,-0.5962425798983697,-0.5723367278181918,1.6938261357079059,Classic Cars,-0.6897711242673568,S24_1046,Souveniers And Things Co.,+61 2 9495 8555,"Monitor Money Building, 815 Pacific Hwy",Chatswood,2067,Australia,APAC,Huxley,Adrian,Medium
-1.6805312936033174,-0.009528928441320661,-1.3965078006220955,-0.1103338560857102,-0.8752131784249503,1/31/2003 0:00,Shipped,-1.4270386327380036,-1.6664329408743999,-1.1651700861775494,Classic Cars,-1.0879713280084642,S24_1444,Euro Shopping Channel,(91) 555 94 44,"C/ Moralzarzal, 86",Madrid,28034,Spain,EMEA,Freyre,Diego,Small
-1.5610558987095275,1.2225396970479543,-0.7088768345176015,-1.0570587063287502,-0.15963229425194533,4/4/2003 0:00,Shipped,-0.5962425798983697,-0.8458607810822437,-1.1651700861775494,Classic Cars,-1.0879713280084642,S24_1444,Classic Legends Inc.,2125558493,5905 Pompton St.,NYC,10022,USA,EMEA,Hernandez,Maria,Medium
-1.4307191042799385,-1.5496147103029143,-1.1387081594005117,0.3630285690358098,-1.2707247904569499,6/3/2003 0:00,Shipped,-0.5962425798983697,-0.29881267455413973,-1.1651700861775494,Classic Cars,-1.0879713280084642,S24_1444,Muscle Machine Inc,2125557413,4092 Furth Circle,NYC,10022,USA,EMEA,Young,Jeff,Small
-1.2786595107787513,-1.5496147103029143,-1.4540169513561412,-1.0570587063287502,-1.3397974575132696,8/1/2003 0:00,Shipped,0.23455347294126402,0.24823543197396428,-1.1651700861775494,Classic Cars,-1.0879713280084642,S24_1444,Suominen Souveniers,+358 9 8045 555,"Software Engineering Center, SEC Oy",Espoo,FIN-02271,Finland,EMEA,Suominen,Kalle,Small
-1.1591841158849612,-1.0362527830157164,-0.9096630935459504,-0.5836962812072303,-1.0432248387018785,9/25/2003 0:00,Shipped,0.23455347294126402,0.5217594852380163,-1.1651700861775494,Classic Cars,-1.0879713280084642,S24_1444,"Australian Gift Network, Co",61-7-3844-6555,31 Duncan St. West End,South Brisbane,4101,Australia,APAC,Calaghan,Tony,Small
-1.017985921919573,-1.0362527830157164,-0.7088768345176015,0.5997097815965698,-0.9882436473539827,10/22/2003 0:00,Shipped,1.0653495257808978,0.7952835385020682,-1.1651700861775494,Classic Cars,-1.0879713280084642,S24_1444,"Dragon Souveniers, Ltd.",+65 221 7555,"Bronz Sok., Bronz Apt. 3/6 Tesvikiye",Singapore,79903,Singapore,Japan,Natividad,Eric,Small
-0.898510527025783,-0.8309080121008373,-0.7376314098846243,0.3630285690358098,-0.9214191001216661,11/6/2003 0:00,Shipped,1.0653495257808978,1.0688075917661204,-1.1651700861775494,Classic Cars,-1.0879713280084642,S24_1444,L'ordine Souveniers,0522-556555,Strada Provinciale 124,Reggio Emilia,42100,Italy,EMEA,Moroni,Maurizio,Small
-0.8116193307393903,-0.42021847027107895,-1.1674627347675344,-0.8203774937679902,-0.9179708970099708,11/14/2003 0:00,Shipped,1.0653495257808978,1.0688075917661204,-1.1651700861775494,Classic Cars,-1.0879713280084642,S24_1444,"Iberia Gift Imports, Corp.",(95) 555 82 82,"C/ Romero, 33",Sevilla,41101,Spain,EMEA,Roel,Jose Pedro,Small
-0.6921439358456003,0.9145225406756355,-0.8521539428119049,-0.8203774937679902,-0.3416756975849688,11/25/2003 0:00,Shipped,1.0653495257808978,1.0688075917661204,-1.1651700861775494,Classic Cars,-1.0879713280084642,S24_1444,Mini Classics,9145554562,3758 North Pendale Street,White Plains,24067,USA,EMEA,Frick,Steve,Small
-0.5618071414160113,1.4278844679628335,-1.8263391255050057,-0.5836962812072303,-0.6840524002501377,12/9/2003 0:00,Shipped,1.0653495257808978,1.3423316450301723,-1.1651700861775494,Classic Cars,-1.0879713280084642,S24_1444,Diecast Collectables,6175552555,6251 Ingle Ln.,Boston,51003,USA,EMEA,Franco,Valarie,Small
-0.4206089474506231,-0.9335803975582768,-1.3677532252550728,0.3630285690358098,-1.1382160466276805,2/12/2004 0:00,Shipped,-1.4270386327380036,-1.3929088876103477,0.2643280247651782,Classic Cars,-1.0879713280084642,S24_1444,"Clover Collections, Co.",+353 1862 1555,25 Maiden Lane,Dublin,2,Ireland,EMEA,Cassidy,Dean,Small
-0.3119949520926322,0.09314345701611891,-1.4540169513561412,-0.1103338560857102,-0.8677574573661195,3/15/2004 0:00,Shipped,-1.4270386327380036,-1.1193848343462958,0.2643280247651782,Classic Cars,-1.0879713280084642,S24_1444,"Blauer See Auto, Co.",+49 69 66 90 2555,Lyonerstr. 34,Frankfurt,60528,Germany,EMEA,Keitel,Roland,Small
-0.13821255951984676,0.9145225406756355,-1.5397849089163989,-1.0570587063287502,-0.6730724527039208,5/5/2004 0:00,Shipped,-0.5962425798983697,-0.5723367278181918,0.2643280247651782,Classic Cars,-1.0879713280084642,S24_1444,Euro Shopping Channel,(91) 555 94 44,"C/ Moralzarzal, 86",Madrid,28034,Spain,EMEA,Freyre,Diego,Small
0.0029856344455413955,-0.7282356266433977,-1.8263391255050057,-1.2937399188895102,-1.217964567727453,6/15/2004 0:00,Shipped,-0.5962425798983697,-0.29881267455413973,0.2643280247651782,Classic Cars,-1.0879713280084642,S24_1444,Handji Gifts& Co,+65 224 1555,Village Close - 106 Linden Road Sandown,Singapore,69045,Singapore,APAC,Victorino,Wendy,Small
0.13332242887513046,1.017194926133075,-0.9379219003721628,-1.0570587063287502,-0.3478553119804161,7/20/2004 0:00,Shipped,0.23455347294126402,-0.025288621290087743,0.2643280247651782,Classic Cars,-1.0879713280084642,S24_1444,Mini Gifts Distributors Ltd.,4155551450,5677 Strong St.,San Rafael,97562,USA,EMEA,Nelson,Valarie,Small
0.25279782376892046,-0.6255632411859581,-1.8263391255050057,1.0730722067180898,-1.192540178799962,8/20/2004 0:00,Shipped,0.23455347294126402,0.24823543197396428,0.2643280247651782,Classic Cars,-1.0879713280084642,S24_1444,Mini Gifts Distributors Ltd.,4155551450,5677 Strong St.,San Rafael,97562,USA,EMEA,Nelson,Valarie,Small
0.36141181912691134,0.5038329988458772,-1.482771526723164,-0.3470150686464702,-0.7623456167295414,9/8/2004 0:00,Shipped,0.23455347294126402,0.5217594852380163,0.2643280247651782,Classic Cars,-1.0879713280084642,S24_1444,Land of Toys Inc.,2125557818,897 Long Airport Avenue,NYC,10022,USA,EMEA,Yu,Kwai,Small
0.5026100130922995,1.017194926133075,-1.081199008666466,-1.0570587063287502,-0.418475597756158,10/13/2004 0:00,Shipped,1.0653495257808978,0.7952835385020682,0.2643280247651782,Classic Cars,-1.0879713280084642,S24_1444,Marta's Replicas Co.,6175558555,39323 Spinnaker Dr.,Cambridge,51247,USA,EMEA,Hernandez,Marta,Small
0.6003626089144913,0.9145225406756355,-1.5110303335493762,1.0730722067180898,-0.6592144773636907,10/22/2004 0:00,Shipped,1.0653495257808978,0.7952835385020682,0.2643280247651782,Classic Cars,-1.0879713280084642,S24_1444,Heintze Collectables,86 21 3555,Smagsloget 45,Aaarhus,8200,Denmark,EMEA,Ibsen,Palle,Small
0.7089766042724822,-1.0362527830157164,-0.7187922053338165,1.7831158444003699,-0.9909587679143727,11/5/2004 0:00,Shipped,1.0653495257808978,1.0688075917661204,0.2643280247651782,Classic Cars,-1.0879713280084642,S24_1444,Vitachrome Inc.,2125551500,2678 Kingston Rd.,NYC,10022,USA,EMEA,Frick,Michael,Small
0.8393133987020713,1.017194926133075,0.8101579745265006,-0.5836962812072303,1.3133097492773445,11/20/2004 0:00,Shipped,1.0653495257808978,1.0688075917661204,0.2643280247651782,Classic Cars,-1.0879713280084642,S24_1444,"La Corne D'abondance, Co.",(1) 42.34.2555,"265, boulevard Charonne",Paris,75012,France,EMEA,Bertrand,Marie,Medium
0.9805115926674595,1.325212082505394,-1.7975845501379828,-0.5836962812072303,-0.6943589978973779,12/1/2004 0:00,Shipped,1.0653495257808978,1.3423316450301723,0.2643280247651782,Classic Cars,-1.0879713280084642,S24_1444,Muscle Machine Inc,2125557413,4092 Furth Circle,NYC,10022,USA,EMEA,Young,Jeff,Small
1.0782641884896513,0.9145225406756355,-1.1352377796148365,1.7831158444003699,-0.4781050755034414,12/10/2004 0:00,Shipped,1.0653495257808978,1.3423316450301723,0.2643280247651782,Classic Cars,-1.0879713280084642,S24_1444,Euro Shopping Channel,(91) 555 94 44,"C/ Moralzarzal, 86",Madrid,28034,Spain,EMEA,Freyre,Diego,Small
1.2194623824550395,-1.0362527830157164,0.6748131628851689,1.3097534192788498,-0.6093485731515694,1/23/2005 0:00,Shipped,-1.4270386327380036,-1.6664329408743999,1.6938261357079059,Classic Cars,-1.0879713280084642,S24_1444,Mini Gifts Distributors Ltd.,4155551450,5677 Strong St.,San Rafael,97562,USA,EMEA,Nelson,Valarie,Small
1.3497991768846285,-1.344269939388035,0.40164469689845256,-1.0570587063287502,-0.8336338221631391,2/22/2005 0:00,Shipped,-1.4270386327380036,-1.3929088876103477,1.6938261357079059,Classic Cars,-1.0879713280084642,S24_1444,Euro Shopping Channel,(91) 555 94 44,"C/ Moralzarzal, 86",Madrid,28034,Spain,EMEA,Freyre,Diego,Small
1.4692745717784186,-0.42021847027107895,-1.6543074418436796,-1.0570587063287502,-1.0832782972087507,3/15/2005 0:00,Shipped,-1.4270386327380036,-1.1193848343462958,1.6938261357079059,Classic Cars,-1.0879713280084642,S24_1444,Euro Shopping Channel,(91) 555 94 44,"C/ Moralzarzal, 86",Madrid,28034,Spain,EMEA,Freyre,Diego,Small
1.664779763422802,-1.4469423248454747,-1.5397849089163989,-1.0570587063287502,-1.3300230234958659,5/3/2005 0:00,Shipped,-0.5962425798983697,-0.5723367278181918,1.6938261357079059,Classic Cars,-1.0879713280084642,S24_1444,Euro Shopping Channel,(91) 555 94 44,"C/ Moralzarzal, 86",Madrid,28034,Spain,EMEA,Freyre,Diego,Small
1.8059779573881902,2.043918780707471,-1.8263391255050057,-1.2937399188895102,-0.5315060666851904,5/31/2005 0:00,In Process,-0.5962425798983697,-0.5723367278181918,1.6938261357079059,Classic Cars,-1.0879713280084642,S24_1444,La Rochelle Gifts,40.67.8555,"67, rue des Cinquante Otages",Nantes,44000,France,EMEA,Labrune,Janine,Small
-1.6479470949959203,-1.0362527830157164,0.8101579745265006,-0.8203774937679902,-0.384536590751284,2/24/2003 0:00,Shipped,-1.4270386327380036,-1.3929088876103477,-1.1651700861775494,Motorcycles,0.28084187235159225,S24_1578,Land of Toys Inc.,2125557818,897 Long Airport Avenue,NYC,10022,USA,EMEA,Yu,Kwai,Small
-1.5067489010305322,-0.009528928441320661,0.7134831090684065,-1.2937399188895102,-0.06632446107358539,4/29/2003 0:00,Shipped,-0.5962425798983697,-0.8458607810822437,-1.1651700861775494,Motorcycles,0.28084187235159225,S24_1578,"Australian Collectors, Co.",03 9520 4555,636 St Kilda Road,Melbourne,3004,Australia,APAC,Ferguson,Peter,Medium
-1.354689307529345,-0.009528928441320661,0.48989149716276403,-0.8203774937679902,-0.1520408171650951,7/1/2003 0:00,Shipped,0.23455347294126402,-0.025288621290087743,-1.1651700861775494,Motorcycles,0.28084187235159225,S24_1578,Lyon Souveniers,+33 1 46 62 7555,27 rue du Colonel Pierre Avia,Paris,75508,France,EMEA,Da Cunha,Daniel,Medium
-1.2352139126355548,0.8118501552181959,0.6019351873859904,0.1263473564750498,0.3070860695968401,8/25/2003 0:00,Shipped,0.23455347294126402,0.24823543197396428,-1.1651700861775494,Motorcycles,0.28084187235159225,S24_1578,Toys4GrownUps.com,6265557265,78934 Hillside Dr.,Pasadena,90003,USA,EMEA,Young,Julie,Medium
-1.0831543191343675,0.9145225406756355,0.8101579745265006,2.0197970569611297,0.9784159188766105,10/10/2003 0:00,Shipped,1.0653495257808978,0.7952835385020682,-1.1651700861775494,Motorcycles,0.28084187235159225,S24_1578,Corporate Gift Ideas Co.,6505551386,7734 Strong St.,San Francisco,28034,USA,EMEA,Brown,Julie,Medium
-0.9854017233121758,1.530556853420273,0.8101579745265006,-1.0570587063287502,1.191183626471006,10/28/2003 0:00,Shipped,1.0653495257808978,0.7952835385020682,-1.1651700861775494,Motorcycles,0.28084187235159225,S24_1578,Technics Stores Inc.,6505556809,9408 Furth Circle,Burlingame,94217,USA,EMEA,Hirano,Juri,Medium
-0.8550649288825867,1.325212082505394,0.8101579745265006,0.8363909941573299,0.9782421511607452,11/11/2003 0:00,Shipped,1.0653495257808978,1.0688075917661204,-1.1651700861775494,Motorcycles,0.28084187235159225,S24_1578,Daedalus Designs Imports,20.16.1555,"184, chausse de Tournai",Lille,59000,France,EMEA,Rance,Martine,Medium
-0.7681737325961939,-1.0362527830157164,0.8101579745265006,-1.0570587063287502,-0.552874065495459,11/18/2003 0:00,Shipped,1.0653495257808978,1.0688075917661204,-1.1651700861775494,Motorcycles,0.28084187235159225,S24_1578,Herkku Gifts,+47 2267 3215,"Drammen 121, PR 744 Sentrum",Bergen,N 5804,Norway,EMEA,Oeztan,Veysel,Small
-0.6269755386308058,0.40116061338843767,0.8101579745265006,-0.8203774937679902,0.4329753494998791,12/1/2003 0:00,Shipped,1.0653495257808978,1.3423316450301723,-1.1651700861775494,Motorcycles,0.28084187235159225,S24_1578,Mini Wheels Co.,6505555787,5557 North Pendale Street,San Francisco,28034,USA,EMEA,Murphy,Julie,Medium
-0.5183615432728149,-1.0362527830157164,0.32232173036873396,2.0197970569611297,-0.7058711090734311,1/15/2004 0:00,Shipped,-1.4270386327380036,-1.6664329408743999,0.2643280247651782,Motorcycles,0.28084187235159225,S24_1578,Auto Canal Petit,(1) 47.55.6555,"25, rue Lauriston",Paris,75016,France,EMEA,Perrier,Dominique,Small
-0.38802474884322585,-0.3175460848136394,0.3783435754803479,-1.0570587063287502,-0.34352197956603375,2/20/2004 0:00,Shipped,-1.4270386327380036,-1.3929088876103477,0.2643280247651782,Motorcycles,0.28084187235159225,S24_1578,"Australian Collectors, Co.",03 9520 4555,636 St Kilda Road,Melbourne,3004,Australia,APAC,Ferguson,Peter,Small
-0.23596515534203857,-1.5496147103029143,0.8101579745265006,0.3630285690358098,-0.6814350240299217,4/5/2004 0:00,Shipped,-0.5962425798983697,-0.8458607810822437,0.2643280247651782,Motorcycles,0.28084187235159225,S24_1578,Vitachrome Inc.,2125551500,2678 Kingston Rd.,NYC,10022,USA,EMEA,Frick,Michael,Small
-0.08390556184085132,-0.9335803975582768,0.8101579745265006,-0.8203774937679902,-0.4977951298073892,5/18/2004 0:00,Shipped,-0.5962425798983697,-0.5723367278181918,0.2643280247651782,Motorcycles,0.28084187235159225,S24_1578,Tekni Collectables Inc.,2015559350,7476 Moss Rd.,Newark,94019,USA,EMEA,Brown,William,Small
0.046431232588737756,0.7091777697607564,0.8101579745265006,-0.8203774937679902,0.40923976556095093,6/28/2004 0:00,Shipped,-0.5962425798983697,-0.29881267455413973,0.2643280247651782,Motorcycles,0.28084187235159225,S24_1578,Gift Depot Inc.,2035552570,25593 South Bay Ln.,Bridgewater,97562,USA,EMEA,King,Julie,Medium
0.17676802701832683,-1.4469423248454747,0.8101579745265006,-1.0570587063287502,-0.7603038460681281,7/23/2004 0:00,Shipped,0.23455347294126402,-0.025288621290087743,0.2643280247651782,Motorcycles,0.28084187235159225,S24_1578,La Rochelle Gifts,40.67.8555,"67, rue des Cinquante Otages",Nantes,44000,France,EMEA,Labrune,Janine,Small
0.2853820223763177,-0.11220131389876024,0.8101579745265006,0.1263473564750498,0.08850800400321025,8/27/2004 0:00,Shipped,0.23455347294126402,0.24823543197396428,0.2643280247651782,Motorcycles,0.28084187235159225,S24_1578,Marta's Replicas Co.,6175558555,39323 Spinnaker Dr.,Cambridge,51247,USA,EMEA,Hernandez,Marta,Medium
0.43744161587750496,1.2225396970479543,0.8101579745265006,0.8363909941573299,1.032761772013375,9/30/2004 0:00,Shipped,0.23455347294126402,0.5217594852380163,0.2643280247651782,Motorcycles,0.28084187235159225,S24_1578,"Toys of Finland, Co.",90-224 8555,Keskuskatu 45,Helsinki,21240,Finland,EMEA,Karttunen,Matti,Medium
0.5460556112354958,-1.4469423248454747,0.8101579745265006,-0.1103338560857102,-0.4904968857410611,10/15/2004 0:00,Shipped,1.0653495257808978,0.7952835385020682,0.2643280247651782,Motorcycles,0.28084187235159225,S24_1578,Baane Mini Imports,07-98 9555,Erling Skakkes gate 78,Stavern,4110,Norway,EMEA,Bergulfsen,Jonas,Small
0.6438082070576877,1.325212082505394,0.8101579745265006,-1.0570587063287502,1.5657507985001577,11/2/2004 0:00,Shipped,1.0653495257808978,1.0688075917661204,0.2643280247651782,Motorcycles,0.28084187235159225,S24_1578,Diecast Classics Inc.,2155551555,7586 Pompton St.,Allentown,70267,USA,EMEA,Yu,Kyung,Medium
0.7632836019514777,-0.5228908557285186,0.20432881765577848,0.1263473564750498,-0.4998477609510439,11/15/2004 0:00,Shipped,1.0653495257808978,1.0688075917661204,0.2643280247651782,Motorcycles,0.28084187235159225,S24_1578,Land of Toys Inc.,2125557818,897 Long Airport Avenue,NYC,10022,USA,EMEA,Yu,Kwai,Small
0.8718975973094686,-0.8309080121008373,0.03626328232093818,0.8363909941573299,-0.692550727604158,11/23/2004 0:00,Shipped,1.0653495257808978,1.0688075917661204,0.2643280247651782,Motorcycles,0.28084187235159225,S24_1578,"Tokyo Collectables, Ltd",+81 3 3584 0555,2-2-8 Roppongi,Minato-ku,106-0032,Japan,Japan,Shimamura,Akiko,Small
1.1217097866328476,1.530556853420273,0.6574612639567934,-1.0570587063287502,0.7016473894327035,1/5/2005 0:00,Shipped,-1.4270386327380036,-1.6664329408743999,1.6938261357079059,Motorcycles,0.28084187235159225,S24_1578,Technics Stores Inc.,6505556809,9408 Furth Circle,Burlingame,94217,USA,EMEA,Hirano,Juri,Medium
1.2520465810624366,0.29848822793099805,0.8101579745265006,-0.1103338560857102,0.3492790431052999,2/2/2005 0:00,Shipped,-1.4270386327380036,-1.3929088876103477,1.6938261357079059,Motorcycles,0.28084187235159225,S24_1578,"Australian Gift Network, Co",61-7-3844-6555,31 Duncan St. West End,South Brisbane,4101,Australia,APAC,Calaghan,Tony,Medium
1.414967574099423,1.017194926133075,0.8101579745265006,-1.2937399188895102,0.566787351198136,3/3/2005 0:00,Shipped,-1.4270386327380036,-1.1193848343462958,1.6938261357079059,Motorcycles,0.28084187235159225,S24_1578,Scandinavian Gift Ideas,0695-34 6555,?kergatan 24,Boras,S-844 67,Sweden,EMEA,Larsson,Maria,Medium
1.5670271676006102,1.1198673115905147,0.8101579745265006,0.3630285690358098,0.9415011397375489,4/8/2005 0:00,Shipped,-0.5962425798983697,-0.8458607810822437,1.6938261357079059,Motorcycles,0.28084187235159225,S24_1578,"UK Collectables, Ltd.",(171) 555-2282,Berkeley Gardens 12  Brewery,Liverpool,WX1 6LT,UK,EMEA,Devon,Elizabeth,Medium
1.7190867611017975,-0.009528928441320661,0.8101579745265006,-0.8203774937679902,-0.0020847086147597767,5/13/2005 0:00,Disputed,-0.5962425798983697,-0.5723367278181918,1.6938261357079059,Motorcycles,0.28084187235159225,S24_1578,Euro Shopping Channel,(91) 555 94 44,"C/ Moralzarzal, 86",Madrid,28034,Spain,EMEA,Freyre,Diego,Medium
-1.615362896388523,-0.6255632411859581,-1.2041496067875292,2.0197970569611297,-0.9949065532091795,3/18/2003 0:00,Shipped,-1.4270386327380036,-1.1193848343462958,-1.1651700861775494,Classic Cars,-1.2621839171451985,S24_1628,"AV Stores, Co.",(171) 555-1555,Fauntleroy Circus,Manchester,EC2 5NT,UK,EMEA,Ashworth,Victoria,Small
-1.4741647024231348,1.530556853420273,-1.1793611797469923,-1.2937399188895102,-0.3043047781917619,5/20/2003 0:00,Shipped,-0.5962425798983697,-0.5723367278181918,-1.1651700861775494,Classic Cars,-1.2621839171451985,S24_1628,Atelier graphique,40.32.2555,"54, rue Royale",Nantes,44000,France,EMEA,Schmitt,Carine,Small
-1.3221051089219475,-0.9335803975582768,-1.6781043318025948,-1.2937399188895102,-1.226598651109493,7/10/2003 0:00,Shipped,0.23455347294126402,-0.025288621290087743,-1.1651700861775494,Classic Cars,-1.2621839171451985,S24_1628,Reims Collectables,26.47.1555,59 rue de l'Abbaye,Reims,51100,France,EMEA,Henriot,Paul,Small
-1.2026297140281577,1.2225396970479543,-1.329083279071835,0.3630285690358098,-0.47891418143043774,9/11/2003 0:00,Shipped,0.23455347294126402,0.5217594852380163,-1.1651700861775494,Classic Cars,-1.2621839171451985,S24_1628,"Anna's Decorations, Ltd",02 9936 8555,201 Miller Street,North Sydney,2060,Australia,APAC,O'Hara,Anna,Small
-1.0614315200627693,-1.2415975539305957,-1.503593805437215,0.1263473564750498,-1.2637795120634725,10/17/2003 0:00,Shipped,1.0653495257808978,0.7952835385020682,-1.1651700861775494,Classic Cars,-1.2621839171451985,S24_1628,Heintze Collectables,86 21 3555,Smagsloget 45,Aaarhus,8200,Denmark,EMEA,Ibsen,Palle,Small
-0.9419561251689794,-0.11220131389876024,-2.0276211530741657,-0.3470150686464702,-1.1403772825937506,11/5/2003 0:00,Shipped,1.0653495257808978,1.0688075917661204,-1.1651700861775494,Classic Cars,-1.2621839171451985,S24_1628,Gift Depot Inc.,2035552570,25593 South Bay Ln.,Bridgewater,97562,USA,EMEA,King,Julie,Small
-0.8442035293467876,-0.11220131389876024,-1.4788053783966781,-1.2937399188895102,-0.9359938672898391,11/12/2003 0:00,Shipped,1.0653495257808978,1.0688075917661204,-1.1651700861775494,Classic Cars,-1.2621839171451985,S24_1628,Herkku Gifts,+47 2267 3215,"Drammen 121, PR 744 Sentrum",Bergen,N 5804,Norway,EMEA,Oeztan,Veysel,Small
-0.7247281344529977,1.2225396970479543,-1.4788053783966781,-0.1103338560857102,-0.5559910238987865,11/20/2003 0:00,Shipped,1.0653495257808978,1.0688075917661204,-1.1651700861775494,Classic Cars,-1.2621839171451985,S24_1628,Online Diecast Creations Co.,6035558647,2304 Long Airport Avenue,Nashua,62005,USA,EMEA,Young,Valarie,Small
-0.5943913400234085,1.017194926133075,-1.6781043318025948,1.3097534192788498,-0.7126860616800098,12/2/2003 0:00,Shipped,1.0653495257808978,1.3423316450301723,-1.1651700861775494,Classic Cars,-1.2621839171451985,S24_1628,Muscle Machine Inc,2125557413,4092 Furth Circle,NYC,10022,USA,EMEA,Young,Jeff,Small
-0.5075001437370158,1.017194926133075,-1.503593805437215,-0.3470150686464702,-0.6266710423268571,1/16/2004 0:00,Shipped,-1.4270386327380036,-1.6664329408743999,0.2643280247651782,Classic Cars,-1.2621839171451985,S24_1628,Euro Shopping Channel,(91) 555 94 44,"C/ Moralzarzal, 86",Madrid,28034,Spain,EMEA,Freyre,Diego,Small
-0.35544055023582855,0.09314345701611891,-2.0023369574928176,-0.8203774937679902,-1.0839679378310898,2/26/2004 0:00,Shipped,-1.4270386327380036,-1.3929088876103477,0.2643280247651782,Classic Cars,-1.2621839171451985,S24_1628,Collectable Mini Designs Co.,7605558146,361 Furth Circle,San Diego,91217,USA,EMEA,Thompson,Valarie,Small
-0.19251955719884223,-1.4469423248454747,-2.1520590568176607,0.8363909941573299,-1.470856326963291,4/13/2004 0:00,Shipped,-0.5962425798983697,-0.8458607810822437,0.2643280247651782,Classic Cars,-1.2621839171451985,S24_1628,Mini Caravy,88.60.1555,"24, place Kluber",Strasbourg,67000,France,EMEA,Citeaux,Frederique,Small
0.07901543119613502,-0.7282356266433977,-1.7529653814650166,-1.2937399188895102,-1.1954616485229415,7/6/2004 0:00,Shipped,0.23455347294126402,-0.025288621290087743,0.2643280247651782,Classic Cars,-1.2621839171451985,S24_1628,L'ordine Souveniers,0522-556555,Strada Provinciale 124,Reggio Emilia,42100,Italy,EMEA,Moroni,Maurizio,Small
0.2093522256257241,-0.009528928441320661,-1.9026874807898593,-1.2937399188895102,-1.069262844876018,8/6/2004 0:00,Shipped,0.23455347294126402,0.24823543197396428,0.2643280247651782,Classic Cars,-1.2621839171451985,S24_1628,Signal Gift Stores,7025551838,8489 Strong St.,Las Vegas,83030,USA,EMEA,King,Sue,Small
0.317966220983715,1.530556853420273,-1.5536664280590995,1.5464346318396098,-0.5092963805012009,9/1/2004 0:00,Shipped,0.23455347294126402,0.5217594852380163,0.2643280247651782,Classic Cars,-1.2621839171451985,S24_1628,Handji Gifts& Co,+65 224 1555,Village Close - 106 Linden Road Sandown,Singapore,69045,Singapore,APAC,Victorino,Wendy,Small
0.45916441494910315,-1.344269939388035,-1.6032432821401734,-0.8203774937679902,-1.31675151419668,10/5/2003 0:00,Shipped,1.0653495257808978,0.7952835385020682,-1.1651700861775494,Classic Cars,-1.2621839171451985,S24_1628,"Norway Gifts By Mail, Co.",+47 2212 1555,"Drammensveien 126 A, PB 744 Sentrum",Oslo,N 0106,Norway,EMEA,Klaeboe,Jan,Small
0.5677784103070941,1.017194926133075,-1.7033885273839426,0.3630285690358098,-0.7251484650521994,10/16/2004 0:00,Shipped,1.0653495257808978,0.7952835385020682,0.2643280247651782,Classic Cars,-1.2621839171451985,S24_1628,Euro Shopping Channel,(91) 555 94 44,"C/ Moralzarzal, 86",Madrid,28034,Spain,EMEA,Freyre,Diego,Small
0.676392405665085,1.325212082505394,-2.0524095801147024,-0.3470150686464702,-0.828333906829258,11/4/2004 0:00,Shipped,1.0653495257808978,1.0688075917661204,0.2643280247651782,Classic Cars,-1.2621839171451985,S24_1628,FunGiftIdeas.com,5085552555,1785 First Street,New Bedford,50553,USA,EMEA,Benitez,Violeta,Small
0.795867800558875,-1.5496147103029143,0.21325265139037142,-0.3470150686464702,-0.9745594397296176,11/17/2004 0:00,Shipped,1.0653495257808978,1.0688075917661204,0.2643280247651782,Classic Cars,-1.2621839171451985,S24_1628,"AV Stores, Co.",(171) 555-1555,Fauntleroy Circus,Manchester,EC2 5NT,UK,EMEA,Ashworth,Victoria,Small
0.915343195452665,-0.8309080121008373,-2.3523495473051987,-0.1103338560857102,-1.3989490740419244,11/24/2004 0:00,Shipped,1.0653495257808978,1.0688075917661204,0.2643280247651782,Classic Cars,-1.2621839171451985,S24_1628,Reims Collectables,26.47.1555,59 rue de l'Abbaye,Reims,51100,France,EMEA,Henriot,Paul,Small
1.176016784311843,0.29848822793099805,-2.23881855145954,1.0730722067180898,-1.1354031817271164,1/12/2005 0:00,Resolved,-1.4270386327380036,-1.6664329408743999,1.6938261357079059,Classic Cars,-1.2621839171451985,S24_1628,Toys4GrownUps.com,6265557265,78934 Hillside Dr.,Pasadena,90003,USA,EMEA,Young,Julie,Small
1.3063535787414322,-0.3175460848136394,0.8101579745265006,-0.8203774937679902,0.22626236075515316,2/10/2005 0:00,Shipped,-1.4270386327380036,-1.3929088876103477,1.6938261357079059,Classic Cars,-1.2621839171451985,S24_1628,Euro Shopping Channel,(91) 555 94 44,"C/ Moralzarzal, 86",Madrid,28034,Spain,EMEA,Freyre,Diego,Medium
1.6104727657438067,2.967970249824427,-2.1520590568176607,0.8363909941573299,-0.5310173449843202,4/22/2005 0:00,On Hold,-0.5962425798983697,-0.8458607810822437,1.6938261357079059,Classic Cars,-1.2621839171451985,S24_1628,The Sharp Gifts Warehouse,4085553659,3086 Ingle Ln.,San Jose,94217,USA,EMEA,Frick,Sue,Small
1.7516709597091948,0.1958158424735585,-1.1545727527064553,1.5464346318396098,-0.7168999287897349,5/29/2005 0:00,In Process,-0.5962425798983697,-0.5723367278181918,1.6938261357079059,Classic Cars,-1.2621839171451985,S24_1628,Souveniers And Things Co.,+61 2 9495 8555,"Monitor Money Building, 815 Pacific Hwy",Chatswood,2067,Australia,APAC,Huxley,Adrian,Small
-1.6588084945317194,-0.7282356266433977,0.24646914362469097,-0.5836962812072303,-0.5822571001999989,2/17/2003 0:00,Shipped,-1.4270386327380036,-1.3929088876103477,-1.1651700861775494,Planes,0.20617933415013462,S24_1785,Rovelli Gifts,035-640555,Via Ludovico il Moro 22,Bergamo,24100,Italy,EMEA,Rovelli,Giovanni,Small
-1.5067489010305322,0.40116061338843767,0.8101579745265006,0.8363909941573299,0.5960454903568978,4/29/2003 0:00,Shipped,-0.5962425798983697,-0.8458607810822437,-1.1651700861775494,Planes,0.20617933415013462,S24_1785,"Australian Collectors, Co.",03 9520 4555,636 St Kilda Road,Melbourne,3004,Australia,APAC,Ferguson,Peter,Medium
-1.3655507070651438,0.6065053843033168,0.5176545354481648,-0.3470150686464702,0.16519386911086303,6/27/2003 0:00,Shipped,-0.5962425798983697,-0.29881267455413973,-1.1651700861775494,Planes,0.20617933415013462,S24_1785,Euro Shopping Channel,(91) 555 94 44,"C/ Moralzarzal, 86",Madrid,28034,Spain,EMEA,Freyre,Diego,Medium
-1.2352139126355548,0.5038329988458772,0.19243037267632102,2.2564782695218897,-0.02839422684493825,8/25/2003 0:00,Shipped,0.23455347294126402,0.24823543197396428,-1.1651700861775494,Planes,0.20617933415013462,S24_1785,Toys4GrownUps.com,6265557265,78934 Hillside Dr.,Pasadena,90003,USA,EMEA,Young,Julie,Medium
-0.9854017233121758,1.4278844679628335,0.8101579745265006,1.0730722067180898,1.5638067721789186,10/28/2003 0:00,Shipped,1.0653495257808978,0.7952835385020682,-1.1651700861775494,Planes,0.20617933415013462,S24_1785,Technics Stores Inc.,6505556809,9408 Furth Circle,Burlingame,94217,USA,EMEA,Hirano,Juri,Medium
-0.529222942808614,-0.8309080121008373,0.7348011563232686,0.5997097815965698,-0.48596806464633063,1/12/2004 0:00,Shipped,-1.4270386327380036,-1.6664329408743999,0.2643280247651782,Planes,0.20617933415013462,S24_1785,Osaka Souveniers Co.,+81 06 6342 5555,"Dojima Avanza 4F, 1-6-20 Dojima, Kita-ku",Osaka,530-0003,Japan,Japan,Kentary,Mory,Small
-0.38802474884322585,-0.11220131389876024,0.8101579745265006,1.0730722067180898,0.029796237005338684,2/20/2004 0:00,Shipped,-1.4270386327380036,-1.3929088876103477,0.2643280247651782,Planes,0.20617933415013462,S24_1785,"Australian Collectors, Co.",03 9520 4555,636 St Kilda Road,Melbourne,3004,Australia,APAC,Ferguson,Peter,Medium
-0.25768795441363673,-1.2415975539305957,0.626227845885717,-0.3470150686464702,-0.7272282474014581,4/2/2004 0:00,Shipped,-0.5962425798983697,-0.8458607810822437,0.2643280247651782,Planes,0.20617933415013462,S24_1785,"Royal Canadian Collectables, Ltd.",(604) 555-4555,23 Tsawassen Blvd.,Tsawassen,T2F 8M4,Canada,EMEA,Lincoln,Elizabeth,Small
-0.09476696137665042,-0.42021847027107895,0.24646914362469097,-0.1103338560857102,-0.4378724190395835,5/11/2004 0:00,Shipped,-0.5962425798983697,-0.5723367278181918,0.2643280247651782,Planes,0.20617933415013462,S24_1785,The Sharp Gifts Warehouse,4085553659,3086 Ingle Ln.,San Jose,94217,USA,EMEA,Frick,Sue,Small
0.03556983305293866,-0.11220131389876024,0.680266616834087,-1.2937399188895102,-0.13193806453596815,6/24/2004 0:00,Cancelled,-0.5962425798983697,-0.29881267455413973,0.2643280247651782,Planes,0.20617933415013462,S24_1785,Euro Shopping Channel,(91) 555 94 44,"C/ Moralzarzal, 86",Madrid,28034,Spain,EMEA,Freyre,Diego,Medium
0.17676802701832683,-1.0362527830157164,0.5721890749373464,1.0730722067180898,-0.6374500709516051,7/23/2004 0:00,Shipped,0.23455347294126402,-0.025288621290087743,0.2643280247651782,Planes,0.20617933415013462,S24_1785,La Rochelle Gifts,40.67.8555,"67, rue des Cinquante Otages",Nantes,44000,France,EMEA,Labrune,Janine,Small
0.27452062284051865,-1.344269939388035,0.8101579745265006,-0.8203774937679902,-0.6749838975784352,8/21/2004 0:00,Shipped,0.23455347294126402,0.24823543197396428,0.2643280247651782,Planes,0.20617933415013462,S24_1785,"Norway Gifts By Mail, Co.",+47 2212 1555,"Drammensveien 126 A, PB 744 Sentrum",Oslo,N 0106,Norway,EMEA,Klaeboe,Jan,Small
0.41571881680590683,-0.3175460848136394,0.8101579745265006,-0.1103338560857102,0.27578615977666543,9/16/2004 0:00,Shipped,0.23455347294126402,0.5217594852380163,0.2643280247651782,Planes,0.20617933415013462,S24_1785,"Clover Collections, Co.",+353 1862 1555,25 Maiden Lane,Dublin,2,Ireland,EMEA,Cassidy,Dean,Medium
0.5351942116996968,-0.42021847027107895,0.8101579745265006,0.5997097815965698,-0.032684117330354374,10/15/2004 0:00,Shipped,1.0653495257808978,0.7952835385020682,0.2643280247651782,Planes,0.20617933415013462,S24_1785,Mini Classics,9145554562,3758 North Pendale Street,White Plains,24067,USA,EMEA,Frick,Steve,Medium
0.6220854079860895,-1.0362527830157164,0.8101579745265006,-1.2937399188895102,-0.3701464517812174,11/1/2004 0:00,Shipped,1.0653495257808978,1.0688075917661204,0.2643280247651782,Planes,0.20617933415013462,S24_1785,giftsbymail.co.uk,(198) 555-8888,Garden House Crowther Way,Cowes,PO31 7PJ,UK,EMEA,Bennett,Helen,Small
0.7524222024156786,1.2225396970479543,0.19243037267632102,1.7831158444003699,0.3043600885542089,11/12/2004 0:00,Shipped,1.0653495257808978,1.0688075917661204,0.2643280247651782,Planes,0.20617933415013462,S24_1785,Rovelli Gifts,035-640555,Via Ludovico il Moro 22,Bergamo,24100,Italy,EMEA,Rovelli,Giovanni,Medium
0.8718975973094686,-1.4469423248454747,-1.6364597743744929,0.1263473564750498,-1.3522598608854592,11/23/2004 0:00,Shipped,1.0653495257808978,1.0688075917661204,0.2643280247651782,Planes,0.20617933415013462,S24_1785,"Tokyo Collectables, Ltd",+81 3 3584 0555,2-2-8 Roppongi,Minato-ku,106-0032,Japan,Japan,Shimamura,Akiko,Small
1.0239571908106557,-0.7282356266433977,-0.5913796903454563,-1.0570587063287502,-0.8392161100353007,12/4/2004 0:00,Shipped,1.0653495257808978,1.3423316450301723,0.2643280247651782,Planes,0.20617933415013462,S24_1785,Gift Ideas Corp.,2035554407,2440 Pompton St.,Glendale,97561,USA,EMEA,Lewis,Dan,Small
1.2520465810624366,1.1198673115905147,0.5176545354481648,-0.8203774937679902,0.42068671384355477,2/2/2005 0:00,Shipped,-1.4270386327380036,-1.3929088876103477,1.6938261357079059,Planes,0.20617933415013462,S24_1785,"Australian Gift Network, Co",61-7-3844-6555,31 Duncan St. West End,South Brisbane,4101,Australia,APAC,Calaghan,Tony,Medium
1.3823833754920258,-0.21487369935619982,-2.079676849859293,1.0730722067180898,-1.1824127791097072,3/1/2005 0:00,Resolved,-1.4270386327380036,-1.1193848343462958,1.6938261357079059,Planes,0.20617933415013462,S24_1785,Euro Shopping Channel,(91) 555 94 44,"C/ Moralzarzal, 86",Madrid,28034,Spain,EMEA,Freyre,Diego,Small
1.5127201699216148,0.8118501552181959,0.8101579745265006,2.2564782695218897,1.0851092964176925,3/30/2005 0:00,Shipped,-1.4270386327380036,-1.1193848343462958,1.6938261357079059,Planes,0.20617933415013462,S24_1785,Reims Collectables,26.47.1555,59 rue de l'Abbaye,Reims,51100,France,EMEA,Henriot,Paul,Medium
1.5453043685290122,0.29848822793099805,0.626227845885717,-0.3470150686464702,0.05708862887837803,4/3/2005 0:00,On Hold,-0.5962425798983697,-0.8458607810822437,1.6938261357079059,Planes,0.20617933415013462,S24_1785,Tekni Collectables Inc.,2015559350,7476 Moss Rd.,Newark,94019,USA,EMEA,Brown,William,Medium
1.7082253615659986,1.2225396970479543,0.24646914362469097,-0.1103338560857102,0.33217921381596377,5/10/2005 0:00,Shipped,-0.5962425798983697,-0.5723367278181918,1.6938261357079059,Planes,0.20617933415013462,S24_1785,L'ordine Souveniers,0522-556555,Strada Provinciale 124,Reggio Emilia,42100,Italy,EMEA,Moroni,Maurizio,Medium
-1.7131154922107148,1.017194926133075,-2.600729586251379,-0.8203774937679902,-1.1674416043397176,1/9/2003 0:00,Shipped,-1.4270386327380036,-1.6664329408743999,-1.1651700861775494,Vintage Cars,-1.685271633620125,S24_1937,"Blauer See Auto, Co.",+49 69 66 90 2555,Lyonerstr. 34,Frankfurt,60528,Germany,EMEA,Keitel,Roland,Small
-1.615362896388523,-1.5496147103029143,-2.387053345161951,-0.8203774937679902,-1.5441917332994228,3/18/2003 0:00,Shipped,-1.4270386327380036,-1.1193848343462958,-1.1651700861775494,Vintage Cars,-1.685271633620125,S24_1937,"AV Stores, Co.",(171) 555-1555,Fauntleroy Circus,Manchester,EC2 5NT,UK,EMEA,Ashworth,Victoria,Small
-1.4633033028873357,1.017194926133075,-2.2715392751530485,-1.0570587063287502,-1.005185999650816,5/21/2003 0:00,Shipped,-0.5962425798983697,-0.5723367278181918,-1.1651700861775494,Vintage Cars,-1.685271633620125,S24_1937,Signal Gift Stores,7025551838,8489 Strong St.,Las Vegas,83030,USA,EMEA,King,Sue,Small
-1.1917683144923585,0.09314345701611891,-2.502071646630042,0.1263473564750498,-1.2810205276219484,9/12/2003 0:00,Shipped,0.23455347294126402,0.5217594852380163,-1.1651700861775494,Vintage Cars,-1.685271633620125,S24_1937,Signal Collectibles Ltd.,4155554312,2793 Furth Circle,Brisbane,94217,USA,EMEA,Taylor,Sue,Small
-1.0505701205269704,0.1958158424735585,-2.7980454654940528,-0.3470150686464702,-1.3829461534589862,10/18/2003 0:00,Shipped,1.0653495257808978,0.7952835385020682,-1.1651700861775494,Vintage Cars,-1.685271633620125,S24_1937,Corporate Gift Ideas Co.,6505551386,7734 Strong St.,San Francisco,28034,USA,EMEA,Brown,Julie,Small
-0.9310947256331803,-0.42021847027107895,-2.5843692244046244,0.5997097815965698,-1.3990793998288231,11/5/2003 0:00,Shipped,1.0653495257808978,1.0688075917661204,-1.1651700861775494,Vintage Cars,-1.685271633620125,S24_1937,Rovelli Gifts,035-640555,Via Ludovico il Moro 22,Bergamo,24100,Italy,EMEA,Rovelli,Giovanni,Small
-0.8333421298109885,0.40116061338843767,-2.3211161292341225,-0.1103338560857102,-1.1496521344280426,11/12/2003 0:00,Shipped,1.0653495257808978,1.0688075917661204,-1.1651700861775494,Vintage Cars,-1.685271633620125,S24_1937,Mini Gifts Distributors Ltd.,4155551450,5677 Strong St.,San Rafael,97562,USA,EMEA,Nelson,Valarie,Small
-0.7138667349171985,-0.9335803975582768,-2.699387525872716,0.8363909941573299,-1.5174423655384612,11/21/2003 0:00,Shipped,1.0653495257808978,1.0688075917661204,-1.1651700861775494,Vintage Cars,-1.685271633620125,S24_1937,"Australian Collectables, Ltd",61-9-3844-6555,7 Allen Street,Glen Waverly,3150,Australia,APAC,Connery,Sean,Small
-0.5835299404876094,-0.3175460848136394,-2.304755767387368,-0.3470150686464702,-1.2839528578271697,12/3/2003 0:00,Shipped,1.0653495257808978,1.3423316450301723,-1.1651700861775494,Vintage Cars,-1.685271633620125,S24_1937,Euro Shopping Channel,(91) 555 94 44,"C/ Moralzarzal, 86",Madrid,28034,Spain,EMEA,Freyre,Diego,Small
-0.48577734466541767,-1.5496147103029143,-2.4524947925489684,-0.8203774937679902,-1.5585275698582814,1/26/2004 0:00,Shipped,-1.4270386327380036,-1.6664329408743999,0.2643280247651782,Vintage Cars,-1.685271633620125,S24_1937,"Corrida Auto Replicas, Ltd",(91) 555 22 82,"C/ Araquil, 67",Madrid,28023,Spain,EMEA,Sommer,MartÂ¡n,Small
-0.3445791507000295,0.7091777697607564,-2.699387525872716,-0.1103338560857102,-1.2636546165176947,3/2/2004 0:00,Shipped,-1.4270386327380036,-1.1193848343462958,0.2643280247651782,Vintage Cars,-1.685271633620125,S24_1937,"Saveley & Henriot, Co.",78.32.5555,"2, rue du Commerce",Lyon,69004,France,EMEA,Saveley,Mary,Small
-0.17079675812724404,-0.21487369935619982,-2.6830271640259613,-1.2937399188895102,-1.4004966927613465,4/26/2004 0:00,Shipped,-0.5962425798983697,-0.8458607810822437,0.2643280247651782,Vintage Cars,-1.685271633620125,S24_1937,Diecast Collectables,6175552555,6251 Ingle Ln.,Boston,51003,USA,EMEA,Franco,Valarie,Small
0.23107502469732227,-1.5496147103029143,-2.7157478877194703,1.3097534192788498,-1.6161967305609635,8/17/2004 0:00,Shipped,0.23455347294126402,0.24823543197396428,0.2643280247651782,Vintage Cars,-1.685271633620125,S24_1937,Amica Models & Co.,011-4988555,Via Monte Bianco 34,Torino,10100,Italy,EMEA,Accorti,Paolo,Small
0.317966220983715,-0.6255632411859581,-2.255178913306294,-1.2937399188895102,-1.328757777314724,9/1/2004 0:00,Shipped,0.23455347294126402,0.5217594852380163,0.2643280247651782,Vintage Cars,-1.685271633620125,S24_1937,Handji Gifts& Co,+65 224 1555,Village Close - 106 Linden Road Sandown,Singapore,69045,Singapore,APAC,Victorino,Wendy,Small
0.49174861355650046,-1.2415975539305957,-2.6503064403324528,2.2564782695218897,-1.5526629094478392,10/11/2004 0:00,Shipped,1.0653495257808978,0.7952835385020682,0.2643280247651782,Vintage Cars,-1.685271633620125,S24_1937,Auto Assoc. & Cie.,30.59.8555,"67, avenue de l'Europe",Versailles,78000,France,EMEA,Tonini,Daniel,Small
0.5786398098428932,0.40116061338843767,-2.6830271640259613,1.5464346318396098,-1.3042510991366447,10/21/2004 0:00,Shipped,1.0653495257808978,0.7952835385020682,0.2643280247651782,Vintage Cars,-1.685271633620125,S24_1937,Mini Gifts Distributors Ltd.,4155551450,5677 Strong St.,San Rafael,97562,USA,EMEA,Nelson,Valarie,Small
0.6872538052008841,-1.5496147103029143,0.8101579745265006,-0.8203774937679902,-0.5049521876045769,11/4/2004 0:00,Shipped,1.0653495257808978,1.0688075917661204,0.2643280247651782,Vintage Cars,-1.685271633620125,S24_1937,Online Diecast Creations Co.,6035558647,2304 Long Airport Avenue,Nashua,62005,USA,EMEA,Young,Valarie,Small
0.795867800558875,1.017194926133075,-0.08668731580012512,-0.1103338560857102,0.07171226821663805,11/17/2004 0:00,Shipped,1.0653495257808978,1.0688075917661204,0.2643280247651782,Vintage Cars,-1.685271633620125,S24_1937,"AV Stores, Co.",(171) 555-1555,Fauntleroy Circus,Manchester,EC2 5NT,UK,EMEA,Ashworth,Victoria,Medium
0.926204594988464,-1.5496147103029143,-2.403413707008705,-0.1103338560857102,-1.5477756924391375,11/25/2004 0:00,Shipped,1.0653495257808978,1.0688075917661204,0.2643280247651782,Vintage Cars,-1.685271633620125,S24_1937,Marseille Mini Autos,91.24.4555,"12, rue des Bouchers",Marseille,13008,France,EMEA,Lebihan,Laurence,Small
1.056541389418053,1.325212082505394,0.8101579745265006,-0.3470150686464702,3.3483469117007973,12/9/2004 0:00,Shipped,1.0653495257808978,1.3423316450301723,0.2643280247651782,Vintage Cars,-1.685271633620125,S24_1937,Lyon Souveniers,+33 1 46 62 7555,27 rue du Colonel Pierre Avia,Paris,75508,France,EMEA,Da Cunha,Daniel,Large
1.176016784311843,-1.2415975539305957,-2.3483833989787133,1.5464346318396098,-1.476601522069076,1/12/2005 0:00,Resolved,-1.4270386327380036,-1.6664329408743999,1.6938261357079059,Vintage Cars,-1.685271633620125,S24_1937,Toys4GrownUps.com,6265557265,78934 Hillside Dr.,Pasadena,90003,USA,EMEA,Young,Julie,Small
1.3172149782772313,-0.3175460848136394,-0.6493846096203129,-0.5836962812072303,-0.7037424545540854,2/16/2005 0:00,Shipped,-1.4270386327380036,-1.3929088876103477,1.6938261357079059,Vintage Cars,-1.685271633620125,S24_1937,Euro Shopping Channel,(91) 555 94 44,"C/ Moralzarzal, 86",Madrid,28034,Spain,EMEA,Freyre,Diego,Small
1.4366903731710212,-0.21487369935619982,0.8101579745265006,0.3630285690358098,2.6015312806010664,3/9/2005 0:00,Shipped,-1.4270386327380036,-1.1193848343462958,1.6938261357079059,Vintage Cars,-1.685271633620125,S24_1937,"Anna's Decorations, Ltd",02 9936 8555,201 Miller Street,North Sydney,2060,Australia,APAC,O'Hara,Anna,Large
1.632195564815405,2.6599530934521085,-2.6830271640259613,-1.2937399188895102,-0.9513505891794045,4/23/2005 0:00,Shipped,-0.5962425798983697,-0.8458607810822437,1.6938261357079059,Vintage Cars,-1.685271633620125,S24_1937,Handji Gifts& Co,+65 224 1555,Village Close - 106 Linden Road Sandown,Singapore,69045,Singapore,APAC,Victorino,Wendy,Small
1.7516709597091948,1.017194926133075,-2.814901595881618,-1.2937399188895102,-1.2730054917276776,5/29/2005 0:00,In Process,-0.5962425798983697,-0.5723367278181918,1.6938261357079059,Vintage Cars,-1.685271633620125,S24_1937,Souveniers And Things Co.,+61 2 9495 8555,"Monitor Money Building, 815 Pacific Hwy",Chatswood,2067,Australia,APAC,Huxley,Adrian,Small
-1.6479470949959203,0.29848822793099805,-0.0311612392293222,0.1263473564750498,-0.2165303607154766,2/24/2003 0:00,Shipped,-1.4270386327380036,-1.3929088876103477,-1.1651700861775494,Motorcycles,-0.6151085860658991,S24_2000,Land of Toys Inc.,2125557818,897 Long Airport Avenue,NYC,10022,USA,EMEA,Yu,Kwai,Medium
-1.5067489010305322,-0.11220131389876024,0.006517169872294163,-0.3470150686464702,-0.38284778576272144,4/29/2003 0:00,Shipped,-0.5962425798983697,-0.8458607810822437,-1.1651700861775494,Motorcycles,-0.6151085860658991,S24_2000,"Australian Collectors, Co.",03 9520 4555,636 St Kilda Road,Melbourne,3004,Australia,APAC,Ferguson,Peter,Small
-1.354689307529345,0.8118501552181959,-0.0311612392293222,0.1263473564750498,0.008906099413698501,7/1/2003 0:00,Shipped,0.23455347294126402,-0.025288621290087743,-1.1651700861775494,Motorcycles,-0.6151085860658991,S24_2000,Lyon Souveniers,+33 1 46 62 7555,27 rue du Colonel Pierre Avia,Paris,75508,France,EMEA,Da Cunha,Daniel,Medium
-1.2352139126355548,1.2225396970479543,-0.0311612392293222,1.0730722067180898,0.1892552675170385,8/25/2003 0:00,Shipped,0.23455347294126402,0.24823543197396428,-1.1651700861775494,Motorcycles,-0.6151085860658991,S24_2000,Toys4GrownUps.com,6265557265,78934 Hillside Dr.,Pasadena,90003,USA,EMEA,Young,Julie,Medium
-1.0940157186701667,-1.344269939388035,-0.8243909045265035,-1.2937399188895102,-1.1290715205802873,10/10/2003 0:00,Shipped,1.0653495257808978,0.7952835385020682,-1.1651700861775494,Motorcycles,-0.6151085860658991,S24_2000,Baane Mini Imports,07-98 9555,Erling Skakkes gate 78,Stavern,4110,Norway,EMEA,Bergulfsen,Jonas,Small
-0.9854017233121758,-0.6255632411859581,-0.408936867327105,-0.1103338560857102,-0.7423134572349847,10/28/2003 0:00,Shipped,1.0653495257808978,0.7952835385020682,-1.1651700861775494,Motorcycles,-0.6151085860658991,S24_2000,Technics Stores Inc.,6505556809,9408 Furth Circle,Burlingame,94217,USA,EMEA,Hirano,Juri,Small
-0.8550649288825867,-0.7282356266433977,-0.7490340863232715,1.7831158444003699,-0.8875669769747244,11/11/2003 0:00,Shipped,1.0653495257808978,1.0688075917661204,-1.1651700861775494,Motorcycles,-0.6151085860658991,S24_2000,Daedalus Designs Imports,20.16.1555,"184, chausse de Tournai",Lille,59000,France,EMEA,Rance,Martine,Small
-0.7681737325961939,0.5038329988458772,0.38379702942926597,-0.1103338560857102,0.05544869605990253,11/18/2003 0:00,Shipped,1.0653495257808978,1.0688075917661204,-1.1651700861775494,Motorcycles,-0.6151085860658991,S24_2000,Herkku Gifts,+47 2267 3215,"Drammen 121, PR 744 Sentrum",Bergen,N 5804,Norway,EMEA,Oeztan,Veysel,Medium
-0.6269755386308058,-1.0362527830157164,-0.48478945407114804,0.1263473564750498,-0.9268819226891706,12/1/2003 0:00,Shipped,1.0653495257808978,1.3423316450301723,-1.1651700861775494,Motorcycles,-0.6151085860658991,S24_2000,Mini Wheels Co.,6505555787,5557 North Pendale Street,San Francisco,28034,USA,EMEA,Murphy,Julie,Small
-0.529222942808614,-0.5228908557285186,-1.088635536778627,-0.5836962812072303,-0.9247098262408586,1/12/2004 0:00,Shipped,-1.4270386327380036,-1.6664329408743999,0.2643280247651782,Motorcycles,-0.6151085860658991,S24_2000,Osaka Souveniers Co.,+81 06 6342 5555,"Dojima Avanza 4F, 1-6-20 Dojima, Kita-ku",Osaka,530-0003,Japan,Japan,Kentary,Mory,Small
-0.38802474884322585,0.29848822793099805,-0.711355677221655,-0.1103338560857102,-0.49964141178845417,2/20/2004 0:00,Shipped,-1.4270386327380036,-1.3929088876103477,0.2643280247651782,Motorcycles,-0.6151085860658991,S24_2000,"Australian Collectors, Co.",03 9520 4555,636 St Kilda Road,Melbourne,3004,Australia,APAC,Ferguson,Peter,Small
-0.24682655487783767,0.09314345701611891,0.19540498392118485,-0.8203774937679902,-0.21736661784807668,4/3/2004 0:00,Shipped,-0.5962425798983697,-0.8458607810822437,0.2643280247651782,Motorcycles,-0.6151085860658991,S24_2000,Motor Mint Distributors Inc.,2155559857,11328 Douglas Av.,Philadelphia,71270,USA,EMEA,Hernandez,Rosa,Medium
-0.09476696137665042,-0.3175460848136394,0.19540498392118485,-1.2937399188895102,-0.4076422667202023,5/11/2004 0:00,Shipped,-0.5962425798983697,-0.5723367278181918,0.2643280247651782,Motorcycles,-0.6151085860658991,S24_2000,The Sharp Gifts Warehouse,4085553659,3086 Ingle Ln.,San Jose,94217,USA,EMEA,Frick,Sue,Small
0.046431232588737756,0.1958158424735585,-1.0509571276770109,0.1263473564750498,-0.6749078742027445,6/28/2004 0:00,Shipped,-0.5962425798983697,-0.29881267455413973,0.2643280247651782,Motorcycles,-0.6151085860658991,S24_2000,Gift Depot Inc.,2035552570,25593 South Bay Ln.,Bridgewater,97562,USA,EMEA,King,Julie,Small
0.17676802701832683,-0.5228908557285186,-0.18237064417659724,-0.1103338560857102,-0.6269154031772921,7/23/2004 0:00,Shipped,0.23455347294126402,-0.025288621290087743,0.2643280247651782,Motorcycles,-0.6151085860658991,S24_2000,La Rochelle Gifts,40.67.8555,"67, rue des Cinquante Otages",Nantes,44000,France,EMEA,Labrune,Janine,Small
0.2853820223763177,0.40116061338843767,-0.6731814995792285,1.0730722067180898,-0.4456973964946274,8/27/2004 0:00,Shipped,0.23455347294126402,0.24823543197396428,0.2643280247651782,Motorcycles,-0.6151085860658991,S24_2000,Marta's Replicas Co.,6175558555,39323 Spinnaker Dr.,Cambridge,51247,USA,EMEA,Hernandez,Marta,Small
0.41571881680590683,-0.3175460848136394,-0.8997477227297355,-1.2937399188895102,-0.7914951510658875,9/16/2004 0:00,Shipped,0.23455347294126402,0.5217594852380163,0.2643280247651782,Motorcycles,-0.6151085860658991,S24_2000,"Clover Collections, Co.",+353 1862 1555,25 Maiden Lane,Dublin,2,Ireland,EMEA,Cassidy,Dean,Small
0.5351942116996968,1.2225396970479543,-1.0132787185753949,-0.5836962812072303,-0.3163381925154099,10/15/2004 0:00,Shipped,1.0653495257808978,0.7952835385020682,0.2643280247651782,Motorcycles,-0.6151085860658991,S24_2000,Mini Classics,9145554562,3758 North Pendale Street,White Plains,24067,USA,EMEA,Frick,Steve,Small
0.6438082070576877,-0.9335803975582768,0.1572308062787582,-0.1103338560857102,-0.703927082752192,11/2/2004 0:00,Shipped,1.0653495257808978,1.0688075917661204,0.2643280247651782,Motorcycles,-0.6151085860658991,S24_2000,Diecast Classics Inc.,2155551555,7586 Pompton St.,Allentown,70267,USA,EMEA,Yu,Kyung,Small
0.7632836019514777,0.1958158424735585,0.5340148972949198,-0.5836962812072303,-0.03257008226681798,11/15/2004 0:00,Shipped,1.0653495257808978,1.0688075917661204,0.2643280247651782,Motorcycles,-0.6151085860658991,S24_2000,Land of Toys Inc.,2125557818,897 Long Airport Avenue,NYC,10022,USA,EMEA,Yu,Kwai,Medium
0.8827589968452677,2.043918780707471,-0.18237064417659724,0.3630285690358098,0.45886130892263666,11/24/2004 0:00,Shipped,1.0653495257808978,1.0688075917661204,0.2643280247651782,Motorcycles,-0.6151085860658991,S24_2000,Enaco Distributors,(93) 203 4555,"Rambla de CataluÂ¤a, 23",Barcelona,8022,Spain,EMEA,Saavedra,Eduardo,Medium
1.1325711861686467,-1.4469423248454747,0.8101579745265006,0.3630285690358098,0.022660900172633797,1/6/2005 0:00,Shipped,-1.4270386327380036,-1.6664329408743999,1.6938261357079059,Motorcycles,-0.6151085860658991,S24_2000,Suominen Souveniers,+358 9 8045 555,"Software Engineering Center, SEC Oy",Espoo,FIN-02271,Finland,EMEA,Suominen,Kalle,Medium
1.2629079805982357,-1.2415975539305957,0.8101579745265006,0.5997097815965698,-0.6030820748981894,2/3/2005 0:00,Shipped,-1.4270386327380036,-1.3929088876103477,1.6938261357079059,Motorcycles,-0.6151085860658991,S24_2000,La Rochelle Gifts,40.67.8555,"67, rue des Cinquante Otages",Nantes,44000,France,EMEA,Labrune,Janine,Small
1.414967574099423,1.4278844679628335,-0.11197151138147232,-1.0570587063287502,0.23605851573703995,3/3/2005 0:00,Shipped,-1.4270386327380036,-1.1193848343462958,1.6938261357079059,Motorcycles,-0.6151085860658991,S24_2000,Scandinavian Gift Ideas,0695-34 6555,?kergatan 24,Boras,S-844 67,Sweden,EMEA,Larsson,Maria,Medium
1.5561657680648113,2.4546083225372293,0.19540498392118485,-0.8203774937679902,0.8767183631666453,4/7/2005 0:00,Shipped,-0.5962425798983697,-0.8458607810822437,1.6938261357079059,Motorcycles,-0.6151085860658991,S24_2000,Auto Canal Petit,(1) 47.55.6555,"25, rue Lauriston",Paris,75016,France,EMEA,Perrier,Dominique,Medium
1.7082253615659986,-0.3175460848136394,0.19540498392118485,-1.2937399188895102,-0.4076422667202023,5/10/2005 0:00,Shipped,-0.5962425798983697,-0.5723367278181918,1.6938261357079059,Motorcycles,-0.6151085860658991,S24_2000,L'ordine Souveniers,0522-556555,Strada Provinciale 124,Reggio Emilia,42100,Italy,EMEA,Moroni,Maurizio,Small
-1.6696698940675183,0.8118501552181959,0.8101579745265006,0.5997097815965698,1.513582472052826,2/11/2003 0:00,Shipped,-1.4270386327380036,-1.3929088876103477,-1.1651700861775494,Ships,0.5297169996897844,S24_2011,Danish Wholesale Imports,31 12 3555,Vinb'ltet 34,Kobenhavn,1734,Denmark,EMEA,Petersen,Jytte,Medium
-1.5393330996379293,0.6065053843033168,0.8101579745265006,-0.8203774937679902,0.8883282186828727,4/16/2003 0:00,Shipped,-0.5962425798983697,-0.8458607810822437,-1.1651700861775494,Ships,0.5297169996897844,S24_2011,"Dragon Souveniers, Ltd.",+65 221 7555,"Bronz Sok., Bronz Apt. 3/6 Tesvikiye",Singapore,79903,Singapore,Japan,Natividad,Eric,Medium
-1.4089963052083403,1.017194926133075,0.8101579745265006,0.5997097815965698,1.3433661338808611,6/12/2003 0:00,Shipped,-0.5962425798983697,-0.29881267455413973,-1.1651700861775494,Ships,0.5297169996897844,S24_2011,"Stylish Desk Decors, Co.",(171) 555-0297,35 King George,London,WX3 6FW,UK,EMEA,Brown,Ann,Medium
-1.2677981112429522,-0.21487369935619982,0.8101579745265006,-0.1103338560857102,-0.10202829644271283,8/8/2003 0:00,Shipped,0.23455347294126402,0.24823543197396428,-1.1651700861775494,Ships,0.5297169996897844,S24_2011,Mini Gifts Distributors Ltd.,4155551450,5677 Strong St.,San Rafael,97562,USA,EMEA,Nelson,Valarie,Medium
-1.148322716349162,0.5038329988458772,0.8101579745265006,-0.3470150686464702,1.0331093074451048,9/28/2003 0:00,Shipped,0.23455347294126402,0.5217594852380163,-1.1651700861775494,Ships,0.5297169996897844,S24_2011,Euro Shopping Channel,(91) 555 94 44,"C/ Moralzarzal, 86",Madrid,28034,Spain,EMEA,Freyre,Diego,Medium
-0.9962631228479749,-0.21487369935619982,0.8101579745265006,2.2564782695218897,0.14024734140200043,10/23/2003 0:00,Cancelled,1.0653495257808978,0.7952835385020682,-1.1651700861775494,Ships,0.5297169996897844,S24_2011,Scandinavian Gift Ideas,0695-34 6555,?kergatan 24,Boras,S-844 67,Sweden,EMEA,Larsson,Maria,Medium
-0.8876491274899839,1.530556853420273,0.8101579745265006,0.1263473564750498,1.3733682160731697,11/7/2003 0:00,Shipped,1.0653495257808978,1.0688075917661204,-1.1651700861775494,Ships,0.5297169996897844,S24_2011,CAF Imports,+34 913 728 555,"Merchants House, 27-30 Merchant's Quay",Madrid,28023,Spain,EMEA,Fernandez,Jesus,Medium
-0.8007579312035913,-0.5228908557285186,0.8101579745265006,0.1263473564750498,-0.2080809055315432,11/14/2003 0:00,Shipped,1.0653495257808978,1.0688075917661204,-1.1651700861775494,Ships,0.5297169996897844,S24_2011,Mini Creations Ltd.,5085559555,4575 Hillside Dr.,New Bedford,50553,USA,EMEA,Tam,Wing C,Medium
-0.6704211367740022,0.6065053843033168,0.8101579745265006,1.5464346318396098,0.5325496809316195,11/26/2003 0:00,Shipped,1.0653495257808978,1.0688075917661204,-1.1651700861775494,Ships,0.5297169996897844,S24_2011,Enaco Distributors,(93) 203 4555,"Rambla de CataluÂ¤a, 23",Barcelona,8022,Spain,EMEA,Saavedra,Eduardo,Medium
-0.5509457418802122,-0.009528928441320661,0.8101579745265006,0.1263473564750498,0.4057807019670137,1/2/2004 0:00,Shipped,-1.4270386327380036,-1.6664329408743999,0.2643280247651782,Ships,0.5297169996897844,S24_2011,"Saveley & Henriot, Co.",78.32.5555,"2, rue du Commerce",Lyon,69004,France,EMEA,Saveley,Mary,Medium
-0.40974754791482404,1.4278844679628335,0.8101579745265006,-1.2937399188895102,1.7652307060720054,2/18/2004 0:00,Shipped,-1.4270386327380036,-1.3929088876103477,0.2643280247651782,Ships,0.5297169996897844,S24_2011,Petit Auto,(02) 5554 67,Rue Joseph-Bens 532,Bruxelles,B-1180,Belgium,EMEA,Dewey,Catherine,Medium
-0.29027215302103404,1.1198673115905147,0.8101579745265006,-0.5836962812072303,1.1398352664329117,3/20/2004 0:00,Shipped,-1.4270386327380036,-1.1193848343462958,0.2643280247651782,Ships,0.5297169996897844,S24_2011,giftsbymail.co.uk,(198) 555-8888,Garden House Crowther Way,Cowes,PO31 7PJ,UK,EMEA,Bennett,Helen,Medium
-0.11648976044824859,1.325212082505394,0.8101579745265006,0.8363909941573299,1.849861013939359,5/7/2004 0:00,Cancelled,-0.5962425798983697,-0.5723367278181918,0.2643280247651782,Ships,0.5297169996897844,S24_2011,Land of Toys Inc.,2125557818,897 Long Airport Avenue,NYC,10022,USA,EMEA,Yu,Kwai,Medium
0.024708433517139576,0.09314345701611891,0.8101579745265006,0.3630285690358098,0.5206031504659038,6/17/2004 0:00,Shipped,-0.5962425798983697,-0.29881267455413973,0.2643280247651782,Ships,0.5297169996897844,S24_2011,Quebec Home Shopping Network,(514) 555-8054,43 rue St. Laurent,Montreal,H1J 1C3,Canada,EMEA,Fresnisre,Jean,Medium
0.15504522794672865,-1.344269939388035,0.8101579745265006,1.0730722067180898,-0.41765563134692013,7/21/2004 0:00,Shipped,0.23455347294126402,-0.025288621290087743,0.2643280247651782,Ships,0.5297169996897844,S24_2011,Petit Auto,(02) 5554 67,Rue Joseph-Bens 532,Bruxelles,B-1180,Belgium,EMEA,Dewey,Catherine,Small
0.2636592233047195,0.7091777697607564,0.8101579745265006,1.5464346318396098,0.9570642107897038,8/20/2004 0:00,Shipped,0.23455347294126402,0.24823543197396428,0.2643280247651782,Ships,0.5297169996897844,S24_2011,"Royal Canadian Collectables, Ltd.",(604) 555-4555,23 Tsawassen Blvd.,Tsawassen,T2F 8M4,Canada,EMEA,Lincoln,Elizabeth,Medium
0.37227321866271046,-1.4469423248454747,0.8101579745265006,-1.0570587063287502,-0.3323302526161067,9/9/2004 0:00,Shipped,0.23455347294126402,0.5217594852380163,0.2643280247651782,Ships,0.5297169996897844,S24_2011,Amica Models & Co.,011-4988555,Via Monte Bianco 34,Torino,10100,Italy,EMEA,Accorti,Paolo,Small
0.5134714126280986,-0.6255632411859581,0.8101579745265006,0.1263473564750498,-0.18815192061828104,10/14/2004 0:00,Shipped,1.0653495257808978,0.7952835385020682,0.2643280247651782,Ships,0.5297169996897844,S24_2011,"AV Stores, Co.",(171) 555-1555,Fauntleroy Circus,Manchester,EC2 5NT,UK,EMEA,Ashworth,Victoria,Medium
0.6112240084502905,-0.009528928441320661,0.8101579745265006,-0.1103338560857102,0.3590263259170996,10/29/2004 0:00,Shipped,1.0653495257808978,0.7952835385020682,0.2643280247651782,Ships,0.5297169996897844,S24_2011,La Rochelle Gifts,40.67.8555,"67, rue des Cinquante Otages",Nantes,44000,France,EMEA,Labrune,Janine,Medium
0.7306994033440805,0.6065053843033168,0.8101579745265006,-0.5836962812072303,0.4232334969292003,11/9/2004 0:00,Shipped,1.0653495257808978,1.0688075917661204,0.2643280247651782,Ships,0.5297169996897844,S24_2011,"Volvo Model Replicas, Co",0921-12 3555,BerguvsvÂgen  8,Lule,S-958 22,Sweden,EMEA,Berglund,Christina,Medium
0.8501747982378703,-0.6255632411859581,-0.5794812453659989,-0.5836962812072303,-0.7964855426558842,11/21/2004 0:00,Shipped,1.0653495257808978,1.0688075917661204,0.2643280247651782,Ships,0.5297169996897844,S24_2011,Classic Legends Inc.,2125558493,5905 Pompton St.,NYC,10022,USA,EMEA,Hernandez,Maria,Small
0.9913729922032586,-0.11220131389876024,-1.6523243676804367,0.1263473564750498,-1.0006137366271193,12/2/2004 0:00,Shipped,1.0653495257808978,1.3423316450301723,0.2643280247651782,Ships,0.5297169996897844,S24_2011,Euro Shopping Channel,(91) 555 94 44,"C/ Moralzarzal, 86",Madrid,28034,Spain,EMEA,Freyre,Diego,Small
1.2303237819908386,0.1958158424735585,0.8101579745265006,0.3630285690358098,0.1936646233071119,1/26/2005 0:00,Shipped,-1.4270386327380036,-1.6664329408743999,1.6938261357079059,Ships,0.5297169996897844,S24_2011,"Tokyo Collectables, Ltd",+81 3 3584 0555,2-2-8 Roppongi,Minato-ku,106-0032,Japan,Japan,Shimamura,Akiko,Medium
1.3606605764204276,-0.7282356266433977,-0.1546076058911958,-0.8203774937679902,-0.7052629220679038,2/23/2005 0:00,Shipped,-1.4270386327380036,-1.3929088876103477,1.6938261357079059,Ships,0.5297169996897844,S24_2011,Corporate Gift Ideas Co.,6505551386,7734 Strong St.,San Francisco,28034,USA,EMEA,Brown,Julie,Small
1.4909973708500166,1.4278844679628335,0.8101579745265006,-0.1103338560857102,1.17665773147292,3/23/2005 0:00,Shipped,-1.4270386327380036,-1.1193848343462958,1.6938261357079059,Ships,0.5297169996897844,S24_2011,Mini Gifts Distributors Ltd.,4155551450,5677 Strong St.,San Rafael,97562,USA,EMEA,Nelson,Valarie,Medium
1.6865025624944003,-1.2415975539305957,0.8101579745265006,0.8363909941573299,-0.1187371483713524,5/6/2005 0:00,On Hold,-0.5962425798983697,-0.5723367278181918,1.6938261357079059,Ships,0.5297169996897844,S24_2011,Gifts4AllAges.com,6175559555,8616 Spinnaker Dr.,Boston,51003,USA,EMEA,Yoshido,Juri,Medium
-1.7131154922107148,1.1198673115905147,-1.4822757581823534,-1.0570587063287502,-0.5869705494928357,1/9/2003 0:00,Shipped,-1.4270386327380036,-1.6664329408743999,-1.1651700861775494,Vintage Cars,-1.4115089935481138,S24_2022,"Blauer See Auto, Co.",+49 69 66 90 2555,Lyonerstr. 34,Frankfurt,60528,Germany,EMEA,Keitel,Roland,Small
-1.615362896388523,0.40116061338843767,-1.948793955085258,-1.0570587063287502,-0.990605802241522,3/18/2003 0:00,Shipped,-1.4270386327380036,-1.1193848343462958,-1.1651700861775494,Vintage Cars,-1.4115089935481138,S24_2022,"AV Stores, Co.",(171) 555-1555,Fauntleroy Circus,Manchester,EC2 5NT,UK,EMEA,Ashworth,Victoria,Small
-1.4633033028873357,-1.344269939388035,-1.9041747864122915,-1.2937399188895102,-1.3892669541235738,5/21/2003 0:00,Shipped,-0.5962425798983697,-0.5723367278181918,-1.1651700861775494,Vintage Cars,-1.4115089935481138,S24_2022,Signal Gift Stores,7025551838,8489 Strong St.,Las Vegas,83030,USA,EMEA,King,Sue,Small
-1.1917683144923585,1.4278844679628335,-1.704380064465564,-0.1103338560857102,-0.6185962737802576,9/12/2003 0:00,Shipped,0.23455347294126402,0.5217594852380163,-1.1651700861775494,Vintage Cars,-1.4115089935481138,S24_2022,Signal Collectibles Ltd.,4155554312,2793 Furth Circle,Brisbane,94217,USA,EMEA,Taylor,Sue,Small
-1.0505701205269704,0.8118501552181959,-2.3483833989787133,-0.5836962812072303,-1.0824746215228753,10/18/2003 0:00,Shipped,1.0653495257808978,0.7952835385020682,-1.1651700861775494,Vintage Cars,-1.4115089935481138,S24_2022,Corporate Gift Ideas Co.,6505551386,7734 Strong St.,San Francisco,28034,USA,EMEA,Brown,Julie,Small
-0.9310947256331803,-0.8309080121008373,-2.103969508359019,0.3630285690358098,-1.3254942024011354,11/5/2003 0:00,Shipped,1.0653495257808978,1.0688075917661204,-1.1651700861775494,Vintage Cars,-1.4115089935481138,S24_2022,Rovelli Gifts,035-640555,Via Ludovico il Moro 22,Bergamo,24100,Italy,EMEA,Rovelli,Giovanni,Small
-0.8333421298109885,-0.42021847027107895,-2.3260738146422297,-0.3470150686464702,-1.311375575487108,11/12/2003 0:00,Shipped,1.0653495257808978,1.0688075917661204,-1.1651700861775494,Vintage Cars,-1.4115089935481138,S24_2022,Mini Gifts Distributors Ltd.,4155551450,5677 Strong St.,San Rafael,97562,USA,EMEA,Nelson,Valarie,Small
-0.7138667349171985,-1.5496147103029143,-1.6379470799969251,0.5997097815965698,-1.380089846629456,11/21/2003 0:00,Shipped,1.0653495257808978,1.0688075917661204,-1.1651700861775494,Vintage Cars,-1.4115089935481138,S24_2022,"Australian Collectables, Ltd",61-9-3844-6555,7 Allen Street,Glen Waverly,3150,Australia,APAC,Connery,Sean,Small
-0.5835299404876094,-1.138925168473156,-2.259640830173591,-0.5836962812072303,-1.433566861186896,12/3/2003 0:00,Shipped,1.0653495257808978,1.3423316450301723,-1.1651700861775494,Vintage Cars,-1.4115089935481138,S24_2022,Euro Shopping Channel,(91) 555 94 44,"C/ Moralzarzal, 86",Madrid,28034,Spain,EMEA,Freyre,Diego,Small
-0.48577734466541767,1.4278844679628335,-1.770813048934203,-1.0570587063287502,-0.6542512369792979,1/26/2004 0:00,Shipped,-1.4270386327380036,-1.6664329408743999,0.2643280247651782,Vintage Cars,-1.4115089935481138,S24_2022,"Corrida Auto Replicas, Ltd",(91) 555 22 82,"C/ Araquil, 67",Madrid,28023,Spain,EMEA,Sommer,MartÂ¡n,Small
-0.3445791507000295,-1.138925168473156,-1.7489992331385305,-0.3470150686464702,-1.2993313006812182,3/2/2004 0:00,Shipped,-1.4270386327380036,-1.1193848343462958,0.2643280247651782,Vintage Cars,-1.4115089935481138,S24_2022,"Saveley & Henriot, Co.",78.32.5555,"2, rue du Commerce",Lyon,69004,France,EMEA,Saveley,Mary,Small
-0.15993535859144495,0.40116061338843767,-1.9041747864122915,0.5997097815965698,-0.9715456559075847,4/29/2004 0:00,Shipped,-0.5962425798983697,-0.8458607810822437,0.2643280247651782,Vintage Cars,-1.4115089935481138,S24_2022,Euro Shopping Channel,(91) 555 94 44,"C/ Moralzarzal, 86",Madrid,28034,Spain,EMEA,Freyre,Diego,Small
-0.04045996369765496,0.1958158424735585,-1.8818652020758082,-1.0570587063287502,-1.0116479865845438,6/4/2004 0:00,Shipped,-0.5962425798983697,-0.29881267455413973,0.2643280247651782,Vintage Cars,-1.4115089935481138,S24_2022,Mini Caravy,88.60.1555,"24, place Kluber",Strasbourg,67000,France,EMEA,Citeaux,Frederique,Small
0.23107502469732227,1.017194926133075,-1.793122633270686,1.0730722067180898,-0.7693777789809512,8/17/2004 0:00,Shipped,0.23455347294126402,0.24823543197396428,0.2643280247651782,Vintage Cars,-1.4115089935481138,S24_2022,Amica Models & Co.,011-4988555,Via Monte Bianco 34,Torino,10100,Italy,EMEA,Accorti,Paolo,Small
0.3288276205195141,1.017194926133075,-1.7489992331385305,-0.5836962812072303,-0.747629663292228,9/3/2004 0:00,Shipped,0.23455347294126402,0.5217594852380163,0.2643280247651782,Vintage Cars,-1.4115089935481138,S24_2022,Herkku Gifts,+47 2267 3215,"Drammen 121, PR 744 Sentrum",Bergen,N 5804,Norway,EMEA,Oeztan,Veysel,Small
0.49174861355650046,0.9145225406756355,-2.193207845704952,2.0197970569611297,-0.9879829957801853,10/11/2004 0:00,Shipped,1.0653495257808978,0.7952835385020682,0.2643280247651782,Vintage Cars,-1.4115089935481138,S24_2022,Auto Assoc. & Cie.,30.59.8555,"67, avenue de l'Europe",Versailles,78000,France,EMEA,Tonini,Daniel,Small
0.5786398098428932,-1.2415975539305957,-2.281950414510074,1.3097534192788498,-1.4598655189348326,10/21/2004 0:00,Shipped,1.0653495257808978,0.7952835385020682,0.2643280247651782,Vintage Cars,-1.4115089935481138,S24_2022,Mini Gifts Distributors Ltd.,4155551450,5677 Strong St.,San Rafael,97562,USA,EMEA,Nelson,Valarie,Small
0.6872538052008841,-0.5228908557285186,0.8101579745265006,-0.5836962812072303,-0.029208763013055226,11/4/2004 0:00,Shipped,1.0653495257808978,1.0688075917661204,0.2643280247651782,Vintage Cars,-1.4115089935481138,S24_2022,Online Diecast Creations Co.,6035558647,2304 Long Airport Avenue,Nashua,62005,USA,EMEA,Young,Valarie,Medium
0.795867800558875,-0.9335803975582768,0.09228512743255138,0.8363909941573299,-0.722422484009568,11/17/2004 0:00,Shipped,1.0653495257808978,1.0688075917661204,0.2643280247651782,Vintage Cars,-1.4115089935481138,S24_2022,"AV Stores, Co.",(171) 555-1555,Fauntleroy Circus,Manchester,EC2 5NT,UK,EMEA,Ashworth,Victoria,Small
0.9370659945242631,0.8118501552181959,-1.4822757581823534,-1.2937399188895102,-0.674549478288773,11/25/2004 0:00,Shipped,1.0653495257808978,1.0688075917661204,0.2643280247651782,Vintage Cars,-1.4115089935481138,S24_2022,Atelier graphique,40.32.2555,"54, rue Royale",Nantes,44000,France,EMEA,Schmitt,Carine,Small
1.056541389418053,-0.9335803975582768,-2.5680088625578703,0.1263473564750498,-1.480028004216288,12/9/2004 0:00,Shipped,1.0653495257808978,1.3423316450301723,0.2643280247651782,Vintage Cars,-1.4115089935481138,S24_2022,Lyon Souveniers,+33 1 46 62 7555,27 rue du Colonel Pierre Avia,Paris,75508,France,EMEA,Da Cunha,Daniel,Small
1.176016784311843,-0.7282356266433977,-2.6309714672408337,1.3097534192788498,-1.464736445220172,1/12/2005 0:00,Resolved,-1.4270386327380036,-1.6664329408743999,1.6938261357079059,Vintage Cars,-1.4115089935481138,S24_2022,Toys4GrownUps.com,6265557265,78934 Hillside Dr.,Pasadena,90003,USA,EMEA,Young,Julie,Small
1.3172149782772313,-0.8309080121008373,-0.7589494571394864,-0.3470150686464702,-0.9277236100628914,2/16/2005 0:00,Shipped,-1.4270386327380036,-1.3929088876103477,1.6938261357079059,Vintage Cars,-1.4115089935481138,S24_2022,Euro Shopping Channel,(91) 555 94 44,"C/ Moralzarzal, 86",Madrid,28034,Spain,EMEA,Freyre,Diego,Small
1.4366903731710212,-1.138925168473156,0.8101579745265006,-1.2937399188895102,0.26509944525097057,3/9/2005 0:00,Shipped,-1.4270386327380036,-1.1193848343462958,1.6938261357079059,Vintage Cars,-1.4115089935481138,S24_2022,"Anna's Decorations, Ltd",02 9936 8555,201 Miller Street,North Sydney,2060,Australia,APAC,O'Hara,Anna,Medium
1.762532359244994,0.5038329988458772,-1.8818652020758082,-1.0570587063287502,-0.9371993808186523,5/29/2005 0:00,In Process,-0.5962425798983697,-0.5723367278181918,1.6938261357079059,Vintage Cars,-1.4115089935481138,S24_2022,Mini Gifts Distributors Ltd.,4155551450,5677 Strong St.,San Rafael,97562,USA,EMEA,Nelson,Valarie,Small
-1.6913926931391166,0.09314345701611891,0.8101579745265006,-1.2937399188895102,0.06863332150115609,1/29/2003 0:00,Shipped,-1.4270386327380036,-1.6664329408743999,-1.1651700861775494,Trucks and Buses,0.6541545633588803,S24_2300,Baane Mini Imports,07-98 9555,Erling Skakkes gate 78,Stavern,4110,Norway,EMEA,Bergulfsen,Jonas,Medium
-1.5719172982453267,-1.4469423248454747,0.8101579745265006,-0.3470150686464702,-0.3414530576990167,4/1/2003 0:00,Shipped,-0.5962425798983697,-0.8458607810822437,-1.1651700861775494,Trucks and Buses,0.6541545633588803,S24_2300,"La Corne D'abondance, Co.",(1) 42.34.2555,"265, boulevard Charonne",Paris,75012,France,EMEA,Bertrand,Marie,Small
-1.4415805038157374,-0.8309080121008373,0.8101579745265006,-1.2937399188895102,-0.07500198638459157,5/28/2003 0:00,Shipped,-0.5962425798983697,-0.5723367278181918,-1.1651700861775494,Trucks and Buses,0.6541545633588803,S24_2300,"Corrida Auto Replicas, Ltd",(91) 555 22 82,"C/ Araquil, 67",Madrid,28023,Spain,EMEA,Sommer,MartÂ¡n,Medium
-1.2895209103145502,1.2225396970479543,0.8101579745265006,-1.2937399188895102,0.8423666578365925,7/24/2003 0:00,Shipped,0.23455347294126402,-0.025288621290087743,-1.1651700861775494,Trucks and Buses,0.6541545633588803,S24_2300,Technics Stores Inc.,6505556809,9408 Furth Circle,Burlingame,94217,USA,EMEA,Hirano,Juri,Medium
-1.1700455154207603,0.7091777697607564,0.8101579745265006,0.3630285690358098,0.838923884966018,9/21/2003 0:00,Shipped,0.23455347294126402,0.5217594852380163,-1.1651700861775494,Trucks and Buses,0.6541545633588803,S24_2300,"Oulu Toy Supplies, Inc.",981-443655,Torikatu 38,Oulu,90110,Finland,EMEA,Koskitalo,Pirkko,Medium
-1.017985921919573,-0.3175460848136394,0.8101579745265006,2.4931594820826497,0.6016006270234558,10/22/2003 0:00,Shipped,1.0653495257808978,0.7952835385020682,-1.1651700861775494,Trucks and Buses,0.6541545633588803,S24_2300,"Dragon Souveniers, Ltd.",+65 221 7555,"Bronz Sok., Bronz Apt. 3/6 Tesvikiye",Singapore,79903,Singapore,Japan,Natividad,Eric,Medium
-0.9093719265615822,-0.7282356266433977,0.8101579745265006,-0.1103338560857102,-0.3170875657900776,11/6/2003 0:00,Shipped,1.0653495257808978,1.0688075917661204,-1.1651700861775494,Trucks and Buses,0.6541545633588803,S24_2300,"Stylish Desk Decors, Co.",(171) 555-0297,35 King George,London,WX3 6FW,UK,EMEA,Brown,Ann,Small
-0.8116193307393903,-1.138925168473156,0.8101579745265006,1.0730722067180898,-0.031261394156709865,11/14/2003 0:00,Shipped,1.0653495257808978,1.0688075917661204,-1.1651700861775494,Trucks and Buses,0.6541545633588803,S24_2300,"Iberia Gift Imports, Corp.",(95) 555 82 82,"C/ Romero, 33",Sevilla,41101,Spain,EMEA,Roel,Jose Pedro,Medium
-0.7030053353813994,1.4278844679628335,0.8101579745265006,-1.2937399188895102,1.1984764402962136,11/25/2003 0:00,Shipped,1.0653495257808978,1.0688075917661204,-1.1651700861775494,Trucks and Buses,0.6541545633588803,S24_2300,"Saveley & Henriot, Co.",78.32.5555,"2, rue du Commerce",Lyon,69004,France,EMEA,Saveley,Mary,Medium
-0.5618071414160113,1.1198673115905147,0.8101579745265006,1.3097534192788498,1.773055683527049,12/9/2003 0:00,Shipped,1.0653495257808978,1.3423316450301723,-1.1651700861775494,Trucks and Buses,0.6541545633588803,S24_2300,Diecast Collectables,6175552555,6251 Ingle Ln.,Boston,51003,USA,EMEA,Franco,Valarie,Medium
-0.45319314605802036,-0.7282356266433977,0.8101579745265006,-1.2937399188895102,-0.21992969165708465,2/4/2004 0:00,Shipped,-1.4270386327380036,-1.3929088876103477,0.2643280247651782,Trucks and Buses,0.6541545633588803,S24_2300,Handji Gifts& Co,+65 224 1555,Village Close - 106 Linden Road Sandown,Singapore,69045,Singapore,APAC,Victorino,Wendy,Medium
-0.3228563516284313,1.325212082505394,0.8101579745265006,-0.1103338560857102,1.1677358453114786,3/11/2004 0:00,Shipped,-1.4270386327380036,-1.1193848343462958,0.2643280247651782,Trucks and Buses,0.6541545633588803,S24_2300,Mini Gifts Distributors Ltd.,4155551450,5677 Strong St.,San Rafael,97562,USA,EMEA,Nelson,Valarie,Medium
-0.13821255951984676,-0.6255632411859581,0.8101579745265006,0.8363909941573299,-0.018076768715456555,5/5/2004 0:00,Shipped,-0.5962425798983697,-0.5723367278181918,0.2643280247651782,Trucks and Buses,0.6541545633588803,S24_2300,Euro Shopping Channel,(91) 555 94 44,"C/ Moralzarzal, 86",Madrid,28034,Spain,EMEA,Freyre,Diego,Medium
0.0029856344455413955,1.2225396970479543,0.8101579745265006,0.5997097815965698,0.9403716495844268,6/15/2004 0:00,Shipped,-0.5962425798983697,-0.29881267455413973,0.2643280247651782,Trucks and Buses,0.6541545633588803,S24_2300,Handji Gifts& Co,+65 224 1555,Village Close - 106 Linden Road Sandown,Singapore,69045,Singapore,APAC,Victorino,Wendy,Medium
0.13332242887513046,0.8118501552181959,0.8101579745265006,0.8363909941573299,1.1138298417054973,7/20/2004 0:00,Shipped,0.23455347294126402,-0.025288621290087743,0.2643280247651782,Trucks and Buses,0.6541545633588803,S24_2300,Mini Gifts Distributors Ltd.,4155551450,5677 Strong St.,San Rafael,97562,USA,EMEA,Nelson,Valarie,Medium
0.24193642423312137,-1.0362527830157164,0.8101579745265006,-0.1103338560857102,-0.42051193817645044,8/19/2004 0:00,Shipped,0.23455347294126402,0.24823543197396428,0.2643280247651782,Trucks and Buses,0.6541545633588803,S24_2300,Diecast Classics Inc.,2155551555,7586 Pompton St.,Allentown,70267,USA,EMEA,Yu,Kyung,Small
0.35055041959111227,1.325212082505394,0.8101579745265006,-1.2937399188895102,1.0014401412287168,9/8/2004 0:00,Shipped,0.23455347294126402,0.5217594852380163,0.2643280247651782,Trucks and Buses,0.6541545633588803,S24_2300,Scandinavian Gift Ideas,0695-34 6555,?kergatan 24,Boras,S-844 67,Sweden,EMEA,Larsson,Maria,Medium
0.5026100130922995,-1.138925168473156,0.8101579745265006,0.8363909941573299,-0.19781774981326927,10/13/2004 0:00,Shipped,1.0653495257808978,0.7952835385020682,0.2643280247651782,Trucks and Buses,0.6541545633588803,S24_2300,Marta's Replicas Co.,6175558555,39323 Spinnaker Dr.,Cambridge,51247,USA,EMEA,Hernandez,Marta,Medium
0.5895012093786922,0.7091777697607564,0.8101579745265006,-0.5836962812072303,1.1012045310996843,10/22/2004 0:00,Shipped,1.0653495257808978,0.7952835385020682,0.2643280247651782,Trucks and Buses,0.6541545633588803,S24_2300,Canadian Gift Exchange Network,(604) 555-3392,1900 Oak St.,Vancouver,V3F 2K1,Canada,EMEA,Tannamuri,Yoshi,Medium
0.7089766042724822,-0.42021847027107895,0.8101579745265006,-1.0570587063287502,0.14474358105000626,11/5/2004 0:00,Shipped,1.0653495257808978,1.0688075917661204,0.2643280247651782,Trucks and Buses,0.6541545633588803,S24_2300,Vitachrome Inc.,2125551500,2678 Kingston Rd.,NYC,10022,USA,EMEA,Frick,Michael,Medium
0.8175905996304731,0.7091777697607564,0.8101579745265006,-0.3470150686464702,1.0720115548343716,11/19/2004 0:00,On Hold,1.0653495257808978,1.0688075917661204,0.2643280247651782,Trucks and Buses,0.6541545633588803,S24_2300,"Volvo Model Replicas, Co",0921-12 3555,BerguvsvÂgen  8,Lule,S-958 22,Sweden,EMEA,Berglund,Christina,Medium
0.9696501931316603,0.1958158424735585,0.8101579745265006,-1.2937399188895102,1.3182078267682882,11/1/2004 0:00,Shipped,1.0653495257808978,1.0688075917661204,0.2643280247651782,Trucks and Buses,0.6541545633588803,S24_2300,"Corrida Auto Replicas, Ltd",(91) 555 22 82,"C/ Araquil, 67",Madrid,28023,Spain,EMEA,Sommer,MartÂ¡n,Medium
1.0782641884896513,0.6065053843033168,0.8101579745265006,0.1263473564750498,1.1570545610269045,12/10/2004 0:00,Shipped,1.0653495257808978,1.3423316450301723,0.2643280247651782,Trucks and Buses,0.6541545633588803,S24_2300,Euro Shopping Channel,(91) 555 94 44,"C/ Moralzarzal, 86",Madrid,28034,Spain,EMEA,Freyre,Diego,Medium
1.2194623824550395,-1.5496147103029143,0.8101579745265006,-0.3470150686464702,-0.05674008549540892,1/23/2005 0:00,Shipped,-1.4270386327380036,-1.6664329408743999,1.6938261357079059,Trucks and Buses,0.6541545633588803,S24_2300,Mini Gifts Distributors Ltd.,4155551450,5677 Strong St.,San Rafael,97562,USA,EMEA,Nelson,Valarie,Medium
1.3389377773488293,-1.5496147103029143,0.8101579745265006,-0.8203774937679902,-0.4884442545974062,2/17/2005 0:00,Shipped,-1.4270386327380036,-1.3929088876103477,1.6938261357079059,Trucks and Buses,0.6541545633588803,S24_2300,Mini Gifts Distributors Ltd.,4155551450,5677 Strong St.,San Rafael,97562,USA,EMEA,Nelson,Valarie,Small
1.664779763422802,3.5840045625690644,0.8101579745265006,0.8363909941573299,2.684771446741501,5/3/2005 0:00,Shipped,-0.5962425798983697,-0.5723367278181918,1.6938261357079059,Trucks and Buses,0.6541545633588803,S24_2300,Euro Shopping Channel,(91) 555 94 44,"C/ Moralzarzal, 86",Madrid,28034,Spain,EMEA,Freyre,Diego,Large
1.8059779573881902,1.4278844679628335,0.8101579745265006,0.5997097815965698,1.062508632873007,5/31/2005 0:00,In Process,-0.5962425798983697,-0.5723367278181918,1.6938261357079059,Trucks and Buses,0.6541545633588803,S24_2300,La Rochelle Gifts,40.67.8555,"67, rue des Cinquante Otages",Nantes,44000,France,EMEA,Labrune,Janine,Medium
-1.6370856954601212,-0.009528928441320661,-1.2289380338280662,2.0197970569611297,-0.810973425966125,3/3/2003 0:00,Shipped,-1.4270386327380036,-1.1193848343462958,-1.1651700861775494,Motorcycles,-0.7893211752026337,S24_2360,Cruz & Sons Co.,+63 2 555 3587,15 McCallum Street - NatWest Center #13-03,Makati City,1227 MM,Philippines,Japan,Cruz,Arnold,Small
-1.495887501494733,-0.3175460848136394,-0.33605889182792653,-1.0570587063287502,-0.5939212581274339,5/7/2003 0:00,Shipped,-0.5962425798983697,-0.5723367278181918,-1.1651700861775494,Motorcycles,-0.7893211752026337,S24_2360,Reims Collectables,26.47.1555,59 rue de l'Abbaye,Reims,51100,France,EMEA,Henriot,Paul,Small
-1.3438279079935458,-0.6255632411859581,-1.0916101480234914,2.2564782695218897,-0.959159275911086,7/2/2003 0:00,Shipped,0.23455347294126402,-0.025288621290087743,-1.1651700861775494,Motorcycles,-0.7893211752026337,S24_2360,Mini Gifts Distributors Ltd.,4155551450,5677 Strong St.,San Rafael,97562,USA,EMEA,Nelson,Valarie,Small
-1.2352139126355548,-0.8309080121008373,-1.1258181773394322,-0.8203774937679902,-1.0362198276560726,8/25/2003 0:00,Shipped,0.23455347294126402,0.24823543197396428,-1.1651700861775494,Motorcycles,-0.7893211752026337,S24_2360,Toys4GrownUps.com,6265557265,78934 Hillside Dr.,Pasadena,90003,USA,EMEA,Young,Julie,Small
-1.0831543191343675,-0.8309080121008373,-0.1645229767074107,1.0730722067180898,-0.7519304142598857,10/10/2003 0:00,Shipped,1.0653495257808978,0.7952835385020682,-1.1651700861775494,Motorcycles,-0.7893211752026337,S24_2360,Corporate Gift Ideas Co.,6505551386,7734 Strong St.,San Francisco,28034,USA,EMEA,Brown,Julie,Small
-0.9745403237763767,0.29848822793099805,-0.47338677763250087,1.0730722067180898,-0.40059381374543007,11/4/2003 0:00,Shipped,1.0653495257808978,1.0688075917661204,-1.1651700861775494,Motorcycles,-0.7893211752026337,S24_2360,"Anna's Decorations, Ltd",02 9936 8555,201 Miller Street,North Sydney,2060,Australia,APAC,O'Hara,Anna,Small
-0.8550649288825867,-0.009528928441320661,-0.5765066341211343,-0.1103338560857102,-0.5608565199430053,11/11/2003 0:00,Shipped,1.0653495257808978,1.0688075917661204,-1.1651700861775494,Motorcycles,-0.7893211752026337,S24_2360,Daedalus Designs Imports,20.16.1555,"184, chausse de Tournai",Lille,59000,France,EMEA,Rance,Martine,Small
-0.7464509335245958,0.7091777697607564,-0.3702669211438674,-0.8203774937679902,-0.19218115952989973,11/19/2003 0:00,Shipped,1.0653495257808978,1.0688075917661204,-1.1651700861775494,Motorcycles,-0.7893211752026337,S24_2360,Euro Shopping Channel,(91) 555 94 44,"C/ Moralzarzal, 86",Madrid,28034,Spain,EMEA,Freyre,Diego,Medium
-0.5183615432728149,-1.4469423248454747,-0.988490291534858,1.0730722067180898,-1.2032160328434152,1/15/2004 0:00,Shipped,-1.4270386327380036,-1.6664329408743999,0.2643280247651782,Motorcycles,-0.7893211752026337,S24_2360,Auto Canal Petit,(1) 47.55.6555,"25, rue Lauriston",Paris,75016,France,EMEA,Perrier,Dominique,Small
-0.37716334930742673,0.1958158424735585,-0.1645229767074107,-0.5836962812072303,-0.31566484261643335,2/21/2004 0:00,Shipped,-1.4270386327380036,-1.3929088876103477,0.2643280247651782,Motorcycles,-0.7893211752026337,S24_2360,Daedalus Designs Imports,20.16.1555,"184, chausse de Tournai",Lille,59000,France,EMEA,Rance,Martine,Small
-0.23596515534203857,-0.9335803975582768,-0.19873100602335153,-0.5836962812072303,-0.8052988239949098,4/5/2004 0:00,Shipped,-0.5962425798983697,-0.8458607810822437,0.2643280247651782,Motorcycles,-0.7893211752026337,S24_2360,Vitachrome Inc.,2125551500,2678 Kingston Rd.,NYC,10022,USA,EMEA,Frick,Michael,Small
-0.07304416230505223,1.2225396970479543,-0.8853704350462245,0.3630285690358098,-0.2504910886848337,5/26/2004 0:00,Shipped,-0.5962425798983697,-0.5723367278181918,0.2643280247651782,Motorcycles,-0.7893211752026337,S24_2360,Auto Canal Petit,(1) 47.55.6555,"25, rue Lauriston",Paris,75016,France,EMEA,Perrier,Dominique,Medium
0.05729263212453684,0.1958158424735585,-0.9200742329029763,-0.1103338560857102,-0.621865278934967,6/30/2004 0:00,Shipped,-0.5962425798983697,-0.29881267455413973,0.2643280247651782,Motorcycles,-0.7893211752026337,S24_2360,Gifts4AllAges.com,6175559555,8616 Spinnaker Dr.,Boston,51003,USA,EMEA,Yoshido,Juri,Small
0.18762942655412593,1.1198673115905147,-0.4049707190006192,1.3097534192788498,-0.04417450754192444,8/2/2004 0:00,Shipped,0.23455347294126402,0.24823543197396428,0.2643280247651782,Motorcycles,-0.7893211752026337,S24_2360,Online Mini Collectables,6175557555,7635 Spinnaker Dr.,Brickhaven,58339,USA,EMEA,Barajas,Miguel,Medium
0.2853820223763177,0.29848822793099805,-1.194730004512125,-0.8203774937679902,-0.7008318453133472,8/27/2004 0:00,Shipped,0.23455347294126402,0.24823543197396428,0.2643280247651782,Motorcycles,-0.7893211752026337,S24_2360,Marta's Replicas Co.,6175558555,39323 Spinnaker Dr.,Cambridge,51247,USA,EMEA,Hernandez,Marta,Small
0.43744161587750496,-0.21487369935619982,-0.8511624057302837,-0.1103338560857102,-0.7383602416990568,9/30/2004 0:00,Shipped,0.23455347294126402,0.5217594852380163,0.2643280247651782,Motorcycles,-0.7893211752026337,S24_2360,"Toys of Finland, Co.",90-224 8555,Keskuskatu 45,Helsinki,21240,Finland,EMEA,Karttunen,Matti,Small
0.5460556112354958,-1.138925168473156,-1.3662659196326405,-1.0570587063287502,-1.1987197931954092,10/15/2004 0:00,Shipped,1.0653495257808978,0.7952835385020682,0.2643280247651782,Motorcycles,-0.7893211752026337,S24_2360,Baane Mini Imports,07-98 9555,Erling Skakkes gate 78,Stavern,4110,Norway,EMEA,Bergulfsen,Jonas,Small
0.6546696065934868,-0.42021847027107895,-0.09561114953471804,0.1263473564750498,-0.5540252766130643,11/3/2004 0:00,Shipped,1.0653495257808978,1.0688075917661204,0.2643280247651782,Motorcycles,-0.7893211752026337,S24_2360,Microscale Inc.,2125551957,5290 North Pendale Street,NYC,10022,USA,EMEA,Kuo,Kee,Small
0.7741450014872767,0.7091777697607564,-0.13031494739146987,-1.2937399188895102,-0.08179521802668703,11/16/2004 0:00,Shipped,1.0653495257808978,1.0688075917661204,0.2643280247651782,Motorcycles,-0.7893211752026337,S24_2360,Cruz & Sons Co.,+63 2 555 3587,15 McCallum Street - NatWest Center #13-03,Makati City,1227 MM,Philippines,Japan,Cruz,Arnold,Medium
0.8936203963810667,-0.3175460848136394,0.8101579745265006,-0.1103338560857102,-0.13395811423289838,11/24/2004 0:00,Shipped,1.0653495257808978,1.0688075917661204,0.2643280247651782,Motorcycles,-0.7893211752026337,S24_2360,Salzburg Collectables,6562-9555,Geislweg 14,Salzburg,5020,Austria,EMEA,Pipps,Georg,Medium
1.045679989882254,0.6065053843033168,-0.644922692753016,-0.8203774937679902,-0.35689666344651455,12/7/2004 0:00,Shipped,1.0653495257808978,1.3423316450301723,0.2643280247651782,Motorcycles,-0.7893211752026337,S24_2360,Euro Shopping Channel,(91) 555 94 44,"C/ Moralzarzal, 86",Madrid,28034,Spain,EMEA,Freyre,Diego,Small
1.1325711861686467,0.8118501552181959,-1.1119366581967318,1.7831158444003699,-0.5001247032482038,1/6/2005 0:00,Shipped,-1.4270386327380036,-1.6664329408743999,1.6938261357079059,Motorcycles,-0.7893211752026337,S24_2360,Suominen Souveniers,+358 9 8045 555,"Software Engineering Center, SEC Oy",Espoo,FIN-02271,Finland,EMEA,Suominen,Kalle,Small
1.2629079805982357,-1.5496147103029143,0.8101579745265006,1.7831158444003699,-0.8188201243856518,2/3/2005 0:00,Shipped,-1.4270386327380036,-1.3929088876103477,1.6938261357079059,Motorcycles,-0.7893211752026337,S24_2360,La Rochelle Gifts,40.67.8555,"67, rue des Cinquante Otages",Nantes,44000,France,EMEA,Labrune,Janine,Small
1.425828973635222,-0.009528928441320661,-0.918586927280544,-0.5836962812072303,-0.6919968430098384,3/4/2005 0:00,Shipped,-1.4270386327380036,-1.1193848343462958,1.6938261357079059,Motorcycles,-0.7893211752026337,S24_2360,Mini Gifts Distributors Ltd.,4155551450,5677 Strong St.,San Rafael,97562,USA,EMEA,Nelson,Valarie,Small
1.5670271676006102,-0.8309080121008373,-0.19873100602335153,-0.5836962812072303,-0.7620469534678984,4/8/2005 0:00,Shipped,-0.5962425798983697,-0.8458607810822437,1.6938261357079059,Motorcycles,-0.7893211752026337,S24_2360,"UK Collectables, Ltd.",(171) 555-2282,Berkeley Gardens 12  Brewery,Liverpool,WX1 6LT,UK,EMEA,Devon,Elizabeth,Small
-1.615362896388523,0.8118501552181959,-0.27309628714496226,1.0730722067180898,-0.10504208026474574,3/18/2003 0:00,Shipped,-1.4270386327380036,-1.1193848343462958,-1.1651700861775494,Classic Cars,-0.26668340779243027,S24_2766,"AV Stores, Co.",(171) 555-1555,Fauntleroy Circus,Manchester,EC2 5NT,UK,EMEA,Ashworth,Victoria,Medium
-1.4633033028873357,-0.3175460848136394,-0.5432901418868148,0.8363909941573299,-0.6665561633589849,5/21/2003 0:00,Shipped,-0.5962425798983697,-0.5723367278181918,-1.1651700861775494,Classic Cars,-0.26668340779243027,S24_2766,Signal Gift Stores,7025551838,8489 Strong St.,Las Vegas,83030,USA,EMEA,King,Sue,Small
-1.2026297140281577,-1.4469423248454747,-0.49867097321384873,-0.5836962812072303,-1.090549390069475,9/11/2003 0:00,Shipped,0.23455347294126402,0.5217594852380163,-1.1651700861775494,Classic Cars,-0.26668340779243027,S24_2766,"Anna's Decorations, Ltd",02 9936 8555,201 Miller Street,North Sydney,2060,Australia,APAC,O'Hara,Anna,Small
-1.0614315200627693,-1.5496147103029143,0.8101579745265006,-0.8203774937679902,-0.7652779469347626,10/17/2003 0:00,Shipped,1.0653495257808978,0.7952835385020682,-1.1651700861775494,Classic Cars,-0.26668340779243027,S24_2766,Heintze Collectables,86 21 3555,Smagsloget 45,Aaarhus,8200,Denmark,EMEA,Ibsen,Palle,Small
-0.9419561251689794,-1.344269939388035,-0.45355603600007105,-1.2937399188895102,-1.039711472696734,11/5/2003 0:00,Shipped,1.0653495257808978,1.0688075917661204,-1.1651700861775494,Classic Cars,-0.26668340779243027,S24_2766,Gift Depot Inc.,2035552570,25593 South Bay Ln.,Bridgewater,97562,USA,EMEA,King,Julie,Small
-0.8333421298109885,0.09314345701611891,-0.49867097321384873,1.7831158444003699,-0.49105077033538064,11/12/2003 0:00,Shipped,1.0653495257808978,1.0688075917661204,-1.1651700861775494,Classic Cars,-0.26668340779243027,S24_2766,Mini Gifts Distributors Ltd.,4155551450,5677 Strong St.,San Rafael,97562,USA,EMEA,Nelson,Valarie,Small
-0.7247281344529977,1.1198673115905147,-0.0029024324031104564,-1.0570587063287502,0.15840606770988824,11/20/2003 0:00,Shipped,1.0653495257808978,1.0688075917661204,-1.1651700861775494,Classic Cars,-0.26668340779243027,S24_2766,Online Diecast Creations Co.,6035558647,2304 Long Airport Avenue,Nashua,62005,USA,EMEA,Young,Valarie,Medium
-0.5943913400234085,1.2225396970479543,0.6277151515081486,0.3630285690358098,0.5284444186443097,12/2/2003 0:00,Shipped,1.0653495257808978,1.3423316450301723,-1.1651700861775494,Classic Cars,-0.26668340779243027,S24_2766,Muscle Machine Inc,2125557413,4092 Furth Circle,NYC,10022,USA,EMEA,Young,Jeff,Medium
-0.5075001437370158,1.017194926133075,0.22217648512496505,-1.2937399188895102,0.22394907803770106,1/16/2004 0:00,Shipped,-1.4270386327380036,-1.6664329408743999,0.2643280247651782,Classic Cars,-0.26668340779243027,S24_2766,Euro Shopping Channel,(91) 555 94 44,"C/ Moralzarzal, 86",Madrid,28034,Spain,EMEA,Freyre,Diego,Medium
-0.3445791507000295,1.2225396970479543,0.22217648512496505,1.7831158444003699,0.31967336851480793,3/2/2004 0:00,Shipped,-1.4270386327380036,-1.1193848343462958,0.2643280247651782,Classic Cars,-0.26668340779243027,S24_2766,"Saveley & Henriot, Co.",78.32.5555,"2, rue du Commerce",Lyon,69004,France,EMEA,Saveley,Mary,Medium
-0.19251955719884223,1.2225396970479543,0.5374852770805946,-0.1103338560857102,0.48199413609715897,4/13/2004 0:00,Shipped,-0.5962425798983697,-0.8458607810822437,0.2643280247651782,Classic Cars,-0.26668340779243027,S24_2766,Mini Caravy,88.60.1555,"24, place Kluber",Strasbourg,67000,France,EMEA,Citeaux,Frederique,Medium
0.08987683073193412,0.29848822793099805,0.17755731645199832,-0.8203774937679902,-0.12965736326524072,7/7/2004 0:00,Shipped,0.23455347294126402,-0.025288621290087743,0.2643280247651782,Classic Cars,-0.26668340779243027,S24_2766,Muscle Machine Inc,2125557413,4092 Furth Circle,NYC,10022,USA,EMEA,Young,Jeff,Medium
0.22021362516152318,1.4278844679628335,-0.18286641271740822,-0.8203774937679902,0.19800881620373578,8/9/2004 0:00,Shipped,0.23455347294126402,0.24823543197396428,0.2643280247651782,Classic Cars,-0.26668340779243027,S24_2766,Euro Shopping Channel,(91) 555 94 44,"C/ Moralzarzal, 86",Madrid,28034,Spain,EMEA,Freyre,Diego,Medium
0.317966220983715,-0.009528928441320661,-0.1382472440444415,0.5997097815965698,-0.39284485966607724,9/1/2004 0:00,Shipped,0.23455347294126402,0.5217594852380163,0.2643280247651782,Classic Cars,-0.26668340779243027,S24_2766,Handji Gifts& Co,+65 224 1555,Village Close - 106 Linden Road Sandown,Singapore,69045,Singapore,APAC,Victorino,Wendy,Small
0.47002581448490227,1.4278844679628335,0.8101579745265006,-0.3470150686464702,0.9475612888283391,10/6/2003 0:00,Shipped,1.0653495257808978,0.7952835385020682,-1.1651700861775494,Classic Cars,-0.26668340779243027,S24_2766,"UK Collectables, Ltd.",(171) 555-2282,Berkeley Gardens 12  Brewery,Liverpool,WX1 6LT,UK,EMEA,Devon,Elizabeth,Medium
0.5677784103070941,-0.7282356266433977,0.49286610840762785,-0.5836962812072303,-0.5066898647632264,10/16/2004 0:00,Shipped,1.0653495257808978,0.7952835385020682,0.2643280247651782,Classic Cars,-0.26668340779243027,S24_2766,Euro Shopping Channel,(91) 555 94 44,"C/ Moralzarzal, 86",Madrid,28034,Spain,EMEA,Freyre,Diego,Small
0.676392405665085,-0.5228908557285186,-0.5432901418868148,-1.2937399188895102,-0.7455118692551239,11/4/2004 0:00,Shipped,1.0653495257808978,1.0688075917661204,0.2643280247651782,Classic Cars,-0.26668340779243027,S24_2766,FunGiftIdeas.com,5085552555,1785 First Street,New Bedford,50553,USA,EMEA,Benitez,Violeta,Small
0.795867800558875,0.40116061338843767,0.15177735232984013,0.1263473564750498,-0.09329646872049889,11/17/2004 0:00,Shipped,1.0653495257808978,1.0688075917661204,0.2643280247651782,Classic Cars,-0.26668340779243027,S24_2766,"AV Stores, Co.",(171) 555-1555,Fauntleroy Circus,Manchester,EC2 5NT,UK,EMEA,Ashworth,Victoria,Medium
0.9479273940600622,-1.0362527830157164,0.8101579745265006,-1.2937399188895102,-0.36770284327686653,11/29/2004 0:00,Shipped,1.0653495257808978,1.0688075917661204,0.2643280247651782,Classic Cars,-0.26668340779243027,S24_2766,Signal Gift Stores,7025551838,8489 Strong St.,Las Vegas,83030,USA,EMEA,King,Sue,Small
1.186878183847642,0.5038329988458772,0.8101579745265006,-1.0570587063287502,0.3004611754294888,1/19/2005 0:00,Shipped,-1.4270386327380036,-1.6664329408743999,1.6938261357079059,Classic Cars,-0.26668340779243027,S24_2766,Mini Gifts Distributors Ltd.,4155551450,5677 Strong St.,San Rafael,97562,USA,EMEA,Nelson,Valarie,Medium
1.3172149782772313,0.09314345701611891,-2.288395405540614,-0.1103338560857102,-1.1967649063919286,2/16/2005 0:00,Shipped,-1.4270386327380036,-1.3929088876103477,1.6938261357079059,Classic Cars,-0.26668340779243027,S24_2766,Euro Shopping Channel,(91) 555 94 44,"C/ Moralzarzal, 86",Madrid,28034,Spain,EMEA,Freyre,Diego,Small
1.6104727657438067,4.200038875313702,0.5374852770805946,-0.1103338560857102,1.9701517152468742,4/22/2005 0:00,On Hold,-0.5962425798983697,-0.8458607810822437,1.6938261357079059,Classic Cars,-0.26668340779243027,S24_2766,The Sharp Gifts Warehouse,4085553659,3086 Ingle Ln.,San Jose,94217,USA,EMEA,Frick,Sue,Large
1.7516709597091948,0.40116061338843767,0.8101579745265006,0.5997097815965698,0.20637138752973652,5/29/2005 0:00,In Process,-0.5962425798983697,-0.5723367278181918,1.6938261357079059,Classic Cars,-0.26668340779243027,S24_2766,Souveniers And Things Co.,+61 2 9495 8555,"Monitor Money Building, 815 Pacific Hwy",Chatswood,2067,Australia,APAC,Huxley,Adrian,Medium
-1.6805312936033174,0.9145225406756355,-2.184284011970359,0.8363909941573299,-0.9836822448125276,1/31/2003 0:00,Shipped,-1.4270386327380036,-1.6664329408743999,-1.1651700861775494,Classic Cars,-1.6354966081524867,S24_2840,Euro Shopping Channel,(91) 555 94 44,"C/ Moralzarzal, 86",Madrid,28034,Spain,EMEA,Freyre,Diego,Small
-1.5719172982453267,-1.138925168473156,-2.6572471999038028,-1.2937399188895102,-1.5380881422796662,4/1/2003 0:00,Shipped,-0.5962425798983697,-0.8458607810822437,-1.1651700861775494,Classic Cars,-1.6354966081524867,S24_2840,"La Corne D'abondance, Co.",(1) 42.34.2555,"265, boulevard Charonne",Paris,75012,France,EMEA,Bertrand,Marie,Small
-1.4307191042799385,0.40116061338843767,-2.254187376224673,1.3097534192788498,-1.121061914927137,6/3/2003 0:00,Shipped,-0.5962425798983697,-0.29881267455413973,-1.1651700861775494,Classic Cars,-1.6354966081524867,S24_2840,Muscle Machine Inc,2125557413,4092 Furth Circle,NYC,10022,USA,EMEA,Young,Jeff,Small
-1.2786595107787513,-1.4469423248454747,-2.0439815149209197,-0.1103338560857102,-1.445996683112361,8/1/2003 0:00,Shipped,0.23455347294126402,0.24823543197396428,-1.1651700861775494,Classic Cars,-1.6354966081524867,S24_2840,Suominen Souveniers,+358 9 8045 555,"Software Engineering Center, SEC Oy",Espoo,FIN-02271,Finland,EMEA,Suominen,Kalle,Small
-1.1700455154207603,-0.5228908557285186,-2.149084445572796,-0.5836962812072303,-1.2731683989613007,9/21/2003 0:00,Shipped,0.23455347294126402,0.5217594852380163,-1.1651700861775494,Classic Cars,-1.6354966081524867,S24_2840,"Oulu Toy Supplies, Inc.",981-443655,Torikatu 38,Oulu,90110,Finland,EMEA,Koskitalo,Pirkko,Small
-1.017985921919573,-0.8309080121008373,-2.569991936721113,1.5464346318396098,-1.463313722046528,10/22/2003 0:00,Shipped,1.0653495257808978,0.7952835385020682,-1.1651700861775494,Classic Cars,-1.6354966081524867,S24_2840,"Dragon Souveniers, Ltd.",+65 221 7555,"Bronz Sok., Bronz Apt. 3/6 Tesvikiye",Singapore,79903,Singapore,Japan,Natividad,Eric,Small
-0.9093719265615822,0.1958158424735585,-2.6046957345778647,-1.0570587063287502,-1.3045877740861331,11/6/2003 0:00,Shipped,1.0653495257808978,1.0688075917661204,-1.1651700861775494,Classic Cars,-1.6354966081524867,S24_2840,"Stylish Desk Decors, Co.",(171) 555-0297,35 King George,London,WX3 6FW,UK,EMEA,Brown,Ann,Small
-0.8116193307393903,0.7091777697607564,-2.569991936721113,0.1263473564750498,-1.204128313351706,11/14/2003 0:00,Shipped,1.0653495257808978,1.0688075917661204,-1.1651700861775494,Classic Cars,-1.6354966081524867,S24_2840,"Iberia Gift Imports, Corp.",(95) 555 82 82,"C/ Romero, 33",Sevilla,41101,Spain,EMEA,Roel,Jose Pedro,Small
-0.6921439358456003,-0.3175460848136394,-2.744998231627304,0.1263473564750498,-1.4382585895152498,11/25/2003 0:00,Shipped,1.0653495257808978,1.0688075917661204,-1.1651700861775494,Classic Cars,-1.6354966081524867,S24_2840,Mini Classics,9145554562,3758 North Pendale Street,White Plains,24067,USA,EMEA,Frick,Steve,Small
-0.5618071414160113,0.7091777697607564,-2.6750948673729895,0.3630285690358098,-1.2524791802911297,12/9/2003 0:00,Shipped,1.0653495257808978,1.3423316450301723,-1.1651700861775494,Classic Cars,-1.6354966081524867,S24_2840,Diecast Collectables,6175552555,6251 Ingle Ln.,Boston,51003,USA,EMEA,Franco,Valarie,Small
-0.43147034698642217,-1.4469423248454747,-2.149084445572796,-0.8203774937679902,-1.4701721165820727,2/10/2004 0:00,Shipped,-1.4270386327380036,-1.3929088876103477,0.2643280247651782,Classic Cars,-1.6354966081524867,S24_2840,Signal Collectibles Ltd.,4155554312,2793 Furth Circle,Brisbane,94217,USA,EMEA,Taylor,Sue,Small
-0.3228563516284313,-0.21487369935619982,-2.5174404713951746,-1.0570587063287502,-1.3406445751281113,3/11/2004 0:00,Shipped,-1.4270386327380036,-1.1193848343462958,0.2643280247651782,Classic Cars,-1.6354966081524867,S24_2840,Mini Gifts Distributors Ltd.,4155551450,5677 Strong St.,San Rafael,97562,USA,EMEA,Nelson,Valarie,Small
-0.13821255951984676,1.4278844679628335,-2.359290306876549,-0.1103338560857102,-0.9700903512872157,5/5/2004 0:00,Shipped,-0.5962425798983697,-0.5723367278181918,0.2643280247651782,Classic Cars,-1.6354966081524867,S24_2840,Euro Shopping Channel,(91) 555 94 44,"C/ Moralzarzal, 86",Madrid,28034,Spain,EMEA,Freyre,Diego,Small
0.0029856344455413955,-0.42021847027107895,-2.4995928039259883,-0.3470150686464702,-1.3702936916475692,6/15/2004 0:00,Shipped,-0.5962425798983697,-0.29881267455413973,0.2643280247651782,Classic Cars,-1.6354966081524867,S24_2840,Handji Gifts& Co,+65 224 1555,Village Close - 106 Linden Road Sandown,Singapore,69045,Singapore,APAC,Victorino,Wendy,Small
0.13332242887513046,0.29848822793099805,-2.0791810813184823,-0.1103338560857102,-1.0689587513732544,7/20/2004 0:00,Shipped,0.23455347294126402,-0.025288621290087743,0.2643280247651782,Classic Cars,-1.6354966081524867,S24_2840,Mini Gifts Distributors Ltd.,4155551450,5677 Strong St.,San Rafael,97562,USA,EMEA,Nelson,Valarie,Small
0.24193642423312137,-1.5496147103029143,-2.131732546644421,-1.0570587063287502,-1.4882602497553905,8/19/2004 0:00,Shipped,0.23455347294126402,0.24823543197396428,0.2643280247651782,Classic Cars,-1.6354966081524867,S24_2840,Diecast Classics Inc.,2155551555,7586 Pompton St.,Allentown,70267,USA,EMEA,Yu,Kyung,Small
0.36141181912691134,0.40116061338843767,-2.6572471999038028,0.5997097815965698,-1.2932385701437032,9/8/2004 0:00,Shipped,0.23455347294126402,0.5217594852380163,0.2643280247651782,Classic Cars,-1.6354966081524867,S24_2840,Land of Toys Inc.,2125557818,897 Long Airport Avenue,NYC,10022,USA,EMEA,Yu,Kwai,Small
0.5026100130922995,1.325212082505394,-2.587343835649489,-0.1103338560857102,-1.1095769549566874,10/13/2004 0:00,Shipped,1.0653495257808978,0.7952835385020682,0.2643280247651782,Classic Cars,-1.6354966081524867,S24_2840,Marta's Replicas Co.,6175558555,39323 Spinnaker Dr.,Cambridge,51247,USA,EMEA,Hernandez,Marta,Small
0.6003626089144913,0.40116061338843767,-2.306738841550611,2.0197970569611297,-1.1435105317204408,10/22/2004 0:00,Shipped,1.0653495257808978,0.7952835385020682,0.2643280247651782,Classic Cars,-1.6354966081524867,S24_2840,Heintze Collectables,86 21 3555,Smagsloget 45,Aaarhus,8200,Denmark,EMEA,Ibsen,Palle,Small
0.7089766042724822,-0.5228908557285186,0.8101579745265006,0.5997097815965698,-0.11717866916968864,11/5/2004 0:00,Shipped,1.0653495257808978,1.0688075917661204,0.2643280247651782,Classic Cars,-1.6354966081524867,S24_2840,Vitachrome Inc.,2125551500,2678 Kingston Rd.,NYC,10022,USA,EMEA,Frick,Michael,Medium
0.8284519991662722,-0.21487369935619982,-2.306738841550611,-1.0570587063287502,-1.264485443409174,11/19/2004 0:00,Shipped,1.0653495257808978,1.0688075917661204,0.2643280247651782,Classic Cars,-1.6354966081524867,S24_2840,Mini Gifts Distributors Ltd.,4155551450,5677 Strong St.,San Rafael,97562,USA,EMEA,Nelson,Valarie,Small
0.9805115926674595,0.09314345701611891,-2.306738841550611,-0.8203774937679902,-1.2039979875648072,12/1/2004 0:00,Shipped,1.0653495257808978,1.3423316450301723,0.2643280247651782,Classic Cars,-1.6354966081524867,S24_2840,Muscle Machine Inc,2125557413,4092 Furth Circle,NYC,10022,USA,EMEA,Young,Jeff,Small
1.0782641884896513,0.09314345701611891,-0.035623156096619014,-0.5836962812072303,-0.30846434289027913,12/10/2004 0:00,Shipped,1.0653495257808978,1.3423316450301723,0.2643280247651782,Classic Cars,-1.6354966081524867,S24_2840,Euro Shopping Channel,(91) 555 94 44,"C/ Moralzarzal, 86",Madrid,28034,Spain,EMEA,Freyre,Diego,Small
1.2194623824550395,1.017194926133075,0.8101579745265006,0.3630285690358098,1.0816556630648768,1/23/2005 0:00,Shipped,-1.4270386327380036,-1.6664329408743999,1.6938261357079059,Classic Cars,-1.6354966081524867,S24_2840,Mini Gifts Distributors Ltd.,4155551450,5677 Strong St.,San Rafael,97562,USA,EMEA,Nelson,Valarie,Medium
1.3497991768846285,0.5038329988458772,0.8101579745265006,-0.8203774937679902,1.3769521752128846,2/22/2005 0:00,Shipped,-1.4270386327380036,-1.3929088876103477,1.6938261357079059,Classic Cars,-1.6354966081524867,S24_2840,Euro Shopping Channel,(91) 555 94 44,"C/ Moralzarzal, 86",Madrid,28034,Spain,EMEA,Freyre,Diego,Medium
1.4692745717784186,1.1198673115905147,-2.2189878098271105,-0.1103338560857102,-0.9581601115448624,3/15/2005 0:00,Shipped,-1.4270386327380036,-1.1193848343462958,1.6938261357079059,Classic Cars,-1.6354966081524867,S24_2840,Euro Shopping Channel,(91) 555 94 44,"C/ Moralzarzal, 86",Madrid,28034,Spain,EMEA,Freyre,Diego,Small
1.664779763422802,-0.5228908557285186,-2.359290306876549,-0.1103338560857102,-1.3422410660176205,5/3/2005 0:00,Shipped,-0.5962425798983697,-0.5723367278181918,1.6938261357079059,Classic Cars,-1.6354966081524867,S24_2840,Euro Shopping Channel,(91) 555 94 44,"C/ Moralzarzal, 86",Madrid,28034,Spain,EMEA,Freyre,Diego,Small
1.8059779573881902,-0.42021847027107895,-2.4995928039259883,-0.3470150686464702,-1.3702936916475692,5/31/2005 0:00,In Process,-0.5962425798983697,-0.5723367278181918,1.6938261357079059,Classic Cars,-1.6354966081524867,S24_2840,La Rochelle Gifts,40.67.8555,"67, rue des Cinquante Otages",Nantes,44000,France,EMEA,Labrune,Janine,Small
-1.6588084945317194,1.4278844679628335,-0.4451279708062884,1.5464346318396098,0.057251536112001525,2/17/2003 0:00,Shipped,-1.4270386327380036,-1.3929088876103477,-1.1651700861775494,Planes,-0.8142086879364528,S24_2841,Rovelli Gifts,035-640555,Via Ludovico il Moro 22,Bergamo,24100,Italy,EMEA,Rovelli,Giovanni,Medium
-1.517610300566331,0.6065053843033168,-1.192746930348882,-0.5836962812072303,-0.6029137374234453,4/28/2003 0:00,Shipped,-0.5962425798983697,-0.8458607810822437,-1.1651700861775494,Planes,-0.8142086879364528,S24_2841,Salzburg Collectables,6562-9555,Geislweg 14,Salzburg,5020,Austria,EMEA,Pipps,Georg,Small
-1.387273506136742,-0.009528928441320661,-0.8189374505775854,-0.3470150686464702,-0.6537950967251523,6/16/2003 0:00,Shipped,-0.5962425798983697,-0.29881267455413973,-1.1651700861775494,Planes,-0.8142086879364528,S24_2841,Gift Ideas Corp.,2035554407,2440 Pompton St.,Glendale,97561,USA,EMEA,Lewis,Dan,Small
-1.256936711707153,-0.8309080121008373,-1.124826640257811,0.3630285690358098,-1.0359265946355505,8/10/2003 0:00,Shipped,0.23455347294126402,0.24823543197396428,-1.1651700861775494,Planes,-0.8142086879364528,S24_2841,Mini Creations Ltd.,5085559555,4575 Hillside Dr.,New Bedford,50553,USA,EMEA,Tam,Wing C,Small
-1.126599917277564,-1.2415975539305957,-0.5472562902133006,-0.1103338560857102,-1.0228560042578334,10/6/2003 0:00,Shipped,1.0653495257808978,0.7952835385020682,-1.1651700861775494,Planes,-0.8142086879364528,S24_2841,"Toys of Finland, Co.",90-224 8555,Keskuskatu 45,Helsinki,21240,Finland,EMEA,Karttunen,Matti,Small
-0.9962631228479749,-1.4469423248454747,-0.6830968703954433,-1.0570587063287502,-1.132970433705007,10/23/2003 0:00,Cancelled,1.0653495257808978,0.7952835385020682,-1.1651700861775494,Planes,-0.8142086879364528,S24_2841,Scandinavian Gift Ideas,0695-34 6555,?kergatan 24,Boras,S-844 67,Sweden,EMEA,Larsson,Maria,Small
-0.8767877279541849,-0.11220131389876024,-0.13973454966687376,-0.3470150686464702,-0.4373131042041433,11/8/2003 0:00,Shipped,1.0653495257808978,1.0688075917661204,-1.1651700861775494,Planes,-0.8142086879364528,S24_2841,Alpha Cognac,61.77.6555,1 rue Alsace-Lorraine,Toulouse,31000,France,EMEA,Roulet,Annette,Small
-0.7898965316677922,-1.344269939388035,-0.7168091311705732,-1.0570587063287502,-1.103147549469684,11/14/2003 0:00,Shipped,1.0653495257808978,1.0688075917661204,-1.1651700861775494,Planes,-0.8142086879364528,S24_2841,"Double Decker Gift Stores, Ltd",(171) 555-7555,120 Hanover Sq.,London,WA1 1DP,UK,EMEA,Hardy,Thomas,Small
-0.659559737238203,1.325212082505394,-0.7852251898024556,-0.3470150686464702,-0.1621084842030209,11/27/2003 0:00,Shipped,1.0653495257808978,1.0688075917661204,-1.1651700861775494,Planes,-0.8142086879364528,S24_2841,Cruz & Sons Co.,+63 2 555 3587,15 McCallum Street - NatWest Center #13-03,Makati City,1227 MM,Philippines,Japan,Cruz,Arnold,Medium
-0.540084342344413,0.8118501552181959,-0.0718142595758031,-1.2937399188895102,-0.010240930778171087,1/9/2004 0:00,Shipped,-1.4270386327380036,-1.6664329408743999,0.2643280247651782,Planes,-0.8142086879364528,S24_2841,"Men 'R' US Retailers, Ltd.",2155554369,6047 Douglas Av.,Los Angeles,28034,USA,EMEA,Chandler,Michael,Medium
-0.3988861483790249,-0.3175460848136394,-0.10552652035093295,-0.3470150686464702,-0.5131192702502299,2/19/2004 0:00,Shipped,-1.4270386327380036,-1.3929088876103477,0.2643280247651782,Planes,-0.8142086879364528,S24_2841,Collectable Mini Designs Co.,7605558146,361 Furth Circle,San Diego,91217,USA,EMEA,Thompson,Valarie,Small
-0.1056283609124495,-1.5496147103029143,-0.7852251898024556,-1.2937399188895102,-1.1932895520746294,5/8/2004 0:00,Shipped,-0.5962425798983697,-0.5723367278181918,0.2643280247651782,Planes,-0.8142086879364528,S24_2841,Cambridge Collectables Co.,6175555555,4658 Baden Av.,Cambridge,51247,USA,EMEA,Tseng,Kyung,Small
0.03556983305293866,-1.138925168473156,-0.8189374505775854,0.8363909941573299,-1.0548401244592267,6/24/2004 0:00,Cancelled,-0.5962425798983697,-0.29881267455413973,0.2643280247651782,Planes,-0.8142086879364528,S24_2841,Euro Shopping Channel,(91) 555 94 44,"C/ Moralzarzal, 86",Madrid,28034,Spain,EMEA,Freyre,Diego,Small
0.16590662748252774,0.5038329988458772,-0.9210657699845975,-1.0570587063287502,-0.5162470891357991,7/21/2004 0:00,Shipped,0.23455347294126402,-0.025288621290087743,0.2643280247651782,Planes,-0.8142086879364528,S24_2841,Collectables For Less Inc.,6175558555,7825 Douglas Av.,Brickhaven,58339,USA,EMEA,Nelson,Allen,Small
0.27452062284051865,-0.5228908557285186,-0.47933600012222993,1.3097534192788498,-0.724496836117706,8/21/2004 0:00,Shipped,0.23455347294126402,0.24823543197396428,0.2643280247651782,Planes,-0.8142086879364528,S24_2841,"Norway Gifts By Mail, Co.",+47 2212 1555,"Drammensveien 126 A, PB 744 Sentrum",Oslo,N 0106,Norway,EMEA,Klaeboe,Jan,Small
0.4048574172701077,-1.4469423248454747,-0.615176580304372,0.3630285690358098,-1.1173476300005234,9/15/2004 0:00,Shipped,0.23455347294126402,0.5217594852380163,0.2643280247651782,Planes,-0.8142086879364528,S24_2841,"Bavarian Collectables Imports, Co.",+49 89 61 08 9555,Hansastr. 15,Munich,80686,Germany,EMEA,Donnermeyer,Michael,Small
0.5243328121638977,-1.0362527830157164,-0.41141571003115857,-1.0570587063287502,-0.9067900305422851,10/14/2004 0:00,Shipped,1.0653495257808978,0.7952835385020682,0.2643280247651782,Planes,-0.8142086879364528,S24_2841,"Classic Gift Ideas, Inc",2155554695,782 First Street,Philadelphia,71270,USA,EMEA,Cervantes,Francisca,Small
0.6220854079860895,-0.11220131389876024,-0.9889860600756686,0.8363909941573299,-0.7535812075606028,11/1/2004 0:00,Shipped,1.0653495257808978,1.0688075917661204,0.2643280247651782,Planes,-0.8142086879364528,S24_2841,giftsbymail.co.uk,(198) 555-8888,Garden House Crowther Way,Cowes,PO31 7PJ,UK,EMEA,Bennett,Helen,Small
0.7524222024156786,1.325212082505394,-1.2264591911240121,-1.2937399188895102,-0.39408838488273584,11/12/2004 0:00,Shipped,1.0653495257808978,1.0688075917661204,0.2643280247651782,Planes,-0.8142086879364528,S24_2841,Rovelli Gifts,035-640555,Via Ludovico il Moro 22,Bergamo,24100,Italy,EMEA,Rovelli,Giovanni,Small
0.8718975973094686,2.043918780707471,0.8101579745265006,1.3097534192788498,1.4447487356058206,11/23/2004 0:00,Shipped,1.0653495257808978,1.0688075917661204,0.2643280247651782,Planes,-0.8142086879364528,S24_2841,"Tokyo Collectables, Ltd",+81 3 3584 0555,2-2-8 Roppongi,Minato-ku,106-0032,Japan,Japan,Shimamura,Akiko,Medium
1.0022343917390577,-1.0362527830157164,-0.4451279708062884,-0.3470150686464702,-0.9160214404476108,12/3/2004 0:00,Shipped,1.0653495257808978,1.3423316450301723,0.2643280247651782,Planes,-0.8142086879364528,S24_2841,"Stylish Desk Decors, Co.",(171) 555-0297,35 King George,London,WX3 6FW,UK,EMEA,Brown,Ann,Small
1.2411851815266377,0.29848822793099805,-0.6553338321100419,0.1263473564750498,-0.47632395641582576,1/31/2005 0:00,Shipped,-1.4270386327380036,-1.6664329408743999,1.6938261357079059,Planes,-0.8142086879364528,S24_2841,"Oulu Toy Supplies, Inc.",981-443655,Torikatu 38,Oulu,90110,Finland,EMEA,Koskitalo,Pirkko,Small
1.3823833754920258,0.40116061338843767,-1.3732066792039908,-1.2937399188895102,-0.7447299145337315,3/1/2005 0:00,Resolved,-1.4270386327380036,-1.1193848343462958,1.6938261357079059,Planes,-0.8142086879364528,S24_2841,Euro Shopping Channel,(91) 555 94 44,"C/ Moralzarzal, 86",Madrid,28034,Spain,EMEA,Freyre,Diego,Small
1.5127201699216148,-0.7282356266433977,-1.2943794812150835,-0.8203774937679902,-1.0548184034947434,3/30/2005 0:00,Shipped,-1.4270386327380036,-1.1193848343462958,1.6938261357079059,Planes,-0.8142086879364528,S24_2841,Reims Collectables,26.47.1555,59 rue de l'Abbaye,Reims,51100,France,EMEA,Henriot,Paul,Small
1.534442968993213,-1.138925168473156,-1.0906186109418703,-1.0570587063287502,-1.1262586556797232,4/1/2005 0:00,Shipped,-0.5962425798983697,-0.8458607810822437,1.6938261357079059,Planes,-0.8142086879364528,S24_2841,The Sharp Gifts Warehouse,4085553659,3086 Ingle Ln.,San Jose,94217,USA,EMEA,Frick,Sue,Small
1.6973639620301995,-1.4469423248454747,-0.7852251898024556,-1.2937399188895102,-1.1564616567935004,5/9/2005 0:00,Disputed,-0.5962425798983697,-0.5723367278181918,1.6938261357079059,Planes,-0.8142086879364528,S24_2841,"Australian Collectables, Ltd",61-9-3844-6555,7 Allen Street,Glen Waverly,3150,Australia,APAC,Connery,Sean,Small
-1.615362896388523,1.1198673115905147,0.8101579745265006,0.8363909941573299,1.2969538630215556,3/18/2003 0:00,Shipped,-1.4270386327380036,-1.1193848343462958,-1.1651700861775494,Classic Cars,0.4052794360206883,S24_2887,"AV Stores, Co.",(171) 555-1555,Fauntleroy Circus,Manchester,EC2 5NT,UK,EMEA,Ashworth,Victoria,Medium
-1.4633033028873357,-1.0362527830157164,0.5102180073360041,0.5997097815965698,-0.6544195744540421,5/21/2003 0:00,Shipped,-0.5962425798983697,-0.5723367278181918,-1.1651700861775494,Classic Cars,0.4052794360206883,S24_2887,Signal Gift Stores,7025551838,8489 Strong St.,Las Vegas,83030,USA,EMEA,King,Sue,Small
-1.2026297140281577,-0.11220131389876024,0.8101579745265006,-0.8203774937679902,0.45517960544274805,9/11/2003 0:00,Shipped,0.23455347294126402,0.5217594852380163,-1.1651700861775494,Classic Cars,0.4052794360206883,S24_2887,"Anna's Decorations, Ltd",02 9936 8555,201 Miller Street,North Sydney,2060,Australia,APAC,O'Hara,Anna,Medium
-1.0614315200627693,-1.0362527830157164,0.8101579745265006,-1.0570587063287502,-0.43123666438999064,10/17/2003 0:00,Shipped,1.0653495257808978,0.7952835385020682,-1.1651700861775494,Classic Cars,0.4052794360206883,S24_2887,Heintze Collectables,86 21 3555,Smagsloget 45,Aaarhus,8200,Denmark,EMEA,Ibsen,Palle,Small
-0.9310947256331803,-1.2415975539305957,0.8101579745265006,2.2564782695218897,-0.4484613892251042,11/5/2003 0:00,Shipped,1.0653495257808978,1.0688075917661204,-1.1651700861775494,Classic Cars,0.4052794360206883,S24_2887,Rovelli Gifts,035-640555,Via Ludovico il Moro 22,Bergamo,24100,Italy,EMEA,Rovelli,Giovanni,Small
-0.8333421298109885,-1.5496147103029143,0.8101579745265006,1.5464346318396098,-0.6288702899807728,11/12/2003 0:00,Shipped,1.0653495257808978,1.0688075917661204,-1.1651700861775494,Classic Cars,0.4052794360206883,S24_2887,Mini Gifts Distributors Ltd.,4155551450,5677 Strong St.,San Rafael,97562,USA,EMEA,Nelson,Valarie,Small
-0.7247281344529977,-1.2415975539305957,0.8101579745265006,-1.2937399188895102,-0.2723586696782141,11/20/2003 0:00,Shipped,1.0653495257808978,1.0688075917661204,-1.1651700861775494,Classic Cars,0.4052794360206883,S24_2887,Online Diecast Creations Co.,6035558647,2304 Long Airport Avenue,Nashua,62005,USA,EMEA,Young,Valarie,Medium
-0.5943913400234085,0.7091777697607564,0.8101579745265006,0.1263473564750498,0.3736608257376012,12/2/2003 0:00,Shipped,1.0653495257808978,1.3423316450301723,-1.1651700861775494,Classic Cars,0.4052794360206883,S24_2887,Muscle Machine Inc,2125557413,4092 Furth Circle,NYC,10022,USA,EMEA,Young,Jeff,Medium
-0.49663874420121673,-0.8309080121008373,0.8101579745265006,-0.8203774937679902,-0.4145658241491966,1/22/2004 0:00,Shipped,-1.4270386327380036,-1.6664329408743999,0.2643280247651782,Classic Cars,0.4052794360206883,S24_2887,"Double Decker Gift Stores, Ltd",(171) 555-7555,120 Hanover Sq.,London,WA1 1DP,UK,EMEA,Hardy,Thomas,Small
-0.3445791507000295,-0.21487369935619982,0.8101579745265006,1.5464346318396098,0.4271432705361617,3/2/2004 0:00,Shipped,-1.4270386327380036,-1.1193848343462958,0.2643280247651782,Classic Cars,0.4052794360206883,S24_2887,"Saveley & Henriot, Co.",78.32.5555,"2, rue du Commerce",Lyon,69004,France,EMEA,Saveley,Mary,Medium
-0.19251955719884223,-0.7282356266433977,0.7432292215170513,-0.3470150686464702,-0.42990625531539967,4/13/2004 0:00,Shipped,-0.5962425798983697,-0.8458607810822437,0.2643280247651782,Classic Cars,0.4052794360206883,S24_2887,Mini Caravy,88.60.1555,"24, place Kluber",Strasbourg,67000,France,EMEA,Citeaux,Frederique,Small
0.08987683073193412,0.8118501552181959,0.8101579745265006,-1.0570587063287502,0.592890520265725,7/7/2004 0:00,Shipped,0.23455347294126402,-0.025288621290087743,0.2643280247651782,Classic Cars,0.4052794360206883,S24_2887,Muscle Machine Inc,2125557413,4092 Furth Circle,NYC,10022,USA,EMEA,Young,Jeff,Medium
0.22021362516152318,1.325212082505394,0.8101579745265006,-1.0570587063287502,1.1007483908455387,8/9/2004 0:00,Shipped,0.23455347294126402,0.24823543197396428,0.2643280247651782,Classic Cars,0.4052794360206883,S24_2887,Euro Shopping Channel,(91) 555 94 44,"C/ Moralzarzal, 86",Madrid,28034,Spain,EMEA,Freyre,Diego,Medium
0.317966220983715,1.325212082505394,0.8101579745265006,0.3630285690358098,1.6210089321452135,9/1/2004 0:00,Shipped,0.23455347294126402,0.5217594852380163,0.2643280247651782,Classic Cars,0.4052794360206883,S24_2887,Handji Gifts& Co,+65 224 1555,Village Close - 106 Linden Road Sandown,Singapore,69045,Singapore,APAC,Victorino,Wendy,Medium
0.47002581448490227,1.017194926133075,0.8101579745265006,-0.5836962812072303,1.0833661890179223,10/6/2003 0:00,Shipped,1.0653495257808978,0.7952835385020682,-1.1651700861775494,Classic Cars,0.4052794360206883,S24_2887,"UK Collectables, Ltd.",(171) 555-2282,Berkeley Gardens 12  Brewery,Liverpool,WX1 6LT,UK,EMEA,Devon,Elizabeth,Medium
0.5677784103070941,0.8118501552181959,0.8101579745265006,-0.8203774937679902,0.5655709771870814,10/16/2004 0:00,Shipped,1.0653495257808978,0.7952835385020682,0.2643280247651782,Classic Cars,0.4052794360206883,S24_2887,Euro Shopping Channel,(91) 555 94 44,"C/ Moralzarzal, 86",Madrid,28034,Spain,EMEA,Freyre,Diego,Medium
0.795867800558875,0.9145225406756355,-2.0524095801147024,1.0730722067180898,-0.9201267027349204,11/17/2004 0:00,Shipped,1.0653495257808978,1.0688075917661204,0.2643280247651782,Classic Cars,0.4052794360206883,S24_2887,"AV Stores, Co.",(171) 555-1555,Fauntleroy Circus,Manchester,EC2 5NT,UK,EMEA,Ashworth,Victoria,Small
0.9479273940600622,-1.138925168473156,0.17755731645199832,-0.3470150686464702,-0.7928852927928071,11/29/2004 0:00,Shipped,1.0653495257808978,1.0688075917661204,0.2643280247651782,Classic Cars,0.4052794360206883,S24_2887,Signal Gift Stores,7025551838,8489 Strong St.,Las Vegas,83030,USA,EMEA,King,Sue,Small
1.186878183847642,-0.42021847027107895,0.8101579745265006,-0.3470150686464702,0.36341396074268967,1/19/2005 0:00,Shipped,-1.4270386327380036,-1.6664329408743999,1.6938261357079059,Classic Cars,0.4052794360206883,S24_2887,Mini Gifts Distributors Ltd.,4155551450,5677 Strong St.,San Rafael,97562,USA,EMEA,Nelson,Valarie,Medium
1.3172149782772313,0.9145225406756355,-2.3483833989787133,0.1263473564750498,-1.0627682764955653,2/16/2005 0:00,Shipped,-1.4270386327380036,-1.3929088876103477,1.6938261357079059,Classic Cars,0.4052794360206883,S24_2887,Euro Shopping Channel,(91) 555 94 44,"C/ Moralzarzal, 86",Madrid,28034,Spain,EMEA,Freyre,Diego,Small
1.6104727657438067,2.4546083225372293,0.7432292215170513,-0.3470150686464702,1.2307429330358874,4/22/2005 0:00,On Hold,-0.5962425798983697,-0.8458607810822437,1.6938261357079059,Classic Cars,0.4052794360206883,S24_2887,The Sharp Gifts Warehouse,4085553659,3086 Ingle Ln.,San Jose,94217,USA,EMEA,Frick,Sue,Medium
1.7516709597091948,2.043918780707471,0.6267236144265274,0.3630285690358098,0.9462797519238353,5/29/2005 0:00,In Process,-0.5962425798983697,-0.5723367278181918,1.6938261357079059,Classic Cars,0.4052794360206883,S24_2887,Souveniers And Things Co.,+61 2 9495 8555,"Monitor Money Building, 815 Pacific Hwy",Chatswood,2067,Australia,APAC,Huxley,Adrian,Medium
-1.626224295924322,-0.6255632411859581,-2.556110417578412,-0.1103338560857102,-1.4243463117638115,3/10/2003 0:00,Shipped,-1.4270386327380036,-1.1193848343462958,-1.1651700861775494,Classic Cars,-1.5857215826848483,S24_2972,Motor Mint Distributors Inc.,2155559857,11328 Douglas Av.,Philadelphia,71270,USA,EMEA,Hernandez,Rosa,Small
-1.485026101958934,0.40116061338843767,-2.6126280312308365,-0.5836962812072303,-1.274178423809766,5/8/2003 0:00,Shipped,-0.5962425798983697,-0.5723367278181918,-1.1651700861775494,Classic Cars,-1.5857215826848483,S24_2972,Marseille Mini Autos,91.24.4555,"12, rue des Bouchers",Marseille,13008,France,EMEA,Lebihan,Laurence,Small
-1.3438279079935458,-1.5496147103029143,-2.369205677692764,-1.2937399188895102,-1.5402819596924613,7/2/2003 0:00,Shipped,0.23455347294126402,-0.025288621290087743,-1.1651700861775494,Classic Cars,-1.5857215826848483,S24_2972,Mini Gifts Distributors Ltd.,4155551450,5677 Strong St.,San Rafael,97562,USA,EMEA,Nelson,Valarie,Small
-1.2134911135639566,-1.0362527830157164,-2.032083069941462,-1.2937399188895102,-1.3505764861380176,9/5/2003 0:00,Shipped,0.23455347294126402,0.5217594852380163,-1.1651700861775494,Classic Cars,-1.5857215826848483,S24_2972,Collectables For Less Inc.,6175558555,7825 Douglas Av.,Brickhaven,58339,USA,EMEA,Nelson,Allen,Small
-1.0722929195985684,0.7091777697607564,-2.3131838325811507,-1.0570587063287502,-1.0859879875280198,10/11/2003 0:00,Shipped,1.0653495257808978,0.7952835385020682,-1.1651700861775494,Classic Cars,-1.5857215826848483,S24_2972,"Men 'R' US Retailers, Ltd.",2155554369,6047 Douglas Av.,Los Angeles,28034,USA,EMEA,Chandler,Michael,Small
-0.9528175247047785,0.09314345701611891,-2.3880448822435723,-0.5836962812072303,-1.2360581311418912,11/5/2003 0:00,Shipped,1.0653495257808978,1.0688075917661204,-1.1651700861775494,Classic Cars,-1.5857215826848483,S24_2972,Quebec Home Shopping Network,(514) 555-8054,43 rue St. Laurent,Montreal,H1J 1C3,Canada,EMEA,Fresnisre,Jean,Small
-0.8442035293467876,0.1958158424735585,-2.032083069941462,0.3630285690358098,-1.0725264197896067,11/12/2003 0:00,Shipped,1.0653495257808978,1.0688075917661204,-1.1651700861775494,Classic Cars,-1.5857215826848483,S24_2972,Herkku Gifts,+47 2267 3215,"Drammen 121, PR 744 Sentrum",Bergen,N 5804,Norway,EMEA,Oeztan,Veysel,Small
-0.7247281344529977,-0.5228908557285186,-2.6309714672408337,1.5464346318396098,-1.431514230043241,11/20/2003 0:00,Shipped,1.0653495257808978,1.0688075917661204,-1.1651700861775494,Classic Cars,-1.5857215826848483,S24_2972,Online Diecast Creations Co.,6035558647,2304 Long Airport Avenue,Nashua,62005,USA,EMEA,Young,Valarie,Small
-0.6052527395592077,-1.4469423248454747,-2.3131838325811507,-1.0570587063287502,-1.5079177226126135,12/2/2003 0:00,Shipped,1.0653495257808978,1.3423316450301723,-1.1651700861775494,Classic Cars,-1.5857215826848483,S24_2972,Euro Shopping Channel,(91) 555 94 44,"C/ Moralzarzal, 86",Madrid,28034,Spain,EMEA,Freyre,Diego,Small
-0.5075001437370158,-0.11220131389876024,-1.9949004293806567,1.3097534192788498,-1.128191821518721,1/16/2004 0:00,Shipped,-1.4270386327380036,-1.6664329408743999,0.2643280247651782,Classic Cars,-1.5857215826848483,S24_2972,Euro Shopping Channel,(91) 555 94 44,"C/ Moralzarzal, 86",Madrid,28034,Spain,EMEA,Freyre,Diego,Small
-0.36630194977162767,0.7091777697607564,-2.331527268591148,-0.8203774937679902,-1.0944265822297117,2/22/2004 0:00,Shipped,-1.4270386327380036,-1.3929088876103477,0.2643280247651782,Classic Cars,-1.5857215826848483,S24_2972,"Vida Sport, Ltd",0897-034555,Grenzacherweg 237,Gensve,1203,Switzerland,EMEA,Holz,Michael,Small
-0.2142423562704404,-1.5496147103029143,-1.9383828157282323,-1.0570587063287502,-1.4459043690133078,4/12/2004 0:00,Shipped,-0.5962425798983697,-0.8458607810822437,0.2643280247651782,Classic Cars,-1.5857215826848483,S24_2972,"Oulu Toy Supplies, Inc.",981-443655,Torikatu 38,Oulu,90110,Finland,EMEA,Koskitalo,Pirkko,Small
-0.06218276276925314,0.5038329988458772,-2.032083069941462,0.1263473564750498,-1.0030139032025038,6/1/2004 0:00,Cancelled,-0.5962425798983697,-0.29881267455413973,0.2643280247651782,Classic Cars,-1.5857215826848483,S24_2972,"UK Collectables, Ltd.",(171) 555-2282,Berkeley Gardens 12  Brewery,Liverpool,WX1 6LT,UK,EMEA,Devon,Elizabeth,Small
0.07901543119613502,-0.11220131389876024,-2.1446225287055,0.3630285690358098,-1.1839495373468882,7/6/2004 0:00,Shipped,0.23455347294126402,-0.025288621290087743,0.2643280247651782,Classic Cars,-1.5857215826848483,S24_2972,L'ordine Souveniers,0522-556555,Strada Provinciale 124,Reggio Emilia,42100,Italy,EMEA,Moroni,Maurizio,Small
0.2093522256257241,-0.42021847027107895,-2.219483578367921,0.3630285690358098,-1.2751830184171102,8/6/2004 0:00,Shipped,0.23455347294126402,0.24823543197396428,0.2643280247651782,Classic Cars,-1.5857215826848483,S24_2972,Signal Gift Stores,7025551838,8489 Strong St.,Las Vegas,83030,USA,EMEA,King,Sue,Small
0.3071048214479159,0.09314345701611891,-2.181805169266305,-0.1103338560857102,-1.1547348401170925,8/30/2004 0:00,Shipped,0.23455347294126402,0.24823543197396428,0.2643280247651782,Classic Cars,-1.5857215826848483,S24_2972,"Vida Sport, Ltd",0897-034555,Grenzacherweg 237,Gensve,1203,Switzerland,EMEA,Holz,Michael,Small
0.45916441494910315,1.325212082505394,-2.4440667273551857,0.8363909941573299,-1.0342486501292296,10/5/2003 0:00,Shipped,1.0653495257808978,0.7952835385020682,-1.1651700861775494,Classic Cars,-1.5857215826848483,S24_2972,"Norway Gifts By Mail, Co.",+47 2212 1555,"Drammensveien 126 A, PB 744 Sentrum",Oslo,N 0106,Norway,EMEA,Klaeboe,Jan,Small
0.556917010771295,-0.21487369935619982,-2.0697614790430783,-0.5836962812072303,-1.178828819969993,10/16/2004 0:00,Shipped,1.0653495257808978,0.7952835385020682,0.2643280247651782,Classic Cars,-1.5857215826848483,S24_2972,"Toms Spezialitten, Ltd",0221-5554327,Mehrheimerstr. 369,Koln,50739,Germany,EMEA,Pfalzheim,Henriette,Small
0.676392405665085,0.1958158424735585,-2.500088572466799,1.3097534192788498,-1.2621938816562048,11/4/2004 0:00,Shipped,1.0653495257808978,1.0688075917661204,0.2643280247651782,Classic Cars,-1.5857215826848483,S24_2972,FunGiftIdeas.com,5085552555,1785 First Street,New Bedford,50553,USA,EMEA,Benitez,Violeta,Small
0.7850064010230758,-0.8309080121008373,-2.053401117196324,1.5464346318396098,-1.3105393183545078,11/17/2004 0:00,Shipped,1.0653495257808978,1.0688075917661204,0.2643280247651782,Classic Cars,-1.5857215826848483,S24_2972,Motor Mint Distributors Inc.,2155559857,11328 Douglas Av.,Philadelphia,71270,USA,EMEA,Hernandez,Rosa,Small
0.9044817959168658,0.40116061338843767,-2.1446225287055,0.5997097815965698,-1.0742586667071354,11/24/2004 0:00,Shipped,1.0653495257808978,1.0688075917661204,0.2643280247651782,Classic Cars,-1.5857215826848483,S24_2972,"Australian Collectors, Co.",03 9520 4555,636 St Kilda Road,Melbourne,3004,Australia,APAC,Ferguson,Peter,Small
1.045679989882254,0.09314345701611891,-2.237827014377918,-0.5836962812072303,-1.1768250609964248,12/7/2004 0:00,Shipped,1.0653495257808978,1.3423316450301723,0.2643280247651782,Classic Cars,-1.5857215826848483,S24_2972,Euro Shopping Channel,(91) 555 94 44,"C/ Moralzarzal, 86",Madrid,28034,Spain,EMEA,Freyre,Diego,Small
1.176016784311843,0.09314345701611891,0.8101579745265006,-1.0570587063287502,0.7952647463549477,1/12/2005 0:00,Resolved,-1.4270386327380036,-1.6664329408743999,1.6938261357079059,Classic Cars,-1.5857215826848483,S24_2972,Toys4GrownUps.com,6265557265,78934 Hillside Dr.,Pasadena,90003,USA,EMEA,Young,Julie,Medium
1.295492179205633,0.6065053843033168,0.8101579745265006,0.1263473564750498,1.2505633131267337,2/10/2005 0:00,Shipped,-1.4270386327380036,-1.3929088876103477,1.6938261357079059,Classic Cars,-1.5857215826848483,S24_2972,Euro Shopping Channel,(91) 555 94 44,"C/ Moralzarzal, 86",Madrid,28034,Spain,EMEA,Freyre,Diego,Medium
1.425828973635222,0.1958158424735585,0.8101579745265006,-0.3470150686464702,0.7281089544142634,3/4/2005 0:00,Shipped,-1.4270386327380036,-1.1193848343462958,1.6938261357079059,Classic Cars,-1.5857215826848483,S24_2972,Mini Gifts Distributors Ltd.,4155551450,5677 Strong St.,San Rafael,97562,USA,EMEA,Nelson,Valarie,Medium
1.5887499666722085,1.2225396970479543,-1.9383828157282323,-1.0570587063287502,-0.7925811992900434,4/14/2005 0:00,Shipped,-0.5962425798983697,-0.8458607810822437,1.6938261357079059,Classic Cars,-1.5857215826848483,S24_2972,Mini Caravy,88.60.1555,"24, place Kluber",Strasbourg,67000,France,EMEA,Citeaux,Frederique,Small
1.7408095601733957,-2.062976637590112,-2.032083069941462,0.1263473564750498,-1.5822848747616933,5/17/2005 0:00,Shipped,-0.5962425798983697,-0.5723367278181918,1.6938261357079059,Classic Cars,-1.5857215826848483,S24_2972,Salzburg Collectables,6562-9555,Geislweg 14,Salzburg,5020,Austria,EMEA,Pipps,Georg,Small
-1.6696698940675183,0.9145225406756355,-0.5492393643765439,-0.5836962812072303,-0.19568909529392353,2/11/2003 0:00,Shipped,-1.4270386327380036,-1.3929088876103477,-1.1651700861775494,Vintage Cars,-0.3164584332600687,S24_3151,Danish Wholesale Imports,31 12 3555,Vinb'ltet 34,Kobenhavn,1734,Denmark,EMEA,Petersen,Jytte,Medium
-1.517610300566331,-0.009528928441320661,0.19639652100280686,1.5464346318396098,-0.2645554131876535,4/28/2003 0:00,Shipped,-0.5962425798983697,-0.8458607810822437,-1.1651700861775494,Vintage Cars,-0.3164584332600687,S24_3151,Salzburg Collectables,6562-9555,Geislweg 14,Salzburg,5020,Austria,EMEA,Pipps,Georg,Medium
-1.4089963052083403,0.6065053843033168,0.5478964164376198,-0.5836962812072303,0.17877490215393355,6/12/2003 0:00,Shipped,-0.5962425798983697,-0.29881267455413973,-1.1651700861775494,Vintage Cars,-0.3164584332600687,S24_3151,"Stylish Desk Decors, Co.",(171) 555-0297,35 King George,London,WX3 6FW,UK,EMEA,Brown,Ann,Medium
-1.2677981112429522,1.4278844679628335,0.7233984798846215,-1.2937399188895102,0.6844063738742275,8/8/2003 0:00,Shipped,0.23455347294126402,0.24823543197396428,-1.1651700861775494,Vintage Cars,-0.3164584332600687,S24_3151,Mini Gifts Distributors Ltd.,4155551450,5677 Strong St.,San Rafael,97562,USA,EMEA,Nelson,Valarie,Medium
-1.137461316813363,-0.42021847027107895,0.3723943529906188,-1.0570587063287502,-0.39511470045456315,10/2/2003 0:00,Shipped,1.0653495257808978,0.7952835385020682,-1.1651700861775494,Vintage Cars,-0.3164584332600687,S24_3151,Boards & Toys Co.,3105552373,4097 Douglas Av.,Glendale,92561,USA,EMEA,Young,Leslie,Small
-0.9962631228479749,-1.5496147103029143,-0.19823523748254124,1.0730722067180898,-1.0647014423345629,10/23/2003 0:00,Cancelled,1.0653495257808978,0.7952835385020682,-1.1651700861775494,Vintage Cars,-0.3164584332600687,S24_3151,Scandinavian Gift Ideas,0695-34 6555,?kergatan 24,Boras,S-844 67,Sweden,EMEA,Larsson,Maria,Small
-0.8876491274899839,1.017194926133075,-0.5492393643765439,-1.0570587063287502,-0.15627640523930347,11/7/2003 0:00,Shipped,1.0653495257808978,1.0688075917661204,-1.1651700861775494,Vintage Cars,-0.3164584332600687,S24_3151,CAF Imports,+34 913 728 555,"Merchants House, 27-30 Merchant's Quay",Madrid,28023,Spain,EMEA,Fernandez,Jesus,Medium
-0.8007579312035913,-0.21487369935619982,-0.4614883326530434,-1.0570587063287502,-0.5975106475082692,11/14/2003 0:00,Shipped,1.0653495257808978,1.0688075917661204,-1.1651700861775494,Vintage Cars,-0.3164584332600687,S24_3151,Mini Creations Ltd.,5085559555,4575 Hillside Dr.,New Bedford,50553,USA,EMEA,Tam,Wing C,Small
-0.6704211367740022,1.2225396970479543,-0.022733174035539566,0.3630285690358098,0.1935940301725417,11/26/2003 0:00,Shipped,1.0653495257808978,1.0688075917661204,-1.1651700861775494,Vintage Cars,-0.3164584332600687,S24_3151,Enaco Distributors,(93) 203 4555,"Rambla de CataluÂ¤a, 23",Barcelona,8022,Spain,EMEA,Saavedra,Eduardo,Medium
-0.5509457418802122,-1.5496147103029143,0.28464332126711833,-1.0570587063287502,-0.9589203453017716,1/2/2004 0:00,Shipped,-1.4270386327380036,-1.6664329408743999,0.2643280247651782,Vintage Cars,-0.3164584332600687,S24_3151,"Saveley & Henriot, Co.",78.32.5555,"2, rue du Commerce",Lyon,69004,France,EMEA,Saveley,Mary,Small
-0.3988861483790249,1.2225396970479543,-0.6369903961000444,1.7831158444003699,-0.12262520101383068,2/19/2004 0:00,Shipped,-1.4270386327380036,-1.3929088876103477,0.2643280247651782,Vintage Cars,-0.3164584332600687,S24_3151,Collectable Mini Designs Co.,7605558146,361 Furth Circle,San Diego,91217,USA,EMEA,Thompson,Valarie,Medium
-0.2794107534852349,0.5038329988458772,0.5478964164376198,-1.0570587063287502,0.12734508849902765,3/29/2004 0:00,Shipped,-1.4270386327380036,-1.1193848343462958,0.2643280247651782,Vintage Cars,-0.3164584332600687,S24_3151,Tekni Collectables Inc.,2015559350,7476 Moss Rd.,Newark,94019,USA,EMEA,Brown,William,Medium
-0.11648976044824859,-0.5228908557285186,0.8101579745265006,-0.3470150686464702,-0.27161472664466735,5/7/2004 0:00,Cancelled,-0.5962425798983697,-0.5723367278181918,0.2643280247651782,Vintage Cars,-0.3164584332600687,S24_3151,Land of Toys Inc.,2125557818,897 Long Airport Avenue,NYC,10022,USA,EMEA,Yu,Kwai,Medium
0.024708433517139576,-1.344269939388035,0.3723943529906188,-0.8203774937679902,-0.8406822751379114,6/17/2004 0:00,Shipped,-0.5962425798983697,-0.29881267455413973,0.2643280247651782,Vintage Cars,-0.3164584332600687,S24_3151,Quebec Home Shopping Network,(514) 555-8054,43 rue St. Laurent,Montreal,H1J 1C3,Canada,EMEA,Fresnisre,Jean,Small
0.15504522794672865,-0.8309080121008373,0.8101579745265006,-0.1103338560857102,-0.4114868774337144,7/21/2004 0:00,Shipped,0.23455347294126402,-0.025288621290087743,0.2643280247651782,Vintage Cars,-0.3164584332600687,S24_3151,Petit Auto,(02) 5554 67,Rue Joseph-Bens 532,Bruxelles,B-1180,Belgium,EMEA,Dewey,Catherine,Small
0.2636592233047195,-0.11220131389876024,0.4601453847141193,0.3630285690358098,-0.21391298449526064,8/20/2004 0:00,Shipped,0.23455347294126402,0.24823543197396428,0.2643280247651782,Vintage Cars,-0.3164584332600687,S24_3151,"Royal Canadian Collectables, Ltd.",(604) 555-4555,23 Tsawassen Blvd.,Tsawassen,T2F 8M4,Canada,EMEA,Lincoln,Elizabeth,Medium
0.39399601773430865,1.1198673115905147,0.06501785768796092,-0.8203774937679902,0.1926274472530428,9/10/2004 0:00,Shipped,0.23455347294126402,0.5217594852380163,0.2643280247651782,Vintage Cars,-0.3164584332600687,S24_3151,Gifts4AllAges.com,6175559555,8616 Spinnaker Dr.,Boston,51003,USA,EMEA,Yoshido,Juri,Medium
0.5134714126280986,-0.42021847027107895,0.020894457555805178,-1.0570587063287502,-0.5144659700481833,10/14/2004 0:00,Shipped,1.0653495257808978,0.7952835385020682,0.2643280247651782,Vintage Cars,-0.3164584332600687,S24_3151,"AV Stores, Co.",(171) 555-1555,Fauntleroy Circus,Manchester,EC2 5NT,UK,EMEA,Ashworth,Victoria,Small
0.6112240084502905,-1.138925168473156,0.1527688894114614,-1.2937399188895102,-0.7994015821377429,10/29/2004 0:00,Shipped,1.0653495257808978,0.7952835385020682,0.2643280247651782,Vintage Cars,-0.3164584332600687,S24_3151,La Rochelle Gifts,40.67.8555,"67, rue des Cinquante Otages",Nantes,44000,France,EMEA,Labrune,Janine,Small
0.7306994033440805,0.6065053843033168,0.10864548927930566,-0.8203774937679902,-0.018484036799515043,11/9/2004 0:00,Shipped,1.0653495257808978,1.0688075917661204,0.2643280247651782,Vintage Cars,-0.3164584332600687,S24_3151,"Volvo Model Replicas, Co",0921-12 3555,BerguvsvÂgen  8,Lule,S-958 22,Sweden,EMEA,Berglund,Christina,Medium
0.8718975973094686,2.043918780707471,0.8101579745265006,1.5464346318396098,3.912005940037745,11/23/2004 0:00,Shipped,1.0653495257808978,1.0688075917661204,0.2643280247651782,Vintage Cars,-0.3164584332600687,S24_3151,"Tokyo Collectables, Ltd",+81 3 3584 0555,2-2-8 Roppongi,Minato-ku,106-0032,Japan,Japan,Shimamura,Akiko,Large
0.9913729922032586,-0.5228908557285186,0.8101579745265006,0.5997097815965698,-0.2893716151096173,12/2/2004 0:00,Shipped,1.0653495257808978,1.3423316450301723,0.2643280247651782,Vintage Cars,-0.3164584332600687,S24_3151,Euro Shopping Channel,(91) 555 94 44,"C/ Moralzarzal, 86",Madrid,28034,Spain,EMEA,Freyre,Diego,Medium
1.2411851815266377,-0.21487369935619982,-1.3057821576537305,1.3097534192788498,-0.9026847682549756,1/31/2005 0:00,Shipped,-1.4270386327380036,-1.6664329408743999,1.6938261357079059,Vintage Cars,-0.3164584332600687,S24_3151,"Oulu Toy Supplies, Inc.",981-443655,Torikatu 38,Oulu,90110,Finland,EMEA,Koskitalo,Pirkko,Small
1.3606605764204276,0.8118501552181959,0.7045592753338136,-1.0570587063287502,0.3554206458129016,2/23/2005 0:00,Shipped,-1.4270386327380036,-1.3929088876103477,1.6938261357079059,Vintage Cars,-0.3164584332600687,S24_3151,Corporate Gift Ideas Co.,6505551386,7734 Strong St.,San Francisco,28034,USA,EMEA,Brown,Julie,Medium
1.4909973708500166,-0.8309080121008373,-0.022733174035539566,0.1263473564750498,-0.7099980923252237,3/23/2005 0:00,Shipped,-1.4270386327380036,-1.1193848343462958,1.6938261357079059,Vintage Cars,-0.3164584332600687,S24_3151,Mini Gifts Distributors Ltd.,4155551450,5677 Strong St.,San Rafael,97562,USA,EMEA,Nelson,Valarie,Small
1.6865025624944003,2.5572807079946687,0.8101579745265006,-0.3470150686464702,1.3866180044078724,5/6/2005 0:00,On Hold,-0.5962425798983697,-0.5723367278181918,1.6938261357079059,Vintage Cars,-0.3164584332600687,S24_3151,Gifts4AllAges.com,6175559555,8616 Spinnaker Dr.,Boston,51003,USA,EMEA,Yoshido,Juri,Medium
-1.615362896388523,-0.8309080121008373,-0.49767943613222676,1.3097534192788498,-0.850456709155315,3/18/2003 0:00,Shipped,-1.4270386327380036,-1.1193848343462958,-1.1651700861775494,Classic Cars,-0.3911209714615263,S24_3191,"AV Stores, Co.",(171) 555-1555,Fauntleroy Circus,Manchester,EC2 5NT,UK,EMEA,Ashworth,Victoria,Small
-1.4633033028873357,1.4278844679628335,-0.03066547068851121,1.0730722067180898,0.2796959333836268,5/21/2003 0:00,Shipped,-0.5962425798983697,-0.5723367278181918,-1.1651700861775494,Classic Cars,-0.3911209714615263,S24_3191,Signal Gift Stores,7025551838,8489 Strong St.,Las Vegas,83030,USA,EMEA,King,Sue,Medium
-1.2026297140281577,-0.42021847027107895,-0.49767943613222676,-0.3470150686464702,-0.6905469686305904,9/11/2003 0:00,Shipped,0.23455347294126402,0.5217594852380163,-1.1651700861775494,Classic Cars,-0.3911209714615263,S24_3191,"Anna's Decorations, Ltd",02 9936 8555,201 Miller Street,North Sydney,2060,Australia,APAC,O'Hara,Anna,Small
-1.0614315200627693,-1.5496147103029143,-0.3276308266341439,-0.5836962812072303,-1.0930473009850337,10/17/2003 0:00,Shipped,1.0653495257808978,0.7952835385020682,-1.1651700861775494,Classic Cars,-0.3911209714615263,S24_3191,Heintze Collectables,86 21 3555,Smagsloget 45,Aaarhus,8200,Denmark,EMEA,Ibsen,Palle,Small
-0.9419561251689794,-1.138925168473156,-0.11544189116714786,-1.0570587063287502,-0.8699078328499484,11/5/2003 0:00,Shipped,1.0653495257808978,1.0688075917661204,-1.1651700861775494,Classic Cars,-0.3911209714615263,S24_3191,Gift Depot Inc.,2035552570,25593 South Bay Ln.,Bridgewater,97562,USA,EMEA,King,Julie,Small
-0.8333421298109885,-0.21487369935619982,0.5211249152338403,2.0197970569611297,-0.24234029676254304,11/12/2003 0:00,Shipped,1.0653495257808978,1.0688075917661204,-1.1651700861775494,Classic Cars,-0.3911209714615263,S24_3191,Mini Gifts Distributors Ltd.,4155551450,5677 Strong St.,San Rafael,97562,USA,EMEA,Nelson,Valarie,Medium
-0.7247281344529977,-0.3175460848136394,-0.5398197621011399,-0.8203774937679902,-0.6653397893479304,11/20/2003 0:00,Shipped,1.0653495257808978,1.0688075917661204,-1.1651700861775494,Classic Cars,-0.3911209714615263,S24_3191,Online Diecast Creations Co.,6035558647,2304 Long Airport Avenue,Nashua,62005,USA,EMEA,Young,Valarie,Small
-0.5943913400234085,0.5038329988458772,-0.2002183116457838,0.5997097815965698,-0.20042426555124343,12/2/2003 0:00,Shipped,1.0653495257808978,1.3423316450301723,-1.1651700861775494,Classic Cars,-0.3911209714615263,S24_3191,Muscle Machine Inc,2125557413,4092 Furth Circle,NYC,10022,USA,EMEA,Young,Jeff,Medium
-0.5075001437370158,-0.8309080121008373,-0.2002183116457838,-1.0570587063287502,-0.7624868029986818,1/16/2004 0:00,Shipped,-1.4270386327380036,-1.6664329408743999,0.2643280247651782,Classic Cars,-0.3911209714615263,S24_3191,Euro Shopping Channel,(91) 555 94 44,"C/ Moralzarzal, 86",Madrid,28034,Spain,EMEA,Freyre,Diego,Small
-0.3445791507000295,0.5038329988458772,-0.2002183116457838,2.0197970569611297,-0.20042426555124343,3/2/2004 0:00,Shipped,-1.4270386327380036,-1.1193848343462958,0.2643280247651782,Classic Cars,-0.3911209714615263,S24_3191,"Saveley & Henriot, Co.",78.32.5555,"2, rue du Commerce",Lyon,69004,France,EMEA,Saveley,Mary,Medium
-0.19251955719884223,-0.9335803975582768,-0.11544189116714786,0.1263473564750498,-0.7815795307793436,4/13/2004 0:00,Shipped,-0.5962425798983697,-0.8458607810822437,0.2643280247651782,Classic Cars,-0.3911209714615263,S24_3191,Mini Caravy,88.60.1555,"24, place Kluber",Strasbourg,67000,France,EMEA,Citeaux,Frederique,Small
0.08987683073193412,0.9145225406756355,0.6485374302221997,-0.5836962812072303,0.3815672568094568,7/7/2004 0:00,Shipped,0.23455347294126402,-0.025288621290087743,0.2643280247651782,Classic Cars,-0.3911209714615263,S24_3191,Muscle Machine Inc,2125557413,4092 Furth Circle,NYC,10022,USA,EMEA,Young,Jeff,Medium
0.22021362516152318,-0.21487369935619982,-0.6245961825797759,-0.5836962812072303,-0.656466775356576,8/9/2004 0:00,Shipped,0.23455347294126402,0.24823543197396428,0.2643280247651782,Classic Cars,-0.3911209714615263,S24_3191,Euro Shopping Channel,(91) 555 94 44,"C/ Moralzarzal, 86",Madrid,28034,Spain,EMEA,Freyre,Diego,Small
0.317966220983715,-0.11220131389876024,-0.752008697568136,0.8363909941573299,-0.6653289288656888,9/1/2004 0:00,Shipped,0.23455347294126402,0.5217594852380163,0.2643280247651782,Classic Cars,-0.3911209714615263,S24_3191,Handji Gifts& Co,+65 224 1555,Village Close - 106 Linden Road Sandown,Singapore,69045,Singapore,APAC,Victorino,Wendy,Small
0.47002581448490227,1.325212082505394,-0.4550433416225033,-0.1103338560857102,0.011485463946068924,10/6/2003 0:00,Shipped,1.0653495257808978,0.7952835385020682,-1.1651700861775494,Classic Cars,-0.3911209714615263,S24_3191,"UK Collectables, Ltd.",(171) 555-2282,Berkeley Gardens 12  Brewery,Liverpool,WX1 6LT,UK,EMEA,Devon,Elizabeth,Medium
0.5677784103070941,-1.0362527830157164,-0.03066547068851121,-0.3470150686464702,-0.8025294010233122,10/16/2004 0:00,Shipped,1.0653495257808978,0.7952835385020682,0.2643280247651782,Classic Cars,-0.3911209714615263,S24_3191,Euro Shopping Channel,(91) 555 94 44,"C/ Moralzarzal, 86",Madrid,28034,Spain,EMEA,Freyre,Diego,Small
0.676392405665085,0.40116061338843767,0.05411094979012473,-1.0570587063287502,-0.13501701125145035,11/4/2004 0:00,Shipped,1.0653495257808978,1.0688075917661204,0.2643280247651782,Classic Cars,-0.3911209714615263,S24_3191,FunGiftIdeas.com,5085552555,1785 First Street,New Bedford,50553,USA,EMEA,Benitez,Violeta,Medium
0.795867800558875,1.017194926133075,-2.4524947925489684,1.3097534192788498,-1.0943777100596248,11/17/2004 0:00,Shipped,1.0653495257808978,1.0688075917661204,0.2643280247651782,Classic Cars,-0.3911209714615263,S24_3191,"AV Stores, Co.",(171) 555-1555,Fauntleroy Circus,Manchester,EC2 5NT,UK,EMEA,Ashworth,Victoria,Small
0.9479273940600622,-1.138925168473156,0.8101579745265006,-1.0570587063287502,-0.12379270285479839,11/29/2004 0:00,Shipped,1.0653495257808978,1.0688075917661204,0.2643280247651782,Classic Cars,-0.3911209714615263,S24_3191,Signal Gift Stores,7025551838,8489 Strong St.,Las Vegas,83030,USA,EMEA,King,Sue,Medium
1.186878183847642,1.1198673115905147,-0.2002183116457838,-1.2937399188895102,0.05898921327065097,1/19/2005 0:00,Shipped,-1.4270386327380036,-1.6664329408743999,1.6938261357079059,Classic Cars,-0.3911209714615263,S24_3191,Mini Gifts Distributors Ltd.,4155551450,5677 Strong St.,San Rafael,97562,USA,EMEA,Nelson,Valarie,Medium
1.3172149782772313,0.9145225406756355,-0.22798134993118524,0.5997097815965698,-0.040862060458248785,2/16/2005 0:00,Shipped,-1.4270386327380036,-1.3929088876103477,1.6938261357079059,Classic Cars,-0.3911209714615263,S24_3191,Euro Shopping Channel,(91) 555 94 44,"C/ Moralzarzal, 86",Madrid,28034,Spain,EMEA,Freyre,Diego,Medium
1.6104727657438067,-2.2683214085049914,-0.11544189116714786,0.1263473564750498,-1.3557134942382754,4/22/2005 0:00,On Hold,-0.5962425798983697,-0.8458607810822437,1.6938261357079059,Classic Cars,-0.3911209714615263,S24_3191,The Sharp Gifts Warehouse,4085553659,3086 Ingle Ln.,San Jose,94217,USA,EMEA,Frick,Sue,Small
1.7516709597091948,-0.009528928441320661,0.6485374302221997,0.8363909941573299,-0.0912221166123609,5/29/2005 0:00,In Process,-0.5962425798983697,-0.5723367278181918,1.6938261357079059,Classic Cars,-0.3911209714615263,S24_3191,Souveniers And Things Co.,+61 2 9495 8555,"Monitor Money Building, 815 Pacific Hwy",Chatswood,2067,Australia,APAC,Huxley,Adrian,Medium
-1.6370856954601212,-0.5228908557285186,-1.020715246687556,-0.3470150686464702,-0.9023915352344535,3/3/2003 0:00,Shipped,-1.4270386327380036,-1.1193848343462958,-1.1651700861775494,Classic Cars,-0.9884212770731873,S24_3371,Cruz & Sons Co.,+63 2 555 3587,15 McCallum Street - NatWest Center #13-03,Makati City,1227 MM,Philippines,Japan,Cruz,Arnold,Small
-1.485026101958934,-0.11220131389876024,-1.6582735901701653,0.5997097815965698,-1.0028292750043972,5/8/2003 0:00,Shipped,-0.5962425798983697,-0.5723367278181918,-1.1651700861775494,Classic Cars,-0.9884212770731873,S24_3371,Marseille Mini Autos,91.24.4555,"12, rue des Bouchers",Marseille,13008,France,EMEA,Lebihan,Laurence,Small
-1.3438279079935458,-0.8309080121008373,-0.8690100731994702,-0.1103338560857102,-0.9602724753408458,7/2/2003 0:00,Shipped,0.23455347294126402,-0.025288621290087743,-1.1651700861775494,Classic Cars,-0.9884212770731873,S24_3371,Mini Gifts Distributors Ltd.,4155551450,5677 Strong St.,San Rafael,97562,USA,EMEA,Nelson,Valarie,Small
-1.2134911135639566,-0.5228908557285186,-0.7475467807008392,-0.1103338560857102,-0.8126296495079627,9/5/2003 0:00,Shipped,0.23455347294126402,0.5217594852380163,-1.1651700861775494,Classic Cars,-0.9884212770731873,S24_3371,Collectables For Less Inc.,6175558555,7825 Douglas Av.,Brickhaven,58339,USA,EMEA,Nelson,Allen,Small
-1.0831543191343675,1.530556853420273,-0.6870630187219292,-1.2937399188895102,-0.03469330654504282,10/10/2003 0:00,Shipped,1.0653495257808978,0.7952835385020682,-1.1651700861775494,Classic Cars,-0.9884212770731873,S24_3371,Corporate Gift Ideas Co.,6505551386,7734 Strong St.,San Francisco,28034,USA,EMEA,Brown,Julie,Medium
-0.9745403237763767,-0.11220131389876024,-1.6582735901701653,-1.2937399188895102,-1.0028292750043972,11/4/2003 0:00,Shipped,1.0653495257808978,1.0688075917661204,-1.1651700861775494,Classic Cars,-0.9884212770731873,S24_3371,"Anna's Decorations, Ltd",02 9936 8555,201 Miller Street,North Sydney,2060,Australia,APAC,O'Hara,Anna,Small
-0.8442035293467876,-1.2415975539305957,-0.8992519541889252,1.5464346318396098,-1.1115318417601683,11/12/2003 0:00,Shipped,1.0653495257808978,1.0688075917661204,-1.1651700861775494,Classic Cars,-0.9884212770731873,S24_3371,Herkku Gifts,+47 2267 3215,"Drammen 121, PR 744 Sentrum",Bergen,N 5804,Norway,EMEA,Oeztan,Veysel,Small
-0.7355895339887967,1.325212082505394,-1.1724204201756419,-1.0570587063287502,-0.3656773633388156,11/20/2003 0:00,Shipped,1.0653495257808978,1.0688075917661204,-1.1651700861775494,Classic Cars,-0.9884212770731873,S24_3371,"Toms Spezialitten, Ltd",0221-5554327,Mehrheimerstr. 369,Koln,50739,Germany,EMEA,Pfalzheim,Henriette,Small
-0.6052527395592077,-0.11220131389876024,-0.9299896037191905,0.1263473564750498,-0.7316104519859276,12/2/2003 0:00,Shipped,1.0653495257808978,1.3423316450301723,-1.1651700861775494,Classic Cars,-0.9884212770731873,S24_3371,Euro Shopping Channel,(91) 555 94 44,"C/ Moralzarzal, 86",Madrid,28034,Spain,EMEA,Freyre,Diego,Small
-0.5183615432728149,1.325212082505394,-1.7192531206898862,-1.2937399188895102,-0.6531760492373835,1/15/2004 0:00,Shipped,-1.4270386327380036,-1.6664329408743999,0.2643280247651782,Classic Cars,-0.9884212770731873,S24_3371,Auto Canal Petit,(1) 47.55.6555,"25, rue Lauriston",Paris,75016,France,EMEA,Perrier,Dominique,Small
-0.36630194977162767,-1.138925168473156,-1.6582735901701653,0.3630285690358098,-1.275481681678753,2/22/2004 0:00,Shipped,-1.4270386327380036,-1.3929088876103477,0.2643280247651782,Classic Cars,-0.9884212770731873,S24_3371,"Vida Sport, Ltd",0897-034555,Grenzacherweg 237,Gensve,1203,Switzerland,EMEA,Holz,Michael,Small
-0.22510375580623948,1.2225396970479543,-1.0514528962178216,-1.0570587063287502,-0.3359902351315122,4/9/2004 0:00,Shipped,-0.5962425798983697,-0.8458607810822437,0.2643280247651782,Classic Cars,-0.9884212770731873,S24_3371,Danish Wholesale Imports,31 12 3555,Vinb'ltet 34,Kobenhavn,1734,Denmark,EMEA,Petersen,Jytte,Small
-0.06218276276925314,-1.138925168473156,-1.5368102976715348,1.3097534192788498,-1.2435518638885676,6/1/2004 0:00,Cancelled,-0.5962425798983697,-0.29881267455413973,0.2643280247651782,Classic Cars,-0.9884212770731873,S24_3371,"UK Collectables, Ltd.",(171) 555-2282,Berkeley Gardens 12  Brewery,Liverpool,WX1 6LT,UK,EMEA,Devon,Elizabeth,Small
0.07901543119613502,1.2225396970479543,-1.0514528962178216,1.5464346318396098,-0.3359902351315122,7/6/2004 0:00,Shipped,0.23455347294126402,-0.025288621290087743,0.2643280247651782,Classic Cars,-0.9884212770731873,S24_3371,L'ordine Souveniers,0522-556555,Strada Provinciale 124,Reggio Emilia,42100,Italy,EMEA,Moroni,Maurizio,Small
0.18762942655412593,-1.5496147103029143,-1.1119366581967318,-1.0570587063287502,-1.2648601300465079,8/2/2004 0:00,Shipped,0.23455347294126402,0.24823543197396428,0.2643280247651782,Classic Cars,-0.9884212770731873,S24_3371,Online Mini Collectables,6175557555,7635 Spinnaker Dr.,Brickhaven,58339,USA,EMEA,Barajas,Miguel,Small
0.3071048214479159,-1.5496147103029143,-0.7777886616902941,1.0730722067180898,-1.1916604797383954,8/30/2004 0:00,Shipped,0.23455347294126402,0.24823543197396428,0.2643280247651782,Classic Cars,-0.9884212770731873,S24_3371,"Vida Sport, Ltd",0897-034555,Grenzacherweg 237,Gensve,1203,Switzerland,EMEA,Holz,Michael,Small
0.4483030154133041,-0.42021847027107895,-1.2333999506953626,-0.5836962812072303,-0.9403597811509461,10/4/2003 0:00,Shipped,1.0653495257808978,0.7952835385020682,-1.1651700861775494,Classic Cars,-0.9884212770731873,S24_3371,"Blauer See Auto, Co.",+49 69 66 90 2555,Lyonerstr. 34,Frankfurt,60528,Germany,EMEA,Keitel,Roland,Small
0.556917010771295,0.29848822793099805,-1.3246213622045386,0.5997097815965698,-0.7548953259118315,10/16/2004 0:00,Shipped,1.0653495257808978,0.7952835385020682,0.2643280247651782,Classic Cars,-0.9884212770731873,S24_3371,"Toms Spezialitten, Ltd",0221-5554327,Mehrheimerstr. 369,Koln,50739,Germany,EMEA,Pfalzheim,Henriette,Small
0.6655310061292858,-0.9335803975582768,-1.1119366581967318,-1.0570587063287502,-1.065363931751298,11/3/2004 0:00,Shipped,1.0653495257808978,1.0688075917661204,0.2643280247651782,Classic Cars,-0.9884212770731873,S24_3371,"Volvo Model Replicas, Co",0921-12 3555,BerguvsvÂgen  8,Lule,S-958 22,Sweden,EMEA,Berglund,Christina,Small
0.7850064010230758,-1.0362527830157164,0.8101579745265006,0.5997097815965698,-0.25814772866513325,11/17/2004 0:00,Shipped,1.0653495257808978,1.0688075917661204,0.2643280247651782,Classic Cars,-0.9884212770731873,S24_3371,Motor Mint Distributors Inc.,2155559857,11328 Douglas Av.,Philadelphia,71270,USA,EMEA,Hernandez,Rosa,Medium
0.9044817959168658,1.325212082505394,-1.0514528962178216,0.8363909941573299,-0.3020783793322422,11/24/2004 0:00,Shipped,1.0653495257808978,1.0688075917661204,0.2643280247651782,Classic Cars,-0.9884212770731873,S24_3371,"Australian Collectors, Co.",03 9520 4555,636 St Kilda Road,Melbourne,3004,Australia,APAC,Ferguson,Peter,Small
1.045679989882254,0.9145225406756355,-1.0514528962178216,-0.1103338560857102,-0.43772580252932247,12/7/2004 0:00,Shipped,1.0653495257808978,1.3423316450301723,0.2643280247651782,Classic Cars,-0.9884212770731873,S24_3371,Euro Shopping Channel,(91) 555 94 44,"C/ Moralzarzal, 86",Madrid,28034,Spain,EMEA,Freyre,Diego,Small
1.1325711861686467,-1.4469423248454747,0.8101579745265006,2.0197970569611297,-0.6006547571172007,1/6/2005 0:00,Shipped,-1.4270386327380036,-1.6664329408743999,1.6938261357079059,Classic Cars,-0.9884212770731873,S24_3371,Suominen Souveniers,+358 9 8045 555,"Software Engineering Center, SEC Oy",Espoo,FIN-02271,Finland,EMEA,Suominen,Kalle,Small
1.295492179205633,1.1198673115905147,-2.0881049150530755,-0.1103338560857102,-0.892215263374112,2/10/2005 0:00,Shipped,-1.4270386327380036,-1.3929088876103477,1.6938261357079059,Classic Cars,-0.9884212770731873,S24_3371,Euro Shopping Channel,(91) 555 94 44,"C/ Moralzarzal, 86",Madrid,28034,Spain,EMEA,Freyre,Diego,Small
1.425828973635222,1.1198673115905147,-1.527886463936941,-0.1103338560857102,-0.609951329915976,3/4/2005 0:00,Shipped,-1.4270386327380036,-1.1193848343462958,1.6938261357079059,Classic Cars,-0.9884212770731873,S24_3371,Mini Gifts Distributors Ltd.,4155551450,5677 Strong St.,San Rafael,97562,USA,EMEA,Nelson,Valarie,Small
1.7408095601733957,2.043918780707471,-1.5368102976715348,1.3097534192788498,-0.3570867218857418,5/17/2005 0:00,Shipped,-0.5962425798983697,-0.5723367278181918,1.6938261357079059,Classic Cars,-0.9884212770731873,S24_3371,Salzburg Collectables,6562-9555,Geislweg 14,Salzburg,5020,Austria,EMEA,Pipps,Georg,Small
-1.6588084945317194,-0.42021847027107895,-1.5397849089163989,1.7831158444003699,-1.0443923405428464,2/17/2003 0:00,Shipped,-1.4270386327380036,-1.3929088876103477,-1.1651700861775494,Vintage Cars,-0.8888712261379105,S24_3420,Rovelli Gifts,035-640555,Via Ludovico il Moro 22,Bergamo,24100,Italy,EMEA,Rovelli,Giovanni,Small
-1.517610300566331,-1.5496147103029143,-0.529408622744114,-0.3470150686464702,-1.1372494637081816,4/28/2003 0:00,Shipped,-0.5962425798983697,-0.8458607810822437,-1.1651700861775494,Vintage Cars,-0.8888712261379105,S24_3420,Salzburg Collectables,6562-9555,Geislweg 14,Salzburg,5020,Austria,EMEA,Pipps,Georg,Small
-1.387273506136742,-0.6255632411859581,-1.213569209062933,-0.1103338560857102,-0.9978986160667292,6/16/2003 0:00,Shipped,-0.5962425798983697,-0.29881267455413973,-1.1651700861775494,Vintage Cars,-0.8888712261379105,S24_3420,Gift Ideas Corp.,2035554407,2440 Pompton St.,Glendale,97561,USA,EMEA,Lewis,Dan,Small
-1.256936711707153,-0.21487369935619982,-0.3008593254303637,0.5997097815965698,-0.5394505094448914,8/10/2003 0:00,Shipped,0.23455347294126402,0.24823543197396428,-1.1651700861775494,Vintage Cars,-0.8888712261379105,S24_3420,Mini Creations Ltd.,5085559555,4575 Hillside Dr.,New Bedford,50553,USA,EMEA,Tam,Wing C,Small
-1.126599917277564,-0.11220131389876024,-1.376677058989666,0.1263473564750498,-0.8979604584798971,10/6/2003 0:00,Shipped,1.0653495257808978,0.7952835385020682,-1.1651700861775494,Vintage Cars,-0.8888712261379105,S24_3420,"Toys of Finland, Co.",90-224 8555,Keskuskatu 45,Helsinki,21240,Finland,EMEA,Karttunen,Matti,Small
-0.9962631228479749,-0.3175460848136394,-1.0182364039835023,-0.8203774937679902,-0.8330256351576119,10/23/2003 0:00,Cancelled,1.0653495257808978,0.7952835385020682,-1.1651700861775494,Vintage Cars,-0.8888712261379105,S24_3420,Scandinavian Gift Ideas,0695-34 6555,?kergatan 24,Boras,S-844 67,Sweden,EMEA,Larsson,Maria,Small
-0.8767877279541849,-0.8309080121008373,-0.4966878990506055,-0.1103338560857102,-0.8501634761347929,11/8/2003 0:00,Shipped,1.0653495257808978,1.0688075917661204,-1.1651700861775494,Vintage Cars,-0.8888712261379105,S24_3420,Alpha Cognac,61.77.6555,1 rue Alsace-Lorraine,Toulouse,31000,France,EMEA,Roulet,Annette,Small
-0.7898965316677922,-1.4469423248454747,-0.7247414278235448,-0.8203774937679902,-1.1425493790420627,11/14/2003 0:00,Shipped,1.0653495257808978,1.0688075917661204,-1.1651700861775494,Vintage Cars,-0.8888712261379105,S24_3420,"Double Decker Gift Stores, Ltd",(171) 555-7555,120 Hanover Sq.,London,WA1 1DP,UK,EMEA,Hardy,Thomas,Small
-0.659559737238203,-0.8309080121008373,-0.5943543015903209,-0.1103338560857102,-0.8790469286562209,11/27/2003 0:00,Shipped,1.0653495257808978,1.0688075917661204,-1.1651700861775494,Vintage Cars,-0.8888712261379105,S24_3420,Cruz & Sons Co.,+63 2 555 3587,15 McCallum Street - NatWest Center #13-03,Makati City,1227 MM,Philippines,Japan,Cruz,Arnold,Small
-0.540084342344413,0.09314345701611891,-0.3008593254303637,-1.0570587063287502,-0.41305078687649904,1/9/2004 0:00,Shipped,-1.4270386327380036,-1.6664329408743999,0.2643280247651782,Vintage Cars,-0.8888712261379105,S24_3420,"Men 'R' US Retailers, Ltd.",2155554369,6047 Douglas Av.,Los Angeles,28034,USA,EMEA,Chandler,Michael,Small
-0.3988861483790249,0.8118501552181959,-0.6597957489773387,-0.1103338560857102,-0.2871723674557014,2/19/2004 0:00,Shipped,-1.4270386327380036,-1.3929088876103477,0.2643280247651782,Vintage Cars,-0.8888712261379105,S24_3420,Collectable Mini Designs Co.,7605558146,361 Furth Circle,San Diego,91217,USA,EMEA,Thompson,Valarie,Medium
-0.1056283609124495,-1.0362527830157164,-0.6920207041300362,-1.0570587063287502,-0.9836279424013199,5/8/2004 0:00,Shipped,-0.5962425798983697,-0.5723367278181918,0.2643280247651782,Vintage Cars,-0.8888712261379105,S24_3420,Cambridge Collectables Co.,6175555555,4658 Baden Av.,Cambridge,51247,USA,EMEA,Tseng,Kyung,Small
0.03556983305293866,1.1198673115905147,-0.6597957489773387,1.0730722067180898,-0.172567128601643,6/24/2004 0:00,Cancelled,-0.5962425798983697,-0.29881267455413973,0.2643280247651782,Vintage Cars,-0.8888712261379105,S24_3420,Euro Shopping Channel,(91) 555 94 44,"C/ Moralzarzal, 86",Madrid,28034,Spain,EMEA,Freyre,Diego,Medium
0.16590662748252774,-1.138925168473156,-0.5616335778968123,-0.8203774937679902,-0.9872010410587929,7/21/2004 0:00,Shipped,0.23455347294126402,-0.025288621290087743,0.2643280247651782,Vintage Cars,-0.8888712261379105,S24_3420,Collectables For Less Inc.,6175558555,7825 Douglas Av.,Brickhaven,58339,USA,EMEA,Nelson,Allen,Small
0.27452062284051865,0.40116061338843767,-0.5943543015903209,1.5464346318396098,-0.4120244713046715,8/21/2004 0:00,Shipped,0.23455347294126402,0.24823543197396428,0.2643280247651782,Vintage Cars,-0.8888712261379105,S24_3420,"Norway Gifts By Mail, Co.",+47 2212 1555,"Drammensveien 126 A, PB 744 Sentrum",Oslo,N 0106,Norway,EMEA,Klaeboe,Jan,Small
0.4048574172701077,-0.42021847027107895,-1.4743434615293813,0.5997097815965698,-1.0221717938766153,9/15/2004 0:00,Shipped,0.23455347294126402,0.5217594852380163,0.2643280247651782,Vintage Cars,-0.8888712261379105,S24_3420,"Bavarian Collectables Imports, Co.",+49 89 61 08 9555,Hansastr. 15,Munich,80686,Germany,EMEA,Donnermeyer,Michael,Small
0.5243328121638977,-1.344269939388035,-0.5943543015903209,-0.8203774937679902,-1.0736396192193665,10/14/2004 0:00,Shipped,1.0653495257808978,0.7952835385020682,0.2643280247651782,Vintage Cars,-0.8888712261379105,S24_3420,"Classic Gift Ideas, Inc",2155554695,782 First Street,Philadelphia,71270,USA,EMEA,Cervantes,Francisca,Small
0.6220854079860895,1.2225396970479543,-0.3335800491238723,1.0730722067180898,0.033570254584280576,11/1/2004 0:00,Shipped,1.0653495257808978,1.0688075917661204,0.2643280247651782,Vintage Cars,-0.8888712261379105,S24_3420,giftsbymail.co.uk,(198) 555-8888,Garden House Crowther Way,Cowes,PO31 7PJ,UK,EMEA,Bennett,Helen,Medium
0.7524222024156786,-1.5496147103029143,-0.529408622744114,-1.0570587063287502,-1.1372494637081816,11/12/2004 0:00,Shipped,1.0653495257808978,1.0688075917661204,0.2643280247651782,Vintage Cars,-0.8888712261379105,S24_3420,Rovelli Gifts,035-640555,Via Ludovico il Moro 22,Bergamo,24100,Italy,EMEA,Rovelli,Giovanni,Small
0.8718975973094686,-0.6255632411859581,0.7947891497613676,1.7831158444003699,-0.35995931943863435,11/23/2004 0:00,Shipped,1.0653495257808978,1.0688075917661204,0.2643280247651782,Vintage Cars,-0.8888712261379105,S24_3420,"Tokyo Collectables, Ltd",+81 3 3584 0555,2-2-8 Roppongi,Minato-ku,106-0032,Japan,Japan,Shimamura,Akiko,Small
1.0022343917390577,0.29848822793099805,-0.7574621515170541,-0.5836962812072303,-0.5188318839092902,12/3/2004 0:00,Shipped,1.0653495257808978,1.3423316450301723,0.2643280247651782,Vintage Cars,-0.8888712261379105,S24_3420,"Stylish Desk Decors, Co.",(171) 555-0297,35 King George,London,WX3 6FW,UK,EMEA,Brown,Ann,Small
1.1108483870970485,-0.11220131389876024,0.8101579745265006,-0.1103338560857102,0.17269846233978087,12/17/2004 0:00,Shipped,1.0653495257808978,1.3423316450301723,0.2643280247651782,Vintage Cars,-0.8888712261379105,S24_3420,Souveniers And Things Co.,+61 2 9495 8555,"Monitor Money Building, 815 Pacific Hwy",Chatswood,2067,Australia,APAC,Huxley,Adrian,Medium
1.2411851815266377,1.1198673115905147,-0.8754550642300096,1.0730722067180898,-0.28122625342844754,1/31/2005 0:00,Shipped,-1.4270386327380036,-1.6664329408743999,1.6938261357079059,Vintage Cars,-0.8888712261379105,S24_3420,"Oulu Toy Supplies, Inc.",981-443655,Torikatu 38,Oulu,90110,Finland,EMEA,Koskitalo,Pirkko,Medium
1.3823833754920258,-0.009528928441320661,-0.9865072173716151,0.5997097815965698,-0.718034849183978,3/1/2005 0:00,Resolved,-1.4270386327380036,-1.1193848343462958,1.6938261357079059,Vintage Cars,-0.8888712261379105,S24_3420,Euro Shopping Channel,(91) 555 94 44,"C/ Moralzarzal, 86",Madrid,28034,Spain,EMEA,Freyre,Diego,Small
1.5127201699216148,-0.11220131389876024,-0.5943543015903209,1.5464346318396098,-0.606617161867817,3/30/2005 0:00,Shipped,-1.4270386327380036,-1.1193848343462958,1.6938261357079059,Vintage Cars,-0.8888712261379105,S24_3420,Reims Collectables,26.47.1555,59 rue de l'Abbaye,Reims,51100,France,EMEA,Henriot,Paul,Small
1.534442968993213,0.29848822793099805,-1.3117313801434591,-0.8203774937679902,-0.749530247684501,4/1/2005 0:00,Shipped,-0.5962425798983697,-0.8458607810822437,1.6938261357079059,Vintage Cars,-0.8888712261379105,S24_3420,The Sharp Gifts Warehouse,4085553659,3086 Ingle Ln.,San Jose,94217,USA,EMEA,Frick,Sue,Small
1.6973639620301995,-1.7549594812177935,-0.6920207041300362,-1.0570587063287502,-1.2485694066841684,5/9/2005 0:00,Disputed,-0.5962425798983697,-0.5723367278181918,1.6938261357079059,Vintage Cars,-0.8888712261379105,S24_3420,"Australian Collectables, Ltd",61-9-3844-6555,7 Allen Street,Glen Waverly,3150,Australia,APAC,Connery,Sean,Small
-1.615362896388523,0.1958158424735585,0.8101579745265006,1.7831158444003699,0.09260240580827823,3/18/2003 0:00,Shipped,-1.4270386327380036,-1.1193848343462958,-1.1651700861775494,Classic Cars,0.15640430868249622,S24_3432,"AV Stores, Co.",(171) 555-1555,Fauntleroy Circus,Manchester,EC2 5NT,UK,EMEA,Ashworth,Victoria,Medium
-1.4633033028873357,0.8118501552181959,0.8101579745265006,1.5464346318396098,0.8955069974445438,5/21/2003 0:00,Shipped,-0.5962425798983697,-0.5723367278181918,-1.1651700861775494,Classic Cars,0.15640430868249622,S24_3432,Signal Gift Stores,7025551838,8489 Strong St.,Las Vegas,83030,USA,EMEA,King,Sue,Medium
-1.2026297140281577,-0.8309080121008373,0.8101579745265006,0.1263473564750498,-0.04582530084264149,9/11/2003 0:00,Shipped,0.23455347294126402,0.5217594852380163,-1.1651700861775494,Classic Cars,0.15640430868249622,S24_3432,"Anna's Decorations, Ltd",02 9936 8555,201 Miller Street,North Sydney,2060,Australia,APAC,O'Hara,Anna,Medium
-1.0614315200627693,-0.5228908557285186,0.8101579745265006,-0.1103338560857102,-0.22029894805329786,10/17/2003 0:00,Shipped,1.0653495257808978,0.7952835385020682,-1.1651700861775494,Classic Cars,0.15640430868249622,S24_3432,Heintze Collectables,86 21 3555,Smagsloget 45,Aaarhus,8200,Denmark,EMEA,Ibsen,Palle,Medium
-0.9419561251689794,-1.344269939388035,0.7362884619457009,-0.5836962812072303,-0.7529947415195586,11/5/2003 0:00,Shipped,1.0653495257808978,1.0688075917661204,-1.1651700861775494,Classic Cars,0.15640430868249622,S24_3432,Gift Depot Inc.,2035552570,25593 South Bay Ln.,Bridgewater,97562,USA,EMEA,King,Julie,Small
-0.8333421298109885,1.4278844679628335,0.8101579745265006,2.4931594820826497,1.4608331098055705,11/12/2003 0:00,Shipped,1.0653495257808978,1.0688075917661204,-1.1651700861775494,Classic Cars,0.15640430868249622,S24_3432,Mini Gifts Distributors Ltd.,4155551450,5677 Strong St.,San Rafael,97562,USA,EMEA,Nelson,Valarie,Medium
-0.7247281344529977,1.1198673115905147,0.8101579745265006,-0.3470150686464702,1.092624750128852,11/20/2003 0:00,Shipped,1.0653495257808978,1.0688075917661204,-1.1651700861775494,Classic Cars,0.15640430868249622,S24_3432,Online Diecast Creations Co.,6035558647,2304 Long Airport Avenue,Nashua,62005,USA,EMEA,Young,Valarie,Medium
-0.5943913400234085,1.325212082505394,0.36495782487845746,1.0730722067180898,0.442603167007022,12/2/2003 0:00,Shipped,1.0653495257808978,1.3423316450301723,-1.1651700861775494,Classic Cars,0.15640430868249622,S24_3432,Muscle Machine Inc,2125557413,4092 Furth Circle,NYC,10022,USA,EMEA,Young,Jeff,Medium
-0.5075001437370158,1.1198673115905147,0.20581612327821078,-0.5836962812072303,0.2635681172549108,1/16/2004 0:00,Shipped,-1.4270386327380036,-1.6664329408743999,0.2643280247651782,Classic Cars,0.15640430868249622,S24_3432,Euro Shopping Channel,(91) 555 94 44,"C/ Moralzarzal, 86",Madrid,28034,Spain,EMEA,Freyre,Diego,Medium
-0.35544055023582855,1.325212082505394,0.4180050587452068,-1.0570587063287502,0.4704928854033471,2/26/2004 0:00,Shipped,-1.4270386327380036,-1.3929088876103477,0.2643280247651782,Classic Cars,0.15640430868249622,S24_3432,Collectable Mini Designs Co.,7605558146,361 Furth Circle,San Diego,91217,USA,EMEA,Thompson,Valarie,Medium
-0.19251955719884223,-0.8309080121008373,0.15227312087065112,0.5997097815965698,-0.6582424642030711,4/13/2004 0:00,Shipped,-0.5962425798983697,-0.8458607810822437,0.2643280247651782,Classic Cars,0.15640430868249622,S24_3432,Mini Caravy,88.60.1555,"24, place Kluber",Strasbourg,67000,France,EMEA,Citeaux,Frederique,Small
0.08987683073193412,0.8118501552181959,0.8101579745265006,-0.1103338560857102,0.8455379186511275,7/7/2004 0:00,Shipped,0.23455347294126402,-0.025288621290087743,0.2643280247651782,Classic Cars,0.15640430868249622,S24_3432,Muscle Machine Inc,2125557413,4092 Furth Circle,NYC,10022,USA,EMEA,Young,Jeff,Medium
0.22021362516152318,1.325212082505394,0.8101579745265006,-0.1103338560857102,1.4195252655997983,8/9/2004 0:00,Shipped,0.23455347294126402,0.24823543197396428,0.2643280247651782,Classic Cars,0.15640430868249622,S24_3432,Euro Shopping Channel,(91) 555 94 44,"C/ Moralzarzal, 86",Madrid,28034,Spain,EMEA,Freyre,Diego,Medium
0.317966220983715,0.6065053843033168,0.8101579745265006,1.3097534192788498,0.7164502267279494,9/1/2004 0:00,Shipped,0.23455347294126402,0.5217594852380163,0.2643280247651782,Classic Cars,0.15640430868249622,S24_3432,Handji Gifts& Co,+65 224 1555,Village Close - 106 Linden Road Sandown,Singapore,69045,Singapore,APAC,Victorino,Wendy,Medium
0.45916441494910315,-1.344269939388035,0.6301939942122029,-1.0570587063287502,-0.7785603167161901,10/5/2003 0:00,Shipped,1.0653495257808978,0.7952835385020682,-1.1651700861775494,Classic Cars,0.15640430868249622,S24_3432,"Norway Gifts By Mail, Co.",+47 2212 1555,"Drammensveien 126 A, PB 744 Sentrum",Oslo,N 0106,Norway,EMEA,Klaeboe,Jan,Small
0.5677784103070941,1.1198673115905147,0.4180050587452068,0.1263473564750498,0.37047870444082437,10/16/2004 0:00,Shipped,1.0653495257808978,0.7952835385020682,0.2643280247651782,Classic Cars,0.15640430868249622,S24_3432,Euro Shopping Channel,(91) 555 94 44,"C/ Moralzarzal, 86",Madrid,28034,Spain,EMEA,Freyre,Diego,Medium
0.676392405665085,-1.4469423248454747,0.3119105910117088,-0.5836962812072303,-0.904102061187499,11/4/2004 0:00,Shipped,1.0653495257808978,1.0688075917661204,0.2643280247651782,Classic Cars,0.15640430868249622,S24_3432,FunGiftIdeas.com,5085552555,1785 First Street,New Bedford,50553,USA,EMEA,Benitez,Violeta,Small
0.795867800558875,-0.42021847027107895,-2.3042599988465575,1.5464346318396098,-1.3039687265983642,11/17/2004 0:00,Shipped,1.0653495257808978,1.0688075917661204,0.2643280247651782,Classic Cars,0.15640430868249622,S24_3432,"AV Stores, Co.",(171) 555-1555,Fauntleroy Circus,Manchester,EC2 5NT,UK,EMEA,Ashworth,Victoria,Small
0.9479273940600622,-0.9335803975582768,0.6059013357124763,-0.1103338560857102,-0.5761535091802422,11/29/2004 0:00,Shipped,1.0653495257808978,1.0688075917661204,0.2643280247651782,Classic Cars,0.15640430868249622,S24_3432,Signal Gift Stores,7025551838,8489 Strong St.,Las Vegas,83030,USA,EMEA,King,Sue,Small
1.186878183847642,-1.5496147103029143,0.7893356958124496,-0.5836962812072303,-0.8483606360826941,1/19/2005 0:00,Shipped,-1.4270386327380036,-1.6664329408743999,1.6938261357079059,Classic Cars,0.15640430868249622,S24_3432,Mini Gifts Distributors Ltd.,4155551450,5677 Strong St.,San Rafael,97562,USA,EMEA,Nelson,Valarie,Small
1.3172149782772313,-0.11220131389876024,0.8101579745265006,1.0730722067180898,0.21682460168723772,2/16/2005 0:00,Shipped,-1.4270386327380036,-1.3929088876103477,1.6938261357079059,Classic Cars,0.15640430868249622,S24_3432,Euro Shopping Channel,(91) 555 94 44,"C/ Moralzarzal, 86",Madrid,28034,Spain,EMEA,Freyre,Diego,Medium
1.6104727657438067,0.8118501552181959,0.15227312087065112,0.5997097815965698,0.09530123564530571,4/22/2005 0:00,On Hold,-0.5962425798983697,-0.8458607810822437,1.6938261357079059,Classic Cars,0.15640430868249622,S24_3432,The Sharp Gifts Warehouse,4085553659,3086 Ingle Ln.,San Jose,94217,USA,EMEA,Frick,Sue,Medium
1.7516709597091948,-0.9335803975582768,0.8101579745265006,1.3097534192788498,-0.5086664725311905,5/29/2005 0:00,In Process,-0.5962425798983697,-0.5723367278181918,1.6938261357079059,Classic Cars,0.15640430868249622,S24_3432,Souveniers And Things Co.,+61 2 9495 8555,"Monitor Money Building, 815 Pacific Hwy",Chatswood,2067,Australia,APAC,Huxley,Adrian,Small
-1.6696698940675183,1.530556853420273,-0.19773946894173025,-1.2937399188895102,0.2332890927654423,2/11/2003 0:00,Shipped,-1.4270386327380036,-1.3929088876103477,-1.1651700861775494,Vintage Cars,-0.44089599692916476,S24_3816,Danish Wholesale Imports,31 12 3555,Vinb'ltet 34,Kobenhavn,1734,Denmark,EMEA,Petersen,Jytte,Medium
-1.517610300566331,-0.009528928441320661,0.34264824054197407,0.8363909941573299,-0.2084881736156017,4/28/2003 0:00,Shipped,-0.5962425798983697,-0.8458607810822437,-1.1651700861775494,Vintage Cars,-0.44089599692916476,S24_3816,Salzburg Collectables,6562-9555,Geislweg 14,Salzburg,5020,Austria,EMEA,Pipps,Georg,Medium
-1.4089963052083403,1.530556853420273,-0.2810285837979346,-1.2937399188895102,0.18767506735089162,6/12/2003 0:00,Shipped,-0.5962425798983697,-0.29881267455413973,-1.1651700861775494,Vintage Cars,-0.44089599692916476,S24_3816,"Stylish Desk Decors, Co.",(171) 555-0297,35 King George,London,WX3 6FW,UK,EMEA,Brown,Ann,Medium
-1.256936711707153,-1.2415975539305957,-0.15609491151362806,1.7831158444003699,-0.9243134186390417,8/10/2003 0:00,Shipped,0.23455347294126402,0.24823543197396428,-1.1651700861775494,Vintage Cars,-0.44089599692916476,S24_3816,Mini Creations Ltd.,5085559555,4575 Hillside Dr.,New Bedford,50553,USA,EMEA,Tam,Wing C,Small
-1.126599917277564,0.1958158424735585,-0.7797717358535368,1.3097534192788498,-0.5650052241592813,10/6/2003 0:00,Shipped,1.0653495257808978,0.7952835385020682,-1.1651700861775494,Vintage Cars,-0.44089599692916476,S24_3816,"Toys of Finland, Co.",90-224 8555,Keskuskatu 45,Helsinki,21240,Finland,EMEA,Karttunen,Matti,Small
-0.9962631228479749,-0.6255632411859581,0.009987549657968994,0.3630285690358098,-0.6092453985702745,10/23/2003 0:00,Cancelled,1.0653495257808978,0.7952835385020682,-1.1651700861775494,Vintage Cars,-0.44089599692916476,S24_3816,Scandinavian Gift Ideas,0695-34 6555,?kergatan 24,Boras,S-844 67,Sweden,EMEA,Larsson,Maria,Small
-0.8767877279541849,-1.4469423248454747,-0.5720447172538375,1.0730722067180898,-1.1074265794728586,11/8/2003 0:00,Shipped,1.0653495257808978,1.0688075917661204,-1.1651700861775494,Vintage Cars,-0.44089599692916476,S24_3816,Alpha Cognac,61.77.6555,1 rue Alsace-Lorraine,Toulouse,31000,France,EMEA,Roulet,Annette,Small
-0.7898965316677922,0.09314345701611891,0.09327666451417337,0.3630285690358098,-0.2576372859997799,11/14/2003 0:00,Shipped,1.0653495257808978,1.0688075917661204,-1.1651700861775494,Vintage Cars,-0.44089599692916476,S24_3816,"Double Decker Gift Stores, Ltd",(171) 555-7555,120 Hanover Sq.,London,WA1 1DP,UK,EMEA,Hardy,Thomas,Medium
-0.6704211367740022,-1.344269939388035,0.13492122194227485,-0.3470150686464702,-0.8979061560686894,11/26/2003 0:00,Shipped,1.0653495257808978,1.0688075917661204,-1.1651700861775494,Vintage Cars,-0.44089599692916476,S24_3816,Enaco Distributors,(93) 203 4555,"Rambla de CataluÂ¤a, 23",Barcelona,8022,Spain,EMEA,Saavedra,Eduardo,Small
-0.540084342344413,-1.344269939388035,0.3010036831138726,0.1263473564750498,-0.857885279008542,1/9/2004 0:00,Shipped,-1.4270386327380036,-1.6664329408743999,0.2643280247651782,Vintage Cars,-0.44089599692916476,S24_3816,"Men 'R' US Retailers, Ltd.",2155554369,6047 Douglas Av.,Los Angeles,28034,USA,EMEA,Chandler,Michael,Small
-0.3988861483790249,1.1198673115905147,-0.15609491151362806,1.0730722067180898,0.08122062041912367,2/19/2004 0:00,Shipped,-1.4270386327380036,-1.3929088876103477,0.2643280247651782,Vintage Cars,-0.44089599692916476,S24_3816,Collectable Mini Designs Co.,7605558146,361 Furth Circle,San Diego,91217,USA,EMEA,Thompson,Valarie,Medium
-0.11648976044824859,-1.2415975539305957,-0.36431769865413827,-1.0570587063287502,-0.9767695478657749,5/7/2004 0:00,Cancelled,-0.5962425798983697,-0.5723367278181918,0.2643280247651782,Vintage Cars,-0.44089599692916476,S24_3816,Land of Toys Inc.,2125557818,897 Long Airport Avenue,NYC,10022,USA,EMEA,Yu,Kwai,Small
0.03556983305293866,1.4278844679628335,0.17607001082956605,2.2564782695218897,0.39065205020452126,6/24/2004 0:00,Cancelled,-0.5962425798983697,-0.29881267455413973,0.2643280247651782,Vintage Cars,-0.44089599692916476,S24_3816,Euro Shopping Channel,(91) 555 94 44,"C/ Moralzarzal, 86",Madrid,28034,Spain,EMEA,Freyre,Diego,Medium
0.15504522794672865,1.325212082505394,-0.031657007770133194,-0.8203774937679902,0.23408190796907616,7/21/2004 0:00,Shipped,0.23455347294126402,-0.025288621290087743,0.2643280247651782,Vintage Cars,-0.44089599692916476,S24_3816,Petit Auto,(02) 5554 67,Rue Joseph-Bens 532,Bruxelles,B-1180,Belgium,EMEA,Dewey,Catherine,Medium
0.2636592233047195,-0.21487369935619982,-0.5304001598257361,-0.3470150686464702,-0.6224191635292865,8/20/2004 0:00,Shipped,0.23455347294126402,0.24823543197396428,0.2643280247651782,Vintage Cars,-0.44089599692916476,S24_3816,"Royal Canadian Collectables, Ltd.",(604) 555-4555,23 Tsawassen Blvd.,Tsawassen,T2F 8M4,Canada,EMEA,Lincoln,Elizabeth,Small
0.4048574172701077,-1.344269939388035,-0.3226731412260361,1.7831158444003699,-1.0081726322672449,9/15/2004 0:00,Shipped,0.23455347294126402,0.5217594852380163,0.2643280247651782,Vintage Cars,-0.44089599692916476,S24_3816,"Bavarian Collectables Imports, Co.",+49 89 61 08 9555,Hansastr. 15,Munich,80686,Germany,EMEA,Donnermeyer,Michael,Small
0.5243328121638977,-1.344269939388035,0.38429279797007626,0.3630285690358098,-0.8378151078261397,10/14/2004 0:00,Shipped,1.0653495257808978,0.7952835385020682,0.2643280247651782,Vintage Cars,-0.44089599692916476,S24_3816,"Classic Gift Ideas, Inc",2155554695,782 First Street,Philadelphia,71270,USA,EMEA,Cervantes,Francisca,Small
0.6220854079860895,-1.0362527830157164,0.42593735539817845,2.2564782695218897,-0.6774980992173564,11/1/2004 0:00,Shipped,1.0653495257808978,1.0688075917661204,0.2643280247651782,Vintage Cars,-0.44089599692916476,S24_3816,giftsbymail.co.uk,(198) 555-8888,Garden House Crowther Way,Cowes,PO31 7PJ,UK,EMEA,Bennett,Helen,Small
0.7306994033440805,-1.5496147103029143,0.42593735539817845,-1.0570587063287502,-0.9279679709133265,11/9/2004 0:00,Shipped,1.0653495257808978,1.0688075917661204,0.2643280247651782,Vintage Cars,-0.44089599692916476,S24_3816,"Volvo Model Replicas, Co",0921-12 3555,BerguvsvÂgen  8,Lule,S-958 22,Sweden,EMEA,Berglund,Christina,Small
0.8718975973094686,0.7091777697607564,-1.20464537532834,2.2564782695218897,-0.5760231833933436,11/23/2004 0:00,Shipped,1.0653495257808978,1.0688075917661204,0.2643280247651782,Vintage Cars,-0.44089599692916476,S24_3816,"Tokyo Collectables, Ltd",+81 3 3584 0555,2-2-8 Roppongi,Minato-ku,106-0032,Japan,Japan,Shimamura,Akiko,Small
0.9913729922032586,-1.0362527830157164,-1.1560600583288874,0.8363909941573299,-1.1106955846275681,12/2/2004 0:00,Shipped,1.0653495257808978,1.3423316450301723,0.2643280247651782,Vintage Cars,-0.44089599692916476,S24_3816,Euro Shopping Channel,(91) 555 94 44,"C/ Moralzarzal, 86",Madrid,28034,Spain,EMEA,Freyre,Diego,Small
1.2411851815266377,-1.2415975539305957,0.8101579745265006,0.8363909941573299,-0.6296848261488898,1/31/2005 0:00,Shipped,-1.4270386327380036,-1.6664329408743999,1.6938261357079059,Vintage Cars,-0.44089599692916476,S24_3816,"Oulu Toy Supplies, Inc.",981-443655,Torikatu 38,Oulu,90110,Finland,EMEA,Koskitalo,Pirkko,Small
1.3715219759562267,0.1958158424735585,0.09327666451417337,-1.0570587063287502,-0.21118700345262917,2/28/2005 0:00,Shipped,-1.4270386327380036,-1.3929088876103477,1.6938261357079059,Vintage Cars,-0.44089599692916476,S24_3816,Mini Gifts Distributors Ltd.,4155551450,5677 Strong St.,San Rafael,97562,USA,EMEA,Nelson,Valarie,Medium
1.4909973708500166,0.1958158424735585,0.34264824054197407,0.3630285690358098,-0.11012478595379549,3/23/2005 0:00,Shipped,-1.4270386327380036,-1.1193848343462958,1.6938261357079059,Vintage Cars,-0.44089599692916476,S24_3816,Mini Gifts Distributors Ltd.,4155551450,5677 Strong St.,San Rafael,97562,USA,EMEA,Nelson,Valarie,Medium
1.534442968993213,0.7091777697607564,-0.5304001598257361,0.3630285690358098,-0.26584781057439894,4/1/2005 0:00,Shipped,-0.5962425798983697,-0.8458607810822437,1.6938261357079059,Vintage Cars,-0.44089599692916476,S24_3816,The Sharp Gifts Warehouse,4085553659,3086 Ingle Ln.,San Jose,94217,USA,EMEA,Frick,Sue,Medium
1.6865025624944003,1.6332292388777125,-0.36431769865413827,-1.0570587063287502,0.18349921192901192,5/6/2005 0:00,On Hold,-0.5962425798983697,-0.5723367278181918,1.6938261357079059,Vintage Cars,-0.44089599692916476,S24_3816,Gifts4AllAges.com,6175559555,8616 Spinnaker Dr.,Boston,51003,USA,EMEA,Yoshido,Juri,Medium
-1.6370856954601212,0.5038329988458772,0.8101579745265006,-1.2937399188895102,1.0289823241933123,3/3/2003 0:00,Shipped,-1.4270386327380036,-1.1193848343462958,-1.1651700861775494,Classic Cars,0.97769222889853,S24_3856,Cruz & Sons Co.,+63 2 555 3587,15 McCallum Street - NatWest Center #13-03,Makati City,1227 MM,Philippines,Japan,Cruz,Arnold,Medium
-1.485026101958934,0.8118501552181959,0.8101579745265006,-0.3470150686464702,1.054053747447953,5/8/2003 0:00,Shipped,-0.5962425798983697,-0.5723367278181918,-1.1651700861775494,Classic Cars,0.97769222889853,S24_3856,Marseille Mini Autos,91.24.4555,"12, rue des Bouchers",Marseille,13008,France,EMEA,Lebihan,Laurence,Medium
-1.3438279079935458,1.2225396970479543,0.8101579745265006,-1.0570587063287502,1.5107913281167449,7/2/2003 0:00,Shipped,0.23455347294126402,-0.025288621290087743,-1.1651700861775494,Classic Cars,0.97769222889853,S24_3856,Mini Gifts Distributors Ltd.,4155551450,5677 Strong St.,San Rafael,97562,USA,EMEA,Nelson,Valarie,Medium
-1.2134911135639566,-1.2415975539305957,0.8101579745265006,-1.0570587063287502,-0.3512926546098699,9/5/2003 0:00,Shipped,0.23455347294126402,0.5217594852380163,-1.1651700861775494,Classic Cars,0.97769222889853,S24_3856,Collectables For Less Inc.,6175558555,7825 Douglas Av.,Brickhaven,58339,USA,EMEA,Nelson,Allen,Small
-1.0722929195985684,-0.009528928441320661,0.8101579745265006,-0.8203774937679902,0.6591286014569973,10/11/2003 0:00,Shipped,1.0653495257808978,0.7952835385020682,-1.1651700861775494,Classic Cars,0.97769222889853,S24_3856,"Men 'R' US Retailers, Ltd.",2155554369,6047 Douglas Av.,Los Angeles,28034,USA,EMEA,Chandler,Michael,Medium
-0.9636789242405776,-0.11220131389876024,0.8101579745265006,-1.2937399188895102,0.14426571983137756,11/4/2003 0:00,Shipped,1.0653495257808978,1.0688075917661204,-1.1651700861775494,Classic Cars,0.97769222889853,S24_3856,Mini Auto Werke,7675-3555,Kirchgasse 6,Graz,8010,Austria,EMEA,Mendel,Roland,Medium
-0.8442035293467876,-1.0362527830157164,0.8101579745265006,0.5997097815965698,0.16717590711994773,11/12/2003 0:00,Shipped,1.0653495257808978,1.0688075917661204,-1.1651700861775494,Classic Cars,0.97769222889853,S24_3856,Herkku Gifts,+47 2267 3215,"Drammen 121, PR 744 Sentrum",Bergen,N 5804,Norway,EMEA,Oeztan,Veysel,Medium
-0.7247281344529977,1.017194926133075,0.8101579745265006,1.7831158444003699,1.5017119649628015,11/20/2003 0:00,Shipped,1.0653495257808978,1.0688075917661204,-1.1651700861775494,Classic Cars,0.97769222889853,S24_3856,Online Diecast Creations Co.,6035558647,2304 Long Airport Avenue,Nashua,62005,USA,EMEA,Young,Valarie,Medium
-0.6052527395592077,1.2225396970479543,0.8101579745265006,-0.8203774937679902,1.8693773005274419,12/2/2003 0:00,Shipped,1.0653495257808978,1.3423316450301723,-1.1651700861775494,Classic Cars,0.97769222889853,S24_3856,Euro Shopping Channel,(91) 555 94 44,"C/ Moralzarzal, 86",Madrid,28034,Spain,EMEA,Freyre,Diego,Medium
-0.5075001437370158,1.4278844679628335,0.8101579745265006,1.5464346318396098,1.8439909232877962,1/16/2004 0:00,Shipped,-1.4270386327380036,-1.6664329408743999,0.2643280247651782,Classic Cars,0.97769222889853,S24_3856,Euro Shopping Channel,(91) 555 94 44,"C/ Moralzarzal, 86",Madrid,28034,Spain,EMEA,Freyre,Diego,Medium
-0.36630194977162767,0.5038329988458772,0.8101579745265006,-0.5836962812072303,0.5409122522576202,2/22/2004 0:00,Shipped,-1.4270386327380036,-1.3929088876103477,0.2643280247651782,Classic Cars,0.97769222889853,S24_3856,"Vida Sport, Ltd",0897-034555,Grenzacherweg 237,Gensve,1203,Switzerland,EMEA,Holz,Michael,Medium
-0.2142423562704404,-0.6255632411859581,0.8101579745265006,-0.8203774937679902,0.5026996454906926,4/12/2004 0:00,Shipped,-0.5962425798983697,-0.8458607810822437,0.2643280247651782,Classic Cars,0.97769222889853,S24_3856,"Oulu Toy Supplies, Inc.",981-443655,Torikatu 38,Oulu,90110,Finland,EMEA,Koskitalo,Pirkko,Medium
-0.06218276276925314,0.40116061338843767,0.8101579745265006,0.3630285690358098,0.8656406712802547,6/1/2004 0:00,Cancelled,-0.5962425798983697,-0.29881267455413973,0.2643280247651782,Classic Cars,0.97769222889853,S24_3856,"UK Collectables, Ltd.",(171) 555-2282,Berkeley Gardens 12  Brewery,Liverpool,WX1 6LT,UK,EMEA,Devon,Elizabeth,Medium
0.07901543119613502,-1.138925168473156,0.8101579745265006,0.5997097815965698,-0.3376573191555917,7/6/2004 0:00,Shipped,0.23455347294126402,-0.025288621290087743,0.2643280247651782,Classic Cars,0.97769222889853,S24_3856,L'ordine Souveniers,0522-556555,Strada Provinciale 124,Reggio Emilia,42100,Italy,EMEA,Moroni,Maurizio,Small
0.2093522256257241,-1.0362527830157164,0.8101579745265006,0.5997097815965698,-0.21402701955879702,8/6/2004 0:00,Shipped,0.23455347294126402,0.24823543197396428,0.2643280247651782,Classic Cars,0.97769222889853,S24_3856,Signal Gift Stores,7025551838,8489 Strong St.,Las Vegas,83030,USA,EMEA,King,Sue,Medium
0.3071048214479159,0.09314345701611891,0.8101579745265006,0.1263473564750498,0.40370091961775506,8/30/2004 0:00,Shipped,0.23455347294126402,0.24823543197396428,0.2643280247651782,Classic Cars,0.97769222889853,S24_3856,"Vida Sport, Ltd",0897-034555,Grenzacherweg 237,Gensve,1203,Switzerland,EMEA,Holz,Michael,Medium
0.45916441494910315,1.530556853420273,0.8101579745265006,1.0730722067180898,2.2641992719371027,10/5/2003 0:00,Shipped,1.0653495257808978,0.7952835385020682,-1.1651700861775494,Classic Cars,0.97769222889853,S24_3856,"Norway Gifts By Mail, Co.",+47 2212 1555,"Drammensveien 126 A, PB 744 Sentrum",Oslo,N 0106,Norway,EMEA,Klaeboe,Jan,Large
0.556917010771295,1.017194926133075,0.8101579745265006,-0.3470150686464702,1.0555090520683217,10/16/2004 0:00,Shipped,1.0653495257808978,0.7952835385020682,0.2643280247651782,Classic Cars,0.97769222889853,S24_3856,"Toms Spezialitten, Ltd",0221-5554327,Mehrheimerstr. 369,Koln,50739,Germany,EMEA,Pfalzheim,Henriette,Medium
0.676392405665085,-0.9335803975582768,0.8101579745265006,1.5464346318396098,0.2709641056614129,11/4/2004 0:00,Shipped,1.0653495257808978,1.0688075917661204,0.2643280247651782,Classic Cars,0.97769222889853,S24_3856,FunGiftIdeas.com,5085552555,1785 First Street,New Bedford,50553,USA,EMEA,Benitez,Violeta,Medium
0.7850064010230758,-1.4469423248454747,0.8101579745265006,-1.2937399188895102,-0.2269618539084947,11/17/2004 0:00,Shipped,1.0653495257808978,1.0688075917661204,0.2643280247651782,Classic Cars,0.97769222889853,S24_3856,Motor Mint Distributors Inc.,2155559857,11328 Douglas Av.,Philadelphia,71270,USA,EMEA,Hernandez,Rosa,Medium
0.9044817959168658,0.7091777697607564,0.8101579745265006,-0.1103338560857102,0.7926256491702489,11/24/2004 0:00,Shipped,1.0653495257808978,1.0688075917661204,0.2643280247651782,Classic Cars,0.97769222889853,S24_3856,"Australian Collectors, Co.",03 9520 4555,636 St Kilda Road,Melbourne,3004,Australia,APAC,Ferguson,Peter,Medium
1.045679989882254,-0.3175460848136394,0.8101579745265006,0.3630285690358098,0.9496573619009605,12/7/2004 0:00,Shipped,1.0653495257808978,1.3423316450301723,0.2643280247651782,Classic Cars,0.97769222889853,S24_3856,Euro Shopping Channel,(91) 555 94 44,"C/ Moralzarzal, 86",Madrid,28034,Spain,EMEA,Freyre,Diego,Medium
1.1325711861686467,-0.42021847027107895,0.5414514254070804,-1.2937399188895102,-0.33771162156679946,1/6/2005 0:00,Shipped,-1.4270386327380036,-1.6664329408743999,1.6938261357079059,Classic Cars,0.97769222889853,S24_3856,Suominen Souveniers,+358 9 8045 555,"Software Engineering Center, SEC Oy",Espoo,FIN-02271,Finland,EMEA,Suominen,Kalle,Small
1.295492179205633,-0.21487369935619982,-1.5065684166820792,-0.8203774937679902,-0.9752599408341981,2/10/2005 0:00,Shipped,-1.4270386327380036,-1.3929088876103477,1.6938261357079059,Classic Cars,0.97769222889853,S24_3856,Euro Shopping Channel,(91) 555 94 44,"C/ Moralzarzal, 86",Madrid,28034,Spain,EMEA,Freyre,Diego,Small
1.425828973635222,1.017194926133075,0.8101579745265006,0.3630285690358098,1.7426517634918028,3/4/2005 0:00,Shipped,-1.4270386327380036,-1.1193848343462958,1.6938261357079059,Classic Cars,0.97769222889853,S24_3856,Mini Gifts Distributors Ltd.,4155551450,5677 Strong St.,San Rafael,97562,USA,EMEA,Nelson,Valarie,Medium
1.5887499666722085,4.200038875313702,0.8101579745265006,-0.8203774937679902,4.445092710864702,4/14/2005 0:00,Shipped,-0.5962425798983697,-0.8458607810822437,1.6938261357079059,Classic Cars,0.97769222889853,S24_3856,Mini Caravy,88.60.1555,"24, place Kluber",Strasbourg,67000,France,EMEA,Citeaux,Frederique,Large
1.7408095601733957,3.5840045625690644,0.8101579745265006,0.3630285690358098,3.0876953379033654,5/17/2005 0:00,Shipped,-0.5962425798983697,-0.5723367278181918,1.6938261357079059,Classic Cars,0.97769222889853,S24_3856,Salzburg Collectables,6562-9555,Geislweg 14,Salzburg,5020,Austria,EMEA,Pipps,Georg,Large
-1.6588084945317194,1.530556853420273,-0.933459983504866,1.0730722067180898,-0.16963479839642184,2/17/2003 0:00,Shipped,-1.4270386327380036,-1.3929088876103477,-1.1651700861775494,Planes,-0.8142086879364528,S24_3949,Rovelli Gifts,035-640555,Via Ludovico il Moro 22,Bergamo,24100,Italy,EMEA,Rovelli,Giovanni,Medium
-1.517610300566331,-0.7282356266433977,-0.6627703602222026,-1.0570587063287502,-0.8611108422342851,4/28/2003 0:00,Shipped,-0.5962425798983697,-0.8458607810822437,-1.1651700861775494,Planes,-0.8142086879364528,S24_3949,Salzburg Collectables,6562-9555,Geislweg 14,Salzburg,5020,Austria,EMEA,Pipps,Georg,Small
-1.387273506136742,1.530556853420273,-0.0876788528817464,-0.8203774937679902,0.29356476920609853,6/16/2003 0:00,Shipped,-0.5962425798983697,-0.29881267455413973,-1.1651700861775494,Planes,-0.8142086879364528,S24_3949,Gift Ideas Corp.,2035554407,2440 Pompton St.,Glendale,97561,USA,EMEA,Lewis,Dan,Medium
-1.256936711707153,-0.7282356266433977,-0.8660354619546057,-0.1103338560857102,-0.9234500103008377,8/10/2003 0:00,Shipped,0.23455347294126402,0.24823543197396428,-1.1651700861775494,Planes,-0.8142086879364528,S24_3949,Mini Creations Ltd.,5085559555,4575 Hillside Dr.,New Bedford,50553,USA,EMEA,Tam,Wing C,Small
-1.126599917277564,0.9145225406756355,-0.32465621538927936,-0.5836962812072303,-0.08745352927453966,10/6/2003 0:00,Shipped,1.0653495257808978,0.7952835385020682,-1.1651700861775494,Planes,-0.8142086879364528,S24_3949,"Toys of Finland, Co.",90-224 8555,Keskuskatu 45,Helsinki,21240,Finland,EMEA,Karttunen,Matti,Medium
-0.9854017233121758,-0.8309080121008373,-0.5274255485808715,2.7298406946434097,-0.8592536997709784,10/28/2003 0:00,Shipped,1.0653495257808978,0.7952835385020682,-1.1651700861775494,Planes,-0.8142086879364528,S24_3949,Technics Stores Inc.,6505556809,9408 Furth Circle,Burlingame,94217,USA,EMEA,Hirano,Juri,Small
-0.8767877279541849,-0.5228908557285186,-0.5616335778968123,-0.8203774937679902,-0.7515394368991895,11/8/2003 0:00,Shipped,1.0653495257808978,1.0688075917661204,-1.1651700861775494,Planes,-0.8142086879364528,S24_3949,Alpha Cognac,61.77.6555,1 rue Alsace-Lorraine,Toulouse,31000,France,EMEA,Roulet,Annette,Small
-0.659559737238203,0.8118501552181959,-0.8660354619546057,-0.8203774937679902,-0.3843085206242112,11/27/2003 0:00,Shipped,1.0653495257808978,1.0688075917661204,-1.1651700861775494,Planes,-0.8142086879364528,S24_3949,Cruz & Sons Co.,+63 2 555 3587,15 McCallum Street - NatWest Center #13-03,Makati City,1227 MM,Philippines,Japan,Cruz,Arnold,Small
-0.529222942808614,-0.6255632411859581,-0.6969783895381441,2.2564782695218897,-0.833807589879004,1/12/2004 0:00,Shipped,-1.4270386327380036,-1.6664329408743999,0.2643280247651782,Planes,-0.8142086879364528,S24_3949,Osaka Souveniers Co.,+81 06 6342 5555,"Dojima Avanza 4F, 1-6-20 Dojima, Kita-ku",Osaka,530-0003,Japan,Japan,Kentary,Mory,Small
-0.3988861483790249,1.325212082505394,-1.3394944184288606,-0.8203774937679902,-0.45351694370855045,2/19/2004 0:00,Shipped,-1.4270386327380036,-1.3929088876103477,0.2643280247651782,Planes,-0.8142086879364528,S24_3949,Collectable Mini Designs Co.,7605558146,361 Furth Circle,San Diego,91217,USA,EMEA,Thompson,Valarie,Small
-0.25768795441363673,-0.21487369935619982,-1.1704373460123991,1.3097534192788498,-0.85376372599787,4/2/2004 0:00,Shipped,-0.5962425798983697,-0.8458607810822437,0.2643280247651782,Planes,-0.8142086879364528,S24_3949,"Royal Canadian Collectables, Ltd.",(604) 555-4555,23 Tsawassen Blvd.,Tsawassen,T2F 8M4,Canada,EMEA,Lincoln,Elizabeth,Small
-0.09476696137665042,0.5038329988458772,-0.42628876625548057,1.5464346318396098,-0.29947186359426775,5/11/2004 0:00,Shipped,-0.5962425798983697,-0.5723367278181918,0.2643280247651782,Planes,-0.8142086879364528,S24_3949,The Sharp Gifts Warehouse,4085553659,3086 Ingle Ln.,San Jose,94217,USA,EMEA,Frick,Sue,Medium
0.03556983305293866,1.325212082505394,-1.1025170559213275,0.3630285690358098,-0.32892549143337774,6/24/2004 0:00,Cancelled,-0.5962425798983697,-0.29881267455413973,0.2643280247651782,Planes,-0.8142086879364528,S24_3949,Euro Shopping Channel,(91) 555 94 44,"C/ Moralzarzal, 86",Madrid,28034,Spain,EMEA,Freyre,Diego,Small
0.17676802701832683,0.6065053843033168,-0.0876788528817464,2.7298406946434097,-0.1066494316364966,7/23/2004 0:00,Shipped,0.23455347294126402,-0.025288621290087743,0.2643280247651782,Planes,-0.8142086879364528,S24_3949,La Rochelle Gifts,40.67.8555,"67, rue des Cinquante Otages",Nantes,44000,France,EMEA,Labrune,Janine,Medium
0.27452062284051865,-1.4469423248454747,-1.3732066792039908,0.8363909941573299,-1.2917072421476434,8/21/2004 0:00,Shipped,0.23455347294126402,0.24823543197396428,0.2643280247651782,Planes,-0.8142086879364528,S24_3949,"Norway Gifts By Mail, Co.",+47 2212 1555,"Drammensveien 126 A, PB 744 Sentrum",Oslo,N 0106,Norway,EMEA,Klaeboe,Jan,Small
0.4048574172701077,-0.3175460848136394,-0.5953458386719421,-0.1103338560857102,-0.6848017735248052,9/15/2004 0:00,Shipped,0.23455347294126402,0.5217594852380163,0.2643280247651782,Planes,-0.8142086879364528,S24_3949,"Bavarian Collectables Imports, Co.",+49 89 61 08 9555,Hansastr. 15,Munich,80686,Germany,EMEA,Donnermeyer,Michael,Small
0.5351942116996968,0.8118501552181959,-0.3583684761644092,2.2564782695218897,-0.14520414359403347,10/15/2004 0:00,Shipped,1.0653495257808978,0.7952835385020682,0.2643280247651782,Planes,-0.8142086879364528,S24_3949,Mini Classics,9145554562,3758 North Pendale Street,White Plains,24067,USA,EMEA,Frick,Steve,Medium
0.6220854079860895,-0.5228908557285186,-0.2909439546141488,0.3630285690358098,-0.6625920873408159,11/1/2004 0:00,Shipped,1.0653495257808978,1.0688075917661204,0.2643280247651782,Planes,-0.8142086879364528,S24_3949,giftsbymail.co.uk,(198) 555-8888,Garden House Crowther Way,Cowes,PO31 7PJ,UK,EMEA,Bennett,Helen,Small
0.7524222024156786,-0.009528928441320661,-0.3583684761644092,-0.8203774937679902,-0.4772308066829958,11/12/2004 0:00,Shipped,1.0653495257808978,1.0688075917661204,0.2643280247651782,Planes,-0.8142086879364528,S24_3949,Rovelli Gifts,035-640555,Via Ludovico il Moro 22,Bergamo,24100,Italy,EMEA,Rovelli,Giovanni,Small
0.8718975973094686,1.017194926133075,0.6574612639567934,1.0730722067180898,0.43849790471971223,11/23/2004 0:00,Shipped,1.0653495257808978,1.0688075917661204,0.2643280247651782,Planes,-0.8142086879364528,S24_3949,"Tokyo Collectables, Ltd",+81 3 3584 0555,2-2-8 Roppongi,Minato-ku,106-0032,Japan,Japan,Shimamura,Akiko,Medium
1.0022343917390577,-0.11220131389876024,-1.2041496067875292,-0.8203774937679902,-0.8337098455388301,12/3/2004 0:00,Shipped,1.0653495257808978,1.3423316450301723,0.2643280247651782,Planes,-0.8142086879364528,S24_3949,"Stylish Desk Decors, Co.",(171) 555-0297,35 King George,London,WX3 6FW,UK,EMEA,Brown,Ann,Small
1.1108483870970485,-0.9335803975582768,0.8101579745265006,0.1263473564750498,0.0853041617419501,12/17/2004 0:00,Shipped,1.0653495257808978,1.3423316450301723,0.2643280247651782,Planes,-0.8142086879364528,S24_3949,Souveniers And Things Co.,+61 2 9495 8555,"Monitor Money Building, 815 Pacific Hwy",Chatswood,2067,Australia,APAC,Huxley,Adrian,Medium
1.2411851815266377,0.40116061338843767,-0.5284170856624928,1.5464346318396098,-0.3838578106111865,1/31/2005 0:00,Shipped,-1.4270386327380036,-1.6664329408743999,1.6938261357079059,Planes,-0.8142086879364528,S24_3949,"Oulu Toy Supplies, Inc.",981-443655,Torikatu 38,Oulu,90110,Finland,EMEA,Koskitalo,Pirkko,Small
1.3823833754920258,0.6065053843033168,-0.5125524923565495,1.3097534192788498,-0.29745181389733777,3/1/2005 0:00,Resolved,-1.4270386327380036,-1.1193848343462958,1.6938261357079059,Planes,-0.8142086879364528,S24_3949,Euro Shopping Channel,(91) 555 94 44,"C/ Moralzarzal, 86",Madrid,28034,Spain,EMEA,Freyre,Diego,Medium
1.5127201699216148,0.6065053843033168,-0.7644029110884044,-1.0570587063287502,-0.41055287596094014,3/30/2005 0:00,Shipped,-1.4270386327380036,-1.1193848343462958,1.6938261357079059,Planes,-0.8142086879364528,S24_3949,Reims Collectables,26.47.1555,59 rue de l'Abbaye,Reims,51100,France,EMEA,Henriot,Paul,Small
1.5453043685290122,2.967970249824427,-1.1704373460123991,1.3097534192788498,0.15710280984090103,4/3/2005 0:00,On Hold,-0.5962425798983697,-0.8458607810822437,1.6938261357079059,Planes,-0.8142086879364528,S24_3949,Tekni Collectables Inc.,2015559350,7476 Moss Rd.,Newark,94019,USA,EMEA,Brown,William,Medium
1.7082253615659986,-1.7549594812177935,-0.42628876625548057,1.5464346318396098,-1.1961784403508844,5/10/2005 0:00,Shipped,-0.5962425798983697,-0.5723367278181918,1.6938261357079059,Planes,-0.8142086879364528,S24_3949,L'ordine Souveniers,0522-556555,Strada Provinciale 124,Reggio Emilia,42100,Italy,EMEA,Moroni,Maurizio,Small
-1.723976891746514,1.4278844679628335,-2.4386132734062675,-1.2937399188895102,-1.0126634416741296,1/6/2003 0:00,Shipped,-1.4270386327380036,-1.6664329408743999,-1.1651700861775494,Vintage Cars,-1.4861715317495714,S24_3969,Online Diecast Creations Co.,6035558647,2304 Long Airport Avenue,Nashua,62005,USA,EMEA,Young,Valarie,Small
-1.615362896388523,1.325212082505394,-2.4386132734062675,-0.3470150686464702,-1.031381482817458,3/18/2003 0:00,Shipped,-1.4270386327380036,-1.1193848343462958,-1.1651700861775494,Vintage Cars,-1.4861715317495714,S24_3969,"AV Stores, Co.",(171) 555-1555,Fauntleroy Circus,Manchester,EC2 5NT,UK,EMEA,Ashworth,Victoria,Small
-1.4633033028873357,1.1198673115905147,-2.500088572466799,-0.5836962812072303,-1.0997916604570424,5/21/2003 0:00,Shipped,-0.5962425798983697,-0.5723367278181918,-1.1651700861775494,Vintage Cars,-1.4861715317495714,S24_3969,Signal Gift Stores,7025551838,8489 Strong St.,Las Vegas,83030,USA,EMEA,King,Sue,Small
-1.1917683144923585,-0.9335803975582768,-2.2150216615006246,0.5997097815965698,-1.3795033805884118,9/12/2003 0:00,Shipped,0.23455347294126402,0.5217594852380163,-1.1651700861775494,Vintage Cars,-1.4861715317495714,S24_3969,Signal Collectibles Ltd.,4155554312,2793 Furth Circle,Brisbane,94217,USA,EMEA,Taylor,Sue,Small
-1.0505701205269704,0.1958158424735585,-2.2150216615006246,0.1263473564750498,-1.1466655018116136,10/18/2003 0:00,Shipped,1.0653495257808978,0.7952835385020682,-1.1651700861775494,Vintage Cars,-1.4861715317495714,S24_3969,Corporate Gift Ideas Co.,6505551386,7734 Strong St.,San Francisco,28034,USA,EMEA,Brown,Julie,Small
-0.9310947256331803,-0.009528928441320661,-2.500088572466799,1.0730722067180898,-1.2982832641449076,11/5/2003 0:00,Shipped,1.0653495257808978,1.0688075917661204,-1.1651700861775494,Vintage Cars,-1.4861715317495714,S24_3969,Rovelli Gifts,035-640555,Via Ludovico il Moro 22,Bergamo,24100,Italy,EMEA,Rovelli,Giovanni,Small
-0.8333421298109885,-1.2415975539305957,-2.0524095801147024,0.3630285690358098,-1.402038881239648,11/12/2003 0:00,Shipped,1.0653495257808978,1.0688075917661204,-1.1651700861775494,Vintage Cars,-1.4861715317495714,S24_3969,Mini Gifts Distributors Ltd.,4155551450,5677 Strong St.,San Rafael,97562,USA,EMEA,Nelson,Valarie,Small
-0.7138667349171985,-1.344269939388035,-2.113389110634423,1.3097534192788498,-1.439681312688894,11/21/2003 0:00,Shipped,1.0653495257808978,1.0688075917661204,-1.1651700861775494,Vintage Cars,-1.4861715317495714,S24_3969,"Australian Collectables, Ltd",61-9-3844-6555,7 Allen Street,Glen Waverly,3150,Australia,APAC,Connery,Sean,Small
-0.5943913400234085,0.40116061338843767,-2.500088572466799,-1.0570587063287502,-1.2261044991675019,12/2/2003 0:00,Shipped,1.0653495257808978,1.3423316450301723,-1.1651700861775494,Vintage Cars,-1.4861715317495714,S24_3969,Muscle Machine Inc,2125557413,4092 Furth Circle,NYC,10022,USA,EMEA,Young,Jeff,Small
-0.48577734466541767,0.9145225406756355,-2.418286763233027,-0.3470150686464702,-1.0964574924088835,1/26/2004 0:00,Shipped,-1.4270386327380036,-1.6664329408743999,0.2643280247651782,Vintage Cars,-1.4861715317495714,S24_3969,"Corrida Auto Replicas, Ltd",(91) 555 22 82,"C/ Araquil, 67",Madrid,28023,Spain,EMEA,Sommer,MartÂ¡n,Small
-0.3445791507000295,-0.8309080121008373,-1.9711035394217413,0.3630285690358098,-1.2862009776511725,3/2/2004 0:00,Shipped,-1.4270386327380036,-1.1193848343462958,0.2643280247651782,Vintage Cars,-1.4861715317495714,S24_3969,"Saveley & Henriot, Co.",78.32.5555,"2, rue du Commerce",Lyon,69004,France,EMEA,Saveley,Mary,Small
-0.18165815766304313,1.1198673115905147,-2.3166542123668257,-1.2937399188895102,-1.0073689565813693,4/20/2004 0:00,Shipped,-0.5962425798983697,-0.8458607810822437,0.2643280247651782,Vintage Cars,-1.4861715317495714,S24_3969,Microscale Inc.,2125551957,5290 North Pendale Street,NYC,10022,USA,EMEA,Kuo,Kee,Small
0.23107502469732227,-0.21487369935619982,-2.0727360902879424,1.7831158444003699,-1.1799040077119072,8/17/2004 0:00,Shipped,0.23455347294126402,0.24823543197396428,0.2643280247651782,Vintage Cars,-1.4861715317495714,S24_3969,Amica Models & Co.,011-4988555,Via Monte Bianco 34,Torino,10100,Italy,EMEA,Accorti,Paolo,Small
0.317966220983715,-0.21487369935619982,-2.1337156208076635,-0.8203774937679902,-1.2019453564211526,9/1/2004 0:00,Shipped,0.23455347294126402,0.5217594852380163,0.2643280247651782,Vintage Cars,-1.4861715317495714,S24_3969,Handji Gifts& Co,+65 224 1555,Village Close - 106 Linden Road Sandown,Singapore,69045,Singapore,APAC,Victorino,Wendy,Small
0.48088721402070134,-1.138925168473156,-2.1540421309809035,-1.2937399188895102,-1.4058074685774693,10/6/2004 0:00,Shipped,1.0653495257808978,0.7952835385020682,0.2643280247651782,Vintage Cars,-1.4861715317495714,S24_3969,"Iberia Gift Imports, Corp.",(95) 555 82 82,"C/ Romero, 33",Sevilla,41101,Spain,EMEA,Roel,Jose Pedro,Small
0.5786398098428932,-0.42021847027107895,-2.3979602530597868,2.0197970569611297,-1.3357845093250134,10/21/2004 0:00,Shipped,1.0653495257808978,0.7952835385020682,0.2643280247651782,Vintage Cars,-1.4861715317495714,S24_3969,Mini Gifts Distributors Ltd.,4155551450,5677 Strong St.,San Rafael,97562,USA,EMEA,Nelson,Valarie,Small
0.795867800558875,0.6065053843033168,-0.31821122435874,1.7831158444003699,-0.21017697860416404,11/17/2004 0:00,Shipped,1.0653495257808978,1.0688075917661204,0.2643280247651782,Vintage Cars,-1.4861715317495714,S24_3969,"AV Stores, Co.",(171) 555-1555,Fauntleroy Circus,Manchester,EC2 5NT,UK,EMEA,Ashworth,Victoria,Medium
0.9479273940600622,-1.344269939388035,0.6832412280789515,-0.5836962812072303,-0.7657775291178743,11/29/2004 0:00,Shipped,1.0653495257808978,1.0688075917661204,0.2643280247651782,Vintage Cars,-1.4861715317495714,S24_3969,Signal Gift Stores,7025551838,8489 Strong St.,Las Vegas,83030,USA,EMEA,King,Sue,Small
1.186878183847642,1.1198673115905147,-2.2963277021935853,-0.8203774937679902,-0.9971275218275785,1/19/2005 0:00,Shipped,-1.4270386327380036,-1.6664329408743999,1.6938261357079059,Vintage Cars,-1.4861715317495714,S24_3969,Mini Gifts Distributors Ltd.,4155551450,5677 Strong St.,San Rafael,97562,USA,EMEA,Nelson,Valarie,Small
1.3172149782772313,0.8118501552181959,0.5637610097435638,1.3097534192788498,0.28910654124593826,2/16/2005 0:00,Shipped,-1.4270386327380036,-1.3929088876103477,1.6938261357079059,Vintage Cars,-1.4861715317495714,S24_3969,Euro Shopping Channel,(91) 555 94 44,"C/ Moralzarzal, 86",Madrid,28034,Spain,EMEA,Freyre,Diego,Medium
1.6213341652796058,-2.062976637590112,-2.3166542123668257,-1.2937399188895102,-1.6290392508116078,4/22/2005 0:00,Shipped,-0.5962425798983697,-0.8458607810822437,1.6938261357079059,Vintage Cars,-1.4861715317495714,S24_3969,"Tokyo Collectables, Ltd",+81 3 3584 0555,2-2-8 Roppongi,Minato-ku,106-0032,Japan,Japan,Shimamura,Akiko,Small
1.7516709597091948,-2.062976637590112,-1.9914300495949815,-0.8203774937679902,-1.5756056781831342,5/29/2005 0:00,In Process,-0.5962425798983697,-0.5723367278181918,1.6938261357079059,Vintage Cars,-1.4861715317495714,S24_3969,Souveniers And Things Co.,+61 2 9495 8555,"Monitor Money Building, 815 Pacific Hwy",Chatswood,2067,Australia,APAC,Huxley,Adrian,Small
-1.6805312936033174,-0.9335803975582768,0.8101579745265006,-0.3470150686464702,-0.3433373513679274,1/31/2003 0:00,Shipped,-1.4270386327380036,-1.6664329408743999,-1.1651700861775494,Classic Cars,0.4301669487545075,S24_4048,Euro Shopping Channel,(91) 555 94 44,"C/ Moralzarzal, 86",Madrid,28034,Spain,EMEA,Freyre,Diego,Small
-1.5610558987095275,0.9145225406756355,0.8101579745265006,-1.2937399188895102,1.094058333784738,4/4/2003 0:00,Shipped,-0.5962425798983697,-0.8458607810822437,-1.1651700861775494,Classic Cars,0.4301669487545075,S24_4048,Classic Legends Inc.,2125558493,5905 Pompton St.,NYC,10022,USA,EMEA,Hernandez,Maria,Medium
-1.4307191042799385,-1.5496147103029143,0.6609316437424682,0.1263473564750498,-0.8764892850883337,6/3/2003 0:00,Shipped,-0.5962425798983697,-0.29881267455413973,-1.1651700861775494,Classic Cars,0.4301669487545075,S24_4048,Muscle Machine Inc,2125557413,4092 Furth Circle,NYC,10022,USA,EMEA,Young,Jeff,Small
-1.2786595107787513,0.5038329988458772,0.5434344995703236,-1.2937399188895102,0.12539020169554696,8/1/2003 0:00,Shipped,0.23455347294126402,0.24823543197396428,-1.1651700861775494,Classic Cars,0.4301669487545075,S24_4048,Suominen Souveniers,+358 9 8045 555,"Software Engineering Center, SEC Oy",Espoo,FIN-02271,Finland,EMEA,Suominen,Kalle,Medium
-1.1591841158849612,-1.2415975539305957,0.8101579745265006,-0.8203774937679902,-0.4082450234846087,9/25/2003 0:00,Shipped,0.23455347294126402,0.5217594852380163,-1.1651700861775494,Classic Cars,0.4301669487545075,S24_4048,"Australian Gift Network, Co",61-7-3844-6555,31 Duncan St. West End,South Brisbane,4101,Australia,APAC,Calaghan,Tony,Small
-1.017985921919573,-1.138925168473156,0.7784287879146133,0.3630285690358098,-0.6349304390715633,10/22/2003 0:00,Shipped,1.0653495257808978,0.7952835385020682,-1.1651700861775494,Classic Cars,0.4301669487545075,S24_4048,"Dragon Souveniers, Ltd.",+65 221 7555,"Bronz Sok., Bronz Apt. 3/6 Tesvikiye",Singapore,79903,Singapore,Japan,Natividad,Eric,Small
-0.898510527025783,-0.6255632411859581,0.8101579745265006,0.1263473564750498,-0.34657377507591225,11/6/2003 0:00,Shipped,1.0653495257808978,1.0688075917661204,-1.1651700861775494,Classic Cars,0.4301669487545075,S24_4048,L'ordine Souveniers,0522-556555,Strada Provinciale 124,Reggio Emilia,42100,Italy,EMEA,Moroni,Maurizio,Small
-0.8116193307393903,1.4278844679628335,0.8101579745265006,-1.0570587063287502,1.2173682491554065,11/14/2003 0:00,Shipped,1.0653495257808978,1.0688075917661204,-1.1651700861775494,Classic Cars,0.4301669487545075,S24_4048,"Iberia Gift Imports, Corp.",(95) 555 82 82,"C/ Romero, 33",Sevilla,41101,Spain,EMEA,Roel,Jose Pedro,Medium
-0.6921439358456003,-0.11220131389876024,0.8101579745265006,-1.0570587063287502,0.07927659409788453,11/25/2003 0:00,Shipped,1.0653495257808978,1.0688075917661204,-1.1651700861775494,Classic Cars,0.4301669487545075,S24_4048,Mini Classics,9145554562,3758 North Pendale Street,White Plains,24067,USA,EMEA,Frick,Steve,Medium
-0.5618071414160113,-0.7282356266433977,0.8101579745265006,-0.8203774937679902,-0.3113097892375679,12/9/2003 0:00,Shipped,1.0653495257808978,1.3423316450301723,-1.1651700861775494,Classic Cars,0.4301669487545075,S24_4048,Diecast Collectables,6175552555,6251 Ingle Ln.,Boston,51003,USA,EMEA,Franco,Valarie,Small
-0.4206089474506231,0.1958158424735585,0.8101579745265006,0.1263473564750498,0.8030517121221461,2/12/2004 0:00,Shipped,-1.4270386327380036,-1.3929088876103477,0.2643280247651782,Classic Cars,0.4301669487545075,S24_4048,"Clover Collections, Co.",+353 1862 1555,25 Maiden Lane,Dublin,2,Ireland,EMEA,Cassidy,Dean,Medium
-0.3119949520926322,1.017194926133075,0.8101579745265006,-0.3470150686464702,0.6425392148330148,3/15/2004 0:00,Shipped,-1.4270386327380036,-1.1193848343462958,0.2643280247651782,Classic Cars,0.4301669487545075,S24_4048,"Blauer See Auto, Co.",+49 69 66 90 2555,Lyonerstr. 34,Frankfurt,60528,Germany,EMEA,Keitel,Roland,Medium
-0.13821255951984676,1.1198673115905147,0.8101579745265006,-1.2937399188895102,1.4972863184493657,5/5/2004 0:00,Shipped,-0.5962425798983697,-0.5723367278181918,0.2643280247651782,Classic Cars,0.4301669487545075,S24_4048,Euro Shopping Channel,(91) 555 94 44,"C/ Moralzarzal, 86",Madrid,28034,Spain,EMEA,Freyre,Diego,Medium
0.13332242887513046,-1.344269939388035,0.8101579745265006,-1.2937399188895102,-0.262470200597274,7/20/2004 0:00,Shipped,0.23455347294126402,-0.025288621290087743,0.2643280247651782,Classic Cars,0.4301669487545075,S24_4048,Mini Gifts Distributors Ltd.,4155551450,5677 Strong St.,San Rafael,97562,USA,EMEA,Nelson,Valarie,Medium
0.25279782376892046,0.40116061338843767,0.8101579745265006,0.8363909941573299,0.6752509873445929,8/20/2004 0:00,Shipped,0.23455347294126402,0.24823543197396428,0.2643280247651782,Classic Cars,0.4301669487545075,S24_4048,Mini Gifts Distributors Ltd.,4155551450,5677 Strong St.,San Rafael,97562,USA,EMEA,Nelson,Valarie,Medium
0.36141181912691134,-0.8309080121008373,0.8101579745265006,-0.5836962812072303,0.1512272889482174,9/8/2004 0:00,Shipped,0.23455347294126402,0.5217594852380163,0.2643280247651782,Classic Cars,0.4301669487545075,S24_4048,Land of Toys Inc.,2125557818,897 Long Airport Avenue,NYC,10022,USA,EMEA,Yu,Kwai,Medium
0.5026100130922995,0.09314345701611891,0.8101579745265006,-1.2937399188895102,0.5905880980305139,10/13/2004 0:00,Shipped,1.0653495257808978,0.7952835385020682,0.2643280247651782,Classic Cars,0.4301669487545075,S24_4048,Marta's Replicas Co.,6175558555,39323 Spinnaker Dr.,Cambridge,51247,USA,EMEA,Hernandez,Marta,Medium
0.6003626089144913,0.29848822793099805,0.8101579745265006,0.8363909941573299,0.24239017688386943,10/22/2004 0:00,Shipped,1.0653495257808978,0.7952835385020682,0.2643280247651782,Classic Cars,0.4301669487545075,S24_4048,Heintze Collectables,86 21 3555,Smagsloget 45,Aaarhus,8200,Denmark,EMEA,Ibsen,Palle,Medium
0.7198380038082813,0.9145225406756355,0.8101579745265006,-0.3470150686464702,0.9621686374432372,11/5/2004 0:00,Shipped,1.0653495257808978,1.0688075917661204,0.2643280247651782,Classic Cars,0.4301669487545075,S24_4048,Baane Mini Imports,07-98 9555,Erling Skakkes gate 78,Stavern,4110,Norway,EMEA,Bergulfsen,Jonas,Medium
0.8393133987020713,-0.42021847027107895,0.8101579745265006,-0.3470150686464702,0.5782125785162567,11/20/2004 0:00,Shipped,1.0653495257808978,1.0688075917661204,0.2643280247651782,Classic Cars,0.4301669487545075,S24_4048,"La Corne D'abondance, Co.",(1) 42.34.2555,"265, boulevard Charonne",Paris,75012,France,EMEA,Bertrand,Marie,Medium
0.9805115926674595,-1.2415975539305957,0.8101579745265006,-1.0570587063287502,-0.20141799967634635,12/1/2004 0:00,Shipped,1.0653495257808978,1.3423316450301723,0.2643280247651782,Classic Cars,0.4301669487545075,S24_4048,Muscle Machine Inc,2125557413,4092 Furth Circle,NYC,10022,USA,EMEA,Young,Jeff,Medium
1.0891255880254505,-1.344269939388035,0.8101579745265006,0.1263473564750498,-0.5163339729937315,12/15/2004 0:00,Shipped,1.0653495257808978,1.3423316450301723,0.2643280247651782,Classic Cars,0.4301669487545075,S24_4048,Reims Collectables,26.47.1555,59 rue de l'Abbaye,Reims,51100,France,EMEA,Henriot,Paul,Small
1.2194623824550395,-0.7282356266433977,-1.6528201362212471,0.5997097815965698,-1.1647482047438107,1/23/2005 0:00,Shipped,-1.4270386327380036,-1.6664329408743999,1.6938261357079059,Classic Cars,0.4301669487545075,S24_4048,Mini Gifts Distributors Ltd.,4155551450,5677 Strong St.,San Rafael,97562,USA,EMEA,Nelson,Valarie,Small
1.3497991768846285,-1.4469423248454747,0.5082349331727608,-0.5836962812072303,-0.858944176027094,2/22/2005 0:00,Shipped,-1.4270386327380036,-1.3929088876103477,1.6938261357079059,Classic Cars,0.4301669487545075,S24_4048,Euro Shopping Channel,(91) 555 94 44,"C/ Moralzarzal, 86",Madrid,28034,Spain,EMEA,Freyre,Diego,Small
1.4692745717784186,0.1958158424735585,0.8101579745265006,0.1263473564750498,0.8980863619769142,3/15/2005 0:00,Shipped,-1.4270386327380036,-1.1193848343462958,1.6938261357079059,Classic Cars,0.4301669487545075,S24_4048,Euro Shopping Channel,(91) 555 94 44,"C/ Moralzarzal, 86",Madrid,28034,Spain,EMEA,Freyre,Diego,Medium
1.664779763422802,-0.42021847027107895,0.8101579745265006,-1.2937399188895102,0.37974269579287445,5/3/2005 0:00,Shipped,-0.5962425798983697,-0.5723367278181918,1.6938261357079059,Classic Cars,0.4301669487545075,S24_4048,Euro Shopping Channel,(91) 555 94 44,"C/ Moralzarzal, 86",Madrid,28034,Spain,EMEA,Freyre,Diego,Medium
-1.6913926931391166,-1.0362527830157164,0.8101579745265006,2.0197970569611297,-0.36973918369715897,1/29/2003 0:00,Shipped,-1.4270386327380036,-1.6664329408743999,-1.1651700861775494,Vintage Cars,-0.09247081865569584,S24_4258,Baane Mini Imports,07-98 9555,Erling Skakkes gate 78,Stavern,4110,Norway,EMEA,Bergulfsen,Jonas,Small
-1.6045014968527238,-0.9335803975582768,0.14979427816659757,-0.8203774937679902,-0.7060448767892961,3/25/2003 0:00,Shipped,-1.4270386327380036,-1.1193848343462958,-1.1651700861775494,Vintage Cars,-0.09247081865569584,S24_4258,Mini Wheels Co.,6505555787,5557 North Pendale Street,San Francisco,28034,USA,EMEA,Murphy,Julie,Small
-1.4415805038157374,-0.11220131389876024,0.8101579745265006,2.0197970569611297,0.012071929987113109,5/28/2003 0:00,Shipped,-0.5962425798983697,-0.5723367278181918,-1.1651700861775494,Vintage Cars,-0.09247081865569584,S24_4258,"Corrida Auto Replicas, Ltd",(91) 555 22 82,"C/ Araquil, 67",Madrid,28023,Spain,EMEA,Sommer,MartÂ¡n,Medium
-1.3003823098503493,-0.6255632411859581,0.8101579745265006,-0.5836962812072303,-0.15082987339516118,7/16/2003 0:00,Shipped,0.23455347294126402,-0.025288621290087743,-1.1651700861775494,Vintage Cars,-0.09247081865569584,S24_4258,Souveniers And Things Co.,+61 2 9495 8555,"Monitor Money Building, 815 Pacific Hwy",Chatswood,2067,Australia,APAC,Huxley,Adrian,Medium
-1.1917683144923585,-1.5496147103029143,0.34264824054197407,-1.2937399188895102,-0.9462135810791468,9/12/2003 0:00,Shipped,0.23455347294126402,0.5217594852380163,-1.1651700861775494,Vintage Cars,-0.09247081865569584,S24_4258,Signal Collectibles Ltd.,4155554312,2793 Furth Circle,Brisbane,94217,USA,EMEA,Taylor,Sue,Small
-1.0397087209911713,0.7091777697607564,0.39123355754142664,-0.3470150686464702,0.15813455565384926,10/20/2003 0:00,Shipped,1.0653495257808978,0.7952835385020682,-1.1651700861775494,Vintage Cars,-0.09247081865569584,S24_4258,Classic Legends Inc.,2125558493,5905 Pompton St.,NYC,10022,USA,EMEA,Hernandez,Maria,Medium
-0.9310947256331803,-1.344269939388035,0.8101579745265006,-0.8203774937679902,-0.5336564421690193,11/5/2003 0:00,Shipped,1.0653495257808978,1.0688075917661204,-1.1651700861775494,Vintage Cars,-0.09247081865569584,S24_4258,Rovelli Gifts,035-640555,Via Ludovico il Moro 22,Bergamo,24100,Italy,EMEA,Rovelli,Giovanni,Small
-0.8224807302751894,1.2225396970479543,0.8101579745265006,1.3097534192788498,0.8043386792677709,11/13/2003 0:00,Shipped,1.0653495257808978,1.0688075917661204,-1.1651700861775494,Vintage Cars,-0.09247081865569584,S24_4258,"Classic Gift Ideas, Inc",2155554695,782 First Street,Philadelphia,71270,USA,EMEA,Cervantes,Francisca,Medium
-0.7138667349171985,-1.5496147103029143,0.8101579745265006,-0.5836962812072303,-0.6922955062714814,11/21/2003 0:00,Shipped,1.0653495257808978,1.0688075917661204,-1.1651700861775494,Vintage Cars,-0.09247081865569584,S24_4258,"Australian Collectables, Ltd",61-9-3844-6555,7 Allen Street,Glen Waverly,3150,Australia,APAC,Connery,Sean,Small
-0.5726685409518104,-0.21487369935619982,0.680762385374898,0.8363909941573299,-0.1846385546131366,12/5/2003 0:00,Shipped,1.0653495257808978,1.3423316450301723,-1.1651700861775494,Vintage Cars,-0.09247081865569584,S24_4258,Canadian Gift Exchange Network,(604) 555-3392,1900 Oak St.,Vancouver,V3F 2K1,Canada,EMEA,Tannamuri,Yoshi,Medium
-0.47491594512961854,0.40116061338843767,0.34264824054197407,0.1263473564750498,-0.011761398291989541,1/29/2004 0:00,Shipped,-1.4270386327380036,-1.6664329408743999,0.2643280247651782,Vintage Cars,-0.09247081865569584,S24_4258,West Coast Collectables Co.,3105553722,3675 Furth Circle,Burbank,94019,USA,EMEA,Thompson,Steve,Medium
-0.33371775116423036,-0.21487369935619982,0.8101579745265006,-0.1103338560857102,-0.07998694773346739,3/10/2004 0:00,Shipped,-1.4270386327380036,-1.1193848343462958,0.2643280247651782,Vintage Cars,-0.09247081865569584,S24_4258,Cambridge Collectables Co.,6175555555,4658 Baden Av.,Cambridge,51247,USA,EMEA,Tseng,Kyung,Medium
-0.15993535859144495,0.5038329988458772,0.14979427816659757,-0.5836962812072303,-0.04707425630042095,4/29/2004 0:00,Shipped,-0.5962425798983697,-0.8458607810822437,0.2643280247651782,Vintage Cars,-0.09247081865569584,S24_4258,Euro Shopping Channel,(91) 555 94 44,"C/ Moralzarzal, 86",Madrid,28034,Spain,EMEA,Freyre,Diego,Medium
-0.018737164626056783,1.1198673115905147,-0.23640941512496788,-0.5836962812072303,0.04075446358707231,6/14/2004 0:00,Shipped,-0.5962425798983697,-0.29881267455413973,0.2643280247651782,Vintage Cars,-0.09247081865569584,S24_4258,The Sharp Gifts Warehouse,4085553659,3086 Ingle Ln.,San Jose,94217,USA,EMEA,Frick,Sue,Medium
0.11159962980353229,1.325212082505394,0.680762385374898,-1.0570587063287502,0.6086382195159865,7/16/2004 0:00,Shipped,0.23455347294126402,-0.025288621290087743,0.2643280247651782,Vintage Cars,-0.09247081865569584,S24_4258,Salzburg Collectables,6562-9555,Geislweg 14,Salzburg,5020,Austria,EMEA,Pipps,Georg,Medium
0.23107502469732227,-1.4469423248454747,-0.23640941512496788,-0.1103338560857102,-1.0302248414587316,8/17/2004 0:00,Shipped,0.23455347294126402,0.24823543197396428,0.2643280247651782,Vintage Cars,-0.09247081865569584,S24_4258,Amica Models & Co.,011-4988555,Via Monte Bianco 34,Torino,10100,Italy,EMEA,Accorti,Paolo,Small
0.33968902005531315,1.017194926133075,0.8101579745265006,-1.2937399188895102,0.8783474355028793,9/7/2004 0:00,Shipped,0.23455347294126402,0.5217594852380163,0.2643280247651782,Vintage Cars,-0.09247081865569584,S24_4258,Auto-Moto Classics Inc.,6175558428,16780 Pompton St.,Brickhaven,58339,USA,EMEA,Taylor,Leslie,Medium
0.49174861355650046,-0.21487369935619982,0.8101579745265006,0.8363909941573299,-0.11475135138869991,10/11/2004 0:00,Shipped,1.0653495257808978,0.7952835385020682,0.2643280247651782,Vintage Cars,-0.09247081865569584,S24_4258,Auto Assoc. & Cie.,30.59.8555,"67, avenue de l'Europe",Versailles,78000,France,EMEA,Tonini,Daniel,Medium
0.5786398098428932,0.9145225406756355,0.8101579745265006,0.1263473564750498,0.7227601669102955,10/21/2004 0:00,Shipped,1.0653495257808978,0.7952835385020682,0.2643280247651782,Vintage Cars,-0.09247081865569584,S24_4258,Mini Gifts Distributors Ltd.,4155551450,5677 Strong St.,San Rafael,97562,USA,EMEA,Nelson,Valarie,Medium
0.7089766042724822,-0.21487369935619982,0.8101579745265006,-0.8203774937679902,1.4736593393328523,11/5/2004 0:00,Shipped,1.0653495257808978,1.0688075917661204,0.2643280247651782,Vintage Cars,-0.09247081865569584,S24_4258,Vitachrome Inc.,2125551500,2678 Kingston Rd.,NYC,10022,USA,EMEA,Frick,Michael,Medium
0.8067292000946741,0.40116061338843767,0.8101579745265006,-1.2937399188895102,0.47257809799372663,11/18/2004 0:00,Shipped,1.0653495257808978,1.0688075917661204,0.2643280247651782,Vintage Cars,-0.09247081865569584,S24_4258,Mini Wheels Co.,6505555787,5557 North Pendale Street,San Francisco,28034,USA,EMEA,Murphy,Julie,Medium
0.9696501931316603,0.40116061338843767,-1.6533159047620578,-1.0570587063287502,-0.8643852776301154,11/1/2004 0:00,Shipped,1.0653495257808978,1.0688075917661204,0.2643280247651782,Vintage Cars,-0.09247081865569584,S24_4258,"Corrida Auto Replicas, Ltd",(91) 555 22 82,"C/ Araquil, 67",Madrid,28023,Spain,EMEA,Sommer,MartÂ¡n,Small
1.0782641884896513,0.6065053843033168,0.8101579745265006,-0.1103338560857102,1.7882386377007495,12/10/2004 0:00,Shipped,1.0653495257808978,1.3423316450301723,0.2643280247651782,Vintage Cars,-0.09247081865569584,S24_4258,Euro Shopping Channel,(91) 555 94 44,"C/ Moralzarzal, 86",Madrid,28034,Spain,EMEA,Freyre,Diego,Medium
1.1977395833834412,0.5038329988458772,0.16169272314605504,-0.8203774937679902,-0.041861224824472104,1/20/2005 0:00,Shipped,-1.4270386327380036,-1.6664329408743999,1.6938261357079059,Vintage Cars,-0.09247081865569584,S24_4258,Collectables For Less Inc.,6175558555,7825 Douglas Av.,Brickhaven,58339,USA,EMEA,Nelson,Allen,Medium
1.3389377773488293,-0.21487369935619982,0.8101579745265006,-0.5836962812072303,0.564050509673263,2/17/2005 0:00,Shipped,-1.4270386327380036,-1.3929088876103477,1.6938261357079059,Vintage Cars,-0.09247081865569584,S24_4258,Mini Gifts Distributors Ltd.,4155551450,5677 Strong St.,San Rafael,97562,USA,EMEA,Nelson,Valarie,Medium
1.7842551583165922,-0.7282356266433977,-0.23640941512496788,-0.5836962812072303,-0.7303506360459066,5/30/2005 0:00,In Process,-0.5962425798983697,-0.5723367278181918,1.6938261357079059,Vintage Cars,-0.09247081865569584,S24_4258,Petit Auto,(02) 5554 67,Rue Joseph-Bens 532,Bruxelles,B-1180,Belgium,EMEA,Dewey,Catherine,Small
-1.6588084945317194,-0.9335803975582768,-0.9865072173716151,-0.8203774937679902,-1.0296438056588082,2/17/2003 0:00,Shipped,-1.4270386327380036,-1.3929088876103477,-1.1651700861775494,Planes,-0.714658637001176,S24_4278,Rovelli Gifts,035-640555,Via Ludovico il Moro 22,Bergamo,24100,Italy,EMEA,Rovelli,Giovanni,Small
-1.5067489010305322,-0.6255632411859581,0.09079782181011911,0.5997097815965698,-0.5835766487923483,4/29/2003 0:00,Shipped,-0.5962425798983697,-0.8458607810822437,-1.1651700861775494,Planes,-0.714658637001176,S24_4278,"Australian Collectors, Co.",03 9520 4555,636 St Kilda Road,Melbourne,3004,Australia,APAC,Ferguson,Peter,Small
-1.3655507070651438,1.1198673115905147,-0.30432970521603925,-0.5836962812072303,0.00653308404391777,6/27/2003 0:00,Shipped,-0.5962425798983697,-0.29881267455413973,-1.1651700861775494,Planes,-0.714658637001176,S24_4278,Euro Shopping Channel,(91) 555 94 44,"C/ Moralzarzal, 86",Madrid,28034,Spain,EMEA,Freyre,Diego,Medium
-1.2352139126355548,-0.21487369935619982,0.05510248687174601,2.0197970569611297,-0.41078637632913384,8/25/2003 0:00,Shipped,0.23455347294126402,0.24823543197396428,-1.1651700861775494,Planes,-0.714658637001176,S24_4278,Toys4GrownUps.com,6265557265,78934 Hillside Dr.,Pasadena,90003,USA,EMEA,Young,Julie,Small
-0.9854017233121758,1.325212082505394,-0.26813860173685516,0.8363909941573299,0.10975110726770093,10/28/2003 0:00,Shipped,1.0653495257808978,0.7952835385020682,-1.1651700861775494,Planes,-0.714658637001176,S24_4278,Technics Stores Inc.,6505556809,9408 Furth Circle,Burlingame,94217,USA,EMEA,Hirano,Juri,Medium
-0.529222942808614,0.5038329988458772,-0.6275707938246404,0.3630285690358098,-0.3876589793957324,1/12/2004 0:00,Shipped,-1.4270386327380036,-1.6664329408743999,0.2643280247651782,Planes,-0.714658637001176,S24_4278,Osaka Souveniers Co.,+81 06 6342 5555,"Dojima Avanza 4F, 1-6-20 Dojima, Kita-ku",Osaka,530-0003,Japan,Japan,Kentary,Mory,Small
-0.38802474884322585,-1.2415975539305957,-0.44810258205115294,0.8363909941573299,-0.9978768951022462,2/20/2004 0:00,Shipped,-1.4270386327380036,-1.3929088876103477,0.2643280247651782,Planes,-0.714658637001176,S24_4278,"Australian Collectors, Co.",03 9520 4555,636 St Kilda Road,Melbourne,3004,Australia,APAC,Ferguson,Peter,Small
-0.25768795441363673,0.5038329988458772,-0.12486149344255176,-0.5836962812072303,-0.16740839953690215,4/2/2004 0:00,Shipped,-0.5962425798983697,-0.8458607810822437,0.2643280247651782,Planes,-0.714658637001176,S24_4278,"Royal Canadian Collectables, Ltd.",(604) 555-4555,23 Tsawassen Blvd.,Tsawassen,T2F 8M4,Canada,EMEA,Lincoln,Elizabeth,Medium
-0.09476696137665042,0.1958158424735585,-0.44810258205115294,-0.3470150686464702,-0.4305904656966178,5/11/2004 0:00,Shipped,-0.5962425798983697,-0.5723367278181918,0.2643280247651782,Planes,-0.714658637001176,S24_4278,The Sharp Gifts Warehouse,4085553659,3086 Ingle Ln.,San Jose,94217,USA,EMEA,Frick,Sue,Small
0.046431232588737756,-1.138925168473156,-0.4119114785719696,1.0730722067180898,-0.9478426534153807,6/28/2004 0:00,Shipped,-0.5962425798983697,-0.29881267455413973,0.2643280247651782,Planes,-0.714658637001176,S24_4278,Gift Depot Inc.,2035552570,25593 South Bay Ln.,Bridgewater,97562,USA,EMEA,King,Julie,Small
0.17676802701832683,-0.8309080121008373,-1.058393655789172,0.8363909941573299,-1.016279982260569,7/23/2004 0:00,Shipped,0.23455347294126402,-0.025288621290087743,0.2643280247651782,Planes,-0.714658637001176,S24_4278,La Rochelle Gifts,40.67.8555,"67, rue des Cinquante Otages",Nantes,44000,France,EMEA,Labrune,Janine,Small
0.27452062284051865,-1.4469423248454747,-0.6275707938246404,-1.0570587063287502,-1.1201985065889328,8/21/2004 0:00,Shipped,0.23455347294126402,0.24823543197396428,0.2643280247651782,Planes,-0.714658637001176,S24_4278,"Norway Gifts By Mail, Co.",+47 2212 1555,"Drammensveien 126 A, PB 744 Sentrum",Oslo,N 0106,Norway,EMEA,Klaeboe,Jan,Small
0.41571881680590683,-1.2415975539305957,-0.5556843554070833,-0.3470150686464702,-1.0249792285360584,9/16/2004 0:00,Shipped,0.23455347294126402,0.5217594852380163,0.2643280247651782,Planes,-0.714658637001176,S24_4278,"Clover Collections, Co.",+353 1862 1555,25 Maiden Lane,Dublin,2,Ireland,EMEA,Cassidy,Dean,Small
0.5351942116996968,0.9145225406756355,-0.016783951545811186,0.3630285690358098,0.06092237910964857,10/15/2004 0:00,Shipped,1.0653495257808978,0.7952835385020682,0.2643280247651782,Planes,-0.714658637001176,S24_4278,Mini Classics,9145554562,3758 North Pendale Street,White Plains,24067,USA,EMEA,Frick,Steve,Medium
0.6329468075218886,-0.009528928441320661,-0.016783951545811186,-1.2937399188895102,-0.34628054205539016,11/2/2004 0:00,Shipped,1.0653495257808978,1.0688075917661204,0.2643280247651782,Planes,-0.714658637001176,S24_4278,Technics Stores Inc.,6505556809,9408 Furth Circle,Burlingame,94217,USA,EMEA,Hirano,Juri,Small
0.7524222024156786,0.8118501552181959,-1.130280094206729,-0.5836962812072303,-0.5087642168713644,11/12/2004 0:00,Shipped,1.0653495257808978,1.0688075917661204,0.2643280247651782,Planes,-0.714658637001176,S24_4278,Rovelli Gifts,035-640555,Via Ludovico il Moro 22,Bergamo,24100,Italy,EMEA,Rovelli,Giovanni,Small
0.8827589968452677,0.5038329988458772,0.05510248687174601,-1.2937399188895102,-0.08856129846317873,11/24/2004 0:00,Shipped,1.0653495257808978,1.0688075917661204,0.2643280247651782,Planes,-0.714658637001176,S24_4278,Enaco Distributors,(93) 203 4555,"Rambla de CataluÂ¤a, 23",Barcelona,8022,Spain,EMEA,Saavedra,Eduardo,Medium
1.0239571908106557,-0.009528928441320661,0.30943174830765524,-0.8203774937679902,-0.2212220890438303,12/4/2004 0:00,Shipped,1.0653495257808978,1.3423316450301723,0.2643280247651782,Planes,-0.714658637001176,S24_4278,Gift Ideas Corp.,2035554407,2440 Pompton St.,Glendale,97561,USA,EMEA,Lewis,Dan,Medium
1.1108483870970485,-1.0362527830157164,-1.0509571276770109,-1.2937399188895102,-1.081915306687435,12/17/2004 0:00,Shipped,1.0653495257808978,1.3423316450301723,0.2643280247651782,Planes,-0.714658637001176,S24_4278,Souveniers And Things Co.,+61 2 9495 8555,"Monitor Money Building, 815 Pacific Hwy",Chatswood,2067,Australia,APAC,Huxley,Adrian,Small
1.2629079805982357,0.8118501552181959,0.8101579745265006,-1.0570587063287502,3.5218974179209215,2/3/2005 0:00,Shipped,-1.4270386327380036,-1.3929088876103477,1.6938261357079059,Planes,-0.714658637001176,S24_4278,La Rochelle Gifts,40.67.8555,"67, rue des Cinquante Otages",Nantes,44000,France,EMEA,Labrune,Janine,Large
1.3823833754920258,1.530556853420273,-1.0073294960856658,0.3630285690358098,-0.21009009474623164,3/1/2005 0:00,Resolved,-1.4270386327380036,-1.1193848343462958,1.6938261357079059,Planes,-0.714658637001176,S24_4278,Euro Shopping Channel,(91) 555 94 44,"C/ Moralzarzal, 86",Madrid,28034,Spain,EMEA,Freyre,Diego,Medium
1.5127201699216148,1.017194926133075,-0.26813860173685516,1.7831158444003699,-0.017723803042605814,3/30/2005 0:00,Shipped,-1.4270386327380036,-1.1193848343462958,1.6938261357079059,Planes,-0.714658637001176,S24_4278,Reims Collectables,26.47.1555,59 rue de l'Abbaye,Reims,51100,France,EMEA,Henriot,Paul,Medium
1.5453043685290122,1.7359016243351522,-0.12486149344255176,-0.5836962812072303,0.3613233179111892,4/3/2005 0:00,On Hold,-0.5962425798983697,-0.8458607810822437,1.6938261357079059,Planes,-0.714658637001176,S24_4278,Tekni Collectables Inc.,2015559350,7476 Moss Rd.,Newark,94019,USA,EMEA,Brown,William,Medium
1.7082253615659986,1.325212082505394,-0.44810258205115294,-0.3470150686464702,0.015134585979233115,5/10/2005 0:00,Shipped,-0.5962425798983697,-0.5723367278181918,1.6938261357079059,Planes,-0.714658637001176,S24_4278,L'ordine Souveniers,0522-556555,Strada Provinciale 124,Reggio Emilia,42100,Italy,EMEA,Moroni,Maurizio,Medium
-1.6370856954601212,-0.42021847027107895,-0.7411017896702998,0.8363909941573299,-0.7732006687299802,3/3/2003 0:00,Shipped,-1.4270386327380036,-1.1193848343462958,-1.1651700861775494,Classic Cars,-0.5155585351306223,S24_4620,Cruz & Sons Co.,+63 2 555 3587,15 McCallum Street - NatWest Center #13-03,Makati City,1227 MM,Philippines,Japan,Cruz,Arnold,Small
-1.485026101958934,-0.6255632411859581,-0.6206300342532901,1.7831158444003699,-0.8095561330336013,5/8/2003 0:00,Shipped,-0.5962425798983697,-0.5723367278181918,-1.1651700861775494,Classic Cars,-0.5155585351306223,S24_4620,Marseille Mini Autos,91.24.4555,"12, rue des Bouchers",Marseille,13008,France,EMEA,Lebihan,Laurence,Small
-1.3438279079935458,-1.2415975539305957,0.18102769623767384,1.0730722067180898,-0.8393844475100449,7/2/2003 0:00,Shipped,0.23455347294126402,-0.025288621290087743,-1.1651700861775494,Classic Cars,-0.5155585351306223,S24_4620,Mini Gifts Distributors Ltd.,4155551450,5677 Strong St.,San Rafael,97562,USA,EMEA,Nelson,Valarie,Small
-1.2134911135639566,-0.42021847027107895,-0.9413922801578377,1.0730722067180898,-0.8412090085266271,9/5/2003 0:00,Shipped,0.23455347294126402,0.5217594852380163,-1.1651700861775494,Classic Cars,-0.5155585351306223,S24_4620,Collectables For Less Inc.,6175558555,7825 Douglas Av.,Brickhaven,58339,USA,EMEA,Nelson,Allen,Small
-1.0831543191343675,-1.2415975539305957,-0.8209205247408287,-0.1103338560857102,-1.0917983455272544,10/10/2003 0:00,Shipped,1.0653495257808978,0.7952835385020682,-1.1651700861775494,Classic Cars,-0.5155585351306223,S24_4620,Corporate Gift Ideas Co.,6505551386,7734 Strong St.,San Francisco,28034,USA,EMEA,Brown,Julie,Small
-0.9745403237763767,-1.138925168473156,0.5414514254070804,-0.1103338560857102,-0.6972261652091495,11/4/2003 0:00,Shipped,1.0653495257808978,1.0688075917661204,-1.1651700861775494,Classic Cars,-0.5155585351306223,S24_4620,"Anna's Decorations, Ltd",02 9936 8555,201 Miller Street,North Sydney,2060,Australia,APAC,O'Hara,Anna,Small
-0.8550649288825867,-0.7282356266433977,-0.6206300342532901,-1.2937399188895102,-0.8481868683668291,11/11/2003 0:00,Shipped,1.0653495257808978,1.0688075917661204,-1.1651700861775494,Classic Cars,-0.5155585351306223,S24_4620,Daedalus Designs Imports,20.16.1555,"184, chausse de Tournai",Lille,59000,France,EMEA,Rance,Martine,Small
-0.7355895339887967,0.9145225406756355,-0.8610777765464979,0.1263473564750498,-0.34597644855262627,11/20/2003 0:00,Shipped,1.0653495257808978,1.0688075917661204,-1.1651700861775494,Classic Cars,-0.5155585351306223,S24_4620,"Toms Spezialitten, Ltd",0221-5554327,Mehrheimerstr. 369,Koln,50739,Germany,EMEA,Pfalzheim,Henriette,Small
-0.5183615432728149,-1.344269939388035,0.42147543853088165,-0.1103338560857102,-0.8288552099768529,1/15/2004 0:00,Shipped,-1.4270386327380036,-1.6664329408743999,0.2643280247651782,Classic Cars,-0.5155585351306223,S24_4620,Auto Canal Petit,(1) 47.55.6555,"25, rue Lauriston",Paris,75016,France,EMEA,Perrier,Dominique,Small
-0.36630194977162767,1.1198673115905147,-0.66078728605896,1.5464346318396098,-0.1730667107847548,2/22/2004 0:00,Shipped,-1.4270386327380036,-1.3929088876103477,0.2643280247651782,Classic Cars,-0.5155585351306223,S24_4620,"Vida Sport, Ltd",0897-034555,Grenzacherweg 237,Gensve,1203,Switzerland,EMEA,Holz,Michael,Medium
-0.22510375580623948,-1.344269939388035,0.5012941736014105,0.1263473564750498,-0.8096212959270507,4/9/2004 0:00,Shipped,-0.5962425798983697,-0.8458607810822437,0.2643280247651782,Classic Cars,-0.5155585351306223,S24_4620,Danish Wholesale Imports,31 12 3555,Vinb'ltet 34,Kobenhavn,1734,Denmark,EMEA,Petersen,Jytte,Small
-0.07304416230505223,0.29848822793099805,0.18102769623767384,-0.8203774937679902,-0.1282129191271131,5/26/2004 0:00,Shipped,-0.5962425798983697,-0.5723367278181918,0.2643280247651782,Classic Cars,-0.5155585351306223,S24_4620,Auto Canal Petit,(1) 47.55.6555,"25, rue Lauriston",Paris,75016,France,EMEA,Perrier,Dominique,Medium
0.05729263212453684,1.2225396970479543,-0.019262794249864736,-1.2937399188895102,0.19538057950127827,6/30/2004 0:00,Shipped,-0.5962425798983697,-0.29881267455413973,0.2643280247651782,Classic Cars,-0.5155585351306223,S24_4620,Gifts4AllAges.com,6175559555,8616 Spinnaker Dr.,Boston,51003,USA,EMEA,Yoshido,Juri,Medium
0.18762942655412593,1.325212082505394,-0.4203395437657515,0.1263473564750498,0.029731074111889137,8/2/2004 0:00,Shipped,0.23455347294126402,0.24823543197396428,0.2643280247651782,Classic Cars,-0.5155585351306223,S24_4620,Online Mini Collectables,6175557555,7635 Spinnaker Dr.,Brickhaven,58339,USA,EMEA,Barajas,Miguel,Medium
0.3071048214479159,0.5038329988458772,0.22118494804334377,2.2564782695218897,-0.015796067444728872,8/30/2004 0:00,Shipped,0.23455347294126402,0.24823543197396428,0.2643280247651782,Classic Cars,-0.5155585351306223,S24_4620,"Vida Sport, Ltd",0897-034555,Grenzacherweg 237,Gensve,1203,Switzerland,EMEA,Holz,Michael,Medium
0.43744161587750496,-0.3175460848136394,-0.13973454966687376,-1.2937399188895102,-0.5251092426449117,9/30/2004 0:00,Shipped,0.23455347294126402,0.5217594852380163,0.2643280247651782,Classic Cars,-0.5155585351306223,S24_4620,"Toys of Finland, Co.",90-224 8555,Keskuskatu 45,Helsinki,21240,Finland,EMEA,Karttunen,Matti,Small
0.556917010771295,1.4278844679628335,0.6619231808240902,1.7831158444003699,0.6514122288243691,10/16/2004 0:00,Shipped,1.0653495257808978,0.7952835385020682,0.2643280247651782,Classic Cars,-0.5155585351306223,S24_4620,"Toms Spezialitten, Ltd",0221-5554327,Mehrheimerstr. 369,Koln,50739,Germany,EMEA,Pfalzheim,Henriette,Medium
0.6546696065934868,0.8118501552181959,0.10071319262633402,-1.0570587063287502,0.07101719735317837,11/3/2004 0:00,Shipped,1.0653495257808978,1.0688075917661204,0.2643280247651782,Classic Cars,-0.5155585351306223,S24_4620,Microscale Inc.,2125551957,5290 North Pendale Street,NYC,10022,USA,EMEA,Kuo,Kee,Medium
0.7850064010230758,0.6065053843033168,0.8101579745265006,-1.0570587063287502,1.1737525524733026,11/17/2004 0:00,Shipped,1.0653495257808978,1.0688075917661204,0.2643280247651782,Classic Cars,-0.5155585351306223,S24_4620,Motor Mint Distributors Inc.,2155559857,11328 Douglas Av.,Philadelphia,71270,USA,EMEA,Hernandez,Rosa,Medium
0.915343195452665,-0.5228908557285186,0.8101579745265006,-1.2937399188895102,-0.24717864160115804,11/24/2004 0:00,Shipped,1.0653495257808978,1.0688075917661204,0.2643280247651782,Classic Cars,-0.5155585351306223,S24_4620,Reims Collectables,26.47.1555,59 rue de l'Abbaye,Reims,51100,France,EMEA,Henriot,Paul,Medium
1.045679989882254,-0.7282356266433977,0.5816086772127503,0.5997097815965698,-0.47947349626587793,12/7/2004 0:00,Shipped,1.0653495257808978,1.3423316450301723,0.2643280247651782,Classic Cars,-0.5155585351306223,S24_4620,Euro Shopping Channel,(91) 555 94 44,"C/ Moralzarzal, 86",Madrid,28034,Spain,EMEA,Freyre,Diego,Small
1.1325711861686467,0.8118501552181959,0.8101579745265006,0.5997097815965698,0.8691214558386745,1/6/2005 0:00,Shipped,-1.4270386327380036,-1.6664329408743999,1.6938261357079059,Classic Cars,-0.5155585351306223,S24_4620,Suominen Souveniers,+358 9 8045 555,"Software Engineering Center, SEC Oy",Espoo,FIN-02271,Finland,EMEA,Suominen,Kalle,Medium
1.295492179205633,0.6065053843033168,0.8101579745265006,-1.0570587063287502,0.7278048609115,2/10/2005 0:00,Shipped,-1.4270386327380036,-1.3929088876103477,1.6938261357079059,Classic Cars,-0.5155585351306223,S24_4620,Euro Shopping Channel,(91) 555 94 44,"C/ Moralzarzal, 86",Madrid,28034,Spain,EMEA,Freyre,Diego,Medium
1.425828973635222,-0.5228908557285186,-0.06140312021877721,0.8363909941573299,-0.5871660381731838,3/4/2005 0:00,Shipped,-1.4270386327380036,-1.1193848343462958,1.6938261357079059,Classic Cars,-0.5155585351306223,S24_4620,Mini Gifts Distributors Ltd.,4155551450,5677 Strong St.,San Rafael,97562,USA,EMEA,Nelson,Valarie,Small
-1.6913926931391166,-0.42021847027107895,0.8101579745265006,-0.8203774937679902,-0.17896938288304243,1/29/2003 0:00,Shipped,-1.4270386327380036,-1.6664329408743999,-1.1651700861775494,Trucks and Buses,-0.11735833138951506,S32_1268,Baane Mini Imports,07-98 9555,Erling Skakkes gate 78,Stavern,4110,Norway,EMEA,Bergulfsen,Jonas,Medium
-1.5719172982453267,-0.3175460848136394,0.8101579745265006,0.1263473564750498,0.061704333831040896,4/1/2003 0:00,Shipped,-0.5962425798983697,-0.8458607810822437,-1.1651700861775494,Trucks and Buses,-0.11735833138951506,S32_1268,"La Corne D'abondance, Co.",(1) 42.34.2555,"265, boulevard Charonne",Paris,75012,France,EMEA,Bertrand,Marie,Medium
-1.4415805038157374,0.8118501552181959,0.6272193829673384,-0.8203774937679902,0.31899458837471045,5/28/2003 0:00,Shipped,-0.5962425798983697,-0.5723367278181918,-1.1651700861775494,Trucks and Buses,-0.11735833138951506,S32_1268,"Corrida Auto Replicas, Ltd",(91) 555 22 82,"C/ Araquil, 67",Madrid,28023,Spain,EMEA,Sommer,MartÂ¡n,Medium
-1.2895209103145502,-0.9335803975582768,0.8101579745265006,-0.8203774937679902,-0.39331729064358506,7/24/2003 0:00,Shipped,0.23455347294126402,-0.025288621290087743,-1.1651700861775494,Trucks and Buses,-0.11735833138951506,S32_1268,Technics Stores Inc.,6505556809,9408 Furth Circle,Burlingame,94217,USA,EMEA,Hirano,Juri,Small
-1.1700455154207603,-0.8309080121008373,0.8101579745265006,0.8363909941573299,-0.2635508185803091,9/21/2003 0:00,Shipped,0.23455347294126402,0.5217594852380163,-1.1651700861775494,Trucks and Buses,-0.11735833138951506,S32_1268,"Oulu Toy Supplies, Inc.",981-443655,Torikatu 38,Oulu,90110,Finland,EMEA,Koskitalo,Pirkko,Medium
-1.0288473214553722,-1.138925168473156,0.8101579745265006,-1.2937399188895102,-0.49900064333620225,10/21/2003 0:00,Resolved,1.0653495257808978,0.7952835385020682,-1.1651700861775494,Trucks and Buses,-0.11735833138951506,S32_1268,Mini Auto Werke,7675-3555,Kirchgasse 6,Graz,8010,Austria,EMEA,Mendel,Roland,Small
-0.9093719265615822,-1.344269939388035,0.8101579745265006,0.3630285690358098,-0.6066497433145419,11/6/2003 0:00,Shipped,1.0653495257808978,1.0688075917661204,-1.1651700861775494,Trucks and Buses,-0.11735833138951506,S32_1268,"Stylish Desk Decors, Co.",(171) 555-0297,35 King George,London,WX3 6FW,UK,EMEA,Brown,Ann,Small
-0.8116193307393903,1.1198673115905147,0.8101579745265006,1.5464346318396098,0.5720601153264132,11/14/2003 0:00,Shipped,1.0653495257808978,1.0688075917661204,-1.1651700861775494,Trucks and Buses,-0.11735833138951506,S32_1268,"Iberia Gift Imports, Corp.",(95) 555 82 82,"C/ Romero, 33",Sevilla,41101,Spain,EMEA,Roel,Jose Pedro,Medium
-0.7030053353813994,0.1958158424735585,0.6748131628851689,-0.8203774937679902,0.02449089143033654,11/25/2003 0:00,Shipped,1.0653495257808978,1.0688075917661204,-1.1651700861775494,Trucks and Buses,-0.11735833138951506,S32_1268,"Saveley & Henriot, Co.",78.32.5555,"2, rue du Commerce",Lyon,69004,France,EMEA,Saveley,Mary,Medium
-0.5618071414160113,1.4278844679628335,-0.13675993842200923,1.7831158444003699,0.22275442499112935,12/9/2003 0:00,Shipped,1.0653495257808978,1.3423316450301723,-1.1651700861775494,Trucks and Buses,-0.11735833138951506,S32_1268,Diecast Collectables,6175552555,6251 Ingle Ln.,Boston,51003,USA,EMEA,Franco,Valarie,Medium
-0.45319314605802036,-1.4469423248454747,0.8101579745265006,-0.8203774937679902,-0.7108126284933407,2/4/2004 0:00,Shipped,-1.4270386327380036,-1.3929088876103477,0.2643280247651782,Trucks and Buses,-0.11735833138951506,S32_1268,Handji Gifts& Co,+65 224 1555,Village Close - 106 Linden Road Sandown,Singapore,69045,Singapore,APAC,Victorino,Wendy,Small
-0.3228563516284313,-1.0362527830157164,0.8101579745265006,0.3630285690358098,-0.4131811126633977,3/11/2004 0:00,Shipped,-1.4270386327380036,-1.1193848343462958,0.2643280247651782,Trucks and Buses,-0.11735833138951506,S32_1268,Mini Gifts Distributors Ltd.,4155551450,5677 Strong St.,San Rafael,97562,USA,EMEA,Nelson,Valarie,Small
-0.14907395905564585,0.1958158424735585,0.8101579745265006,-1.2937399188895102,0.31481873295283097,5/4/2004 0:00,Shipped,-0.5962425798983697,-0.5723367278181918,0.2643280247651782,Trucks and Buses,-0.11735833138951506,S32_1268,Super Scale Inc.,2035559545,567 North Pendale Street,New Haven,97823,USA,EMEA,Murphy,Leslie,Medium
0.0029856344455413955,1.017194926133075,0.14979427816659757,1.0730722067180898,0.18827239387417738,6/15/2004 0:00,Shipped,-0.5962425798983697,-0.29881267455413973,0.2643280247651782,Trucks and Buses,-0.11735833138951506,S32_1268,Handji Gifts& Co,+65 224 1555,Village Close - 106 Linden Road Sandown,Singapore,69045,Singapore,APAC,Victorino,Wendy,Medium
0.12246102933933138,-0.3175460848136394,0.10220049824876629,-1.2937399188895102,-0.44031059730281374,7/19/2004 0:00,Shipped,0.23455347294126402,-0.025288621290087743,0.2643280247651782,Trucks and Buses,-0.11735833138951506,S32_1268,Souveniers And Things Co.,+61 2 9495 8555,"Monitor Money Building, 815 Pacific Hwy",Chatswood,2067,Australia,APAC,Huxley,Adrian,Small
0.24193642423312137,-0.6255632411859581,-0.04107661004553711,0.3630285690358098,-0.6254655287980438,8/19/2004 0:00,Shipped,0.23455347294126402,0.24823543197396428,0.2643280247651782,Trucks and Buses,-0.11735833138951506,S32_1268,Diecast Classics Inc.,2155551555,7586 Pompton St.,Allentown,70267,USA,EMEA,Yu,Kyung,Small
0.35055041959111227,-0.9335803975582768,0.006517169872294163,-0.8203774937679902,-0.7468477085708357,9/8/2004 0:00,Shipped,0.23455347294126402,0.5217594852380163,0.2643280247651782,Trucks and Buses,-0.11735833138951506,S32_1268,Scandinavian Gift Ideas,0695-34 6555,?kergatan 24,Boras,S-844 67,Sweden,EMEA,Larsson,Maria,Small
0.5026100130922995,-0.7282356266433977,0.8101579745265006,1.3097534192788498,-0.21658466312668437,10/13/2004 0:00,Shipped,1.0653495257808978,0.7952835385020682,0.2643280247651782,Trucks and Buses,-0.11735833138951506,S32_1268,Marta's Replicas Co.,6175558555,39323 Spinnaker Dr.,Cambridge,51247,USA,EMEA,Hernandez,Marta,Medium
0.5895012093786922,-0.8309080121008373,0.19738805808442814,-0.1103338560857102,-0.6449003617693149,10/22/2004 0:00,Shipped,1.0653495257808978,0.7952835385020682,0.2643280247651782,Trucks and Buses,-0.11735833138951506,S32_1268,Canadian Gift Exchange Network,(604) 555-3392,1900 Oak St.,Vancouver,V3F 2K1,Canada,EMEA,Tannamuri,Yoshi,Small
0.7089766042724822,-1.5496147103029143,0.7199281000989466,1.0730722067180898,-0.8635653112208777,11/5/2004 0:00,Shipped,1.0653495257808978,1.0688075917661204,0.2643280247651782,Trucks and Buses,-0.11735833138951506,S32_1268,Vitachrome Inc.,2125551500,2678 Kingston Rd.,NYC,10022,USA,EMEA,Frick,Michael,Small
0.8284519991662722,0.9145225406756355,0.8101579745265006,-1.2937399188895102,0.6474970249762868,11/19/2004 0:00,Shipped,1.0653495257808978,1.0688075917661204,0.2643280247651782,Trucks and Buses,-0.11735833138951506,S32_1268,Mini Gifts Distributors Ltd.,4155551450,5677 Strong St.,San Rafael,97562,USA,EMEA,Nelson,Valarie,Medium
0.9696501931316603,0.7091777697607564,0.8101579745265006,-0.8203774937679902,1.538414964698152,11/1/2004 0:00,Shipped,1.0653495257808978,1.0688075917661204,0.2643280247651782,Trucks and Buses,-0.11735833138951506,S32_1268,"Corrida Auto Replicas, Ltd",(91) 555 22 82,"C/ Araquil, 67",Madrid,28023,Spain,EMEA,Sommer,MartÂ¡n,Medium
1.0782641884896513,0.6065053843033168,0.8101579745265006,-1.2937399188895102,0.47466331058410616,12/10/2004 0:00,Shipped,1.0653495257808978,1.3423316450301723,0.2643280247651782,Trucks and Buses,-0.11735833138951506,S32_1268,Euro Shopping Channel,(91) 555 94 44,"C/ Moralzarzal, 86",Madrid,28034,Spain,EMEA,Freyre,Diego,Medium
1.2194623824550395,-0.9335803975582768,0.8101579745265006,-1.2937399188895102,0.26616377251064344,1/23/2005 0:00,Shipped,-1.4270386327380036,-1.6664329408743999,1.6938261357079059,Trucks and Buses,-0.11735833138951506,S32_1268,Mini Gifts Distributors Ltd.,4155551450,5677 Strong St.,San Rafael,97562,USA,EMEA,Nelson,Valarie,Medium
1.3389377773488293,-0.9335803975582768,0.8101579745265006,-0.1103338560857102,-0.4591100920629535,2/17/2005 0:00,Shipped,-1.4270386327380036,-1.3929088876103477,1.6938261357079059,Trucks and Buses,-0.11735833138951506,S32_1268,Mini Gifts Distributors Ltd.,4155551450,5677 Strong St.,San Rafael,97562,USA,EMEA,Nelson,Valarie,Small
1.653918363887003,-0.9335803975582768,0.8101579745265006,-1.2937399188895102,-0.3525144588620454,5/1/2005 0:00,Shipped,-0.5962425798983697,-0.5723367278181918,1.6938261357079059,Trucks and Buses,-0.11735833138951506,S32_1268,Quebec Home Shopping Network,(514) 555-8054,43 rue St. Laurent,Montreal,H1J 1C3,Canada,EMEA,Fresnisre,Jean,Small
1.8059779573881902,0.6065053843033168,0.14979427816659757,1.0730722067180898,-4.926265501137619e-06,5/31/2005 0:00,In Process,-0.5962425798983697,-0.5723367278181918,1.6938261357079059,Trucks and Buses,-0.11735833138951506,S32_1268,La Rochelle Gifts,40.67.8555,"67, rue des Cinquante Otages",Nantes,44000,France,EMEA,Labrune,Janine,Medium
-1.6479470949959203,-1.5496147103029143,0.45816231055087675,0.3630285690358098,-0.9209086574563127,2/24/2003 0:00,Shipped,-1.4270386327380036,-1.3929088876103477,-1.1651700861775494,Motorcycles,-0.04269579318805743,S32_1374,Land of Toys Inc.,2125557818,897 Long Airport Avenue,NYC,10022,USA,EMEA,Yu,Kwai,Small
-1.5067489010305322,-1.344269939388035,0.8101579745265006,-0.1103338560857102,-0.5932696291929402,4/29/2003 0:00,Shipped,-0.5962425798983697,-0.8458607810822437,-1.1651700861775494,Motorcycles,-0.04269579318805743,S32_1374,"Australian Collectors, Co.",03 9520 4555,636 St Kilda Road,Melbourne,3004,Australia,APAC,Ferguson,Peter,Small
-1.3655507070651438,-1.2415975539305957,0.8101579745265006,-1.2937399188895102,-0.4951723233460524,6/27/2003 0:00,Shipped,-0.5962425798983697,-0.29881267455413973,-1.1651700861775494,Motorcycles,-0.04269579318805743,S32_1374,Euro Shopping Channel,(91) 555 94 44,"C/ Moralzarzal, 86",Madrid,28034,Spain,EMEA,Freyre,Diego,Small
-1.2352139126355548,-0.21487369935619982,0.5077391646319506,1.3097534192788498,-0.24717864160115804,8/25/2003 0:00,Shipped,0.23455347294126402,0.24823543197396428,-1.1651700861775494,Motorcycles,-0.04269579318805743,S32_1374,Toys4GrownUps.com,6265557265,78934 Hillside Dr.,Pasadena,90003,USA,EMEA,Young,Julie,Medium
-0.9854017233121758,-0.7282356266433977,0.8101579745265006,0.1263473564750498,-0.16808174943587872,10/28/2003 0:00,Shipped,1.0653495257808978,0.7952835385020682,-1.1651700861775494,Motorcycles,-0.04269579318805743,S32_1374,Technics Stores Inc.,6505556809,9408 Furth Circle,Burlingame,94217,USA,EMEA,Hirano,Juri,Medium
-0.7681737325961939,0.9145225406756355,0.7551276664965088,0.1263473564750498,0.4329373378120338,11/18/2003 0:00,Shipped,1.0653495257808978,1.0688075917661204,-1.1651700861775494,Motorcycles,-0.04269579318805743,S32_1374,Herkku Gifts,+47 2267 3215,"Drammen 121, PR 744 Sentrum",Bergen,N 5804,Norway,EMEA,Oeztan,Veysel,Medium
-0.529222942808614,1.1198673115905147,-0.18584102396227278,-0.3470150686464702,0.06623315492577136,1/12/2004 0:00,Shipped,-1.4270386327380036,-1.6664329408743999,0.2643280247651782,Motorcycles,-0.04269579318805743,S32_1374,Osaka Souveniers Co.,+81 06 6342 5555,"Dojima Avanza 4F, 1-6-20 Dojima, Kita-ku",Osaka,530-0003,Japan,Japan,Kentary,Mory,Medium
-0.38802474884322585,-1.4469423248454747,0.8101579745265006,0.1263473564750498,-0.5857161637939355,2/20/2004 0:00,Shipped,-1.4270386327380036,-1.3929088876103477,0.2643280247651782,Motorcycles,-0.04269579318805743,S32_1374,"Australian Collectors, Co.",03 9520 4555,636 St Kilda Road,Melbourne,3004,Australia,APAC,Ferguson,Peter,Small
-0.25768795441363673,0.6065053843033168,0.8101579745265006,-1.2937399188895102,0.3386303402674503,4/2/2004 0:00,Shipped,-0.5962425798983697,-0.8458607810822437,0.2643280247651782,Motorcycles,-0.04269579318805743,S32_1374,"Royal Canadian Collectables, Ltd.",(604) 555-4555,23 Tsawassen Blvd.,Tsawassen,T2F 8M4,Canada,EMEA,Lincoln,Elizabeth,Medium
-0.09476696137665042,-0.42021847027107895,0.8101579745265006,-1.0570587063287502,-0.14749027510588156,5/11/2004 0:00,Shipped,-0.5962425798983697,-0.5723367278181918,0.2643280247651782,Motorcycles,-0.04269579318805743,S32_1374,The Sharp Gifts Warehouse,4085553659,3086 Ingle Ln.,San Jose,94217,USA,EMEA,Frick,Sue,Medium
0.046431232588737756,-0.42021847027107895,-0.18584102396227278,0.3630285690358098,-0.5846626970165042,6/28/2004 0:00,Shipped,-0.5962425798983697,-0.29881267455413973,0.2643280247651782,Motorcycles,-0.04269579318805743,S32_1374,Gift Depot Inc.,2035552570,25593 South Bay Ln.,Bridgewater,97562,USA,EMEA,King,Julie,Small
0.17676802701832683,-1.2415975539305957,-0.08668731580012512,0.1263473564750498,-0.9068280422301306,7/23/2004 0:00,Shipped,0.23455347294126402,-0.025288621290087743,0.2643280247651782,Motorcycles,-0.04269579318805743,S32_1374,La Rochelle Gifts,40.67.8555,"67, rue des Cinquante Otages",Nantes,44000,France,EMEA,Labrune,Janine,Small
0.2853820223763177,0.1958158424735585,0.7551276664965088,1.3097534192788498,0.05703975670829094,8/27/2004 0:00,Shipped,0.23455347294126402,0.24823543197396428,0.2643280247651782,Motorcycles,-0.04269579318805743,S32_1374,Marta's Replicas Co.,6175558555,39323 Spinnaker Dr.,Cambridge,51247,USA,EMEA,Hernandez,Marta,Medium
0.41571881680590683,-0.9335803975582768,0.8101579745265006,-1.0570587063287502,-0.378492732383856,9/16/2004 0:00,Shipped,0.23455347294126402,0.5217594852380163,0.2643280247651782,Motorcycles,-0.04269579318805743,S32_1374,"Clover Collections, Co.",+353 1862 1555,25 Maiden Lane,Dublin,2,Ireland,EMEA,Cassidy,Dean,Small
0.5351942116996968,-1.138925168473156,-0.18584102396227278,-0.3470150686464702,-0.8884140945895662,10/15/2004 0:00,Shipped,1.0653495257808978,0.7952835385020682,0.2643280247651782,Motorcycles,-0.04269579318805743,S32_1374,Mini Classics,9145554562,3758 North Pendale Street,White Plains,24067,USA,EMEA,Frick,Steve,Small
0.6438082070576877,1.2225396970479543,0.8101579745265006,0.1263473564750498,0.951090945556846,11/2/2004 0:00,Shipped,1.0653495257808978,1.0688075917661204,0.2643280247651782,Motorcycles,-0.04269579318805743,S32_1374,Diecast Classics Inc.,2155551555,7586 Pompton St.,Allentown,70267,USA,EMEA,Yu,Kyung,Medium
0.7632836019514777,1.017194926133075,-0.9790706892594541,1.0730722067180898,-0.368137262566529,11/15/2004 0:00,Shipped,1.0653495257808978,1.0688075917661204,0.2643280247651782,Motorcycles,-0.04269579318805743,S32_1374,Land of Toys Inc.,2125557818,897 Long Airport Avenue,NYC,10022,USA,EMEA,Yu,Kwai,Small
0.8827589968452677,2.043918780707471,0.8101579745265006,-1.0570587063287502,1.5904964072875518,11/24/2004 0:00,Shipped,1.0653495257808978,1.0688075917661204,0.2643280247651782,Motorcycles,-0.04269579318805743,S32_1374,Enaco Distributors,(93) 203 4555,"Rambla de CataluÂ¤a, 23",Barcelona,8022,Spain,EMEA,Saavedra,Eduardo,Medium
1.0239571908106557,1.1198673115905147,-0.1233741878201195,-0.3470150686464702,0.09770683246181133,12/4/2004 0:00,Shipped,1.0653495257808978,1.3423316450301723,0.2643280247651782,Motorcycles,-0.04269579318805743,S32_1374,Gift Ideas Corp.,2035554407,2440 Pompton St.,Glendale,97561,USA,EMEA,Lewis,Dan,Medium
1.1325711861686467,1.530556853420273,0.8101579745265006,-1.0570587063287502,1.6413506153836548,1/6/2005 0:00,Shipped,-1.4270386327380036,-1.6664329408743999,1.6938261357079059,Motorcycles,-0.04269579318805743,S32_1374,Suominen Souveniers,+358 9 8045 555,"Software Engineering Center, SEC Oy",Espoo,FIN-02271,Finland,EMEA,Suominen,Kalle,Medium
1.2629079805982357,0.1958158424735585,0.8101579745265006,-0.8203774937679902,1.5201313428444867,2/3/2005 0:00,Shipped,-1.4270386327380036,-1.3929088876103477,1.6938261357079059,Motorcycles,-0.04269579318805743,S32_1374,La Rochelle Gifts,40.67.8555,"67, rue des Cinquante Otages",Nantes,44000,France,EMEA,Labrune,Janine,Medium
1.393244775027825,0.9145225406756355,0.5573160187130244,-1.2937399188895102,0.33760402469562323,3/2/2005 0:00,Shipped,-1.4270386327380036,-1.1193848343462958,1.6938261357079059,Motorcycles,-0.04269579318805743,S32_1374,"Dragon Souveniers, Ltd.",+65 221 7555,"Bronz Sok., Bronz Apt. 3/6 Tesvikiye",Singapore,79903,Singapore,Japan,Natividad,Eric,Medium
1.5453043685290122,1.4278844679628335,0.8101579745265006,-1.2937399188895102,0.7812601545044565,4/3/2005 0:00,On Hold,-0.5962425798983697,-0.8458607810822437,1.6938261357079059,Motorcycles,-0.04269579318805743,S32_1374,Tekni Collectables Inc.,2015559350,7476 Moss Rd.,Newark,94019,USA,EMEA,Brown,William,Medium
1.7082253615659986,1.017194926133075,0.8101579745265006,-1.0570587063287502,0.6574452267095557,5/10/2005 0:00,Shipped,-0.5962425798983697,-0.5723367278181918,1.6938261357079059,Motorcycles,-0.04269579318805743,S32_1374,L'ordine Souveniers,0522-556555,Strada Provinciale 124,Reggio Emilia,42100,Italy,EMEA,Moroni,Maurizio,Medium
-1.6370856954601212,-0.8309080121008373,-1.9934131237582242,1.5464346318396098,-1.2927987206129201,3/3/2003 0:00,Shipped,-1.4270386327380036,-1.1193848343462958,-1.1651700861775494,Motorcycles,-1.5110590444833907,S32_2206,Cruz & Sons Co.,+63 2 555 3587,15 McCallum Street - NatWest Center #13-03,Makati City,1227 MM,Philippines,Japan,Cruz,Arnold,Small
-1.485026101958934,-0.42021847027107895,-1.9334251303201253,2.4931594820826497,-1.1780522954897212,5/8/2003 0:00,Shipped,-0.5962425798983697,-0.5723367278181918,-1.1651700861775494,Motorcycles,-1.5110590444833907,S32_2206,Marseille Mini Autos,91.24.4555,"12, rue des Bouchers",Marseille,13008,France,EMEA,Lebihan,Laurence,Small
-1.3438279079935458,-0.21487369935619982,-2.1530505938992825,1.7831158444003699,-1.208934076743596,7/2/2003 0:00,Shipped,0.23455347294126402,-0.025288621290087743,-1.1651700861775494,Motorcycles,-1.5110590444833907,S32_2206,Mini Gifts Distributors Ltd.,4155551450,5677 Strong St.,San Rafael,97562,USA,EMEA,Nelson,Valarie,Small
-1.2352139126355548,-0.42021847027107895,-2.3726760574784396,-1.2937399188895102,-1.3271992981130603,8/25/2003 0:00,Shipped,0.23455347294126402,0.24823543197396428,-1.1651700861775494,Motorcycles,-1.5110590444833907,S32_2206,Toys4GrownUps.com,6265557265,78934 Hillside Dr.,Pasadena,90003,USA,EMEA,Young,Julie,Small
-1.0831543191343675,-0.009528928441320661,-2.392506799110869,0.5997097815965698,-1.2570405828325848,10/10/2003 0:00,Shipped,1.0653495257808978,0.7952835385020682,-1.1651700861775494,Motorcycles,-1.5110590444833907,S32_2206,Corporate Gift Ideas Co.,6505551386,7734 Strong St.,San Francisco,28034,USA,EMEA,Brown,Julie,Small
-0.9745403237763767,-0.9335803975582768,-2.172881335531712,0.5997097815965698,-1.3675025477114884,11/4/2003 0:00,Shipped,1.0653495257808978,1.0688075917661204,-1.1651700861775494,Motorcycles,-1.5110590444833907,S32_2206,"Anna's Decorations, Ltd",02 9936 8555,201 Miller Street,North Sydney,2060,Australia,APAC,O'Hara,Anna,Small
-0.8550649288825867,-0.11220131389876024,-1.8937636470552661,-0.5836962812072303,-1.0905276691049917,11/11/2003 0:00,Shipped,1.0653495257808978,1.0688075917661204,-1.1651700861775494,Motorcycles,-1.5110590444833907,S32_2206,Daedalus Designs Imports,20.16.1555,"184, chausse de Tournai",Lille,59000,France,EMEA,Rance,Martine,Small
-0.7464509335245958,1.1198673115905147,-2.511987017446257,-1.2937399188895102,-1.105786646654383,11/19/2003 0:00,Shipped,1.0653495257808978,1.0688075917661204,-1.1651700861775494,Motorcycles,-1.5110590444833907,S32_2206,Euro Shopping Channel,(91) 555 94 44,"C/ Moralzarzal, 86",Madrid,28034,Spain,EMEA,Freyre,Diego,Small
-0.5183615432728149,0.6065053843033168,-2.053401117196324,0.5997097815965698,-0.9894165794360712,1/15/2004 0:00,Shipped,-1.4270386327380036,-1.6664329408743999,0.2643280247651782,Motorcycles,-1.5110590444833907,S32_2206,Auto Canal Petit,(1) 47.55.6555,"25, rue Lauriston",Paris,75016,France,EMEA,Perrier,Dominique,Small
-0.37716334930742673,0.8118501552181959,-2.192712077164141,-1.0570587063287502,-1.0091555059101058,2/21/2004 0:00,Shipped,-1.4270386327380036,-1.3929088876103477,0.2643280247651782,Motorcycles,-1.5110590444833907,S32_2206,Daedalus Designs Imports,20.16.1555,"184, chausse de Tournai",Lille,59000,France,EMEA,Rance,Martine,Small
-0.23596515534203857,-0.9335803975582768,-2.1530505938992825,-1.0570587063287502,-1.3618550969458774,4/5/2004 0:00,Shipped,-0.5962425798983697,-0.8458607810822437,0.2643280247651782,Motorcycles,-1.5110590444833907,S32_2206,Vitachrome Inc.,2125551500,2678 Kingston Rd.,NYC,10022,USA,EMEA,Frick,Michael,Small
-0.07304416230505223,0.09314345701611891,-1.7539569185466377,-0.1103338560857102,-0.9860281089767046,5/26/2004 0:00,Shipped,-0.5962425798983697,-0.5723367278181918,0.2643280247651782,Motorcycles,-1.5110590444833907,S32_2206,Auto Canal Petit,(1) 47.55.6555,"25, rue Lauriston",Paris,75016,France,EMEA,Perrier,Dominique,Small
0.05729263212453684,-1.5496147103029143,-2.531817759078686,-0.5836962812072303,-1.5759043414447769,6/30/2004 0:00,Shipped,-0.5962425798983697,-0.29881267455413973,0.2643280247651782,Motorcycles,-1.5110590444833907,S32_2206,Gifts4AllAges.com,6175559555,8616 Spinnaker Dr.,Boston,51003,USA,EMEA,Yoshido,Juri,Small
0.18762942655412593,-0.8309080121008373,-2.3325188056727697,0.8363909941573299,-1.393084413631482,8/2/2004 0:00,Shipped,0.23455347294126402,0.24823543197396428,0.2643280247651782,Motorcycles,-1.5110590444833907,S32_2206,Online Mini Collectables,6175557555,7635 Spinnaker Dr.,Brickhaven,58339,USA,EMEA,Barajas,Miguel,Small
0.2853820223763177,0.1958158424735585,-2.113389110634423,-1.2937399188895102,-1.1054771229104987,8/27/2004 0:00,Shipped,0.23455347294126402,0.24823543197396428,0.2643280247651782,Motorcycles,-1.5110590444833907,S32_2206,Marta's Replicas Co.,6175558555,39323 Spinnaker Dr.,Cambridge,51247,USA,EMEA,Hernandez,Marta,Small
0.43744161587750496,-1.138925168473156,-2.053401117196324,-0.5836962812072303,-1.3793513338370298,9/30/2004 0:00,Shipped,0.23455347294126402,0.5217594852380163,0.2643280247651782,Motorcycles,-1.5110590444833907,S32_2206,"Toys of Finland, Co.",90-224 8555,Keskuskatu 45,Helsinki,21240,Finland,EMEA,Karttunen,Matti,Small
0.556917010771295,0.09314345701611891,-2.013243865390654,2.4931594820826497,-1.0882686887987474,10/16/2004 0:00,Shipped,1.0653495257808978,0.7952835385020682,0.2643280247651782,Motorcycles,-1.5110590444833907,S32_2206,"Toms Spezialitten, Ltd",0221-5554327,Mehrheimerstr. 369,Koln,50739,Germany,EMEA,Pfalzheim,Henriette,Small
0.6546696065934868,-0.6255632411859581,-2.252700070602241,-0.3470150686464702,-1.327970392352211,11/3/2004 0:00,Shipped,1.0653495257808978,1.0688075917661204,0.2643280247651782,Motorcycles,-1.5110590444833907,S32_2206,Microscale Inc.,2125551957,5290 North Pendale Street,NYC,10022,USA,EMEA,Kuo,Kee,Small
0.7850064010230758,-0.7282356266433977,0.8101579745265006,-0.8203774937679902,0.2979415435494473,11/17/2004 0:00,Shipped,1.0653495257808978,1.0688075917661204,0.2643280247651782,Motorcycles,-1.5110590444833907,S32_2206,Motor Mint Distributors Inc.,2155559857,11328 Douglas Av.,Philadelphia,71270,USA,EMEA,Hernandez,Rosa,Medium
0.915343195452665,-0.6255632411859581,0.8101579745265006,-0.3470150686464702,0.08648795430628002,11/24/2004 0:00,Shipped,1.0653495257808978,1.0688075917661204,0.2643280247651782,Motorcycles,-1.5110590444833907,S32_2206,Reims Collectables,26.47.1555,59 rue de l'Abbaye,Reims,51100,France,EMEA,Henriot,Paul,Medium
1.045679989882254,0.29848822793099805,-2.172881335531712,0.8363909941573299,-1.1079587431026952,12/7/2004 0:00,Shipped,1.0653495257808978,1.3423316450301723,0.2643280247651782,Motorcycles,-1.5110590444833907,S32_2206,Euro Shopping Channel,(91) 555 94 44,"C/ Moralzarzal, 86",Madrid,28034,Spain,EMEA,Freyre,Diego,Small
1.1434325857044458,1.325212082505394,-1.7539569185466377,-1.2937399188895102,-0.6714216594032038,1/6/2005 0:00,Shipped,-1.4270386327380036,-1.6664329408743999,1.6938261357079059,Motorcycles,-1.5110590444833907,S32_2206,Marseille Mini Autos,91.24.4555,"12, rue des Bouchers",Marseille,13008,France,EMEA,Lebihan,Laurence,Small
1.295492179205633,0.5038329988458772,-0.05942004605553465,-1.2937399188895102,-0.1387367264191845,2/10/2005 0:00,Shipped,-1.4270386327380036,-1.3929088876103477,1.6938261357079059,Motorcycles,-1.5110590444833907,S32_2206,Euro Shopping Channel,(91) 555 94 44,"C/ Moralzarzal, 86",Madrid,28034,Spain,EMEA,Freyre,Diego,Medium
1.425828973635222,0.6065053843033168,-1.9383828157282323,1.0730722067180898,-0.9377641258952133,3/4/2005 0:00,Shipped,-1.4270386327380036,-1.1193848343462958,1.6938261357079059,Motorcycles,-1.5110590444833907,S32_2206,Mini Gifts Distributors Ltd.,4155551450,5677 Strong St.,San Rafael,97562,USA,EMEA,Nelson,Valarie,Small
1.5670271676006102,-0.5228908557285186,-2.1530505938992825,-1.0570587063287502,-1.274471656830288,4/8/2005 0:00,Shipped,-0.5962425798983697,-0.8458607810822437,1.6938261357079059,Motorcycles,-1.5110590444833907,S32_2206,"UK Collectables, Ltd.",(171) 555-2282,Berkeley Gardens 12  Brewery,Liverpool,WX1 6LT,UK,EMEA,Devon,Elizabeth,Small
-1.6805312936033174,-0.009528928441320661,-1.7866776422401467,1.0730722067180898,-1.024789170096831,1/31/2003 0:00,Shipped,-1.4270386327380036,-1.6664329408743999,-1.1651700861775494,Trucks and Buses,-1.1626338662099218,S32_2509,Euro Shopping Channel,(91) 555 94 44,"C/ Moralzarzal, 86",Madrid,28034,Spain,EMEA,Freyre,Diego,Small
-1.5719172982453267,-0.7282356266433977,-1.384609355642638,-1.0570587063287502,-1.0824909122462376,4/1/2003 0:00,Shipped,-0.5962425798983697,-0.8458607810822437,-1.1651700861775494,Trucks and Buses,-1.1626338662099218,S32_2509,"La Corne D'abondance, Co.",(1) 42.34.2555,"265, boulevard Charonne",Paris,75012,France,EMEA,Bertrand,Marie,Small
-1.4307191042799385,1.017194926133075,-1.5720098640690967,1.5464346318396098,-0.6603928396868999,6/3/2003 0:00,Shipped,-0.5962425798983697,-0.29881267455413973,-1.1651700861775494,Trucks and Buses,-1.1626338662099218,S32_2509,Muscle Machine Inc,2125557413,4092 Furth Circle,NYC,10022,USA,EMEA,Young,Jeff,Small
-1.2786595107787513,-1.138925168473156,-1.8674879143922969,0.1263473564750498,-1.3304791637500113,8/1/2003 0:00,Shipped,0.23455347294126402,0.24823543197396428,-1.1651700861775494,Trucks and Buses,-1.1626338662099218,S32_2509,Suominen Souveniers,+358 9 8045 555,"Software Engineering Center, SEC Oy",Espoo,FIN-02271,Finland,EMEA,Suominen,Kalle,Small
-1.1700455154207603,0.6065053843033168,-0.9820453005043183,-0.3470150686464702,-0.5082917858938566,9/21/2003 0:00,Shipped,0.23455347294126402,0.5217594852380163,-1.1651700861775494,Trucks and Buses,-1.1626338662099218,S32_2509,"Oulu Toy Supplies, Inc.",981-443655,Torikatu 38,Oulu,90110,Finland,EMEA,Koskitalo,Pirkko,Small
-1.017985921919573,1.325212082505394,-1.8674879143922969,1.7831158444003699,-0.7311108698028157,10/22/2003 0:00,Shipped,1.0653495257808978,0.7952835385020682,-1.1651700861775494,Trucks and Buses,-1.1626338662099218,S32_2509,"Dragon Souveniers, Ltd.",+65 221 7555,"Bronz Sok., Bronz Apt. 3/6 Tesvikiye",Singapore,79903,Singapore,Japan,Natividad,Eric,Small
-0.9093719265615822,1.530556853420273,-1.008816801708098,-0.8203774937679902,-0.21090463091434863,11/6/2003 0:00,Shipped,1.0653495257808978,1.0688075917661204,-1.1651700861775494,Trucks and Buses,-1.1626338662099218,S32_2509,"Stylish Desk Decors, Co.",(171) 555-0297,35 King George,London,WX3 6FW,UK,EMEA,Brown,Ann,Medium
-0.8116193307393903,-0.21487369935619982,-1.035588302911878,0.3630285690358098,-0.8050218816977502,11/14/2003 0:00,Shipped,1.0653495257808978,1.0688075917661204,-1.1651700861775494,Trucks and Buses,-1.1626338662099218,S32_2509,"Iberia Gift Imports, Corp.",(95) 555 82 82,"C/ Romero, 33",Sevilla,41101,Spain,EMEA,Roel,Jose Pedro,Small
-0.6921439358456003,-0.3175460848136394,-2.0013454204111962,0.3630285690358098,-1.1776070157178173,11/25/2003 0:00,Shipped,1.0653495257808978,1.0688075917661204,-1.1651700861775494,Trucks and Buses,-1.1626338662099218,S32_2509,Mini Classics,9145554562,3758 North Pendale Street,White Plains,24067,USA,EMEA,Frick,Steve,Small
-0.5618071414160113,-0.8309080121008373,-1.169941577471588,0.5997097815965698,-1.0492686970693066,12/9/2003 0:00,Shipped,1.0653495257808978,1.3423316450301723,-1.1651700861775494,Trucks and Buses,-1.1626338662099218,S32_2509,Diecast Collectables,6175552555,6251 Ingle Ln.,Boston,51003,USA,EMEA,Franco,Valarie,Small
-0.43147034698642217,-0.009528928441320661,-1.411380856846418,-0.5836962812072303,-0.8809149316017691,2/10/2004 0:00,Shipped,-1.4270386327380036,-1.3929088876103477,0.2643280247651782,Trucks and Buses,-1.1626338662099218,S32_2509,Signal Collectibles Ltd.,4155554312,2793 Furth Circle,Brisbane,94217,USA,EMEA,Taylor,Sue,Small
-0.3228563516284313,-1.2415975539305957,-1.4649238592539775,-0.8203774937679902,-1.2540376594927938,3/11/2004 0:00,Shipped,-1.4270386327380036,-1.1193848343462958,0.2643280247651782,Trucks and Buses,-1.1626338662099218,S32_2509,Mini Gifts Distributors Ltd.,4155551450,5677 Strong St.,San Rafael,97562,USA,EMEA,Nelson,Valarie,Small
-0.13821255951984676,-0.009528928441320661,-1.7331346398325866,0.1263473564750498,-1.0042628586602833,5/5/2004 0:00,Shipped,-0.5962425798983697,-0.5723367278181918,0.2643280247651782,Trucks and Buses,-1.1626338662099218,S32_2509,Euro Shopping Channel,(91) 555 94 44,"C/ Moralzarzal, 86",Madrid,28034,Spain,EMEA,Freyre,Diego,Small
0.0029856344455413955,0.5038329988458772,-1.9745739192074165,-0.1103338560857102,-0.9778175844020854,6/15/2004 0:00,Shipped,-0.5962425798983697,-0.29881267455413973,0.2643280247651782,Trucks and Buses,-1.1626338662099218,S32_2509,Handji Gifts& Co,+65 224 1555,Village Close - 106 Linden Road Sandown,Singapore,69045,Singapore,APAC,Victorino,Wendy,Small
0.13332242887513046,-0.009528928441320661,-1.7866776422401467,0.1263473564750498,-1.024789170096831,7/20/2004 0:00,Shipped,0.23455347294126402,-0.025288621290087743,0.2643280247651782,Trucks and Buses,-1.1626338662099218,S32_2509,Mini Gifts Distributors Ltd.,4155551450,5677 Strong St.,San Rafael,97562,USA,EMEA,Nelson,Valarie,Small
0.24193642423312137,-0.42021847027107895,-1.411380856846418,-0.8203774937679902,-1.000792934584105,8/19/2004 0:00,Shipped,0.23455347294126402,0.24823543197396428,0.2643280247651782,Trucks and Buses,-1.1626338662099218,S32_2509,Diecast Classics Inc.,2155551555,7586 Pompton St.,Allentown,70267,USA,EMEA,Yu,Kyung,Small
0.36141181912691134,1.530556853420273,-1.840716413188517,0.8363909941573299,-0.6665018609477772,9/8/2004 0:00,Shipped,0.23455347294126402,0.5217594852380163,0.2643280247651782,Trucks and Buses,-1.1626338662099218,S32_2509,Land of Toys Inc.,2125557818,897 Long Airport Avenue,NYC,10022,USA,EMEA,Yu,Kwai,Small
0.5026100130922995,0.5038329988458772,-1.2770275822867077,0.1263473564750498,-0.6722036141245961,10/13/2004 0:00,Shipped,1.0653495257808978,0.7952835385020682,0.2643280247651782,Trucks and Buses,-1.1626338662099218,S32_2509,Marta's Replicas Co.,6175558555,39323 Spinnaker Dr.,Cambridge,51247,USA,EMEA,Hernandez,Marta,Small
0.5895012093786922,0.29848822793099805,-1.8942594155960766,-1.2937399188895102,-0.9919905137273208,10/22/2004 0:00,Shipped,1.0653495257808978,0.7952835385020682,0.2643280247651782,Trucks and Buses,-1.1626338662099218,S32_2509,Canadian Gift Exchange Network,(604) 555-3392,1900 Oak St.,Vancouver,V3F 2K1,Canada,EMEA,Tannamuri,Yoshi,Small
0.7198380038082813,0.29848822793099805,0.8101579745265006,-0.8203774937679902,2.8727229524139335,11/5/2004 0:00,Shipped,1.0653495257808978,1.0688075917661204,0.2643280247651782,Trucks and Buses,-1.1626338662099218,S32_2509,Baane Mini Imports,07-98 9555,Erling Skakkes gate 78,Stavern,4110,Norway,EMEA,Bergulfsen,Jonas,Large
0.8284519991662722,0.5038329988458772,-1.1431700762678083,-0.8203774937679902,-0.6135570100201737,11/19/2004 0:00,Shipped,1.0653495257808978,1.0688075917661204,0.2643280247651782,Trucks and Buses,-1.1626338662099218,S32_2509,Mini Gifts Distributors Ltd.,4155551450,5677 Strong St.,San Rafael,97562,USA,EMEA,Nelson,Valarie,Small
0.9805115926674595,-0.21487369935619982,-1.840716413188517,-1.2937399188895102,-1.0960393638425834,12/1/2004 0:00,Shipped,1.0653495257808978,1.3423316450301723,0.2643280247651782,Trucks and Buses,-1.1626338662099218,S32_2509,Muscle Machine Inc,2125557413,4092 Furth Circle,NYC,10022,USA,EMEA,Young,Jeff,Small
1.0891255880254505,0.09314345701611891,0.8101579745265006,-0.8203774937679902,1.5230691032908286,12/15/2004 0:00,Shipped,1.0653495257808978,1.3423316450301723,0.2643280247651782,Trucks and Buses,-1.1626338662099218,S32_2509,Reims Collectables,26.47.1555,59 rue de l'Abbaye,Reims,51100,France,EMEA,Henriot,Paul,Medium
1.2194623824550395,-1.5496147103029143,-0.8521539428119049,-1.0570587063287502,-1.2079512031007351,1/23/2005 0:00,Shipped,-1.4270386327380036,-1.6664329408743999,1.6938261357079059,Trucks and Buses,-1.1626338662099218,S32_2509,Mini Gifts Distributors Ltd.,4155551450,5677 Strong St.,San Rafael,97562,USA,EMEA,Nelson,Valarie,Small
1.3497991768846285,-0.3175460848136394,-1.5110303335493762,-0.3470150686464702,-1.005750744727377,2/22/2005 0:00,Shipped,-1.4270386327380036,-1.3929088876103477,1.6938261357079059,Trucks and Buses,-1.1626338662099218,S32_2509,Euro Shopping Channel,(91) 555 94 44,"C/ Moralzarzal, 86",Madrid,28034,Spain,EMEA,Freyre,Diego,Small
1.4692745717784186,0.09314345701611891,-1.035588302911878,-0.8203774937679902,-0.7027650111523451,3/15/2005 0:00,Shipped,-1.4270386327380036,-1.1193848343462958,1.6938261357079059,Trucks and Buses,-1.1626338662099218,S32_2509,Euro Shopping Channel,(91) 555 94 44,"C/ Moralzarzal, 86",Madrid,28034,Spain,EMEA,Freyre,Diego,Small
1.664779763422802,-1.652287095760354,-1.7331346398325866,0.1263473564750498,-1.4273872467914483,5/3/2005 0:00,Shipped,-0.5962425798983697,-0.5723367278181918,1.6938261357079059,Trucks and Buses,-1.1626338662099218,S32_2509,Euro Shopping Channel,(91) 555 94 44,"C/ Moralzarzal, 86",Madrid,28034,Spain,EMEA,Freyre,Diego,Small
1.8059779573881902,-2.4736661794198707,-1.9745739192074165,-0.1103338560857102,-1.6680392425410484,5/31/2005 0:00,In Process,-0.5962425798983697,-0.5723367278181918,1.6938261357079059,Trucks and Buses,-1.1626338662099218,S32_2509,La Rochelle Gifts,40.67.8555,"67, rue des Cinquante Otages",Nantes,44000,France,EMEA,Labrune,Janine,Small
-1.6805312936033174,1.4278844679628335,-0.8819000552605489,-0.5836962812072303,-0.1771665428309434,1/31/2003 0:00,Shipped,-1.4270386327380036,-1.6664329408743999,-1.1651700861775494,Trains,-0.9635337643393681,S32_3207,Euro Shopping Channel,(91) 555 94 44,"C/ Moralzarzal, 86",Madrid,28034,Spain,EMEA,Freyre,Diego,Medium
-1.5501944991737284,-0.8309080121008373,-1.0053464219224229,-1.2937399188895102,-1.000592015662636,4/11/2003 0:00,Shipped,-0.5962425798983697,-0.8458607810822437,-1.1651700861775494,Trains,-0.9635337643393681,S32_3207,Royale Belge,(071) 23 67 2555,"Boulevard Tirou, 255",Charleroi,B-6000,Belgium,EMEA,Cartrain,Pascale,Small
-1.4307191042799385,-0.6255632411859581,-0.6355030904776121,-0.1103338560857102,-0.8142804428086797,6/3/2003 0:00,Shipped,-0.5962425798983697,-0.29881267455413973,-1.1651700861775494,Trains,-0.9635337643393681,S32_3207,Muscle Machine Inc,2125557413,4092 Furth Circle,NYC,10022,USA,EMEA,Young,Jeff,Small
-1.2677981112429522,0.7091777697607564,-0.4505814247552072,2.2564782695218897,-0.22912852011568574,8/8/2003 0:00,Shipped,0.23455347294126402,0.24823543197396428,-1.1651700861775494,Trains,-0.9635337643393681,S32_3207,Mini Gifts Distributors Ltd.,4155551450,5677 Strong St.,San Rafael,97562,USA,EMEA,Nelson,Valarie,Medium
-1.1591841158849612,-0.21487369935619982,-1.6215867181501706,-1.0570587063287502,-1.0168338668548886,9/25/2003 0:00,Shipped,0.23455347294126402,0.5217594852380163,-1.1651700861775494,Trains,-0.9635337643393681,S32_3207,"Australian Gift Network, Co",61-7-3844-6555,31 Duncan St. West End,South Brisbane,4101,Australia,APAC,Calaghan,Tony,Small
-1.017985921919573,0.9145225406756355,-1.498140351488297,0.1263473564750498,-0.6530022815215184,10/22/2003 0:00,Shipped,1.0653495257808978,0.7952835385020682,-1.1651700861775494,Trains,-0.9635337643393681,S32_3207,"Dragon Souveniers, Ltd.",+65 221 7555,"Bronz Sok., Bronz Apt. 3/6 Tesvikiye",Singapore,79903,Singapore,Japan,Natividad,Eric,Small
-0.898510527025783,-1.344269939388035,-0.9746087723921573,-0.1103338560857102,-1.1652695078914055,11/6/2003 0:00,Shipped,1.0653495257808978,1.0688075917661204,-1.1651700861775494,Trains,-0.9635337643393681,S32_3207,L'ordine Souveniers,0522-556555,Strada Provinciale 124,Reggio Emilia,42100,Italy,EMEA,Moroni,Maurizio,Small
-0.8116193307393903,1.325212082505394,-1.6215867181501706,-1.2937399188895102,-0.6018276891992893,11/14/2003 0:00,Shipped,1.0653495257808978,1.0688075917661204,-1.1651700861775494,Trains,-0.9635337643393681,S32_3207,"Iberia Gift Imports, Corp.",(95) 555 82 82,"C/ Romero, 33",Sevilla,41101,Spain,EMEA,Roel,Jose Pedro,Small
-0.6921439358456003,-0.21487369935619982,-1.4366650524277653,-1.2937399188895102,-0.9499930288992096,11/25/2003 0:00,Shipped,1.0653495257808978,1.0688075917661204,-1.1651700861775494,Trains,-0.9635337643393681,S32_3207,Mini Classics,9145554562,3758 North Pendale Street,White Plains,24067,USA,EMEA,Frick,Steve,Small
-0.5618071414160113,1.017194926133075,-1.3439563352961574,-1.0570587063287502,-0.5479868484867572,12/9/2003 0:00,Shipped,1.0653495257808978,1.3423316450301723,-1.1651700861775494,Trains,-0.9635337643393681,S32_3207,Diecast Collectables,6175552555,6251 Ingle Ln.,Boston,51003,USA,EMEA,Franco,Valarie,Small
-0.4206089474506231,-1.5496147103029143,-1.5288780010185627,-0.1103338560857102,-1.3561967856980246,2/12/2004 0:00,Shipped,-1.4270386327380036,-1.3929088876103477,0.2643280247651782,Trains,-0.9635337643393681,S32_3207,"Clover Collections, Co.",+353 1862 1555,25 Maiden Lane,Dublin,2,Ireland,EMEA,Cassidy,Dean,Small
-0.3119949520926322,1.1198673115905147,-1.128297020043486,-0.5836962812072303,-0.40861971012194254,3/15/2004 0:00,Shipped,-1.4270386327380036,-1.1193848343462958,0.2643280247651782,Trains,-0.9635337643393681,S32_3207,"Blauer See Auto, Co.",+49 69 66 90 2555,Lyonerstr. 34,Frankfurt,60528,Germany,EMEA,Keitel,Roland,Small
-0.12735115998404767,0.5038329988458772,-1.6830620172107023,-0.1103338560857102,-0.8500983132413436,5/5/2004 0:00,Shipped,-0.5962425798983697,-0.5723367278181918,0.2643280247651782,Trains,-0.9635337643393681,S32_3207,Suominen Souveniers,+358 9 8045 555,"Software Engineering Center, SEC Oy",Espoo,FIN-02271,Finland,EMEA,Suominen,Kalle,Small
0.14418382841092955,1.017194926133075,-0.943375354321081,-0.1103338560857102,-0.35054328133520224,7/20/2004 0:00,Shipped,0.23455347294126402,-0.025288621290087743,0.2643280247651782,Trains,-0.9635337643393681,S32_3207,Diecast Classics Inc.,2155551555,7586 Pompton St.,Allentown,70267,USA,EMEA,Yu,Kyung,Small
0.25279782376892046,0.09314345701611891,-1.1902680876448284,0.5997097815965698,-0.7637574794209441,8/20/2004 0:00,Shipped,0.23455347294126402,0.24823543197396428,0.2643280247651782,Trains,-0.9635337643393681,S32_3207,Mini Gifts Distributors Ltd.,4155551450,5677 Strong St.,San Rafael,97562,USA,EMEA,Nelson,Valarie,Small
0.36141181912691134,-0.42021847027107895,-0.7896871066697516,-0.8203774937679902,-0.7896977412549093,9/8/2004 0:00,Shipped,0.23455347294126402,0.5217594852380163,0.2643280247651782,Trains,-0.9635337643393681,S32_3207,Land of Toys Inc.,2125557818,897 Long Airport Avenue,NYC,10022,USA,EMEA,Yu,Kwai,Small
0.5134714126280986,1.1198673115905147,-1.6523243676804367,2.4931594820826497,-0.6726488938965001,10/14/2004 0:00,Shipped,1.0653495257808978,0.7952835385020682,0.2643280247651782,Trains,-0.9635337643393681,S32_3207,"AV Stores, Co.",(171) 555-1555,Fauntleroy Circus,Manchester,EC2 5NT,UK,EMEA,Ashworth,Victoria,Small
0.6003626089144913,-0.009528928441320661,-0.8511624057302837,0.5997097815965698,-0.6661488952749265,10/22/2004 0:00,Shipped,1.0653495257808978,0.7952835385020682,0.2643280247651782,Trains,-0.9635337643393681,S32_3207,Heintze Collectables,86 21 3555,Smagsloget 45,Aaarhus,8200,Denmark,EMEA,Ibsen,Palle,Small
0.7198380038082813,-0.7282356266433977,0.8101579745265006,-1.0570587063287502,0.990210402590944,11/5/2004 0:00,Shipped,1.0653495257808978,1.0688075917661204,0.2643280247651782,Trains,-0.9635337643393681,S32_3207,Baane Mini Imports,07-98 9555,Erling Skakkes gate 78,Stavern,4110,Norway,EMEA,Bergulfsen,Jonas,Medium
0.8393133987020713,-0.42021847027107895,0.05212787562688147,0.5997097815965698,-0.5038607091393001,11/20/2004 0:00,Shipped,1.0653495257808978,1.0688075917661204,0.2643280247651782,Trains,-0.9635337643393681,S32_3207,"La Corne D'abondance, Co.",(1) 42.34.2555,"265, boulevard Charonne",Paris,75012,France,EMEA,Bertrand,Marie,Small
0.9913729922032586,-0.8309080121008373,0.8101579745265006,1.7831158444003699,0.46293398976322153,12/2/2004 0:00,Shipped,1.0653495257808978,1.3423316450301723,0.2643280247651782,Trains,-0.9635337643393681,S32_3207,Euro Shopping Channel,(91) 555 94 44,"C/ Moralzarzal, 86",Madrid,28034,Spain,EMEA,Freyre,Diego,Medium
1.0891255880254505,-1.344269939388035,0.8101579745265006,-1.2937399188895102,0.4058187136548595,12/15/2004 0:00,Shipped,1.0653495257808978,1.3423316450301723,0.2643280247651782,Trains,-0.9635337643393681,S32_3207,Reims Collectables,26.47.1555,59 rue de l'Abbaye,Reims,51100,France,EMEA,Henriot,Paul,Medium
1.2194623824550395,-0.5228908557285186,0.7878483901900173,1.0730722067180898,-0.3081059469763078,1/23/2005 0:00,Shipped,-1.4270386327380036,-1.6664329408743999,1.6938261357079059,Trains,-0.9635337643393681,S32_3207,Mini Gifts Distributors Ltd.,4155551450,5677 Strong St.,San Rafael,97562,USA,EMEA,Nelson,Valarie,Small
1.3497991768846285,0.9145225406756355,-2.359290306876549,0.3630285690358098,-1.0680247499004802,2/22/2005 0:00,Shipped,-1.4270386327380036,-1.3929088876103477,1.6938261357079059,Trains,-0.9635337643393681,S32_3207,Euro Shopping Channel,(91) 555 94 44,"C/ Moralzarzal, 86",Madrid,28034,Spain,EMEA,Freyre,Diego,Small
1.4692745717784186,-0.5228908557285186,-1.159034669573752,-0.5836962812072303,-0.9478426534153807,3/15/2005 0:00,Shipped,-1.4270386327380036,-1.1193848343462958,1.6938261357079059,Trains,-0.9635337643393681,S32_3207,Euro Shopping Channel,(91) 555 94 44,"C/ Moralzarzal, 86",Madrid,28034,Spain,EMEA,Freyre,Diego,Small
1.6756411629586012,-1.138925168473156,-1.6830620172107023,-0.1103338560857102,-1.281997971023689,5/5/2005 0:00,Shipped,-0.5962425798983697,-0.5723367278181918,1.6938261357079059,Trains,-0.9635337643393681,S32_3207,Gift Depot Inc.,2035552570,25593 South Bay Ln.,Bridgewater,97562,USA,EMEA,King,Julie,Small
-1.6913926931391166,1.017194926133075,-0.39802995942926883,0.1263473564750498,-0.08174634585660018,1/29/2003 0:00,Shipped,-1.4270386327380036,-1.6664329408743999,-1.1651700861775494,Trucks and Buses,-0.9137587388717296,S32_3522,Baane Mini Imports,07-98 9555,Erling Skakkes gate 78,Stavern,4110,Norway,EMEA,Bergulfsen,Jonas,Medium
-1.5827786977811258,-1.2415975539305957,-0.7505213919457038,-1.2937399188895102,-1.0740631780267873,3/26/2003 0:00,Shipped,-1.4270386327380036,-1.1193848343462958,-1.1651700861775494,Trucks and Buses,-0.9137587388717296,S32_3522,Mini Gifts Distributors Ltd.,4155551450,5677 Strong St.,San Rafael,97562,USA,EMEA,Nelson,Valarie,Small
-1.4415805038157374,-0.9335803975582768,-1.0390586826975532,0.1263473564750498,-1.0446095501876775,5/28/2003 0:00,Shipped,-0.5962425798983697,-0.5723367278181918,-1.1651700861775494,Trucks and Buses,-0.9137587388717296,S32_3522,"Corrida Auto Replicas, Ltd",(91) 555 22 82,"C/ Araquil, 67",Madrid,28023,Spain,EMEA,Sommer,MartÂ¡n,Small
-1.2895209103145502,-0.7282356266433977,-1.1352377796148365,0.1263473564750498,-1.0060113963011743,7/24/2003 0:00,Shipped,0.23455347294126402,-0.025288621290087743,-1.1651700861775494,Trucks and Buses,-0.9137587388717296,S32_3522,Technics Stores Inc.,6505556809,9408 Furth Circle,Burlingame,94217,USA,EMEA,Hirano,Juri,Small
-1.1809069149565594,1.4278844679628335,-1.263146063144007,-0.5836962812072303,-0.38178345850304857,9/19/2003 0:00,Shipped,0.23455347294126402,0.5217594852380163,-1.1651700861775494,Trucks and Buses,-0.9137587388717296,S32_3522,"Dragon Souveniers, Ltd.",+65 221 7555,"Bronz Sok., Bronz Apt. 3/6 Tesvikiye",Singapore,79903,Singapore,Japan,Natividad,Eric,Small
-1.0288473214553722,1.4278844679628335,-1.4237750703666863,-0.3470150686464702,-0.4679939665365494,10/21/2003 0:00,Resolved,1.0653495257808978,0.7952835385020682,-1.1651700861775494,Trucks and Buses,-0.9137587388717296,S32_3522,Mini Auto Werke,7675-3555,Kirchgasse 6,Graz,8010,Austria,EMEA,Mendel,Roland,Small
-0.9093719265615822,-0.6255632411859581,-0.4302549145819664,1.3097534192788498,-0.7490849679125969,11/6/2003 0:00,Shipped,1.0653495257808978,1.0688075917661204,-1.1651700861775494,Trucks and Buses,-0.9137587388717296,S32_3522,"Stylish Desk Decors, Co.",(171) 555-0297,35 King George,London,WX3 6FW,UK,EMEA,Brown,Ann,Small
-0.8224807302751894,1.4278844679628335,-0.94287958578027,-0.5836962812072303,-0.2098946060658835,11/13/2003 0:00,Shipped,1.0653495257808978,1.0688075917661204,-1.1651700861775494,Trucks and Buses,-0.9137587388717296,S32_3522,"Classic Gift Ideas, Inc",2155554695,782 First Street,Philadelphia,71270,USA,EMEA,Cervantes,Francisca,Medium
-0.7030053353813994,0.40116061338843767,-1.4237750703666863,0.1263473564750498,-0.7663314137121938,11/25/2003 0:00,Shipped,1.0653495257808978,1.0688075917661204,-1.1651700861775494,Trucks and Buses,-0.9137587388717296,S32_3522,"Saveley & Henriot, Co.",78.32.5555,"2, rue du Commerce",Lyon,69004,France,EMEA,Saveley,Mary,Small
-0.5726685409518104,0.09314345701611891,-1.2314168765321196,-1.0570587063287502,-0.7799830398898343,12/5/2003 0:00,Shipped,1.0653495257808978,1.3423316450301723,-1.1651700861775494,Trucks and Buses,-0.9137587388717296,S32_3522,Canadian Gift Exchange Network,(604) 555-3392,1900 Oak St.,Vancouver,V3F 2K1,Canada,EMEA,Tannamuri,Yoshi,Small
-0.45319314605802036,0.40116061338843767,-1.0712836378502513,0.1263473564750498,-0.6157562576740897,2/4/2004 0:00,Shipped,-1.4270386327380036,-1.3929088876103477,0.2643280247651782,Trucks and Buses,-0.9137587388717296,S32_3522,Handji Gifts& Co,+65 224 1555,Village Close - 106 Linden Road Sandown,Singapore,69045,Singapore,APAC,Victorino,Wendy,Small
-0.3228563516284313,-0.5228908557285186,-0.5264340114992495,1.3097534192788498,-0.7399730233119285,3/11/2004 0:00,Shipped,-1.4270386327380036,-1.1193848343462958,0.2643280247651782,Trucks and Buses,-0.9137587388717296,S32_3522,Mini Gifts Distributors Ltd.,4155551450,5677 Strong St.,San Rafael,97562,USA,EMEA,Nelson,Valarie,Small
-0.14907395905564585,0.9145225406756355,-0.7187922053338165,-0.3470150686464702,-0.2774033636794186,5/4/2004 0:00,Shipped,-0.5962425798983697,-0.5723367278181918,0.2643280247651782,Trucks and Buses,-0.9137587388717296,S32_3522,Super Scale Inc.,2035559545,567 North Pendale Street,New Haven,97823,USA,EMEA,Murphy,Leslie,Medium
-0.007875765090257694,-1.5496147103029143,-1.1030128244621387,-1.0570587063287502,-1.2629052432430272,6/15/2004 0:00,Shipped,-0.5962425798983697,-0.29881267455413973,0.2643280247651782,Trucks and Buses,-0.9137587388717296,S32_3522,"Tokyo Collectables, Ltd",+81 3 3584 0555,2-2-8 Roppongi,Minato-ku,106-0032,Japan,Japan,Shimamura,Akiko,Small
0.12246102933933138,-1.4469423248454747,-1.0068337275448551,-0.3470150686464702,-1.207435330194261,7/19/2004 0:00,Shipped,0.23455347294126402,-0.025288621290087743,0.2643280247651782,Trucks and Buses,-0.9137587388717296,S32_3522,Souveniers And Things Co.,+61 2 9495 8555,"Monitor Money Building, 815 Pacific Hwy",Chatswood,2067,Australia,APAC,Huxley,Adrian,Small
0.24193642423312137,0.09314345701611891,-0.30185086251198573,1.3097534192788498,-0.4134417642371951,8/19/2004 0:00,Shipped,0.23455347294126402,0.24823543197396428,0.2643280247651782,Trucks and Buses,-0.9137587388717296,S32_3522,Diecast Classics Inc.,2155551555,7586 Pompton St.,Allentown,70267,USA,EMEA,Yu,Kyung,Small
0.35055041959111227,-0.3175460848136394,-0.5903881532638351,0.1263473564750498,-0.6830640963661557,9/8/2004 0:00,Shipped,0.23455347294126402,0.5217594852380163,0.2643280247651782,Trucks and Buses,-0.9137587388717296,S32_3522,Scandinavian Gift Ideas,0695-34 6555,?kergatan 24,Boras,S-844 67,Sweden,EMEA,Larsson,Maria,Small
0.49174861355650046,0.09314345701611891,-0.5264340114992495,-1.0570587063287502,-0.5019981364348727,10/11/2004 0:00,Shipped,1.0653495257808978,0.7952835385020682,0.2643280247651782,Trucks and Buses,-0.9137587388717296,S32_3522,Auto Assoc. & Cie.,30.59.8555,"67, avenue de l'Europe",Versailles,78000,France,EMEA,Tonini,Daniel,Small
0.5895012093786922,-0.11220131389876024,-1.3593251600612901,0.8363909941573299,-0.891498471546169,10/22/2004 0:00,Shipped,1.0653495257808978,0.7952835385020682,0.2643280247651782,Trucks and Buses,-0.9137587388717296,S32_3522,Canadian Gift Exchange Network,(604) 555-3392,1900 Oak St.,Vancouver,V3F 2K1,Canada,EMEA,Tannamuri,Yoshi,Small
0.7089766042724822,1.325212082505394,0.8101579745265006,-0.5836962812072303,2.528076408960278,11/5/2004 0:00,Shipped,1.0653495257808978,1.0688075917661204,0.2643280247651782,Trucks and Buses,-0.9137587388717296,S32_3522,Vitachrome Inc.,2125551500,2678 Kingston Rd.,NYC,10022,USA,EMEA,Frick,Michael,Large
0.8067292000946741,-0.21487369935619982,-0.49420905634655193,-0.5836962812072303,-0.6093377126693278,11/18/2004 0:00,Shipped,1.0653495257808978,1.0688075917661204,0.2643280247651782,Trucks and Buses,-0.9137587388717296,S32_3522,Mini Wheels Co.,6505555787,5557 North Pendale Street,San Francisco,28034,USA,EMEA,Murphy,Julie,Small
0.9696501931316603,-0.42021847027107895,0.8101579745265006,-0.3470150686464702,-0.22475717601345813,11/1/2004 0:00,Shipped,1.0653495257808978,1.0688075917661204,0.2643280247651782,Trucks and Buses,-0.9137587388717296,S32_3522,"Corrida Auto Replicas, Ltd",(91) 555 22 82,"C/ Araquil, 67",Madrid,28023,Spain,EMEA,Sommer,MartÂ¡n,Medium
1.0782641884896513,0.09314345701611891,0.8101579745265006,-1.0570587063287502,1.1489037691046144,12/10/2004 0:00,Shipped,1.0653495257808978,1.3423316450301723,0.2643280247651782,Trucks and Buses,-0.9137587388717296,S32_3522,Euro Shopping Channel,(91) 555 94 44,"C/ Moralzarzal, 86",Madrid,28034,Spain,EMEA,Freyre,Diego,Medium
1.2086009829192403,-1.0362527830157164,0.8101579745265006,-0.8203774937679902,-0.21375550750275804,1/20/2005 0:00,Shipped,-1.4270386327380036,-1.6664329408743999,1.6938261357079059,Trucks and Buses,-0.9137587388717296,S32_3522,"Anna's Decorations, Ltd",02 9936 8555,201 Miller Street,North Sydney,2060,Australia,APAC,O'Hara,Anna,Medium
1.3389377773488293,1.325212082505394,0.8101579745265006,0.3630285690358098,1.7625427367172195,2/17/2005 0:00,Shipped,-1.4270386327380036,-1.3929088876103477,1.6938261357079059,Trucks and Buses,-0.9137587388717296,S32_3522,Mini Gifts Distributors Ltd.,4155551450,5677 Strong St.,San Rafael,97562,USA,EMEA,Nelson,Valarie,Medium
1.653918363887003,-0.8309080121008373,-0.7187922053338165,-0.3470150686464702,-0.9158476727317459,5/1/2005 0:00,Shipped,-0.5962425798983697,-0.5723367278181918,1.6938261357079059,Trucks and Buses,-0.9137587388717296,S32_3522,Quebec Home Shopping Network,(514) 555-8054,43 rue St. Laurent,Montreal,H1J 1C3,Canada,EMEA,Fresnisre,Jean,Small
1.795116557852391,0.9145225406756355,-1.1030128244621387,-1.0570587063287502,-0.4625745858980111,5/31/2005 0:00,In Process,-0.5962425798983697,-0.5723367278181918,1.6938261357079059,Trucks and Buses,-0.9137587388717296,S32_3522,Euro Shopping Channel,(91) 555 94 44,"C/ Moralzarzal, 86",Madrid,28034,Spain,EMEA,Freyre,Diego,Small
-1.6588084945317194,-0.21487369935619982,-0.5323832339889786,-0.3470150686464702,-0.6231359553572293,2/17/2003 0:00,Shipped,-1.4270386327380036,-1.3929088876103477,-1.1651700861775494,Vintage Cars,-0.8142086879364528,S32_4289,Rovelli Gifts,035-640555,Via Ludovico il Moro 22,Bergamo,24100,Italy,EMEA,Rovelli,Giovanni,Small
-1.5067489010305322,-0.6255632411859581,-0.5665912633049194,1.0730722067180898,-0.7923911408508162,4/29/2003 0:00,Shipped,-0.5962425798983697,-0.8458607810822437,-1.1651700861775494,Vintage Cars,-0.8142086879364528,S32_4289,"Australian Collectors, Co.",03 9520 4555,636 St Kilda Road,Melbourne,3004,Australia,APAC,Ferguson,Peter,Small
-1.3655507070651438,1.4278844679628335,-1.3166890655515666,-0.1103338560857102,-0.4105202945142155,6/27/2003 0:00,Shipped,-0.5962425798983697,-0.29881267455413973,-1.1651700861775494,Vintage Cars,-0.8142086879364528,S32_4289,Euro Shopping Channel,(91) 555 94 44,"C/ Moralzarzal, 86",Madrid,28034,Spain,EMEA,Freyre,Diego,Small
-1.246075312171354,-1.5496147103029143,-0.08916615850417867,-1.2937399188895102,-1.0408083814031315,8/13/2003 0:00,Shipped,0.23455347294126402,0.24823543197396428,-1.1651700861775494,Vintage Cars,-0.8142086879364528,S32_4289,Royale Belge,(071) 23 67 2555,"Boulevard Tirou, 255",Charleroi,B-6000,Belgium,EMEA,Cartrain,Pascale,Small
-0.9854017233121758,-0.42021847027107895,-0.4981752046730378,1.3097534192788498,-0.6907153061053346,10/28/2003 0:00,Shipped,1.0653495257808978,0.7952835385020682,-1.1651700861775494,Vintage Cars,-0.8142086879364528,S32_4289,Technics Stores Inc.,6505556809,9408 Furth Circle,Burlingame,94217,USA,EMEA,Hirano,Juri,Small
-0.529222942808614,0.40116061338843767,-1.2145607461445547,0.8363909941573299,-0.6769605053463993,1/12/2004 0:00,Shipped,-1.4270386327380036,-1.6664329408743999,0.2643280247651782,Vintage Cars,-0.8142086879364528,S32_4289,Osaka Souveniers Co.,+81 06 6342 5555,"Dojima Avanza 4F, 1-6-20 Dojima, Kita-ku",Osaka,530-0003,Japan,Japan,Kentary,Mory,Small
-0.38802474884322585,-1.5496147103029143,-0.8734719900667663,1.3097534192788498,-1.2126212104646057,2/20/2004 0:00,Shipped,-1.4270386327380036,-1.3929088876103477,0.2643280247651782,Vintage Cars,-0.8142086879364528,S32_4289,"Australian Collectors, Co.",03 9520 4555,636 St Kilda Road,Melbourne,3004,Australia,APAC,Ferguson,Peter,Small
-0.25768795441363673,-0.11220131389876024,-0.2939185658590134,-0.1103338560857102,-0.4947324738152692,4/2/2004 0:00,Shipped,-0.5962425798983697,-0.8458607810822437,0.2643280247651782,Vintage Cars,-0.8142086879364528,S32_4289,"Royal Canadian Collectables, Ltd.",(604) 555-4555,23 Tsawassen Blvd.,Tsawassen,T2F 8M4,Canada,EMEA,Lincoln,Elizabeth,Small
-0.09476696137665042,1.530556853420273,-1.1124324267375425,0.1263473564750498,-0.26765065062649795,5/11/2004 0:00,Shipped,-0.5962425798983697,-0.5723367278181918,0.2643280247651782,Vintage Cars,-0.8142086879364528,S32_4289,The Sharp Gifts Warehouse,4085553659,3086 Ingle Ln.,San Jose,94217,USA,EMEA,Frick,Sue,Medium
0.03556983305293866,0.5038329988458772,-0.2255025072271317,-1.0570587063287502,-0.21150195743763436,6/24/2004 0:00,Cancelled,-0.5962425798983697,-0.29881267455413973,0.2643280247651782,Vintage Cars,-0.8142086879364528,S32_4289,Euro Shopping Channel,(91) 555 94 44,"C/ Moralzarzal, 86",Madrid,28034,Spain,EMEA,Freyre,Diego,Medium
0.17676802701832683,-0.7282356266433977,-0.9760960780145895,1.3097534192788498,-0.9572043891076051,7/23/2004 0:00,Shipped,0.23455347294126402,-0.025288621290087743,0.2643280247651782,Vintage Cars,-0.8142086879364528,S32_4289,La Rochelle Gifts,40.67.8555,"67, rue des Cinquante Otages",Nantes,44000,France,EMEA,Labrune,Janine,Small
0.27452062284051865,1.530556853420273,-0.08916615850417867,-0.5836962812072303,0.29275023303798153,8/21/2004 0:00,Shipped,0.23455347294126402,0.24823543197396428,0.2643280247651782,Vintage Cars,-0.8142086879364528,S32_4289,"Norway Gifts By Mail, Co.",+47 2212 1555,"Drammensveien 126 A, PB 744 Sentrum",Oslo,N 0106,Norway,EMEA,Klaeboe,Jan,Medium
0.41571881680590683,-0.7282356266433977,-0.19129447791119086,0.1263473564750498,-0.7165143816701595,9/16/2004 0:00,Shipped,0.23455347294126402,0.5217594852380163,0.2643280247651782,Vintage Cars,-0.8142086879364528,S32_4289,"Clover Collections, Co.",+353 1862 1555,25 Maiden Lane,Dublin,2,Ireland,EMEA,Cassidy,Dean,Small
0.5351942116996968,1.1198673115905147,-0.8734719900667663,0.8363909941573299,-0.280227089062224,10/15/2004 0:00,Shipped,1.0653495257808978,0.7952835385020682,0.2643280247651782,Vintage Cars,-0.8142086879364528,S32_4289,Mini Classics,9145554562,3758 North Pendale Street,White Plains,24067,USA,EMEA,Frick,Steve,Medium
0.6220854079860895,-1.138925168473156,-1.2145607461445547,-1.0570587063287502,-1.1588401024044022,11/1/2004 0:00,Shipped,1.0653495257808978,1.0688075917661204,0.2643280247651782,Vintage Cars,-0.8142086879364528,S32_4289,giftsbymail.co.uk,(198) 555-8888,Garden House Crowther Way,Cowes,PO31 7PJ,UK,EMEA,Bennett,Helen,Small
0.7524222024156786,-1.138925168473156,-0.1233741878201195,-0.3470150686464702,-0.871993045440328,11/12/2004 0:00,Shipped,1.0653495257808978,1.0688075917661204,0.2643280247651782,Vintage Cars,-0.8142086879364528,S32_4289,Rovelli Gifts,035-640555,Via Ludovico il Moro 22,Bergamo,24100,Italy,EMEA,Rovelli,Giovanni,Small
0.8827589968452677,0.40116061338843767,-1.2145607461445547,-0.8203774937679902,-0.6769605053463993,11/24/2004 0:00,Shipped,1.0653495257808978,1.0688075917661204,0.2643280247651782,Vintage Cars,-0.8142086879364528,S32_4289,Enaco Distributors,(93) 203 4555,"Rambla de CataluÂ¤a, 23",Barcelona,8022,Spain,EMEA,Saavedra,Eduardo,Small
1.0239571908106557,0.5038329988458772,-1.9408616584322862,0.1263473564750498,-0.9630473285535642,12/4/2004 0:00,Shipped,1.0653495257808978,1.3423316450301723,0.2643280247651782,Vintage Cars,-0.8142086879364528,S32_4289,Gift Ideas Corp.,2035554407,2440 Pompton St.,Glendale,97561,USA,EMEA,Lewis,Dan,Small
1.1108483870970485,1.4278844679628335,-0.5616335778968123,-1.0570587063287502,-0.005277690393778382,12/17/2004 0:00,Shipped,1.0653495257808978,1.3423316450301723,0.2643280247651782,Vintage Cars,-0.8142086879364528,S32_4289,Souveniers And Things Co.,+61 2 9495 8555,"Monitor Money Building, 815 Pacific Hwy",Chatswood,2067,Australia,APAC,Huxley,Adrian,Medium
1.2629079805982357,0.9145225406756355,-0.06933541687174885,-0.5836962812072303,0.03559573452233147,2/3/2005 0:00,Shipped,-1.4270386327380036,-1.3929088876103477,1.6938261357079059,Vintage Cars,-0.8142086879364528,S32_4289,La Rochelle Gifts,40.67.8555,"67, rue des Cinquante Otages",Nantes,44000,France,EMEA,Labrune,Janine,Medium
1.404106174563624,-0.009528928441320661,0.8101579745265006,0.3630285690358098,0.19823688633080833,3/3/2005 0:00,Shipped,-1.4270386327380036,-1.1193848343462958,1.6938261357079059,Vintage Cars,-0.8142086879364528,S32_4289,FunGiftIdeas.com,5085552555,1785 First Street,New Bedford,50553,USA,EMEA,Benitez,Violeta,Medium
1.5127201699216148,-1.344269939388035,-0.8055516999756956,-0.5836962812072303,-1.1245318390033152,3/30/2005 0:00,Shipped,-1.4270386327380036,-1.1193848343462958,1.6938261357079059,Vintage Cars,-0.8142086879364528,S32_4289,Reims Collectables,26.47.1555,59 rue de l'Abbaye,Reims,51100,France,EMEA,Henriot,Paul,Small
1.5453043685290122,2.762625478909548,-0.2939185658590134,-0.1103338560857102,0.6871269246757383,4/3/2005 0:00,On Hold,-0.5962425798983697,-0.8458607810822437,1.6938261357079059,Vintage Cars,-0.8142086879364528,S32_4289,Tekni Collectables Inc.,2015559350,7476 Moss Rd.,Newark,94019,USA,EMEA,Brown,William,Medium
1.7082253615659986,-0.9335803975582768,-1.1124324267375425,0.1263473564750498,-1.0655051180204382,5/10/2005 0:00,Shipped,-0.5962425798983697,-0.5723367278181918,1.6938261357079059,Vintage Cars,-0.8142086879364528,S32_4289,L'ordine Souveniers,0522-556555,Strada Provinciale 124,Reggio Emilia,42100,Italy,EMEA,Moroni,Maurizio,Small
-1.6370856954601212,-0.42021847027107895,0.8101579745265006,2.2564782695218897,0.06293156832433726,3/3/2003 0:00,Shipped,-1.4270386327380036,-1.1193848343462958,-1.1651700861775494,Motorcycles,0.03196674501340019,S32_4485,Cruz & Sons Co.,+63 2 555 3587,15 McCallum Street - NatWest Center #13-03,Makati City,1227 MM,Philippines,Japan,Cruz,Arnold,Medium
-1.495887501494733,-1.0362527830157164,0.1527688894114614,-0.8203774937679902,-0.7522996706560987,5/7/2003 0:00,Shipped,-0.5962425798983697,-0.5723367278181918,-1.1651700861775494,Motorcycles,0.03196674501340019,S32_4485,Reims Collectables,26.47.1555,59 rue de l'Abbaye,Reims,51100,France,EMEA,Henriot,Paul,Small
-1.3438279079935458,-0.5228908557285186,0.3044740628995474,2.4931594820826497,-0.4669404997591181,7/2/2003 0:00,Shipped,0.23455347294126402,-0.025288621290087743,-1.1651700861775494,Motorcycles,0.03196674501340019,S32_4485,Mini Gifts Distributors Ltd.,4155551450,5677 Strong St.,San Rafael,97562,USA,EMEA,Nelson,Valarie,Small
-1.2352139126355548,-0.8309080121008373,0.8101579745265006,-0.5836962812072303,-0.1642914411335744,8/25/2003 0:00,Shipped,0.23455347294126402,0.24823543197396428,-1.1651700861775494,Motorcycles,0.03196674501340019,S32_4485,Toys4GrownUps.com,6265557265,78934 Hillside Dr.,Pasadena,90003,USA,EMEA,Young,Julie,Medium
-1.0831543191343675,-1.2415975539305957,0.8101579745265006,1.3097534192788498,-0.6552884130333668,10/10/2003 0:00,Shipped,1.0653495257808978,0.7952835385020682,-1.1651700861775494,Motorcycles,0.03196674501340019,S32_4485,Corporate Gift Ideas Co.,6505551386,7734 Strong St.,San Francisco,28034,USA,EMEA,Brown,Julie,Small
-0.9745403237763767,-0.11220131389876024,0.8101579745265006,1.3097534192788498,0.199284922867119,11/4/2003 0:00,Shipped,1.0653495257808978,1.0688075917661204,-1.1651700861775494,Motorcycles,0.03196674501340019,S32_4485,"Anna's Decorations, Ltd",02 9936 8555,201 Miller Street,North Sydney,2060,Australia,APAC,O'Hara,Anna,Medium
-0.8550649288825867,-1.344269939388035,0.8101579745265006,0.1263473564750498,-0.5643590254659084,11/11/2003 0:00,Shipped,1.0653495257808978,1.0688075917661204,-1.1651700861775494,Motorcycles,0.03196674501340019,S32_4485,Daedalus Designs Imports,20.16.1555,"184, chausse de Tournai",Lille,59000,France,EMEA,Rance,Martine,Small
-0.7464509335245958,0.7091777697607564,0.10220049824876629,-0.5836962812072303,0.025169671570434024,11/19/2003 0:00,Shipped,1.0653495257808978,1.0688075917661204,-1.1651700861775494,Motorcycles,0.03196674501340019,S32_4485,Euro Shopping Channel,(91) 555 94 44,"C/ Moralzarzal, 86",Madrid,28034,Spain,EMEA,Freyre,Diego,Medium
-0.5183615432728149,0.1958158424735585,0.8101579745265006,1.3097534192788498,0.26398624582121083,1/15/2004 0:00,Shipped,-1.4270386327380036,-1.6664329408743999,0.2643280247651782,Motorcycles,0.03196674501340019,S32_4485,Auto Canal Petit,(1) 47.55.6555,"25, rue Lauriston",Paris,75016,France,EMEA,Perrier,Dominique,Medium
-0.37716334930742673,-0.5228908557285186,0.8101579745265006,-0.3470150686464702,-0.11783029810418212,2/21/2004 0:00,Shipped,-1.4270386327380036,-1.3929088876103477,0.2643280247651782,Motorcycles,0.03196674501340019,S32_4485,Daedalus Designs Imports,20.16.1555,"184, chausse de Tournai",Lille,59000,France,EMEA,Rance,Martine,Medium
-0.23596515534203857,-0.8309080121008373,0.8101579745265006,-0.3470150686464702,-0.23906586136671296,4/5/2004 0:00,Shipped,-0.5962425798983697,-0.8458607810822437,0.2643280247651782,Motorcycles,0.03196674501340019,S32_4485,Vitachrome Inc.,2125551500,2678 Kingston Rd.,NYC,10022,USA,EMEA,Frick,Michael,Medium
-0.07304416230505223,-1.0362527830157164,0.8101579745265006,0.5997097815965698,-0.3920031722923563,5/26/2004 0:00,Shipped,-0.5962425798983697,-0.5723367278181918,0.2643280247651782,Motorcycles,0.03196674501340019,S32_4485,Auto Canal Petit,(1) 47.55.6555,"25, rue Lauriston",Paris,75016,France,EMEA,Perrier,Dominique,Small
0.05729263212453684,-0.11220131389876024,0.7095169607419207,0.1263473564750498,-0.12104500084768383,6/30/2004 0:00,Shipped,-0.5962425798983697,-0.29881267455413973,0.2643280247651782,Motorcycles,0.03196674501340019,S32_4485,Gifts4AllAges.com,6175559555,8616 Spinnaker Dr.,Boston,51003,USA,EMEA,Yoshido,Juri,Medium
0.18762942655412593,0.29848822793099805,0.8101579745265006,1.5464346318396098,0.40767585611816626,8/2/2004 0:00,Shipped,0.23455347294126402,0.24823543197396428,0.2643280247651782,Motorcycles,0.03196674501340019,S32_4485,Online Mini Collectables,6175557555,7635 Spinnaker Dr.,Brickhaven,58339,USA,EMEA,Barajas,Miguel,Medium
0.2853820223763177,-0.9335803975582768,0.8101579745265006,-0.5836962812072303,-0.5178435800253082,8/27/2004 0:00,Shipped,0.23455347294126402,0.24823543197396428,0.2643280247651782,Motorcycles,0.03196674501340019,S32_4485,Marta's Replicas Co.,6175558555,39323 Spinnaker Dr.,Cambridge,51247,USA,EMEA,Hernandez,Marta,Small
0.43744161587750496,0.29848822793099805,0.8101579745265006,0.1263473564750498,0.4497710852864513,9/30/2004 0:00,Shipped,0.23455347294126402,0.5217594852380163,0.2643280247651782,Motorcycles,0.03196674501340019,S32_4485,"Toys of Finland, Co.",90-224 8555,Keskuskatu 45,Helsinki,21240,Finland,EMEA,Karttunen,Matti,Medium
0.5460556112354958,1.530556853420273,0.05163210708607118,-0.8203774937679902,0.3698596569530553,10/15/2004 0:00,Shipped,1.0653495257808978,0.7952835385020682,0.2643280247651782,Motorcycles,0.03196674501340019,S32_4485,Baane Mini Imports,07-98 9555,Erling Skakkes gate 78,Stavern,4110,Norway,EMEA,Bergulfsen,Jonas,Medium
0.6546696065934868,-1.344269939388035,0.8101579745265006,0.3630285690358098,-0.5034317200907585,11/3/2004 0:00,Shipped,1.0653495257808978,1.0688075917661204,0.2643280247651782,Motorcycles,0.03196674501340019,S32_4485,Microscale Inc.,2125551957,5290 North Pendale Street,NYC,10022,USA,EMEA,Kuo,Kee,Small
0.7850064010230758,-0.3175460848136394,0.8101579745265006,-0.5836962812072303,0.7996958231095045,11/17/2004 0:00,Shipped,1.0653495257808978,1.0688075917661204,0.2643280247651782,Motorcycles,0.03196674501340019,S32_4485,Motor Mint Distributors Inc.,2155559857,11328 Douglas Av.,Philadelphia,71270,USA,EMEA,Hernandez,Rosa,Medium
0.8936203963810667,-0.42021847027107895,-0.6265792567430192,-0.5836962812072303,-0.734314712064076,11/24/2004 0:00,Shipped,1.0653495257808978,1.0688075917661204,0.2643280247651782,Motorcycles,0.03196674501340019,S32_4485,Salzburg Collectables,6562-9555,Geislweg 14,Salzburg,5020,Austria,EMEA,Pipps,Georg,Small
1.045679989882254,0.5038329988458772,0.8101579745265006,-0.3470150686464702,0.4197092704418143,12/7/2004 0:00,Shipped,1.0653495257808978,1.3423316450301723,0.2643280247651782,Motorcycles,0.03196674501340019,S32_4485,Euro Shopping Channel,(91) 555 94 44,"C/ Moralzarzal, 86",Madrid,28034,Spain,EMEA,Freyre,Diego,Medium
1.154293985240245,-1.344269939388035,0.8101579745265006,-0.8203774937679902,-0.06989212948993782,1/7/2005 0:00,Shipped,-1.4270386327380036,-1.6664329408743999,1.6938261357079059,Motorcycles,0.03196674501340019,S32_4485,Mini Creations Ltd.,5085559555,4575 Hillside Dr.,New Bedford,50553,USA,EMEA,Tam,Wing C,Medium
1.2629079805982357,0.6065053843033168,0.8101579745265006,2.0197970569611297,0.6233867544000244,2/3/2005 0:00,Shipped,-1.4270386327380036,-1.3929088876103477,1.6938261357079059,Motorcycles,0.03196674501340019,S32_4485,La Rochelle Gifts,40.67.8555,"67, rue des Cinquante Otages",Nantes,44000,France,EMEA,Labrune,Janine,Medium
1.425828973635222,1.017194926133075,-1.7192531206898862,1.3097534192788498,-0.7329680122661225,3/4/2005 0:00,Shipped,-1.4270386327380036,-1.1193848343462958,1.6938261357079059,Motorcycles,0.03196674501340019,S32_4485,Mini Gifts Distributors Ltd.,4155551450,5677 Strong St.,San Rafael,97562,USA,EMEA,Nelson,Valarie,Small
1.5670271676006102,1.017194926133075,0.8101579745265006,-0.3470150686464702,0.888121869520283,4/8/2005 0:00,Shipped,-0.5962425798983697,-0.8458607810822437,1.6938261357079059,Motorcycles,0.03196674501340019,S32_4485,"UK Collectables, Ltd.",(171) 555-2282,Berkeley Gardens 12  Brewery,Liverpool,WX1 6LT,UK,EMEA,Devon,Elizabeth,Medium
-1.6588084945317194,0.40116061338843767,-2.157016742225768,-0.1103338560857102,-1.0795531517998957,2/17/2003 0:00,Shipped,-1.4270386327380036,-1.3929088876103477,-1.1651700861775494,Vintage Cars,-1.436396506281933,S50_1341,Rovelli Gifts,035-640555,Via Ludovico il Moro 22,Bergamo,24100,Italy,EMEA,Rovelli,Giovanni,Small
-1.5067489010305322,1.4278844679628335,-1.6379470799969251,1.3097534192788498,-0.582941310581217,4/29/2003 0:00,Shipped,-0.5962425798983697,-0.8458607810822437,-1.1651700861775494,Vintage Cars,-1.436396506281933,S50_1341,"Australian Collectors, Co.",03 9520 4555,636 St Kilda Road,Melbourne,3004,Australia,APAC,Ferguson,Peter,Small
-1.3655507070651438,-0.8309080121008373,-1.6592651272517869,0.1263473564750498,-1.1939791926969685,6/27/2003 0:00,Shipped,-0.5962425798983697,-0.29881267455413973,-1.1651700861775494,Vintage Cars,-1.436396506281933,S50_1341,Euro Shopping Channel,(91) 555 94 44,"C/ Moralzarzal, 86",Madrid,28034,Spain,EMEA,Freyre,Diego,Small
-1.256936711707153,-0.11220131389876024,-2.330039962968716,-1.2937399188895102,-1.2530004834387245,8/10/2003 0:00,Shipped,0.23455347294126402,0.24823543197396428,-1.1651700861775494,Vintage Cars,-1.436396506281933,S50_1341,Mini Creations Ltd.,5085559555,4575 Hillside Dr.,New Bedford,50553,USA,EMEA,Tam,Wing C,Small
-1.115738517741765,-1.5496147103029143,-2.1138848791752336,-1.2937399188895102,-1.484350476148429,10/8/2003 0:00,Shipped,1.0653495257808978,0.7952835385020682,-1.1651700861775494,Vintage Cars,-1.436396506281933,S50_1341,Euro Shopping Channel,(91) 555 94 44,"C/ Moralzarzal, 86",Madrid,28034,Spain,EMEA,Freyre,Diego,Small
-0.9854017233121758,1.325212082505394,-1.5730014011507183,1.5464346318396098,-0.576283834967141,10/28/2003 0:00,Shipped,1.0653495257808978,0.7952835385020682,-1.1651700861775494,Vintage Cars,-1.436396506281933,S50_1341,Technics Stores Inc.,6505556809,9408 Furth Circle,Burlingame,94217,USA,EMEA,Hirano,Juri,Small
-0.648698337702404,-0.6255632411859581,-2.2437762368676473,-1.2937399188895102,-1.3251358064871641,12/1/2003 0:00,Shipped,1.0653495257808978,1.3423316450301723,-1.1651700861775494,Vintage Cars,-1.436396506281933,S50_1341,West Coast Collectables Co.,3105553722,3675 Furth Circle,Burbank,94019,USA,EMEA,Thompson,Steve,Small
-0.529222942808614,0.8118501552181959,-2.1138848791752336,1.0730722067180898,-0.9720289473673341,1/12/2004 0:00,Shipped,-1.4270386327380036,-1.6664329408743999,0.2643280247651782,Vintage Cars,-1.436396506281933,S50_1341,Osaka Souveniers Co.,+81 06 6342 5555,"Dojima Avanza 4F, 1-6-20 Dojima, Kita-ku",Osaka,530-0003,Japan,Japan,Kentary,Mory,Small
-0.38802474884322585,0.6065053843033168,-1.8541021637904072,1.5464346318396098,-0.8999153452833778,2/20/2004 0:00,Shipped,-1.4270386327380036,-1.3929088876103477,0.2643280247651782,Vintage Cars,-1.436396506281933,S50_1341,"Australian Collectors, Co.",03 9520 4555,636 St Kilda Road,Melbourne,3004,Australia,APAC,Ferguson,Peter,Small
-0.25768795441363673,0.6065053843033168,-2.3949856418149222,0.1263473564750498,-1.142815460856981,4/2/2004 0:00,Shipped,-0.5962425798983697,-0.8458607810822437,0.2643280247651782,Vintage Cars,-1.436396506281933,S50_1341,"Royal Canadian Collectables, Ltd.",(604) 555-4555,23 Tsawassen Blvd.,Tsawassen,T2F 8M4,Canada,EMEA,Lincoln,Elizabeth,Small
-0.09476696137665042,0.09314345701611891,-1.5730014011507183,0.3630285690358098,-0.9146747406496575,5/11/2004 0:00,Shipped,-0.5962425798983697,-0.5723367278181918,0.2643280247651782,Vintage Cars,-1.436396506281933,S50_1341,The Sharp Gifts Warehouse,4085553659,3086 Ingle Ln.,San Jose,94217,USA,EMEA,Frick,Sue,Small
0.03556983305293866,1.4278844679628335,-2.265094284122509,-0.8203774937679902,-0.9195348064527554,6/24/2004 0:00,Cancelled,-0.5962425798983697,-0.29881267455413973,0.2643280247651782,Vintage Cars,-1.436396506281933,S50_1341,Euro Shopping Channel,(91) 555 94 44,"C/ Moralzarzal, 86",Madrid,28034,Spain,EMEA,Freyre,Diego,Small
0.17676802701832683,0.29848822793099805,-1.8972340268409411,1.5464346318396098,-0.9932286087028587,7/23/2004 0:00,Shipped,0.23455347294126402,-0.025288621290087743,0.2643280247651782,Vintage Cars,-1.436396506281933,S50_1341,La Rochelle Gifts,40.67.8555,"67, rue des Cinquante Otages",Nantes,44000,France,EMEA,Labrune,Janine,Small
0.27452062284051865,-0.21487369935619982,-1.5730014011507183,-0.3470150686464702,-0.9992724670702866,8/21/2004 0:00,Shipped,0.23455347294126402,0.24823543197396428,0.2643280247651782,Vintage Cars,-1.436396506281933,S50_1341,"Norway Gifts By Mail, Co.",+47 2212 1555,"Drammensveien 126 A, PB 744 Sentrum",Oslo,N 0106,Norway,EMEA,Klaeboe,Jan,Small
0.4048574172701077,-0.9335803975582768,-1.7460246218936661,-1.2937399188895102,-1.245941169981711,9/15/2004 0:00,Shipped,0.23455347294126402,0.5217594852380163,0.2643280247651782,Vintage Cars,-1.436396506281933,S50_1341,"Bavarian Collectables Imports, Co.",+49 89 61 08 9555,Hansastr. 15,Munich,80686,Germany,EMEA,Donnermeyer,Michael,Small
0.5351942116996968,1.2225396970479543,-1.9839935214828204,1.0730722067180898,-0.8160615618962956,10/15/2004 0:00,Shipped,1.0653495257808978,0.7952835385020682,0.2643280247651782,Vintage Cars,-1.436396506281933,S50_1341,Mini Classics,9145554562,3758 North Pendale Street,White Plains,24067,USA,EMEA,Frick,Steve,Small
0.6220854079860895,-0.11220131389876024,-1.7891564849442003,-0.8203774937679902,-1.0515711193045172,11/1/2004 0:00,Shipped,1.0653495257808978,1.0688075917661204,0.2643280247651782,Vintage Cars,-1.436396506281933,S50_1341,giftsbymail.co.uk,(198) 555-8888,Garden House Crowther Way,Cowes,PO31 7PJ,UK,EMEA,Bennett,Helen,Small
0.7524222024156786,-0.11220131389876024,-1.5730014011507183,0.1263473564750498,-0.971073224930077,11/12/2004 0:00,Shipped,1.0653495257808978,1.0688075917661204,0.2643280247651782,Vintage Cars,-1.436396506281933,S50_1341,Rovelli Gifts,035-640555,Via Ludovico il Moro 22,Bergamo,24100,Italy,EMEA,Rovelli,Giovanni,Small
0.8827589968452677,0.5038329988458772,-1.6379470799969251,-0.5836962812072303,-0.830332235561705,11/24/2004 0:00,Shipped,1.0653495257808978,1.0688075917661204,0.2643280247651782,Vintage Cars,-1.436396506281933,S50_1341,Enaco Distributors,(93) 203 4555,"Rambla de CataluÂ¤a, 23",Barcelona,8022,Spain,EMEA,Saavedra,Eduardo,Small
1.0239571908106557,0.5038329988458772,-0.0718142595758031,0.3630285690358098,-0.14416696753996433,12/4/2004 0:00,Shipped,1.0653495257808978,1.3423316450301723,0.2643280247651782,Vintage Cars,-1.436396506281933,S50_1341,Gift Ideas Corp.,2035554407,2440 Pompton St.,Glendale,97561,USA,EMEA,Lewis,Dan,Medium
1.1108483870970485,-0.21487369935619982,-0.052975055024994576,-0.8203774937679902,-0.449851530952024,12/17/2004 0:00,Shipped,1.0653495257808978,1.3423316450301723,0.2643280247651782,Vintage Cars,-1.436396506281933,S50_1341,Souveniers And Things Co.,+61 2 9495 8555,"Monitor Money Building, 815 Pacific Hwy",Chatswood,2067,Australia,APAC,Huxley,Adrian,Small
1.2629079805982357,1.4278844679628335,-0.8853704350462245,-0.3470150686464702,-0.17902911553537107,2/3/2005 0:00,Shipped,-1.4270386327380036,-1.3929088876103477,1.6938261357079059,Vintage Cars,-1.436396506281933,S50_1341,La Rochelle Gifts,40.67.8555,"67, rue des Cinquante Otages",Nantes,44000,France,EMEA,Labrune,Janine,Medium
1.404106174563624,-0.8309080121008373,0.8101579745265006,-1.2937399188895102,-0.18599068465221066,3/3/2005 0:00,Shipped,-1.4270386327380036,-1.1193848343462958,1.6938261357079059,Vintage Cars,-1.436396506281933,S50_1341,FunGiftIdeas.com,5085552555,1785 First Street,New Bedford,50553,USA,EMEA,Benitez,Violeta,Medium
1.5127201699216148,1.4278844679628335,-2.330039962968716,-0.3470150686464702,-0.9543915242070412,3/30/2005 0:00,Shipped,-1.4270386327380036,-1.1193848343462958,1.6938261357079059,Vintage Cars,-1.436396506281933,S50_1341,Reims Collectables,26.47.1555,59 rue de l'Abbaye,Reims,51100,France,EMEA,Henriot,Paul,Small
1.5453043685290122,2.1465911661649106,-2.3949856418149222,0.1263473564750498,-0.8548769254276299,4/3/2005 0:00,On Hold,-0.5962425798983697,-0.8458607810822437,1.6938261357079059,Vintage Cars,-1.436396506281933,S50_1341,Tekni Collectables Inc.,2015559350,7476 Moss Rd.,Newark,94019,USA,EMEA,Brown,William,Small
1.7082253615659986,0.1958158424735585,-1.5730014011507183,0.3630285690358098,-0.8864754985094477,5/10/2005 0:00,Shipped,-0.5962425798983697,-0.5723367278181918,1.6938261357079059,Vintage Cars,-1.436396506281933,S50_1341,L'ordine Souveniers,0522-556555,Strada Provinciale 124,Reggio Emilia,42100,Italy,EMEA,Moroni,Maurizio,Small
-1.6805312936033174,-0.21487369935619982,0.8101579745265006,0.1263473564750498,0.08218720333862234,1/31/2003 0:00,Shipped,-1.4270386327380036,-1.6664329408743999,-1.1651700861775494,Trucks and Buses,0.3555044105530499,S50_1392,Euro Shopping Channel,(91) 555 94 44,"C/ Moralzarzal, 86",Madrid,28034,Spain,EMEA,Freyre,Diego,Medium
-1.5610558987095275,-0.8309080121008373,0.8101579745265006,-0.8203774937679902,-0.3855357551175076,4/4/2003 0:00,Shipped,-0.5962425798983697,-0.8458607810822437,-1.1651700861775494,Trucks and Buses,0.3555044105530499,S50_1392,Classic Legends Inc.,2125558493,5905 Pompton St.,NYC,10022,USA,EMEA,Hernandez,Maria,Small
-1.4307191042799385,1.1198673115905147,0.8101579745265006,0.5997097815965698,1.424097528623495,6/3/2003 0:00,Shipped,-0.5962425798983697,-0.29881267455413973,-1.1651700861775494,Trucks and Buses,0.3555044105530499,S50_1392,Muscle Machine Inc,2125557413,4092 Furth Circle,NYC,10022,USA,EMEA,Young,Jeff,Medium
-1.2786595107787513,0.9145225406756355,0.8101579745265006,-0.8203774937679902,1.0570240893410192,8/1/2003 0:00,Shipped,0.23455347294126402,0.24823543197396428,-1.1651700861775494,Trucks and Buses,0.3555044105530499,S50_1392,Suominen Souveniers,+358 9 8045 555,"Software Engineering Center, SEC Oy",Espoo,FIN-02271,Finland,EMEA,Suominen,Kalle,Medium
-1.1700455154207603,-0.9335803975582768,0.8101579745265006,-1.2937399188895102,-0.18125551439489074,9/21/2003 0:00,Shipped,0.23455347294126402,0.5217594852380163,-1.1651700861775494,Trucks and Buses,0.3555044105530499,S50_1392,"Oulu Toy Supplies, Inc.",981-443655,Torikatu 38,Oulu,90110,Finland,EMEA,Koskitalo,Pirkko,Medium
-1.017985921919573,1.325212082505394,0.5583075557946456,0.8363909941573299,0.5442572807880205,10/22/2003 0:00,Shipped,1.0653495257808978,0.7952835385020682,-1.1651700861775494,Trucks and Buses,0.3555044105530499,S50_1392,"Dragon Souveniers, Ltd.",+65 221 7555,"Bronz Sok., Bronz Apt. 3/6 Tesvikiye",Singapore,79903,Singapore,Japan,Natividad,Eric,Medium
-0.898510527025783,-1.2415975539305957,0.8101579745265006,0.5997097815965698,-0.23838708122661548,11/6/2003 0:00,Shipped,1.0653495257808978,1.0688075917661204,-1.1651700861775494,Trucks and Buses,0.3555044105530499,S50_1392,L'ordine Souveniers,0522-556555,Strada Provinciale 124,Reggio Emilia,42100,Italy,EMEA,Moroni,Maurizio,Medium
-0.8116193307393903,1.017194926133075,0.8101579745265006,-0.5836962812072303,0.7571444536870734,11/14/2003 0:00,Shipped,1.0653495257808978,1.0688075917661204,-1.1651700861775494,Trucks and Buses,0.3555044105530499,S50_1392,"Iberia Gift Imports, Corp.",(95) 555 82 82,"C/ Romero, 33",Sevilla,41101,Spain,EMEA,Roel,Jose Pedro,Medium
-0.6921439358456003,1.4278844679628335,0.8101579745265006,-0.5836962812072303,0.8727922988363217,11/25/2003 0:00,Shipped,1.0653495257808978,1.0688075917661204,-1.1651700861775494,Trucks and Buses,0.3555044105530499,S50_1392,Mini Classics,9145554562,3758 North Pendale Street,White Plains,24067,USA,EMEA,Frick,Steve,Medium
-0.5618071414160113,-0.7282356266433977,0.5583075557946456,-0.3470150686464702,-0.48661969358082413,12/9/2003 0:00,Shipped,1.0653495257808978,1.3423316450301723,-1.1651700861775494,Trucks and Buses,0.3555044105530499,S50_1392,Diecast Collectables,6175552555,6251 Ingle Ln.,Boston,51003,USA,EMEA,Franco,Valarie,Small
-0.4206089474506231,0.1958158424735585,0.8101579745265006,0.5997097815965698,0.2330447319150073,2/12/2004 0:00,Shipped,-1.4270386327380036,-1.3929088876103477,0.2643280247651782,Trucks and Buses,0.3555044105530499,S50_1392,"Clover Collections, Co.",+353 1862 1555,25 Maiden Lane,Dublin,2,Ireland,EMEA,Cassidy,Dean,Medium
-0.3119949520926322,-0.11220131389876024,0.8101579745265006,0.1263473564750498,0.22864080636605477,3/15/2004 0:00,Shipped,-1.4270386327380036,-1.1193848343462958,0.2643280247651782,Trucks and Buses,0.3555044105530499,S50_1392,"Blauer See Auto, Co.",+49 69 66 90 2555,Lyonerstr. 34,Frankfurt,60528,Germany,EMEA,Keitel,Roland,Medium
-0.13821255951984676,-1.344269939388035,0.8101579745265006,-0.8203774937679902,-0.339644787405797,5/5/2004 0:00,Shipped,-0.5962425798983697,-0.5723367278181918,0.2643280247651782,Trucks and Buses,0.3555044105530499,S50_1392,Euro Shopping Channel,(91) 555 94 44,"C/ Moralzarzal, 86",Madrid,28034,Spain,EMEA,Freyre,Diego,Small
0.0029856344455413955,-0.6255632411859581,0.8101579745265006,-1.0570587063287502,-0.2711422956671593,6/15/2004 0:00,Shipped,-0.5962425798983697,-0.29881267455413973,0.2643280247651782,Trucks and Buses,0.3555044105530499,S50_1392,Handji Gifts& Co,+65 224 1555,Village Close - 106 Linden Road Sandown,Singapore,69045,Singapore,APAC,Victorino,Wendy,Medium
0.13332242887513046,-0.11220131389876024,0.7303392394559718,-0.8203774937679902,-0.1132906165272101,7/20/2004 0:00,Shipped,0.23455347294126402,-0.025288621290087743,0.2643280247651782,Trucks and Buses,0.3555044105530499,S50_1392,Mini Gifts Distributors Ltd.,4155551450,5677 Strong St.,San Rafael,97562,USA,EMEA,Nelson,Valarie,Medium
0.25279782376892046,0.29848822793099805,0.8101579745265006,1.3097534192788498,0.41097744271960035,8/20/2004 0:00,Shipped,0.23455347294126402,0.24823543197396428,0.2643280247651782,Trucks and Buses,0.3555044105530499,S50_1392,Mini Gifts Distributors Ltd.,4155551450,5677 Strong St.,San Rafael,97562,USA,EMEA,Nelson,Valarie,Medium
0.36141181912691134,0.6065053843033168,0.8101579745265006,-0.1103338560857102,0.7761177161630785,9/8/2004 0:00,Shipped,0.23455347294126402,0.5217594852380163,0.2643280247651782,Trucks and Buses,0.3555044105530499,S50_1392,Land of Toys Inc.,2125557818,897 Long Airport Avenue,NYC,10022,USA,EMEA,Yu,Kwai,Medium
0.5026100130922995,0.7091777697607564,0.8101579745265006,-0.8203774937679902,0.578011659594788,10/13/2004 0:00,Shipped,1.0653495257808978,0.7952835385020682,0.2643280247651782,Trucks and Buses,0.3555044105530499,S50_1392,Marta's Replicas Co.,6175558555,39323 Spinnaker Dr.,Cambridge,51247,USA,EMEA,Hernandez,Marta,Medium
0.6003626089144913,-0.7282356266433977,0.8101579745265006,1.3097534192788498,-0.08187124140237813,10/22/2004 0:00,Shipped,1.0653495257808978,0.7952835385020682,0.2643280247651782,Trucks and Buses,0.3555044105530499,S50_1392,Heintze Collectables,86 21 3555,Smagsloget 45,Aaarhus,8200,Denmark,EMEA,Ibsen,Palle,Medium
0.7198380038082813,0.29848822793099805,0.8101579745265006,-0.5836962812072303,0.8886757541146028,11/5/2004 0:00,Shipped,1.0653495257808978,1.0688075917661204,0.2643280247651782,Trucks and Buses,0.3555044105530499,S50_1392,Baane Mini Imports,07-98 9555,Erling Skakkes gate 78,Stavern,4110,Norway,EMEA,Bergulfsen,Jonas,Medium
0.8393133987020713,-1.2415975539305957,0.8101579745265006,0.3630285690358098,-0.2238991979163747,11/20/2004 0:00,Shipped,1.0653495257808978,1.0688075917661204,0.2643280247651782,Trucks and Buses,0.3555044105530499,S50_1392,"La Corne D'abondance, Co.",(1) 42.34.2555,"265, boulevard Charonne",Paris,75012,France,EMEA,Bertrand,Marie,Medium
0.9913729922032586,-0.42021847027107895,-0.6077400521922106,0.3630285690358098,-0.7279178880237972,12/2/2004 0:00,Shipped,1.0653495257808978,1.3423316450301723,0.2643280247651782,Trucks and Buses,0.3555044105530499,S50_1392,Euro Shopping Channel,(91) 555 94 44,"C/ Moralzarzal, 86",Madrid,28034,Spain,EMEA,Freyre,Diego,Small
1.0891255880254505,1.1198673115905147,0.8101579745265006,-1.0570587063287502,0.7291787119150572,12/15/2004 0:00,Shipped,1.0653495257808978,1.3423316450301723,0.2643280247651782,Trucks and Buses,0.3555044105530499,S50_1392,Reims Collectables,26.47.1555,59 rue de l'Abbaye,Reims,51100,France,EMEA,Henriot,Paul,Medium
1.2194623824550395,1.325212082505394,-1.3439563352961574,0.8363909941573299,-0.45586280787272715,1/23/2005 0:00,Shipped,-1.4270386327380036,-1.6664329408743999,1.6938261357079059,Trucks and Buses,0.3555044105530499,S50_1392,Mini Gifts Distributors Ltd.,4155551450,5677 Strong St.,San Rafael,97562,USA,EMEA,Nelson,Valarie,Small
1.3497991768846285,-0.6255632411859581,0.8101579745265006,1.5464346318396098,-0.2535048725068664,2/22/2005 0:00,Shipped,-1.4270386327380036,-1.3929088876103477,1.6938261357079059,Trucks and Buses,0.3555044105530499,S50_1392,Euro Shopping Channel,(91) 555 94 44,"C/ Moralzarzal, 86",Madrid,28034,Spain,EMEA,Freyre,Diego,Medium
1.4801359713142177,1.1198673115905147,0.8101579745265006,-0.5836962812072303,1.1615670913982727,3/17/2005 0:00,Shipped,-1.4270386327380036,-1.1193848343462958,1.6938261357079059,Trucks and Buses,0.3555044105530499,S50_1392,Lyon Souveniers,+33 1 46 62 7555,27 rue du Colonel Pierre Avia,Paris,75508,France,EMEA,Da Cunha,Daniel,Medium
1.664779763422802,-0.9335803975582768,0.8101579745265006,-0.8203774937679902,-0.0505170291709952,5/3/2005 0:00,Shipped,-0.5962425798983697,-0.5723367278181918,1.6938261357079059,Trucks and Buses,0.3555044105530499,S50_1392,Euro Shopping Channel,(91) 555 94 44,"C/ Moralzarzal, 86",Madrid,28034,Spain,EMEA,Freyre,Diego,Medium
1.8059779573881902,-1.7549594812177935,0.8101579745265006,-1.0570587063287502,-0.900306322644074,5/31/2005 0:00,In Process,-0.5962425798983697,-0.5723367278181918,1.6938261357079059,Trucks and Buses,0.3555044105530499,S50_1392,La Rochelle Gifts,40.67.8555,"67, rue des Cinquante Otages",Nantes,44000,France,EMEA,Labrune,Janine,Small
-1.6805312936033174,-0.3175460848136394,-1.5045853425188365,-1.0570587063287502,-1.0034917644211325,1/31/2003 0:00,Shipped,-1.4270386327380036,-1.6664329408743999,-1.1651700861775494,Trains,-1.063083815274645,S50_1514,Euro Shopping Channel,(91) 555 94 44,"C/ Moralzarzal, 86",Madrid,28034,Spain,EMEA,Freyre,Diego,Small
-1.5393330996379293,-1.4469423248454747,-1.7078504442512392,1.0730722067180898,-1.3686809100346977,4/16/2003 0:00,Shipped,-0.5962425798983697,-0.8458607810822437,-1.1651700861775494,Trains,-1.063083815274645,S50_1514,"Dragon Souveniers, Ltd.",+65 221 7555,"Bronz Sok., Bronz Apt. 3/6 Tesvikiye",Singapore,79903,Singapore,Japan,Natividad,Eric,Small
-1.4307191042799385,1.1198673115905147,-0.720775279497059,-0.5836962812072303,-0.2032914328630153,6/3/2003 0:00,Shipped,-0.5962425798983697,-0.29881267455413973,-1.1651700861775494,Trains,-1.063083815274645,S50_1514,Muscle Machine Inc,2125557413,4092 Furth Circle,NYC,10022,USA,EMEA,Young,Jeff,Medium
-1.2677981112429522,0.7091777697607564,-1.6790958688842164,1.7831158444003699,-0.7942862950019685,8/8/2003 0:00,Shipped,0.23455347294126402,0.24823543197396428,-1.1651700861775494,Trains,-1.063083815274645,S50_1514,Mini Gifts Distributors Ltd.,4155551450,5677 Strong St.,San Rafael,97562,USA,EMEA,Nelson,Valarie,Small
-1.148322716349162,-0.42021847027107895,-1.301320240786434,1.5464346318396098,-0.9634220151908981,9/28/2003 0:00,Shipped,0.23455347294126402,0.5217594852380163,-1.1651700861775494,Trains,-1.063083815274645,S50_1514,Euro Shopping Channel,(91) 555 94 44,"C/ Moralzarzal, 86",Madrid,28034,Spain,EMEA,Freyre,Diego,Small
-1.017985921919573,0.29848822793099805,-0.8367851180467719,-0.3470150686464702,-0.5518477499236317,10/22/2003 0:00,Shipped,1.0653495257808978,0.7952835385020682,-1.1651700861775494,Trains,-1.063083815274645,S50_1514,"Dragon Souveniers, Ltd.",+65 221 7555,"Bronz Sok., Bronz Apt. 3/6 Tesvikiye",Singapore,79903,Singapore,Japan,Natividad,Eric,Small
-0.898510527025783,0.29848822793099805,-0.9527949565964848,-0.5836962812072303,-0.6001334539696062,11/6/2003 0:00,Shipped,1.0653495257808978,1.0688075917661204,-1.1651700861775494,Trains,-1.063083815274645,S50_1514,L'ordine Souveniers,0522-556555,Strada Provinciale 124,Reggio Emilia,42100,Italy,EMEA,Moroni,Maurizio,Small
-0.8007579312035913,-1.5496147103029143,-1.737100788159073,2.0197970569611297,-1.4018108111125753,11/14/2003 0:00,Shipped,1.0653495257808978,1.0688075917661204,-1.1651700861775494,Trains,-1.063083815274645,S50_1514,Mini Creations Ltd.,5085559555,4575 Hillside Dr.,New Bedford,50553,USA,EMEA,Tam,Wing C,Small
-0.6812825363098013,1.1198673115905147,-1.069300563687008,0.1263473564750498,-0.37889457022679385,11/26/2003 0:00,Shipped,1.0653495257808978,1.0688075917661204,-1.1651700861775494,Trains,-1.063083815274645,S50_1514,Super Scale Inc.,2035559545,567 North Pendale Street,New Haven,97823,USA,EMEA,Murphy,Leslie,Small
-0.5509457418802122,-0.5228908557285186,-0.8947900373216284,2.0197970569611297,-0.8610130978941111,1/2/2004 0:00,Shipped,-1.4270386327380036,-1.6664329408743999,0.2643280247651782,Trains,-1.063083815274645,S50_1514,"Saveley & Henriot, Co.",78.32.5555,"2, rue du Commerce",Lyon,69004,France,EMEA,Saveley,Mary,Small
-0.4206089474506231,-0.5228908557285186,-0.7495298548640817,-0.5836962812072303,-0.8132812784424563,2/12/2004 0:00,Shipped,-1.4270386327380036,-1.3929088876103477,0.2643280247651782,Trains,-1.063083815274645,S50_1514,"Clover Collections, Co.",+353 1862 1555,25 Maiden Lane,Dublin,2,Ireland,EMEA,Cassidy,Dean,Small
-0.3119949520926322,0.8118501552181959,-1.5625902617936929,-1.0570587063287502,-0.7123765379361253,3/15/2004 0:00,Shipped,-1.4270386327380036,-1.1193848343462958,0.2643280247651782,Trains,-1.063083815274645,S50_1514,"Blauer See Auto, Co.",+49 69 66 90 2555,Lyonerstr. 34,Frankfurt,60528,Germany,EMEA,Keitel,Roland,Small
-0.12735115998404767,1.4278844679628335,-0.9820453005043183,-0.5836962812072303,-0.23091506944442228,5/5/2004 0:00,Shipped,-0.5962425798983697,-0.5723367278181918,0.2643280247651782,Trains,-1.063083815274645,S50_1514,Suominen Souveniers,+358 9 8045 555,"Software Engineering Center, SEC Oy",Espoo,FIN-02271,Finland,EMEA,Suominen,Kalle,Medium
0.14418382841092955,0.8118501552181959,-1.3305705846942673,-0.5836962812072303,-0.6030983656215517,7/20/2004 0:00,Shipped,0.23455347294126402,-0.025288621290087743,0.2643280247651782,Trains,-1.063083815274645,S50_1514,Diecast Classics Inc.,2155551555,7586 Pompton St.,Allentown,70267,USA,EMEA,Yu,Kyung,Small
0.25279782376892046,0.1958158424735585,-0.8367851180467719,0.1263473564750498,-0.5881109001281993,8/20/2004 0:00,Shipped,0.23455347294126402,0.24823543197396428,0.2643280247651782,Trains,-1.063083815274645,S50_1514,Mini Gifts Distributors Ltd.,4155551450,5677 Strong St.,San Rafael,97562,USA,EMEA,Nelson,Valarie,Small
0.36141181912691134,-0.009528928441320661,-1.4173300793361465,-1.2937399188895102,-0.8831956328724967,9/8/2004 0:00,Shipped,0.23455347294126402,0.5217594852380163,0.2643280247651782,Trains,-1.063083815274645,S50_1514,Land of Toys Inc.,2125557818,897 Long Airport Avenue,NYC,10022,USA,EMEA,Yu,Kwai,Small
0.5134714126280986,-0.11220131389876024,-1.1560600583288874,2.0197970569611297,-0.8158009103224981,10/14/2004 0:00,Shipped,1.0653495257808978,0.7952835385020682,0.2643280247651782,Trains,-1.063083815274645,S50_1514,"AV Stores, Co.",(171) 555-1555,Fauntleroy Circus,Manchester,EC2 5NT,UK,EMEA,Ashworth,Victoria,Small
0.6003626089144913,0.29848822793099805,-1.0980551390540312,0.1263473564750498,-0.6605937586083687,10/22/2004 0:00,Shipped,1.0653495257808978,0.7952835385020682,0.2643280247651782,Trains,-1.063083815274645,S50_1514,Heintze Collectables,86 21 3555,Smagsloget 45,Aaarhus,8200,Denmark,EMEA,Ibsen,Palle,Small
0.7198380038082813,0.9145225406756355,0.8101579745265006,0.1263473564750498,1.291892878296989,11/5/2004 0:00,Shipped,1.0653495257808978,1.0688075917661204,0.2643280247651782,Trains,-1.063083815274645,S50_1514,Baane Mini Imports,07-98 9555,Erling Skakkes gate 78,Stavern,4110,Norway,EMEA,Bergulfsen,Jonas,Medium
0.8501747982378703,-1.4469423248454747,0.8101579745265006,-0.1103338560857102,-0.6826459677998556,11/21/2004 0:00,Shipped,1.0653495257808978,1.0688075917661204,0.2643280247651782,Trains,-1.063083815274645,S50_1514,Classic Legends Inc.,2125558493,5905 Pompton St.,NYC,10022,USA,EMEA,Hernandez,Maria,Small
0.9913729922032586,0.9145225406756355,0.8101579745265006,2.4931594820826497,1.5948568909075378,12/2/2004 0:00,Shipped,1.0653495257808978,1.3423316450301723,0.2643280247651782,Trains,-1.063083815274645,S50_1514,Euro Shopping Channel,(91) 555 94 44,"C/ Moralzarzal, 86",Madrid,28034,Spain,EMEA,Freyre,Diego,Medium
1.0891255880254505,-1.0362527830157164,-0.9285022980967582,-0.5836962812072303,-1.0483835677666196,12/15/2004 0:00,Shipped,1.0653495257808978,1.3423316450301723,0.2643280247651782,Trains,-1.063083815274645,S50_1514,Reims Collectables,26.47.1555,59 rue de l'Abbaye,Reims,51100,France,EMEA,Henriot,Paul,Small
1.2303237819908386,-1.138925168473156,-1.2433153215115775,0.5997097815965698,-1.1663989980445277,1/26/2005 0:00,Shipped,-1.4270386327380036,-1.6664329408743999,1.6938261357079059,Trains,-1.063083815274645,S50_1514,"Tokyo Collectables, Ltd",+81 3 3584 0555,2-2-8 Roppongi,Minato-ku,106-0032,Japan,Japan,Shimamura,Akiko,Small
1.3497991768846285,0.29848822793099805,-1.169941577471588,0.8363909941573299,-0.6905143871838656,2/22/2005 0:00,Shipped,-1.4270386327380036,-1.3929088876103477,1.6938261357079059,Trains,-1.063083815274645,S50_1514,Euro Shopping Channel,(91) 555 94 44,"C/ Moralzarzal, 86",Madrid,28034,Spain,EMEA,Freyre,Diego,Small
1.4801359713142177,1.017194926133075,0.8101579745265006,-0.8203774937679902,2.944907147632459,3/17/2005 0:00,Shipped,-1.4270386327380036,-1.1193848343462958,1.6938261357079059,Trains,-1.063083815274645,S50_1514,Lyon Souveniers,+33 1 46 62 7555,27 rue du Colonel Pierre Avia,Paris,75508,France,EMEA,Da Cunha,Daniel,Large
1.6756411629586012,1.6332292388777125,-0.9820453005043183,-0.5836962812072303,-0.16157089033206382,5/5/2005 0:00,Shipped,-0.5962425798983697,-0.5723367278181918,1.6938261357079059,Trains,-1.063083815274645,S50_1514,Gift Depot Inc.,2035552570,25593 South Bay Ln.,Bridgewater,97562,USA,EMEA,King,Julie,Medium
-1.6370856954601212,-0.11220131389876024,-0.03314431339256547,1.7831158444003699,-0.3976180416112427,3/3/2003 0:00,Shipped,-1.4270386327380036,-1.1193848343462958,-1.1651700861775494,Motorcycles,-0.49067102239680316,S50_4713,Cruz & Sons Co.,+63 2 555 3587,15 McCallum Street - NatWest Center #13-03,Makati City,1227 MM,Philippines,Japan,Cruz,Arnold,Small
-1.495887501494733,0.9145225406756355,-0.4366999056125065,-1.2937399188895102,-0.1414518469795744,5/7/2003 0:00,Shipped,-0.5962425798983697,-0.5723367278181918,-1.1651700861775494,Motorcycles,-0.49067102239680316,S50_4713,Reims Collectables,26.47.1555,59 rue de l'Abbaye,Reims,51100,France,EMEA,Henriot,Paul,Medium
-1.3438279079935458,0.9145225406756355,0.6118505582022054,2.0197970569611297,0.36388639172019743,7/2/2003 0:00,Shipped,0.23455347294126402,-0.025288621290087743,-1.1651700861775494,Motorcycles,-0.49067102239680316,S50_4713,Mini Gifts Distributors Ltd.,4155551450,5677 Strong St.,San Rafael,97562,USA,EMEA,Nelson,Valarie,Medium
-1.2352139126355548,0.29848822793099805,-0.11395458554471559,-1.0570587063287502,-0.2509906708679455,8/25/2003 0:00,Shipped,0.23455347294126402,0.24823543197396428,-1.1651700861775494,Motorcycles,-0.49067102239680316,S50_4713,Toys4GrownUps.com,6265557265,78934 Hillside Dr.,Pasadena,90003,USA,EMEA,Young,Julie,Medium
-1.0831543191343675,-0.42021847027107895,-0.5978246813759964,0.8363909941573299,-0.7245511385289137,10/10/2003 0:00,Shipped,1.0653495257808978,0.7952835385020682,-1.1651700861775494,Motorcycles,-0.49067102239680316,S50_4713,Corporate Gift Ideas Co.,6505551386,7734 Strong St.,San Francisco,28034,USA,EMEA,Brown,Julie,Small
-0.9745403237763767,1.325212082505394,-0.1541118373503855,0.8363909941573299,0.16970096924111042,11/4/2003 0:00,Shipped,1.0653495257808978,1.0688075917661204,-1.1651700861775494,Motorcycles,-0.49067102239680316,S50_4713,"Anna's Decorations, Ltd",02 9936 8555,201 Miller Street,North Sydney,2060,Australia,APAC,O'Hara,Anna,Medium
-0.8550649288825867,-1.4469423248454747,0.4908830342443853,-0.3470150686464702,-0.8629354032508672,11/11/2003 0:00,Shipped,1.0653495257808978,1.0688075917661204,-1.1651700861775494,Motorcycles,-0.49067102239680316,S50_4713,Daedalus Designs Imports,20.16.1555,"184, chausse de Tournai",Lille,59000,France,EMEA,Rance,Martine,Small
-0.7464509335245958,0.5038329988458772,-0.8397597292916364,-1.0570587063287502,-0.4806247073834832,11/19/2003 0:00,Shipped,1.0653495257808978,1.0688075917661204,-1.1651700861775494,Motorcycles,-0.49067102239680316,S50_4713,Euro Shopping Channel,(91) 555 94 44,"C/ Moralzarzal, 86",Madrid,28034,Spain,EMEA,Freyre,Diego,Small
-0.5183615432728149,0.5038329988458772,-0.1541118373503855,0.8363909941573299,-0.18022376858194253,1/15/2004 0:00,Shipped,-1.4270386327380036,-1.6664329408743999,0.2643280247651782,Motorcycles,-0.49067102239680316,S50_4713,Auto Canal Petit,(1) 47.55.6555,"25, rue Lauriston",Paris,75016,France,EMEA,Perrier,Dominique,Medium
-0.37716334930742673,1.530556853420273,-0.31573238165468576,-0.8203774937679902,0.1686692234281622,2/21/2004 0:00,Shipped,-1.4270386327380036,-1.3929088876103477,0.2643280247651782,Motorcycles,-0.49067102239680316,S50_4713,Daedalus Designs Imports,20.16.1555,"184, chausse de Tournai",Lille,59000,France,EMEA,Rance,Martine,Medium
-0.23596515534203857,-1.5496147103029143,-0.7594452256802967,-0.8203774937679902,-1.1876421013090184,4/5/2004 0:00,Shipped,-0.5962425798983697,-0.8458607810822437,0.2643280247651782,Motorcycles,-0.49067102239680316,S50_4713,Vitachrome Inc.,2125551500,2678 Kingston Rd.,NYC,10022,USA,EMEA,Frick,Michael,Small
-0.07304416230505223,1.325212082505394,-0.5576674295703266,0.1263473564750498,-0.04246941182999964,5/26/2004 0:00,Shipped,-0.5962425798983697,-0.5723367278181918,0.2643280247651782,Motorcycles,-0.49067102239680316,S50_4713,Auto Canal Petit,(1) 47.55.6555,"25, rue Lauriston",Paris,75016,France,EMEA,Perrier,Dominique,Medium
0.05729263212453684,1.2225396970479543,0.2896010066752254,-0.3470150686464702,0.3543834697588327,6/30/2004 0:00,Shipped,-0.5962425798983697,-0.29881267455413973,0.2643280247651782,Motorcycles,-0.49067102239680316,S50_4713,Gifts4AllAges.com,6175559555,8616 Spinnaker Dr.,Boston,51003,USA,EMEA,Yoshido,Juri,Medium
0.18762942655412593,-1.4469423248454747,-0.6384777017224766,1.0730722067180898,-1.122707277986733,8/2/2004 0:00,Shipped,0.23455347294126402,0.24823543197396428,0.2643280247651782,Motorcycles,-0.49067102239680316,S50_4713,Online Mini Collectables,6175557555,7635 Spinnaker Dr.,Brickhaven,58339,USA,EMEA,Barajas,Miguel,Small
0.2853820223763177,0.40116061338843767,-0.23492210950253561,-1.0570587063287502,-0.25848440361462155,8/27/2004 0:00,Shipped,0.23455347294126402,0.24823543197396428,0.2643280247651782,Motorcycles,-0.49067102239680316,S50_4713,Marta's Replicas Co.,6175558555,39323 Spinnaker Dr.,Cambridge,51247,USA,EMEA,Hernandez,Marta,Medium
0.43744161587750496,0.9145225406756355,-0.1541118373503855,-0.3470150686464702,-0.005261399670416181,9/30/2004 0:00,Shipped,0.23455347294126402,0.5217594852380163,0.2643280247651782,Motorcycles,-0.49067102239680316,S50_4713,"Toys of Finland, Co.",90-224 8555,Keskuskatu 45,Helsinki,21240,Finland,EMEA,Karttunen,Matti,Medium
0.5460556112354958,-0.7282356266433977,0.24894798632874524,-1.2937399188895102,-0.5814968664430896,10/15/2004 0:00,Shipped,1.0653495257808978,0.7952835385020682,0.2643280247651782,Motorcycles,-0.49067102239680316,S50_4713,Baane Mini Imports,07-98 9555,Erling Skakkes gate 78,Stavern,4110,Norway,EMEA,Bergulfsen,Jonas,Small
0.6546696065934868,1.017194926133075,-0.31573238165468576,-0.1103338560857102,-0.041182444684374625,11/3/2004 0:00,Shipped,1.0653495257808978,1.0688075917661204,0.2643280247651782,Motorcycles,-0.49067102239680316,S50_4713,Microscale Inc.,2125551957,5290 North Pendale Street,NYC,10022,USA,EMEA,Kuo,Kee,Medium
0.7850064010230758,-1.5496147103029143,0.8101579745265006,-0.3470150686464702,0.056426139461643,11/17/2004 0:00,Shipped,1.0653495257808978,1.0688075917661204,0.2643280247651782,Motorcycles,-0.49067102239680316,S50_4713,Motor Mint Distributors Inc.,2155559857,11328 Douglas Av.,Philadelphia,71270,USA,EMEA,Hernandez,Rosa,Medium
0.8936203963810667,0.29848822793099805,0.8101579745265006,-0.8203774937679902,0.6127869237322621,11/24/2004 0:00,Shipped,1.0653495257808978,1.0688075917661204,0.2643280247651782,Motorcycles,-0.49067102239680316,S50_4713,Salzburg Collectables,6562-9555,Geislweg 14,Salzburg,5020,Austria,EMEA,Pipps,Georg,Medium
1.056541389418053,-0.9335803975582768,0.8101579745265006,-0.5836962812072303,0.2084185884322705,12/9/2004 0:00,Shipped,1.0653495257808978,1.3423316450301723,0.2643280247651782,Motorcycles,-0.49067102239680316,S50_4713,Lyon Souveniers,+33 1 46 62 7555,27 rue du Colonel Pierre Avia,Paris,75508,France,EMEA,Da Cunha,Daniel,Medium
1.154293985240245,0.9145225406756355,0.8101579745265006,-1.0570587063287502,0.77675848461533,1/7/2005 0:00,Shipped,-1.4270386327380036,-1.6664329408743999,1.6938261357079059,Motorcycles,-0.49067102239680316,S50_4713,Mini Creations Ltd.,5085559555,4575 Hillside Dr.,New Bedford,50553,USA,EMEA,Tam,Wing C,Medium
1.2629079805982357,1.4278844679628335,0.8101579745265006,0.3630285690358098,1.0060992881103459,2/3/2005 0:00,Shipped,-1.4270386327380036,-1.3929088876103477,1.6938261357079059,Motorcycles,-0.49067102239680316,S50_4713,La Rochelle Gifts,40.67.8555,"67, rue des Cinquante Otages",Nantes,44000,France,EMEA,Labrune,Janine,Medium
1.425828973635222,-1.344269939388035,0.8101579745265006,1.5464346318396098,-0.034052538092790886,3/4/2005 0:00,Shipped,-1.4270386327380036,-1.1193848343462958,1.6938261357079059,Motorcycles,-0.49067102239680316,S50_4713,Mini Gifts Distributors Ltd.,4155551450,5677 Strong St.,San Rafael,97562,USA,EMEA,Nelson,Valarie,Medium
1.5670271676006102,-0.42021847027107895,-0.7594452256802967,-0.8203774937679902,-0.7794291552955148,4/8/2005 0:00,Shipped,-0.5962425798983697,-0.8458607810822437,1.6938261357079059,Motorcycles,-0.49067102239680316,S50_4713,"UK Collectables, Ltd.",(171) 555-2282,Berkeley Gardens 12  Brewery,Liverpool,WX1 6LT,UK,EMEA,Devon,Elizabeth,Small
-1.6696698940675183,0.6065053843033168,-0.6439311556713947,-0.3470150686464702,-0.35645138367461077,2/11/2003 0:00,Shipped,-1.4270386327380036,-1.3929088876103477,-1.1651700861775494,Ships,-0.8639837134040913,S700_1138,Danish Wholesale Imports,31 12 3555,Vinb'ltet 34,Kobenhavn,1734,Denmark,EMEA,Petersen,Jytte,Small
-1.517610300566331,-1.0362527830157164,-0.34647003118495173,1.7831158444003699,-0.8890059908717312,4/28/2003 0:00,Shipped,-0.5962425798983697,-0.8458607810822437,-1.1651700861775494,Ships,-0.8639837134040913,S700_1138,Salzburg Collectables,6562-9555,Geislweg 14,Salzburg,5020,Austria,EMEA,Pipps,Georg,Small
-1.4089963052083403,-0.42021847027107895,-1.1729161887164525,-0.3470150686464702,-0.9198226092321568,6/12/2003 0:00,Shipped,-0.5962425798983697,-0.29881267455413973,-1.1651700861775494,Ships,-0.8639837134040913,S700_1138,"Stylish Desk Decors, Co.",(171) 555-0297,35 King George,London,WX3 6FW,UK,EMEA,Brown,Ann,Small
-1.2677981112429522,0.6065053843033168,-0.9746087723921573,-1.0570587063287502,-0.5049521876045769,8/8/2003 0:00,Shipped,0.23455347294126402,0.24823543197396428,-1.1651700861775494,Ships,-0.8639837134040913,S700_1138,Mini Gifts Distributors Ltd.,4155551450,5677 Strong St.,San Rafael,97562,USA,EMEA,Nelson,Valarie,Small
-1.148322716349162,0.8118501552181959,-0.9413922801578377,-1.2937399188895102,-0.4198005765896283,9/28/2003 0:00,Shipped,0.23455347294126402,0.5217594852380163,-1.1651700861775494,Ships,-0.8639837134040913,S700_1138,Euro Shopping Channel,(91) 555 94 44,"C/ Moralzarzal, 86",Madrid,28034,Spain,EMEA,Freyre,Diego,Small
-0.9962631228479749,0.8118501552181959,-0.4124072471127798,1.3097534192788498,-0.1706556837271285,10/23/2003 0:00,Cancelled,1.0653495257808978,0.7952835385020682,-1.1651700861775494,Ships,-0.8639837134040913,S700_1138,Scandinavian Gift Ideas,0695-34 6555,?kergatan 24,Boras,S-844 67,Sweden,EMEA,Larsson,Maria,Medium
-0.8876491274899839,-1.138925168473156,-0.3796865234192713,-0.8203774937679902,-0.9393714772669641,11/7/2003 0:00,Shipped,1.0653495257808978,1.0688075917661204,-1.1651700861775494,Ships,-0.8639837134040913,S700_1138,CAF Imports,+34 913 728 555,"Merchants House, 27-30 Merchant's Quay",Madrid,28023,Spain,EMEA,Fernandez,Jesus,Small
-0.8007579312035913,-1.4469423248454747,-1.4703773132028957,-0.8203774937679902,-1.314058114600773,11/14/2003 0:00,Shipped,1.0653495257808978,1.0688075917661204,-1.1651700861775494,Ships,-0.8639837134040913,S700_1138,Mini Creations Ltd.,5085559555,4575 Hillside Dr.,New Bedford,50553,USA,EMEA,Tam,Wing C,Small
-0.6704211367740022,-1.2415975539305957,-0.9413922801578377,0.5997097815965698,-1.122147963151293,11/26/2003 0:00,Shipped,1.0653495257808978,1.0688075917661204,-1.1651700861775494,Ships,-0.8639837134040913,S700_1138,Enaco Distributors,(93) 203 4555,"Rambla de CataluÂ¤a, 23",Barcelona,8022,Spain,EMEA,Saavedra,Eduardo,Small
-0.5509457418802122,0.29848822793099805,-0.44562373934709937,-0.8203774937679902,-0.38903826064041047,1/2/2004 0:00,Shipped,-1.4270386327380036,-1.6664329408743999,0.2643280247651782,Ships,-0.8639837134040913,S700_1138,"Saveley & Henriot, Co.",78.32.5555,"2, rue du Commerce",Lyon,69004,France,EMEA,Saveley,Mary,Small
-0.3988861483790249,-0.42021847027107895,-1.0405459883199855,2.0197970569611297,-0.874876503475462,2/19/2004 0:00,Shipped,-1.4270386327380036,-1.3929088876103477,0.2643280247651782,Ships,-0.8639837134040913,S700_1138,Collectable Mini Designs Co.,7605558146,361 Furth Circle,San Diego,91217,USA,EMEA,Thompson,Valarie,Small
-0.2794107534852349,0.09314345701611891,-0.6439311556713947,-0.8203774937679902,-0.5483289536773663,3/29/2004 0:00,Shipped,-1.4270386327380036,-1.1193848343462958,0.2643280247651782,Ships,-0.8639837134040913,S700_1138,Tekni Collectables Inc.,2015559350,7476 Moss Rd.,Newark,94019,USA,EMEA,Brown,William,Small
-0.11648976044824859,0.09314345701611891,-0.6107146634370751,-0.1103338560857102,-0.5352312120940454,5/7/2004 0:00,Cancelled,-0.5962425798983697,-0.5723367278181918,0.2643280247651782,Ships,-0.8639837134040913,S700_1138,Land of Toys Inc.,2125557818,897 Long Airport Avenue,NYC,10022,USA,EMEA,Yu,Kwai,Small
0.024708433517139576,-0.11220131389876024,-1.073762480554305,-0.5836962812072303,-0.7851526294368167,6/17/2004 0:00,Shipped,-0.5962425798983697,-0.29881267455413973,0.2643280247651782,Ships,-0.8639837134040913,S700_1138,Quebec Home Shopping Network,(514) 555-8054,43 rue St. Laurent,Montreal,H1J 1C3,Canada,EMEA,Fresnisre,Jean,Small
0.15504522794672865,-1.4469423248454747,-0.9081757879235182,0.1263473564750498,-1.1847423525505218,7/21/2004 0:00,Shipped,0.23455347294126402,-0.025288621290087743,0.2643280247651782,Ships,-0.8639837134040913,S700_1138,Petit Auto,(02) 5554 67,Rue Joseph-Bens 532,Bruxelles,B-1180,Belgium,EMEA,Dewey,Catherine,Small
0.2636592233047195,1.017194926133075,-0.24731632302280407,0.5997097815965698,-0.007460647324331868,8/20/2004 0:00,Shipped,0.23455347294126402,0.24823543197396428,0.2643280247651782,Ships,-0.8639837134040913,S700_1138,"Royal Canadian Collectables, Ltd.",(604) 555-4555,23 Tsawassen Blvd.,Tsawassen,T2F 8M4,Canada,EMEA,Lincoln,Elizabeth,Medium
0.39399601773430865,-0.9335803975582768,-0.4124072471127798,-0.5836962812072303,-0.8661501059943688,9/10/2004 0:00,Shipped,0.23455347294126402,0.5217594852380163,0.2643280247651782,Ships,-0.8639837134040913,S700_1138,Gifts4AllAges.com,6175559555,8616 Spinnaker Dr.,Boston,51003,USA,EMEA,Yoshido,Juri,Small
0.5134714126280986,1.530556853420273,-1.4703773132028957,-0.8203774937679902,-0.4636823550866502,10/14/2004 0:00,Shipped,1.0653495257808978,0.7952835385020682,0.2643280247651782,Ships,-0.8639837134040913,S700_1138,"AV Stores, Co.",(171) 555-1555,Fauntleroy Circus,Manchester,EC2 5NT,UK,EMEA,Ashworth,Victoria,Small
0.6112240084502905,0.6065053843033168,-1.073762480554305,-1.0570587063287502,-0.5494801647949716,10/29/2004 0:00,Shipped,1.0653495257808978,0.7952835385020682,0.2643280247651782,Ships,-0.8639837134040913,S700_1138,La Rochelle Gifts,40.67.8555,"67, rue des Cinquante Otages",Nantes,44000,France,EMEA,Labrune,Janine,Small
0.7306994033440805,0.40116061338843767,-1.1729161887164525,-1.2937399188895102,-0.6591710354347244,11/9/2004 0:00,Shipped,1.0653495257808978,1.0688075917661204,0.2643280247651782,Ships,-0.8639837134040913,S700_1138,"Volvo Model Replicas, Co",0921-12 3555,BerguvsvÂgen  8,Lule,S-958 22,Sweden,EMEA,Berglund,Christina,Small
0.8718975973094686,-1.344269939388035,0.8101579745265006,-0.3470150686464702,-0.4004526274762897,11/23/2004 0:00,Shipped,1.0653495257808978,1.0688075917661204,0.2643280247651782,Ships,-0.8639837134040913,S700_1138,"Tokyo Collectables, Ltd",+81 3 3584 0555,2-2-8 Roppongi,Minato-ku,106-0032,Japan,Japan,Shimamura,Akiko,Small
0.9913729922032586,1.1198673115905147,-0.34647003118495173,1.0730722067180898,-0.014699158738331355,12/2/2004 0:00,Shipped,1.0653495257808978,1.3423316450301723,0.2643280247651782,Ships,-0.8639837134040913,S700_1138,Euro Shopping Channel,(91) 555 94 44,"C/ Moralzarzal, 86",Madrid,28034,Spain,EMEA,Freyre,Diego,Medium
1.2411851815266377,0.9145225406756355,0.8101579745265006,1.7831158444003699,0.5832246910707368,1/31/2005 0:00,Shipped,-1.4270386327380036,-1.6664329408743999,1.6938261357079059,Ships,-0.8639837134040913,S700_1138,"Oulu Toy Supplies, Inc.",981-443655,Torikatu 38,Oulu,90110,Finland,EMEA,Koskitalo,Pirkko,Medium
1.3715219759562267,-1.0362527830157164,-0.3132535389506322,-1.2937399188895102,-0.8799103369944249,2/28/2005 0:00,Shipped,-1.4270386327380036,-1.3929088876103477,1.6938261357079059,Ships,-0.8639837134040913,S700_1138,Mini Gifts Distributors Ltd.,4155551450,5677 Strong St.,San Rafael,97562,USA,EMEA,Nelson,Valarie,Small
1.4909973708500166,0.40116061338843767,-0.8422385719956901,-1.2937399188895102,-0.5179141731598784,3/23/2005 0:00,Shipped,-1.4270386327380036,-1.1193848343462958,1.6938261357079059,Ships,-0.8639837134040913,S700_1138,Mini Gifts Distributors Ltd.,4155551450,5677 Strong St.,San Rafael,97562,USA,EMEA,Nelson,Valarie,Small
1.6865025624944003,0.1958158424735585,-0.6107146634370751,-0.1103338560857102,-0.496491871938402,5/6/2005 0:00,On Hold,-0.5962425798983697,-0.5723367278181918,1.6938261357079059,Ships,-0.8639837134040913,S700_1138,Gifts4AllAges.com,6175559555,8616 Spinnaker Dr.,Boston,51003,USA,EMEA,Yoshido,Juri,Small
-1.6588084945317194,-0.42021847027107895,0.8101579745265006,0.1263473564750498,-0.13082486510620844,2/17/2003 0:00,Shipped,-1.4270386327380036,-1.3929088876103477,-1.1651700861775494,Planes,-0.2417958950586111,S700_1691,Rovelli Gifts,035-640555,Via Ludovico il Moro 22,Bergamo,24100,Italy,EMEA,Rovelli,Giovanni,Medium
-1.5067489010305322,1.2225396970479543,-0.0718142595758031,1.5464346318396098,0.168327118237553,4/29/2003 0:00,Shipped,-0.5962425798983697,-0.8458607810822437,-1.1651700861775494,Planes,-0.2417958950586111,S700_1691,"Australian Collectors, Co.",03 9520 4555,636 St Kilda Road,Melbourne,3004,Australia,APAC,Ferguson,Peter,Medium
-1.3655507070651438,-1.138925168473156,-0.2983804827263102,0.3630285690358098,-0.9179980482155747,6/27/2003 0:00,Shipped,-0.5962425798983697,-0.29881267455413973,-1.1651700861775494,Planes,-0.2417958950586111,S700_1691,Euro Shopping Channel,(91) 555 94 44,"C/ Moralzarzal, 86",Madrid,28034,Spain,EMEA,Freyre,Diego,Small
-1.256936711707153,0.09314345701611891,0.8101579745265006,-1.0570587063287502,0.2129039675980348,8/10/2003 0:00,Shipped,0.23455347294126402,0.24823543197396428,-1.1651700861775494,Planes,-0.2417958950586111,S700_1691,Mini Creations Ltd.,5085559555,4575 Hillside Dr.,New Bedford,50553,USA,EMEA,Tam,Wing C,Medium
-1.115738517741765,1.325212082505394,0.8101579745265006,-1.0570587063287502,0.760337435466092,10/8/2003 0:00,Shipped,1.0653495257808978,0.7952835385020682,-1.1651700861775494,Planes,-0.2417958950586111,S700_1691,Euro Shopping Channel,(91) 555 94 44,"C/ Moralzarzal, 86",Madrid,28034,Spain,EMEA,Freyre,Diego,Medium
-0.9854017233121758,-0.7282356266433977,0.7432292215170513,1.7831158444003699,-0.42990625531539967,10/28/2003 0:00,Shipped,1.0653495257808978,0.7952835385020682,-1.1651700861775494,Planes,-0.2417958950586111,S700_1691,Technics Stores Inc.,6505556809,9408 Furth Circle,Burlingame,94217,USA,EMEA,Hirano,Juri,Small
-0.648698337702404,1.325212082505394,-0.026699322362025386,-1.0570587063287502,0.2366884237070506,12/1/2003 0:00,Shipped,1.0653495257808978,1.3423316450301723,-1.1651700861775494,Planes,-0.2417958950586111,S700_1691,West Coast Collectables Co.,3105553722,3675 Furth Circle,Burbank,94019,USA,EMEA,Thompson,Steve,Medium
-0.529222942808614,-1.4469423248454747,-0.25326554551253316,1.3097534192788498,-1.0341020336189686,1/12/2004 0:00,Shipped,-1.4270386327380036,-1.6664329408743999,0.2643280247651782,Planes,-0.2417958950586111,S700_1691,Osaka Souveniers Co.,+81 06 6342 5555,"Dojima Avanza 4F, 1-6-20 Dojima, Kita-ku",Osaka,530-0003,Japan,Japan,Kentary,Mory,Small
-0.38802474884322585,-1.0362527830157164,0.8101579745265006,1.7831158444003699,-0.553417089607537,2/20/2004 0:00,Shipped,-1.4270386327380036,-1.3929088876103477,0.2643280247651782,Planes,-0.2417958950586111,S700_1691,"Australian Collectors, Co.",03 9520 4555,636 St Kilda Road,Melbourne,3004,Australia,APAC,Ferguson,Peter,Small
-0.25768795441363673,-1.0362527830157164,0.8101579745265006,0.3630285690358098,-0.5287094925079887,4/2/2004 0:00,Shipped,-0.5962425798983697,-0.8458607810822437,0.2643280247651782,Planes,-0.2417958950586111,S700_1691,"Royal Canadian Collectables, Ltd.",(604) 555-4555,23 Tsawassen Blvd.,Tsawassen,T2F 8M4,Canada,EMEA,Lincoln,Elizabeth,Small
-0.09476696137665042,-0.42021847027107895,0.38082241818440143,0.5997097815965698,-0.3922529633839122,5/11/2004 0:00,Shipped,-0.5962425798983697,-0.5723367278181918,0.2643280247651782,Planes,-0.2417958950586111,S700_1691,The Sharp Gifts Warehouse,4085553659,3086 Ingle Ln.,San Jose,94217,USA,EMEA,Frick,Sue,Small
0.03556983305293866,0.5038329988458772,0.018415614851751628,-0.5836962812072303,-0.10463481218068725,6/24/2004 0:00,Cancelled,-0.5962425798983697,-0.29881267455413973,0.2643280247651782,Planes,-0.2417958950586111,S700_1691,Euro Shopping Channel,(91) 555 94 44,"C/ Moralzarzal, 86",Madrid,28034,Spain,EMEA,Freyre,Diego,Medium
0.17676802701832683,-0.3175460848136394,0.29009677521603644,1.7831158444003699,-0.37445263298999576,7/23/2004 0:00,Shipped,0.23455347294126402,-0.025288621290087743,0.2643280247651782,Planes,-0.2417958950586111,S700_1691,La Rochelle Gifts,40.67.8555,"67, rue des Cinquante Otages",Nantes,44000,France,EMEA,Labrune,Janine,Small
0.27452062284051865,-1.138925168473156,-0.026699322362025386,-0.1103338560857102,-0.8465795169950782,8/21/2004 0:00,Shipped,0.23455347294126402,0.24823543197396428,0.2643280247651782,Planes,-0.2417958950586111,S700_1691,"Norway Gifts By Mail, Co.",+47 2212 1555,"Drammensveien 126 A, PB 744 Sentrum",Oslo,N 0106,Norway,EMEA,Klaeboe,Jan,Small
0.4048574172701077,0.7091777697607564,0.8101579745265006,-1.0570587063287502,0.4033099422570593,9/15/2004 0:00,Shipped,0.23455347294126402,0.5217594852380163,0.2643280247651782,Planes,-0.2417958950586111,S700_1691,"Bavarian Collectables Imports, Co.",+49 89 61 08 9555,Hansastr. 15,Munich,80686,Germany,EMEA,Donnermeyer,Michael,Medium
0.5351942116996968,-1.4469423248454747,0.8101579745265006,1.3097534192788498,-0.7216459595292966,10/15/2004 0:00,Shipped,1.0653495257808978,0.7952835385020682,0.2643280247651782,Planes,-0.2417958950586111,S700_1691,Mini Classics,9145554562,3758 North Pendale Street,White Plains,24067,USA,EMEA,Frick,Steve,Small
0.6220854079860895,-0.11220131389876024,-0.0718142595758031,-0.5836962812072303,-0.41201904106355086,11/1/2004 0:00,Shipped,1.0653495257808978,1.0688075917661204,0.2643280247651782,Planes,-0.2417958950586111,S700_1691,giftsbymail.co.uk,(198) 555-8888,Garden House Crowther Way,Cowes,PO31 7PJ,UK,EMEA,Bennett,Helen,Small
0.7524222024156786,-0.8309080121008373,0.8101579745265006,0.3630285690358098,-0.4299605577266074,11/12/2004 0:00,Shipped,1.0653495257808978,1.0688075917661204,0.2643280247651782,Planes,-0.2417958950586111,S700_1691,Rovelli Gifts,035-640555,Via Ludovico il Moro 22,Bergamo,24100,Italy,EMEA,Rovelli,Giovanni,Small
0.8827589968452677,-0.5228908557285186,0.2449818380022587,-0.3470150686464702,-0.4864893677939255,11/24/2004 0:00,Shipped,1.0653495257808978,1.0688075917661204,0.2643280247651782,Planes,-0.2417958950586111,S700_1691,Enaco Distributors,(93) 203 4555,"Rambla de CataluÂ¤a, 23",Barcelona,8022,Spain,EMEA,Saavedra,Eduardo,Small
1.0239571908106557,0.40116061338843767,0.8101579745265006,0.5997097815965698,0.8090955704895741,12/4/2004 0:00,Shipped,1.0653495257808978,1.3423316450301723,0.2643280247651782,Planes,-0.2417958950586111,S700_1691,Gift Ideas Corp.,2035554407,2440 Pompton St.,Glendale,97561,USA,EMEA,Lewis,Dan,Medium
1.1108483870970485,-1.5496147103029143,-1.1461446875126728,-0.5836962812072303,-1.2723538627931839,12/17/2004 0:00,Shipped,1.0653495257808978,1.3423316450301723,0.2643280247651782,Planes,-0.2417958950586111,S700_1691,Souveniers And Things Co.,+61 2 9495 8555,"Monitor Money Building, 815 Pacific Hwy",Chatswood,2067,Australia,APAC,Huxley,Adrian,Small
1.2629079805982357,0.1958158424735585,-0.08867038996336768,-0.1103338560857102,-0.2849242476316986,2/3/2005 0:00,Shipped,-1.4270386327380036,-1.3929088876103477,1.6938261357079059,Planes,-0.2417958950586111,S700_1691,La Rochelle Gifts,40.67.8555,"67, rue des Cinquante Otages",Nantes,44000,France,EMEA,Labrune,Janine,Medium
1.404106174563624,1.1198673115905147,0.8101579745265006,-1.0570587063287502,3.536559068947027,3/3/2005 0:00,Shipped,-1.4270386327380036,-1.1193848343462958,1.6938261357079059,Planes,-0.2417958950586111,S700_1691,FunGiftIdeas.com,5085552555,1785 First Street,New Bedford,50553,USA,EMEA,Benitez,Violeta,Large
1.5127201699216148,1.2225396970479543,0.19986690078848168,-0.1103338560857102,0.3081884085443588,3/30/2005 0:00,Shipped,-1.4270386327380036,-1.1193848343462958,1.6938261357079059,Planes,-0.2417958950586111,S700_1691,Reims Collectables,26.47.1555,59 rue de l'Abbaye,Reims,51100,France,EMEA,Henriot,Paul,Medium
1.5453043685290122,-2.4736661794198707,0.8101579745265006,0.3630285690358098,-1.313346753013951,4/3/2005 0:00,On Hold,-0.5962425798983697,-0.8458607810822437,1.6938261357079059,Planes,-0.2417958950586111,S700_1691,Tekni Collectables Inc.,2015559350,7476 Moss Rd.,Newark,94019,USA,EMEA,Brown,William,Small
1.7082253615659986,-1.2415975539305957,0.38082241818440143,0.5997097815965698,-0.7890515425615365,5/10/2005 0:00,Shipped,-0.5962425798983697,-0.5723367278181918,1.6938261357079059,Planes,-0.2417958950586111,S700_1691,L'ordine Souveniers,0522-556555,Strada Provinciale 124,Reggio Emilia,42100,Italy,EMEA,Moroni,Maurizio,Small
-1.6696698940675183,-0.6255632411859581,-0.6697111197935529,1.3097534192788498,-0.8251463552913603,2/11/2003 0:00,Shipped,-1.4270386327380036,-1.3929088876103477,-1.1651700861775494,Ships,-0.36623345872770713,S700_1938,Danish Wholesale Imports,31 12 3555,Vinb'ltet 34,Kobenhavn,1734,Denmark,EMEA,Petersen,Jytte,Small
-1.5393330996379293,0.29848822793099805,-0.19724370040091926,-0.1103338560857102,-0.2856573301830038,4/16/2003 0:00,Shipped,-0.5962425798983697,-0.8458607810822437,-1.1651700861775494,Ships,-0.36623345872770713,S700_1938,"Dragon Souveniers, Ltd.",+65 221 7555,"Bronz Sok., Bronz Apt. 3/6 Tesvikiye",Singapore,79903,Singapore,Japan,Natividad,Eric,Medium
-1.4198577047441394,-0.3175460848136394,0.6614274122832792,-0.8203774937679902,-0.24430061380714463,6/6/2003 0:00,Shipped,-0.5962425798983697,-0.29881267455413973,-1.1651700861775494,Ships,-0.36623345872770713,S700_1938,Euro Shopping Channel,(91) 555 94 44,"C/ Moralzarzal, 86",Madrid,28034,Spain,EMEA,Freyre,Diego,Medium
-1.2677981112429522,0.8118501552181959,0.017424077770130348,0.5997097815965698,0.03178913549666468,8/8/2003 0:00,Shipped,0.23455347294126402,0.24823543197396428,-1.1651700861775494,Ships,-0.36623345872770713,S700_1938,Mini Gifts Distributors Ltd.,4155551450,5677 Strong St.,San Rafael,97562,USA,EMEA,Nelson,Valarie,Medium
-1.148322716349162,-0.42021847027107895,0.18945576143145648,0.3630285690358098,-0.4572312286351637,9/28/2003 0:00,Shipped,0.23455347294126402,0.5217594852380163,-1.1651700861775494,Ships,-0.36623345872770713,S700_1938,Euro Shopping Channel,(91) 555 94 44,"C/ Moralzarzal, 86",Madrid,28034,Spain,EMEA,Freyre,Diego,Small
-1.007124522383774,-0.6255632411859581,0.8101579745265006,-0.8203774937679902,-0.29318907461752564,10/21/2003 0:00,Shipped,1.0653495257808978,0.7952835385020682,-1.1651700861775494,Ships,-0.36623345872770713,S700_1938,FunGiftIdeas.com,5085552555,1785 First Street,New Bedford,50553,USA,EMEA,Benitez,Violeta,Medium
-0.8876491274899839,-0.42021847027107895,0.23209185594117995,0.8363909941573299,-0.4427542058071647,11/7/2003 0:00,Shipped,1.0653495257808978,1.0688075917661204,-1.1651700861775494,Ships,-0.36623345872770713,S700_1938,CAF Imports,+34 913 728 555,"Merchants House, 27-30 Merchant's Quay",Madrid,28023,Spain,EMEA,Fernandez,Jesus,Small
-0.8007579312035913,-0.5228908557285186,0.5325275916724874,0.8363909941573299,-0.3920031722923563,11/14/2003 0:00,Shipped,1.0653495257808978,1.0688075917661204,-1.1651700861775494,Ships,-0.36623345872770713,S700_1938,Mini Creations Ltd.,5085559555,4575 Hillside Dr.,New Bedford,50553,USA,EMEA,Tam,Wing C,Small
-0.6812825363098013,1.530556853420273,0.5325275916724874,-1.0570587063287502,0.6332263513108776,11/26/2003 0:00,Shipped,1.0653495257808978,1.0688075917661204,-1.1651700861775494,Ships,-0.36623345872770713,S700_1938,Super Scale Inc.,2035559545,567 North Pendale Street,New Haven,97823,USA,EMEA,Murphy,Leslie,Medium
-0.5509457418802122,0.5038329988458772,-0.1541118373503855,0.8363909941573299,-0.18022376858194253,1/2/2004 0:00,Shipped,-1.4270386327380036,-1.6664329408743999,0.2643280247651782,Ships,-0.36623345872770713,S700_1938,"Saveley & Henriot, Co.",78.32.5555,"2, rue du Commerce",Lyon,69004,France,EMEA,Saveley,Mary,Medium
-0.40974754791482404,-1.2415975539305957,0.6614274122832792,-0.5836962812072303,-0.7183606636512246,2/18/2004 0:00,Shipped,-1.4270386327380036,-1.3929088876103477,0.2643280247651782,Ships,-0.36623345872770713,S700_1938,Petit Auto,(02) 5554 67,Rue Joseph-Bens 532,Bruxelles,B-1180,Belgium,EMEA,Dewey,Catherine,Small
-0.29027215302103404,-0.9335803975582768,0.23209185594117995,0.1263473564750498,-0.6826079561120101,3/20/2004 0:00,Shipped,-1.4270386327380036,-1.1193848343462958,0.2643280247651782,Ships,-0.36623345872770713,S700_1938,giftsbymail.co.uk,(198) 555-8888,Garden House Crowther Way,Cowes,PO31 7PJ,UK,EMEA,Bennett,Helen,Small
-0.11648976044824859,0.5038329988458772,0.8101579745265006,1.5464346318396098,0.327612381033388,5/7/2004 0:00,Cancelled,-0.5962425798983697,-0.5723367278181918,0.2643280247651782,Ships,-0.36623345872770713,S700_1938,Land of Toys Inc.,2125557818,897 Long Airport Avenue,NYC,10022,USA,EMEA,Yu,Kwai,Medium
0.15504522794672865,-1.4469423248454747,0.8101579745265006,1.7831158444003699,-0.7644091083554378,7/21/2004 0:00,Shipped,0.23455347294126402,-0.025288621290087743,0.2643280247651782,Ships,-0.36623345872770713,S700_1938,Petit Auto,(02) 5554 67,Rue Joseph-Bens 532,Bruxelles,B-1180,Belgium,EMEA,Dewey,Catherine,Small
0.25279782376892046,0.8118501552181959,0.14632389838092202,-1.0570587063287502,0.09249923122698339,8/20/2004 0:00,Shipped,0.23455347294126402,0.24823543197396428,0.2643280247651782,Ships,-0.36623345872770713,S700_1938,Mini Gifts Distributors Ltd.,4155551450,5677 Strong St.,San Rafael,97562,USA,EMEA,Nelson,Valarie,Medium
0.37227321866271046,-0.6255632411859581,-0.5834473936924847,-0.3470150686464702,-0.7977453585959052,9/9/2004 0:00,Shipped,0.23455347294126402,0.5217594852380163,0.2643280247651782,Ships,-0.36623345872770713,S700_1938,Amica Models & Co.,011-4988555,Via Monte Bianco 34,Torino,10100,Italy,EMEA,Accorti,Paolo,Small
0.5134714126280986,0.29848822793099805,0.4041235396025061,0.8363909941573299,-0.03535579596177785,10/14/2004 0:00,Shipped,1.0653495257808978,0.7952835385020682,0.2643280247651782,Ships,-0.36623345872770713,S700_1938,"AV Stores, Co.",(171) 555-1555,Fauntleroy Circus,Manchester,EC2 5NT,UK,EMEA,Ashworth,Victoria,Medium
0.6003626089144913,-1.2415975539305957,-0.3687796155214351,-1.0570587063287502,-0.9778936077777763,10/22/2004 0:00,Shipped,1.0653495257808978,0.7952835385020682,0.2643280247651782,Ships,-0.36623345872770713,S700_1938,Heintze Collectables,86 21 3555,Smagsloget 45,Aaarhus,8200,Denmark,EMEA,Ibsen,Palle,Small
0.7415608028798795,-1.5496147103029143,0.8101579745265006,0.1263473564750498,-0.04598820807626498,11/10/2004 0:00,Resolved,1.0653495257808978,1.0688075917661204,0.2643280247651782,Ships,-0.36623345872770713,S700_1938,Danish Wholesale Imports,31 12 3555,Vinb'ltet 34,Kobenhavn,1734,Denmark,EMEA,Petersen,Jytte,Medium
0.8501747982378703,0.09314345701611891,-0.6622745916813922,0.5997097815965698,-0.555562034850245,11/21/2004 0:00,Shipped,1.0653495257808978,1.0688075917661204,0.2643280247651782,Ships,-0.36623345872770713,S700_1938,Classic Legends Inc.,2125558493,5905 Pompton St.,NYC,10022,USA,EMEA,Hernandez,Maria,Small
0.9913729922032586,-0.7282356266433977,0.8101579745265006,-0.5836962812072303,-0.3418711862653167,12/2/2004 0:00,Shipped,1.0653495257808978,1.3423316450301723,0.2643280247651782,Ships,-0.36623345872770713,S700_1938,Euro Shopping Channel,(91) 555 94 44,"C/ Moralzarzal, 86",Madrid,28034,Spain,EMEA,Freyre,Diego,Small
1.2303237819908386,0.9145225406756355,0.8101579745265006,-1.0570587063287502,0.5120233694950715,1/26/2005 0:00,Shipped,-1.4270386327380036,-1.6664329408743999,1.6938261357079059,Ships,-0.36623345872770713,S700_1938,"Tokyo Collectables, Ltd",+81 3 3584 0555,2-2-8 Roppongi,Minato-ku,106-0032,Japan,Japan,Shimamura,Akiko,Medium
1.3606605764204276,1.4278844679628335,0.8101579745265006,-1.2937399188895102,1.5441167178749708,2/23/2005 0:00,Shipped,-1.4270386327380036,-1.3929088876103477,1.6938261357079059,Ships,-0.36623345872770713,S700_1938,Corporate Gift Ideas Co.,6505551386,7734 Strong St.,San Francisco,28034,USA,EMEA,Brown,Julie,Medium
1.5018587703858157,-0.3175460848136394,-0.1541118373503855,-0.3470150686464702,-0.5301485064049954,3/28/2005 0:00,Shipped,-1.4270386327380036,-1.1193848343462958,1.6938261357079059,Ships,-0.36623345872770713,S700_1938,Alpha Cognac,61.77.6555,1 rue Alsace-Lorraine,Toulouse,31000,France,EMEA,Roulet,Annette,Small
1.6865025624944003,-0.11220131389876024,0.8101579745265006,1.5464346318396098,-0.011006594776201212,5/6/2005 0:00,On Hold,-0.5962425798983697,-0.5723367278181918,1.6938261357079059,Ships,-0.36623345872770713,S700_1938,Gifts4AllAges.com,6175559555,8616 Spinnaker Dr.,Boston,51003,USA,EMEA,Yoshido,Juri,Medium
-1.6588084945317194,-0.5228908557285186,0.8101579745265006,2.2564782695218897,-0.2044969463918283,2/17/2003 0:00,Shipped,-1.4270386327380036,-1.3929088876103477,-1.1651700861775494,Ships,-0.26668340779243027,S700_2047,Rovelli Gifts,035-640555,Via Ludovico il Moro 22,Bergamo,24100,Italy,EMEA,Rovelli,Giovanni,Medium
-1.517610300566331,-0.6255632411859581,0.519637609611408,0.1263473564750498,-0.447359050277586,4/28/2003 0:00,Shipped,-0.5962425798983697,-0.8458607810822437,-1.1651700861775494,Ships,-0.26668340779243027,S700_2047,Salzburg Collectables,6562-9555,Geislweg 14,Salzburg,5020,Austria,EMEA,Pipps,Georg,Small
-1.387273506136742,-1.344269939388035,0.11558624885065602,0.3630285690358098,-0.9025653029503184,6/16/2003 0:00,Shipped,-0.5962425798983697,-0.29881267455413973,-1.1651700861775494,Ships,-0.26668340779243027,S700_2047,Gift Ideas Corp.,2035554407,2440 Pompton St.,Glendale,97561,USA,EMEA,Lewis,Dan,Small
-1.256936711707153,-0.9335803975582768,0.8101579745265006,1.0730722067180898,-0.5112078253757153,8/10/2003 0:00,Shipped,0.23455347294126402,0.24823543197396428,-1.1651700861775494,Ships,-0.26668340779243027,S700_2047,Mini Creations Ltd.,5085559555,4575 Hillside Dr.,New Bedford,50553,USA,EMEA,Tam,Wing C,Small
-1.126599917277564,-0.3175460848136394,0.38528433505169823,0.5997097815965698,-0.3410892315439244,10/6/2003 0:00,Shipped,1.0653495257808978,0.7952835385020682,-1.1651700861775494,Ships,-0.26668340779243027,S700_2047,"Toys of Finland, Co.",90-224 8555,Keskuskatu 45,Helsinki,21240,Finland,EMEA,Karttunen,Matti,Small
-0.9962631228479749,-0.6255632411859581,0.8101579745265006,-0.3470150686464702,-0.3333457077056925,10/23/2003 0:00,Cancelled,1.0653495257808978,0.7952835385020682,-1.1651700861775494,Ships,-0.26668340779243027,S700_2047,Scandinavian Gift Ideas,0695-34 6555,?kergatan 24,Boras,S-844 67,Sweden,EMEA,Larsson,Maria,Small
-0.8767877279541849,-0.11220131389876024,0.6544866527119287,0.3630285690358098,-0.14153873083750707,11/8/2003 0:00,Shipped,1.0653495257808978,1.0688075917661204,-1.1651700861775494,Ships,-0.26668340779243027,S700_2047,Alpha Cognac,61.77.6555,1 rue Alsace-Lorraine,Toulouse,31000,France,EMEA,Roulet,Annette,Medium
-0.7898965316677922,-1.138925168473156,0.7888399272716385,-0.3470150686464702,-0.6321935975466902,11/14/2003 0:00,Shipped,1.0653495257808978,1.0688075917661204,-1.1651700861775494,Ships,-0.26668340779243027,S700_2047,"Double Decker Gift Stores, Ltd",(171) 555-7555,120 Hanover Sq.,London,WA1 1DP,UK,EMEA,Hardy,Thomas,Small
-0.6704211367740022,-1.138925168473156,0.34016939783792055,-1.0570587063287502,-0.7501384346900283,11/26/2003 0:00,Shipped,1.0653495257808978,1.0688075917661204,-1.1651700861775494,Ships,-0.26668340779243027,S700_2047,Enaco Distributors,(93) 203 4555,"Rambla de CataluÂ¤a, 23",Barcelona,8022,Spain,EMEA,Saavedra,Eduardo,Small
-0.540084342344413,-0.21487369935619982,0.2504352919511768,-0.5836962812072303,-0.3401823812767544,1/9/2004 0:00,Shipped,-1.4270386327380036,-1.6664329408743999,0.2643280247651782,Ships,-0.26668340779243027,S700_2047,"Men 'R' US Retailers, Ltd.",2155554369,6047 Douglas Av.,Los Angeles,28034,USA,EMEA,Chandler,Michael,Small
-0.3988861483790249,-0.9335803975582768,0.8101579745265006,0.3630285690358098,-0.48565311066132544,2/19/2004 0:00,Shipped,-1.4270386327380036,-1.3929088876103477,0.2643280247651782,Ships,-0.26668340779243027,S700_2047,Collectable Mini Designs Co.,7605558146,361 Furth Circle,San Diego,91217,USA,EMEA,Thompson,Valarie,Small
-0.1056283609124495,0.5038329988458772,0.6093717154981517,-0.5836962812072303,0.15427908445809563,5/8/2004 0:00,Shipped,-0.5962425798983697,-0.5723367278181918,0.2643280247651782,Ships,-0.26668340779243027,S700_2047,Cambridge Collectables Co.,6175555555,4658 Baden Av.,Cambridge,51247,USA,EMEA,Tseng,Kyung,Medium
0.03556983305293866,0.9145225406756355,0.519637609611408,1.5464346318396098,0.31944529838773517,6/24/2004 0:00,Cancelled,-0.5962425798983697,-0.29881267455413973,0.2643280247651782,Ships,-0.26668340779243027,S700_2047,Euro Shopping Channel,(91) 555 94 44,"C/ Moralzarzal, 86",Madrid,28034,Spain,EMEA,Freyre,Diego,Medium
0.16590662748252774,-1.138925168473156,0.34016939783792055,-0.3470150686464702,-0.7501384346900283,7/21/2004 0:00,Shipped,0.23455347294126402,-0.025288621290087743,0.2643280247651782,Ships,-0.26668340779243027,S700_2047,Collectables For Less Inc.,6175558555,7825 Douglas Av.,Brickhaven,58339,USA,EMEA,Nelson,Allen,Small
0.2636592233047195,-1.5496147103029143,0.519637609611408,-1.0570587063287502,-0.9074416594767787,8/20/2004 0:00,Shipped,0.23455347294126402,0.24823543197396428,0.2643280247651782,Ships,-0.26668340779243027,S700_2047,"Royal Canadian Collectables, Ltd.",(604) 555-4555,23 Tsawassen Blvd.,Tsawassen,T2F 8M4,Canada,EMEA,Lincoln,Elizabeth,Small
0.4048574172701077,-0.11220131389876024,0.8101579745265006,1.0730722067180898,-0.041285619265669475,9/15/2004 0:00,Shipped,0.23455347294126402,0.5217594852380163,0.2643280247651782,Ships,-0.26668340779243027,S700_2047,"Bavarian Collectables Imports, Co.",+49 89 61 08 9555,Hansastr. 15,Munich,80686,Germany,EMEA,Donnermeyer,Michael,Medium
0.5243328121638977,-0.11220131389876024,0.6991058213848955,-0.3470150686464702,-0.12492219300792055,10/14/2004 0:00,Shipped,1.0653495257808978,0.7952835385020682,0.2643280247651782,Ships,-0.26668340779243027,S700_2047,"Classic Gift Ideas, Inc",2155554695,782 First Street,Philadelphia,71270,USA,EMEA,Cervantes,Francisca,Medium
0.6220854079860895,1.017194926133075,0.4750184409384413,1.5464346318396098,0.3485731117595984,11/1/2004 0:00,Shipped,1.0653495257808978,1.0688075917661204,0.2643280247651782,Ships,-0.26668340779243027,S700_2047,giftsbymail.co.uk,(198) 555-8888,Garden House Crowther Way,Cowes,PO31 7PJ,UK,EMEA,Bennett,Helen,Medium
0.7524222024156786,0.6065053843033168,0.8101579745265006,0.5997097815965698,0.3272757060838997,11/12/2004 0:00,Shipped,1.0653495257808978,1.0688075917661204,0.2643280247651782,Ships,-0.26668340779243027,S700_2047,Rovelli Gifts,035-640555,Via Ludovico il Moro 22,Bergamo,24100,Italy,EMEA,Rovelli,Giovanni,Medium
0.8718975973094686,2.043918780707471,-0.615176580304372,2.0197970569611297,0.19812828150839282,11/23/2004 0:00,Shipped,1.0653495257808978,1.0688075917661204,0.2643280247651782,Ships,-0.26668340779243027,S700_2047,"Tokyo Collectables, Ltd",+81 3 3584 0555,2-2-8 Roppongi,Minato-ku,106-0032,Japan,Japan,Shimamura,Akiko,Medium
1.0130957912748568,-1.2415975539305957,0.8101579745265006,-0.8203774937679902,-0.6522909199346963,12/3/2004 0:00,Shipped,1.0653495257808978,1.3423316450301723,0.2643280247651782,Ships,-0.26668340779243027,S700_2047,Auto-Moto Classics Inc.,6175558428,16780 Pompton St.,Brickhaven,58339,USA,EMEA,Taylor,Leslie,Small
1.1108483870970485,-1.138925168473156,-1.8972340268409411,1.7831158444003699,-1.3382987109639346,12/17/2004 0:00,Shipped,1.0653495257808978,1.3423316450301723,0.2643280247651782,Ships,-0.26668340779243027,S700_2047,Souveniers And Things Co.,+61 2 9495 8555,"Monitor Money Building, 815 Pacific Hwy",Chatswood,2067,Australia,APAC,Huxley,Adrian,Small
1.2411851815266377,-0.3175460848136394,0.03725481940255946,2.0197970569611297,-0.4630741680811229,1/31/2005 0:00,Shipped,-1.4270386327380036,-1.6664329408743999,1.6938261357079059,Ships,-0.26668340779243027,S700_2047,"Oulu Toy Supplies, Inc.",981-443655,Torikatu 38,Oulu,90110,Finland,EMEA,Koskitalo,Pirkko,Small
1.3823833754920258,-0.6255632411859581,0.10418357241200955,1.5464346318396098,-0.5793247699947777,3/1/2005 0:00,Resolved,-1.4270386327380036,-1.1193848343462958,1.6938261357079059,Ships,-0.26668340779243027,S700_2047,Euro Shopping Channel,(91) 555 94 44,"C/ Moralzarzal, 86",Madrid,28034,Spain,EMEA,Freyre,Diego,Small
1.5127201699216148,0.09314345701611891,0.8101579745265006,0.1263473564750498,0.19355058824357552,3/30/2005 0:00,Shipped,-1.4270386327380036,-1.1193848343462958,1.6938261357079059,Ships,-0.26668340779243027,S700_2047,Reims Collectables,26.47.1555,59 rue de l'Abbaye,Reims,51100,France,EMEA,Henriot,Paul,Medium
1.534442968993213,1.1198673115905147,0.20532035473739976,-0.3470150686464702,0.26331832616335493,4/1/2005 0:00,Shipped,-0.5962425798983697,-0.8458607810822437,1.6938261357079059,Ships,-0.26668340779243027,S700_2047,The Sharp Gifts Warehouse,4085553659,3086 Ingle Ln.,San Jose,94217,USA,EMEA,Frick,Sue,Medium
1.6973639620301995,-0.3175460848136394,0.6093717154981517,-0.5836962812072303,-0.26254622397296484,5/9/2005 0:00,Disputed,-0.5962425798983697,-0.5723367278181918,1.6938261357079059,Ships,-0.26668340779243027,S700_2047,"Australian Collectables, Ltd",61-9-3844-6555,7 Allen Street,Glen Waverly,3150,Australia,APAC,Connery,Sean,Medium
-1.6588084945317194,-0.11220131389876024,0.8101579745265006,0.5997097815965698,0.11380206714380271,2/17/2003 0:00,Shipped,-1.4270386327380036,-1.3929088876103477,-1.1651700861775494,Planes,-0.04269579318805743,S700_2466,Rovelli Gifts,035-640555,Via Ludovico il Moro 22,Bergamo,24100,Italy,EMEA,Rovelli,Giovanni,Medium
-1.5067489010305322,-1.138925168473156,0.8101579745265006,2.0197970569611297,-0.5262387327980338,4/29/2003 0:00,Shipped,-0.5962425798983697,-0.8458607810822437,-1.1651700861775494,Planes,-0.04269579318805743,S700_2466,"Australian Collectors, Co.",03 9520 4555,636 St Kilda Road,Melbourne,3004,Australia,APAC,Ferguson,Peter,Small
-1.387273506136742,0.5038329988458772,0.8101579745265006,-1.2937399188895102,0.4744461009392752,6/16/2003 0:00,Shipped,-0.5962425798983697,-0.29881267455413973,-1.1651700861775494,Planes,-0.04269579318805743,S700_2466,Gift Ideas Corp.,2035554407,2440 Pompton St.,Glendale,97561,USA,EMEA,Lewis,Dan,Medium
-1.256936711707153,-0.9335803975582768,-0.04405122129040165,-0.5836962812072303,-0.7612487080231438,8/10/2003 0:00,Shipped,0.23455347294126402,0.24823543197396428,-1.1651700861775494,Planes,-0.04269579318805743,S700_2466,Mini Creations Ltd.,5085559555,4575 Hillside Dr.,New Bedford,50553,USA,EMEA,Tam,Wing C,Small
-1.126599917277564,-1.5496147103029143,0.8101579745265006,-1.0570587063287502,-0.6518945123328794,10/6/2003 0:00,Shipped,1.0653495257808978,0.7952835385020682,-1.1651700861775494,Planes,-0.04269579318805743,S700_2466,"Toys of Finland, Co.",90-224 8555,Keskuskatu 45,Helsinki,21240,Finland,EMEA,Karttunen,Matti,Small
-0.9854017233121758,-0.42021847027107895,0.8101579745265006,2.2564782695218897,-0.06651994975393352,10/28/2003 0:00,Shipped,1.0653495257808978,0.7952835385020682,-1.1651700861775494,Planes,-0.04269579318805743,S700_2466,Technics Stores Inc.,6505556809,9408 Furth Circle,Burlingame,94217,USA,EMEA,Hirano,Juri,Medium
-0.8767877279541849,-1.344269939388035,0.20284151203334622,-1.2937399188895102,-0.8815394093306589,11/8/2003 0:00,Shipped,1.0653495257808978,1.0688075917661204,-1.1651700861775494,Planes,-0.04269579318805743,S700_2466,Alpha Cognac,61.77.6555,1 rue Alsace-Lorraine,Toulouse,31000,France,EMEA,Roulet,Annette,Small
-0.659559737238203,0.7091777697607564,0.8101579745265006,-1.2937399188895102,0.6628537468658525,11/27/2003 0:00,Shipped,1.0653495257808978,1.0688075917661204,-1.1651700861775494,Planes,-0.04269579318805743,S700_2466,Cruz & Sons Co.,+63 2 555 3587,15 McCallum Street - NatWest Center #13-03,Makati City,1227 MM,Philippines,Japan,Cruz,Arnold,Medium
-0.529222942808614,-0.9335803975582768,0.7962764553837999,1.7831158444003699,-0.5219379818303764,1/12/2004 0:00,Shipped,-1.4270386327380036,-1.6664329408743999,0.2643280247651782,Planes,-0.04269579318805743,S700_2466,Osaka Souveniers Co.,+81 06 6342 5555,"Dojima Avanza 4F, 1-6-20 Dojima, Kita-ku",Osaka,530-0003,Japan,Japan,Kentary,Mory,Small
-0.3988861483790249,0.1958158424735585,0.20284151203334622,-1.2937399188895102,-0.16678392180801244,2/19/2004 0:00,Shipped,-1.4270386327380036,-1.3929088876103477,0.2643280247651782,Planes,-0.04269579318805743,S700_2466,Collectable Mini Designs Co.,7605558146,361 Furth Circle,San Diego,91217,USA,EMEA,Thompson,Valarie,Medium
-0.25768795441363673,0.29848822793099805,0.25241836611442003,0.8363909941573299,-0.09849863971420593,4/2/2004 0:00,Shipped,-0.5962425798983697,-0.8458607810822437,0.2643280247651782,Planes,-0.04269579318805743,S700_2466,"Royal Canadian Collectables, Ltd.",(604) 555-4555,23 Tsawassen Blvd.,Tsawassen,T2F 8M4,Canada,EMEA,Lincoln,Elizabeth,Medium
-0.09476696137665042,-0.009528928441320661,0.8101579745265006,1.0730722067180898,0.19291525003244422,5/11/2004 0:00,Shipped,-0.5962425798983697,-0.5723367278181918,0.2643280247651782,Planes,-0.04269579318805743,S700_2466,The Sharp Gifts Warehouse,4085553659,3086 Ingle Ln.,San Jose,94217,USA,EMEA,Frick,Sue,Medium
0.03556983305293866,-0.21487369935619982,0.3515720742765677,-0.1103338560857102,-0.3036259980516644,6/24/2004 0:00,Cancelled,-0.5962425798983697,-0.29881267455413973,0.2643280247651782,Planes,-0.04269579318805743,S700_2466,Euro Shopping Channel,(91) 555 94 44,"C/ Moralzarzal, 86",Madrid,28034,Spain,EMEA,Freyre,Diego,Small
0.17676802701832683,0.40116061338843767,0.8101579745265006,2.2564782695218897,0.4988387440538183,7/23/2004 0:00,Shipped,0.23455347294126402,-0.025288621290087743,0.2643280247651782,Planes,-0.04269579318805743,S700_2466,La Rochelle Gifts,40.67.8555,"67, rue des Cinquante Otages",Nantes,44000,France,EMEA,Labrune,Janine,Medium
0.27452062284051865,1.017194926133075,0.8101579745265006,0.3630285690358098,0.5555467520781218,8/21/2004 0:00,Shipped,0.23455347294126402,0.24823543197396428,0.2643280247651782,Planes,-0.04269579318805743,S700_2466,"Norway Gifts By Mail, Co.",+47 2212 1555,"Drammensveien 126 A, PB 744 Sentrum",Oslo,N 0106,Norway,EMEA,Klaeboe,Jan,Medium
0.4048574172701077,-1.138925168473156,0.8101579745265006,-0.5836962812072303,-0.604303879150365,9/15/2004 0:00,Shipped,0.23455347294126402,0.5217594852380163,0.2643280247651782,Planes,-0.04269579318805743,S700_2466,"Bavarian Collectables Imports, Co.",+49 89 61 08 9555,Hansastr. 15,Munich,80686,Germany,EMEA,Donnermeyer,Michael,Small
0.5351942116996968,-0.009528928441320661,0.25241836611442003,1.7831158444003699,-0.2430788095549692,10/15/2004 0:00,Shipped,1.0653495257808978,0.7952835385020682,0.2643280247651782,Planes,-0.04269579318805743,S700_2466,Mini Classics,9145554562,3758 North Pendale Street,White Plains,24067,USA,EMEA,Frick,Steve,Medium
0.6220854079860895,-1.2415975539305957,0.8101579745265006,-0.1103338560857102,-0.4602015705282304,11/1/2004 0:00,Shipped,1.0653495257808978,1.0688075917661204,0.2643280247651782,Planes,-0.04269579318805743,S700_2466,giftsbymail.co.uk,(198) 555-8888,Garden House Crowther Way,Cowes,PO31 7PJ,UK,EMEA,Bennett,Helen,Small
0.7524222024156786,0.1958158424735585,0.8101579745265006,0.8363909941573299,0.2539402997477681,11/12/2004 0:00,Shipped,1.0653495257808978,1.0688075917661204,0.2643280247651782,Planes,-0.04269579318805743,S700_2466,Rovelli Gifts,035-640555,Via Ludovico il Moro 22,Bergamo,24100,Italy,EMEA,Rovelli,Giovanni,Medium
0.8827589968452677,2.043918780707471,0.20284151203334622,0.1263473564750498,0.6909226632191633,11/24/2004 0:00,Shipped,1.0653495257808978,1.0688075917661204,0.2643280247651782,Planes,-0.04269579318805743,S700_2466,Enaco Distributors,(93) 203 4555,"Rambla de CataluÂ¤a, 23",Barcelona,8022,Spain,EMEA,Saavedra,Eduardo,Medium
1.0130957912748568,1.4278844679628335,0.8101579745265006,-1.0570587063287502,0.7501285821590258,12/3/2004 0:00,Shipped,1.0653495257808978,1.3423316450301723,0.2643280247651782,Planes,-0.04269579318805743,S700_2466,Auto-Moto Classics Inc.,6175558428,16780 Pompton St.,Brickhaven,58339,USA,EMEA,Taylor,Leslie,Medium
1.1108483870970485,-0.9335803975582768,0.8101579745265006,0.5997097815965698,-0.43397893615598454,12/17/2004 0:00,Shipped,1.0653495257808978,1.3423316450301723,0.2643280247651782,Planes,-0.04269579318805743,S700_2466,Souveniers And Things Co.,+61 2 9495 8555,"Monitor Money Building, 815 Pacific Hwy",Chatswood,2067,Australia,APAC,Huxley,Adrian,Small
1.2629079805982357,-0.21487369935619982,0.8101579745265006,-1.2937399188895102,0.1644390655950747,2/3/2005 0:00,Shipped,-1.4270386327380036,-1.3929088876103477,1.6938261357079059,Planes,-0.04269579318805743,S700_2466,La Rochelle Gifts,40.67.8555,"67, rue des Cinquante Otages",Nantes,44000,France,EMEA,Labrune,Janine,Medium
1.3823833754920258,0.1958158424735585,0.008996012576347714,1.7831158444003699,-0.24534322010233442,3/1/2005 0:00,Resolved,-1.4270386327380036,-1.1193848343462958,1.6938261357079059,Planes,-0.04269579318805743,S700_2466,Euro Shopping Channel,(91) 555 94 44,"C/ Moralzarzal, 86",Madrid,28034,Spain,EMEA,Freyre,Diego,Medium
1.5127201699216148,-1.344269939388035,0.15376042649308339,0.3630285690358098,-0.8933664744917174,3/30/2005 0:00,Shipped,-1.4270386327380036,-1.1193848343462958,1.6938261357079059,Planes,-0.04269579318805743,S700_2466,Reims Collectables,26.47.1555,59 rue de l'Abbaye,Reims,51100,France,EMEA,Henriot,Paul,Small
1.5453043685290122,5.124090344430658,0.25241836611442003,0.8363909941573299,2.1665906877910848,4/3/2005 0:00,On Hold,-0.5962425798983697,-0.8458607810822437,1.6938261357079059,Planes,-0.04269579318805743,S700_2466,Tekni Collectables Inc.,2015559350,7476 Moss Rd.,Newark,94019,USA,EMEA,Brown,William,Large
1.7082253615659986,-1.344269939388035,0.8101579745265006,1.0730722067180898,-0.5955394699814264,5/10/2005 0:00,Shipped,-0.5962425798983697,-0.5723367278181918,1.6938261357079059,Planes,-0.04269579318805743,S700_2466,L'ordine Souveniers,0522-556555,Strada Provinciale 124,Reggio Emilia,42100,Italy,EMEA,Moroni,Maurizio,Small
-1.6696698940675183,-0.42021847027107895,-0.8868577406686567,-0.8203774937679902,-0.8226918863047677,2/11/2003 0:00,Shipped,-1.4270386327380036,-1.3929088876103477,-1.1651700861775494,Ships,-0.714658637001176,S700_2610,Danish Wholesale Imports,31 12 3555,Vinb'ltet 34,Kobenhavn,1734,Denmark,EMEA,Petersen,Jytte,Small
-1.517610300566331,0.29848822793099805,-0.8868577406686567,1.3097534192788498,-0.5726890153451846,4/28/2003 0:00,Shipped,-0.5962425798983697,-0.8458607810822437,-1.1651700861775494,Ships,-0.714658637001176,S700_2610,Salzburg Collectables,6562-9555,Geislweg 14,Salzburg,5020,Austria,EMEA,Pipps,Georg,Small
-1.4089963052083403,1.017194926133075,0.08088245099390491,-0.8203774937679902,0.1543062356636996,6/12/2003 0:00,Shipped,-0.5962425798983697,-0.29881267455413973,-1.1651700861775494,Ships,-0.714658637001176,S700_2610,"Stylish Desk Decors, Co.",(171) 555-0297,35 King George,London,WX3 6FW,UK,EMEA,Brown,Ann,Medium
-1.256936711707153,-0.42021847027107895,0.08088245099390491,2.2564782695218897,-0.4940971356041382,8/10/2003 0:00,Shipped,0.23455347294126402,0.24823543197396428,-1.1651700861775494,Ships,-0.714658637001176,S700_2610,Mini Creations Ltd.,5085559555,4575 Hillside Dr.,New Bedford,50553,USA,EMEA,Tam,Wing C,Small
-1.137461316813363,0.09314345701611891,-0.958248410545403,-1.2937399188895102,-0.6722687770180453,10/2/2003 0:00,Shipped,1.0653495257808978,0.7952835385020682,-1.1651700861775494,Ships,-0.714658637001176,S700_2610,Boards & Toys Co.,3105552373,4097 Douglas Av.,Glendale,92561,USA,EMEA,Young,Leslie,Small
-0.9962631228479749,1.1198673115905147,-0.6716941939567962,0.8363909941573299,-0.17856211479898393,10/23/2003 0:00,Cancelled,1.0653495257808978,0.7952835385020682,-1.1651700861775494,Ships,-0.714658637001176,S700_2610,Scandinavian Gift Ideas,0695-34 6555,?kergatan 24,Boras,S-844 67,Sweden,EMEA,Larsson,Maria,Medium
-0.8876491274899839,-0.3175460848136394,-0.3489488738890053,-1.2937399188895102,-0.5984392187399226,11/7/2003 0:00,Shipped,1.0653495257808978,1.0688075917661204,-1.1651700861775494,Ships,-0.714658637001176,S700_2610,CAF Imports,+34 913 728 555,"Merchants House, 27-30 Merchant's Quay",Madrid,28023,Spain,EMEA,Fernandez,Jesus,Small
-0.8007579312035913,0.40116061338843767,-1.2809937306131935,-1.2937399188895102,-0.7053389454435947,11/14/2003 0:00,Shipped,1.0653495257808978,1.0688075917661204,-1.1651700861775494,Ships,-0.714658637001176,S700_2610,Mini Creations Ltd.,5085559555,4575 Hillside Dr.,New Bedford,50553,USA,EMEA,Tam,Wing C,Small
-0.6704211367740022,1.530556853420273,-0.241367100533075,0.1263473564750498,0.20939603183401098,11/26/2003 0:00,Shipped,1.0653495257808978,1.0688075917661204,-1.1651700861775494,Ships,-0.714658637001176,S700_2610,Enaco Distributors,(93) 203 4555,"Rambla de CataluÂ¤a, 23",Barcelona,8022,Spain,EMEA,Saavedra,Eduardo,Medium
-0.5509457418802122,1.1198673115905147,-0.4565306472449356,-1.2937399188895102,-0.07015278106373526,1/2/2004 0:00,Shipped,-1.4270386327380036,-1.6664329408743999,0.2643280247651782,Ships,-0.714658637001176,S700_2610,"Saveley & Henriot, Co.",78.32.5555,"2, rue du Commerce",Lyon,69004,France,EMEA,Saveley,Mary,Medium
-0.3988861483790249,0.09314345701611891,-0.13428109571795568,1.5464346318396098,-0.3473665902795461,2/19/2004 0:00,Shipped,-1.4270386327380036,-1.3929088876103477,0.2643280247651782,Ships,-0.714658637001176,S700_2610,Collectable Mini Designs Co.,7605558146,361 Furth Circle,San Diego,91217,USA,EMEA,Thompson,Valarie,Small
-0.2794107534852349,-0.6255632411859581,-0.06239465730039849,-1.2937399188895102,-0.6322370394756565,3/29/2004 0:00,Shipped,-1.4270386327380036,-1.1193848343462958,0.2643280247651782,Ships,-0.714658637001176,S700_2610,Tekni Collectables Inc.,2015559350,7476 Moss Rd.,Newark,94019,USA,EMEA,Brown,William,Small
-0.11648976044824859,-0.3175460848136394,-0.3851399773681894,-0.5836962812072303,-0.6111242619980644,5/7/2004 0:00,Cancelled,-0.5962425798983697,-0.5723367278181918,0.2643280247651782,Ships,-0.714658637001176,S700_2610,Land of Toys Inc.,2125557818,897 Long Airport Avenue,NYC,10022,USA,EMEA,Yu,Kwai,Small
0.024708433517139576,0.9145225406756355,-0.7430848638335423,-1.0570587063287502,-0.2891109635358199,6/17/2004 0:00,Shipped,-0.5962425798983697,-0.29881267455413973,0.2643280247651782,Ships,-0.714658637001176,S700_2610,Quebec Home Shopping Network,(514) 555-8054,43 rue St. Laurent,Montreal,H1J 1C3,Canada,EMEA,Fresnisre,Jean,Medium
0.15504522794672865,0.7091777697607564,-1.0658301839013333,-0.3470150686464702,-0.5121635478129727,7/21/2004 0:00,Shipped,0.23455347294126402,-0.025288621290087743,0.2643280247651782,Ships,-0.714658637001176,S700_2610,Petit Auto,(02) 5554 67,Rue Joseph-Bens 532,Bruxelles,B-1180,Belgium,EMEA,Dewey,Catherine,Small
0.2636592233047195,1.2225396970479543,-0.8868577406686567,0.1263473564750498,-0.25125675268286357,8/20/2004 0:00,Shipped,0.23455347294126402,0.24823543197396428,0.2643280247651782,Ships,-0.714658637001176,S700_2610,"Royal Canadian Collectables, Ltd.",(604) 555-4555,23 Tsawassen Blvd.,Tsawassen,T2F 8M4,Canada,EMEA,Lincoln,Elizabeth,Medium
0.39399601773430865,0.9145225406756355,-1.2448026271340098,-1.0570587063287502,-0.5309087401619047,9/10/2004 0:00,Shipped,0.23455347294126402,0.5217594852380163,0.2643280247651782,Ships,-0.714658637001176,S700_2610,Gifts4AllAges.com,6175559555,8616 Spinnaker Dr.,Boston,51003,USA,EMEA,Yoshido,Juri,Small
0.5134714126280986,0.8118501552181959,-0.42083531230656246,-1.2937399188895102,-0.17462518998641854,10/14/2004 0:00,Shipped,1.0653495257808978,0.7952835385020682,0.2643280247651782,Ships,-0.714658637001176,S700_2610,"AV Stores, Co.",(171) 555-1555,Fauntleroy Circus,Manchester,EC2 5NT,UK,EMEA,Ashworth,Victoria,Medium
0.6220854079860895,1.325212082505394,-0.4565306472449356,2.7298406946434097,0.010703509224676598,11/1/2004 0:00,Shipped,1.0653495257808978,1.0688075917661204,0.2643280247651782,Ships,-0.714658637001176,S700_2610,giftsbymail.co.uk,(198) 555-8888,Garden House Crowther Way,Cowes,PO31 7PJ,UK,EMEA,Bennett,Helen,Medium
0.7415608028798795,-1.4469423248454747,0.6272193829673384,-1.2937399188895102,-0.8315757607783636,11/10/2004 0:00,Resolved,1.0653495257808978,1.0688075917661204,0.2643280247651782,Ships,-0.714658637001176,S700_2610,Danish Wholesale Imports,31 12 3555,Vinb'ltet 34,Kobenhavn,1734,Denmark,EMEA,Petersen,Jytte,Small
0.8718975973094686,1.530556853420273,-0.4614883326530434,0.5997097815965698,0.08884467895269854,11/23/2004 0:00,Shipped,1.0653495257808978,1.0688075917661204,0.2643280247651782,Ships,-0.714658637001176,S700_2610,"Tokyo Collectables, Ltd",+81 3 3584 0555,2-2-8 Roppongi,Minato-ku,106-0032,Japan,Japan,Shimamura,Akiko,Medium
0.9913729922032586,-0.6255632411859581,-0.4119114785719696,1.3097534192788498,-0.7432583191900002,12/2/2004 0:00,Shipped,1.0653495257808978,1.3423316450301723,0.2643280247651782,Ships,-0.714658637001176,S700_2610,Euro Shopping Channel,(91) 555 94 44,"C/ Moralzarzal, 86",Madrid,28034,Spain,EMEA,Freyre,Diego,Small
1.2411851815266377,0.6065053843033168,-0.66078728605896,2.2564782695218897,-0.36402113979697764,1/31/2005 0:00,Shipped,-1.4270386327380036,-1.6664329408743999,1.6938261357079059,Ships,-0.714658637001176,S700_2610,"Oulu Toy Supplies, Inc.",981-443655,Torikatu 38,Oulu,90110,Finland,EMEA,Koskitalo,Pirkko,Small
1.3823833754920258,0.1958158424735585,0.8101579745265006,0.8363909941573299,0.794814036341923,3/1/2005 0:00,Resolved,-1.4270386327380036,-1.1193848343462958,1.6938261357079059,Ships,-0.714658637001176,S700_2610,Euro Shopping Channel,(91) 555 94 44,"C/ Moralzarzal, 86",Madrid,28034,Spain,EMEA,Freyre,Diego,Medium
1.5018587703858157,-1.344269939388035,-0.8506666371894727,-0.5836962812072303,-1.1354031817271164,3/28/2005 0:00,Shipped,-1.4270386327380036,-1.1193848343462958,1.6938261357079059,Ships,-0.714658637001176,S700_2610,Alpha Cognac,61.77.6555,1 rue Alsace-Lorraine,Toulouse,31000,France,EMEA,Roulet,Annette,Small
1.6865025624944003,-0.42021847027107895,-0.3851399773681894,-0.5836962812072303,-0.6523343618636626,5/6/2005 0:00,On Hold,-0.5962425798983697,-0.5723367278181918,1.6938261357079059,Ships,-0.714658637001176,S700_2610,Gifts4AllAges.com,6175559555,8616 Spinnaker Dr.,Boston,51003,USA,EMEA,Yoshido,Juri,Small
-1.6913926931391166,0.7091777697607564,0.8101579745265006,-0.1103338560857102,0.4924853619425055,1/29/2003 0:00,Shipped,-1.4270386327380036,-1.6664329408743999,-1.1651700861775494,Classic Cars,0.007079232279580979,S700_2824,Baane Mini Imports,07-98 9555,Erling Skakkes gate 78,Stavern,4110,Norway,EMEA,Bergulfsen,Jonas,Medium
-1.5719172982453267,0.7091777697607564,0.8101579745265006,0.8363909941573299,0.6539590119100152,4/1/2003 0:00,Shipped,-0.5962425798983697,-0.8458607810822437,-1.1651700861775494,Classic Cars,0.007079232279580979,S700_2824,"La Corne D'abondance, Co.",(1) 42.34.2555,"265, boulevard Charonne",Paris,75012,France,EMEA,Bertrand,Marie,Medium
-1.4415805038157374,1.017194926133075,0.8101579745265006,-0.1103338560857102,0.566542990347701,5/28/2003 0:00,Shipped,-0.5962425798983697,-0.5723367278181918,-1.1651700861775494,Classic Cars,0.007079232279580979,S700_2824,"Corrida Auto Replicas, Ltd",(91) 555 22 82,"C/ Araquil, 67",Madrid,28023,Spain,EMEA,Sommer,MartÂ¡n,Medium
-1.2895209103145502,0.09314345701611891,0.8101579745265006,-0.1103338560857102,0.3045881586812817,7/24/2003 0:00,Shipped,0.23455347294126402,-0.025288621290087743,-1.1651700861775494,Classic Cars,0.007079232279580979,S700_2824,Technics Stores Inc.,6505556809,9408 Furth Circle,Burlingame,94217,USA,EMEA,Hirano,Juri,Medium
-1.1809069149565594,-1.5496147103029143,0.8101579745265006,-0.8203774937679902,-0.7873247258851287,9/19/2003 0:00,Shipped,0.23455347294126402,0.5217594852380163,-1.1651700861775494,Classic Cars,0.007079232279580979,S700_2824,"Dragon Souveniers, Ltd.",+65 221 7555,"Bronz Sok., Bronz Apt. 3/6 Tesvikiye",Singapore,79903,Singapore,Japan,Natividad,Eric,Small
-1.0288473214553722,0.40116061338843767,-0.08569577871850313,-0.5836962812072303,-0.19473880309778704,10/21/2003 0:00,Resolved,1.0653495257808978,0.7952835385020682,-1.1651700861775494,Classic Cars,0.007079232279580979,S700_2824,Mini Auto Werke,7675-3555,Kirchgasse 6,Graz,8010,Austria,EMEA,Mendel,Roland,Medium
-0.9093719265615822,0.7091777697607564,0.11509048030984574,1.0730722067180898,0.03109949487432565,11/6/2003 0:00,Shipped,1.0653495257808978,1.0688075917661204,-1.1651700861775494,Classic Cars,0.007079232279580979,S700_2824,"Stylish Desk Decors, Co.",(171) 555-0297,35 King George,London,WX3 6FW,UK,EMEA,Brown,Ann,Medium
-0.8224807302751894,-1.2415975539305957,0.16516310293172987,-0.8203774937679902,-0.8433811049749389,11/13/2003 0:00,Shipped,1.0653495257808978,1.0688075917661204,-1.1651700861775494,Classic Cars,0.007079232279580979,S700_2824,"Classic Gift Ideas, Inc",2155554695,782 First Street,Philadelphia,71270,USA,EMEA,Cervantes,Francisca,Small
-0.7030053353813994,-0.9335803975582768,0.2653083481754995,-0.1103338560857102,-0.6731484760796116,11/25/2003 0:00,Shipped,1.0653495257808978,1.0688075917661204,-1.1651700861775494,Classic Cars,0.007079232279580979,S700_2824,"Saveley & Henriot, Co.",78.32.5555,"2, rue du Commerce",Lyon,69004,France,EMEA,Saveley,Mary,Small
-0.5726685409518104,-0.21487369935619982,0.8101579745265006,-1.2937399188895102,0.17268217161641844,12/5/2003 0:00,Shipped,1.0653495257808978,1.3423316450301723,-1.1651700861775494,Classic Cars,0.007079232279580979,S700_2824,Canadian Gift Exchange Network,(604) 555-3392,1900 Oak St.,Vancouver,V3F 2K1,Canada,EMEA,Tannamuri,Yoshi,Medium
-0.45319314605802036,-0.42021847027107895,0.21523572555361467,-0.1103338560857102,-0.4484776799484666,2/4/2004 0:00,Shipped,-1.4270386327380036,-1.3929088876103477,0.2643280247651782,Classic Cars,0.007079232279580979,S700_2824,Handji Gifts& Co,+65 224 1555,Village Close - 106 Linden Road Sandown,Singapore,69045,Singapore,APAC,Victorino,Wendy,Small
-0.3228563516284313,1.530556853420273,0.8101579745265006,1.0730722067180898,1.1186899075085952,3/11/2004 0:00,Shipped,-1.4270386327380036,-1.1193848343462958,0.2643280247651782,Classic Cars,0.007079232279580979,S700_2824,Mini Gifts Distributors Ltd.,4155551450,5677 Strong St.,San Rafael,97562,USA,EMEA,Nelson,Valarie,Medium
-0.14907395905564585,0.9145225406756355,0.8101579745265006,-0.5836962812072303,0.5837025522893655,5/4/2004 0:00,Shipped,-0.5962425798983697,-0.5723367278181918,0.2643280247651782,Classic Cars,0.007079232279580979,S700_2824,Super Scale Inc.,2035559545,567 North Pendale Street,New Haven,97823,USA,EMEA,Murphy,Leslie,Medium
-0.007875765090257694,1.017194926133075,-0.13576840134038795,-1.2937399188895102,0.04752054402356401,6/15/2004 0:00,Shipped,-0.5962425798983697,-0.29881267455413973,0.2643280247651782,Classic Cars,0.007079232279580979,S700_2824,"Tokyo Collectables, Ltd",+81 3 3584 0555,2-2-8 Roppongi,Minato-ku,106-0032,Japan,Japan,Shimamura,Akiko,Medium
0.12246102933933138,1.1198673115905147,0.21523572555361467,-0.5836962812072303,0.2683141479944723,7/19/2004 0:00,Shipped,0.23455347294126402,-0.025288621290087743,0.2643280247651782,Classic Cars,0.007079232279580979,S700_2824,Souveniers And Things Co.,+61 2 9495 8555,"Monitor Money Building, 815 Pacific Hwy",Chatswood,2067,Australia,APAC,Huxley,Adrian,Medium
0.24193642423312137,-0.8309080121008373,0.11509048030984574,1.0730722067180898,-0.6692387024726503,8/19/2004 0:00,Shipped,0.23455347294126402,0.24823543197396428,0.2643280247651782,Classic Cars,0.007079232279580979,S700_2824,Diecast Classics Inc.,2155551555,7586 Pompton St.,Allentown,70267,USA,EMEA,Yu,Kyung,Small
0.35055041959111227,-0.7282356266433977,0.8101579745265006,-0.1103338560857102,-0.1612396456236962,9/8/2004 0:00,Shipped,0.23455347294126402,0.5217594852380163,0.2643280247651782,Classic Cars,0.007079232279580979,S700_2824,Scandinavian Gift Ideas,0695-34 6555,?kergatan 24,Boras,S-844 67,Sweden,EMEA,Larsson,Maria,Medium
0.49174861355650046,0.5038329988458772,0.8101579745265006,-1.2937399188895102,0.3551980059269497,10/11/2004 0:00,Shipped,1.0653495257808978,0.7952835385020682,0.2643280247651782,Classic Cars,0.007079232279580979,S700_2824,Auto Assoc. & Cie.,30.59.8555,"67, avenue de l'Europe",Versailles,78000,France,EMEA,Tonini,Daniel,Medium
0.5895012093786922,-0.5228908557285186,0.7670261114759662,0.5997097815965698,-0.3149480507884903,10/22/2004 0:00,Shipped,1.0653495257808978,0.7952835385020682,0.2643280247651782,Classic Cars,0.007079232279580979,S700_2824,Canadian Gift Exchange Network,(604) 555-3392,1900 Oak St.,Vancouver,V3F 2K1,Canada,EMEA,Tannamuri,Yoshi,Small
0.7089766042724822,-0.11220131389876024,0.8101579745265006,-0.3470150686464702,0.37708187764369255,11/5/2004 0:00,Shipped,1.0653495257808978,1.0688075917661204,0.2643280247651782,Classic Cars,0.007079232279580979,S700_2824,Vitachrome Inc.,2125551500,2678 Kingston Rd.,NYC,10022,USA,EMEA,Frick,Michael,Medium
0.8393133987020713,1.1198673115905147,0.8101579745265006,-1.0570587063287502,3.2608114248338262,11/20/2004 0:00,Shipped,1.0653495257808978,1.0688075917661204,0.2643280247651782,Classic Cars,0.007079232279580979,S700_2824,"La Corne D'abondance, Co.",(1) 42.34.2555,"265, boulevard Charonne",Paris,75012,France,EMEA,Bertrand,Marie,Large
0.9696501931316603,-0.3175460848136394,-0.04107661004553711,0.1263473564750498,-0.49052946718778573,11/1/2004 0:00,Shipped,1.0653495257808978,1.0688075917661204,0.2643280247651782,Classic Cars,0.007079232279580979,S700_2824,"Corrida Auto Replicas, Ltd",(91) 555 22 82,"C/ Araquil, 67",Madrid,28023,Spain,EMEA,Sommer,MartÂ¡n,Small
1.0782641884896513,-0.8309080121008373,0.8101579745265006,-0.8203774937679902,0.11266714674955965,12/10/2004 0:00,Shipped,1.0653495257808978,1.3423316450301723,0.2643280247651782,Classic Cars,0.007079232279580979,S700_2824,Euro Shopping Channel,(91) 555 94 44,"C/ Moralzarzal, 86",Madrid,28034,Spain,EMEA,Freyre,Diego,Medium
1.2194623824550395,-0.11220131389876024,0.8101579745265006,-0.8203774937679902,0.4058838765483088,1/23/2005 0:00,Shipped,-1.4270386327380036,-1.6664329408743999,1.6938261357079059,Classic Cars,0.007079232279580979,S700_2824,Mini Gifts Distributors Ltd.,4155551450,5677 Strong St.,San Rafael,97562,USA,EMEA,Nelson,Valarie,Medium
1.3389377773488293,-0.11220131389876024,-1.4287327557747933,0.5997097815965698,-0.9173464192810812,2/17/2005 0:00,Shipped,-1.4270386327380036,-1.3929088876103477,1.6938261357079059,Classic Cars,0.007079232279580979,S700_2824,Mini Gifts Distributors Ltd.,4155551450,5677 Strong St.,San Rafael,97562,USA,EMEA,Nelson,Valarie,Small
1.653918363887003,-0.11220131389876024,0.8101579745265006,-0.5836962812072303,0.012441186383326296,5/1/2005 0:00,Shipped,-0.5962425798983697,-0.5723367278181918,1.6938261357079059,Classic Cars,0.007079232279580979,S700_2824,Quebec Home Shopping Network,(514) 555-8054,43 rue St. Laurent,Montreal,H1J 1C3,Canada,EMEA,Fresnisre,Jean,Medium
1.795116557852391,1.1198673115905147,-0.13576840134038795,-1.2937399188895102,0.09146205517291452,5/31/2005 0:00,In Process,-0.5962425798983697,-0.5723367278181918,1.6938261357079059,Classic Cars,0.007079232279580979,S700_2824,Euro Shopping Channel,(91) 555 94 44,"C/ Moralzarzal, 86",Madrid,28034,Spain,EMEA,Freyre,Diego,Medium
-1.6588084945317194,-0.3175460848136394,0.8101579745265006,-1.2937399188895102,0.2349507465484009,2/17/2003 0:00,Shipped,-1.4270386327380036,-1.3929088876103477,-1.1651700861775494,Planes,0.4301669487545075,S700_2834,Rovelli Gifts,035-640555,Via Ludovico il Moro 22,Bergamo,24100,Italy,EMEA,Rovelli,Giovanni,Medium
-1.5067489010305322,-1.138925168473156,0.8101579745265006,0.1263473564750498,-0.07426890383328635,4/29/2003 0:00,Shipped,-0.5962425798983697,-0.8458607810822437,-1.1651700861775494,Planes,0.4301669487545075,S700_2834,"Australian Collectors, Co.",03 9520 4555,636 St Kilda Road,Melbourne,3004,Australia,APAC,Ferguson,Peter,Medium
-1.3655507070651438,-0.8309080121008373,0.7937976126797464,-1.0570587063287502,-0.46852069992526496,6/27/2003 0:00,Shipped,-0.5962425798983697,-0.29881267455413973,-1.1651700861775494,Planes,0.4301669487545075,S700_2834,Euro Shopping Channel,(91) 555 94 44,"C/ Moralzarzal, 86",Madrid,28034,Spain,EMEA,Freyre,Diego,Small
-1.2352139126355548,-1.5496147103029143,0.8101579745265006,1.5464346318396098,-0.43511928679134826,8/25/2003 0:00,Shipped,0.23455347294126402,0.24823543197396428,-1.1651700861775494,Planes,0.4301669487545075,S700_2834,Toys4GrownUps.com,6265557265,78934 Hillside Dr.,Pasadena,90003,USA,EMEA,Young,Julie,Small
-0.9854017233121758,0.09314345701611891,0.8101579745265006,0.3630285690358098,0.5288136750405229,10/28/2003 0:00,Shipped,1.0653495257808978,0.7952835385020682,-1.1651700861775494,Planes,0.4301669487545075,S700_2834,Technics Stores Inc.,6505556809,9408 Furth Circle,Burlingame,94217,USA,EMEA,Hirano,Juri,Medium
-0.7681737325961939,-0.6255632411859581,0.8101579745265006,0.3630285690358098,0.21892610500097973,11/18/2003 0:00,Shipped,1.0653495257808978,1.0688075917661204,-1.1651700861775494,Planes,0.4301669487545075,S700_2834,Herkku Gifts,+47 2267 3215,"Drammen 121, PR 744 Sentrum",Bergen,N 5804,Norway,EMEA,Oeztan,Veysel,Medium
-0.529222942808614,-1.0362527830157164,0.8101579745265006,-0.1103338560857102,-0.39960550986144805,1/12/2004 0:00,Shipped,-1.4270386327380036,-1.6664329408743999,0.2643280247651782,Planes,0.4301669487545075,S700_2834,Osaka Souveniers Co.,+81 06 6342 5555,"Dojima Avanza 4F, 1-6-20 Dojima, Kita-ku",Osaka,530-0003,Japan,Japan,Kentary,Mory,Small
-0.38802474884322585,-0.6255632411859581,0.8101579745265006,0.3630285690358098,-0.19224632242334902,2/20/2004 0:00,Shipped,-1.4270386327380036,-1.3929088876103477,0.2643280247651782,Planes,0.4301669487545075,S700_2834,"Australian Collectors, Co.",03 9520 4555,636 St Kilda Road,Melbourne,3004,Australia,APAC,Ferguson,Peter,Medium
-0.25768795441363673,-1.0362527830157164,0.6173040121511234,-1.0570587063287502,-0.625096272401831,4/2/2004 0:00,Shipped,-0.5962425798983697,-0.8458607810822437,0.2643280247651782,Planes,0.4301669487545075,S700_2834,"Royal Canadian Collectables, Ltd.",(604) 555-4555,23 Tsawassen Blvd.,Tsawassen,T2F 8M4,Canada,EMEA,Lincoln,Elizabeth,Small
-0.09476696137665042,0.9145225406756355,0.8101579745265006,-0.8203774937679902,1.3585545182956824,5/11/2004 0:00,Shipped,-0.5962425798983697,-0.5723367278181918,0.2643280247651782,Planes,0.4301669487545075,S700_2834,The Sharp Gifts Warehouse,4085553659,3086 Ingle Ln.,San Jose,94217,USA,EMEA,Frick,Sue,Medium
0.046431232588737756,1.2225396970479543,0.8101579745265006,0.5997097815965698,1.037866198666908,6/28/2004 0:00,Shipped,-0.5962425798983697,-0.29881267455413973,0.2643280247651782,Planes,0.4301669487545075,S700_2834,Gift Depot Inc.,2035552570,25593 South Bay Ln.,Bridgewater,97562,USA,EMEA,King,Julie,Medium
0.17676802701832683,1.325212082505394,0.8101579745265006,0.3630285690358098,1.5339513064968713,7/23/2004 0:00,Shipped,0.23455347294126402,-0.025288621290087743,0.2643280247651782,Planes,0.4301669487545075,S700_2834,La Rochelle Gifts,40.67.8555,"67, rue des Cinquante Otages",Nantes,44000,France,EMEA,Labrune,Janine,Medium
0.2853820223763177,1.017194926133075,0.8101579745265006,1.5464346318396098,0.9985729739169452,8/27/2004 0:00,Shipped,0.23455347294126402,0.24823543197396428,0.2643280247651782,Planes,0.4301669487545075,S700_2834,Marta's Replicas Co.,6175558555,39323 Spinnaker Dr.,Cambridge,51247,USA,EMEA,Hernandez,Marta,Medium
0.41571881680590683,-0.009528928441320661,0.8101579745265006,-0.8203774937679902,0.23491816510167624,9/16/2004 0:00,Shipped,0.23455347294126402,0.5217594852380163,0.2643280247651782,Planes,0.4301669487545075,S700_2834,"Clover Collections, Co.",+353 1862 1555,25 Maiden Lane,Dublin,2,Ireland,EMEA,Cassidy,Dean,Medium
0.5351942116996968,-0.42021847027107895,0.8101579745265006,-0.1103338560857102,0.24726110316920882,10/15/2004 0:00,Shipped,1.0653495257808978,0.7952835385020682,0.2643280247651782,Planes,0.4301669487545075,S700_2834,Mini Classics,9145554562,3758 North Pendale Street,White Plains,24067,USA,EMEA,Frick,Steve,Medium
0.6438082070576877,1.530556853420273,0.8101579745265006,0.3630285690358098,1.9359411961859612,11/2/2004 0:00,Shipped,1.0653495257808978,1.0688075917661204,0.2643280247651782,Planes,0.4301669487545075,S700_2834,Diecast Classics Inc.,2155551555,7586 Pompton St.,Allentown,70267,USA,EMEA,Yu,Kyung,Large
0.7524222024156786,-0.21487369935619982,0.8101579745265006,1.0730722067180898,0.2814553315067594,11/12/2004 0:00,Shipped,1.0653495257808978,1.0688075917661204,0.2643280247651782,Planes,0.4301669487545075,S700_2834,Rovelli Gifts,035-640555,Via Ludovico il Moro 22,Bergamo,24100,Italy,EMEA,Rovelli,Giovanni,Medium
0.8827589968452677,-0.6255632411859581,0.8101579745265006,-0.1103338560857102,0.2935701994472194,11/24/2004 0:00,Shipped,1.0653495257808978,1.0688075917661204,0.2643280247651782,Planes,0.4301669487545075,S700_2834,Enaco Distributors,(93) 203 4555,"Rambla de CataluÂ¤a, 23",Barcelona,8022,Spain,EMEA,Saavedra,Eduardo,Medium
1.0239571908106557,1.325212082505394,-0.736639872803003,-0.5836962812072303,-0.13656462997087257,12/4/2004 0:00,Shipped,1.0653495257808978,1.3423316450301723,0.2643280247651782,Planes,0.4301669487545075,S700_2834,Gift Ideas Corp.,2035554407,2440 Pompton St.,Glendale,97561,USA,EMEA,Lewis,Dan,Medium
1.1108483870970485,0.9145225406756355,-0.5571716610295155,-0.3470150686464702,-0.1995119850429525,12/17/2004 0:00,Shipped,1.0653495257808978,1.3423316450301723,0.2643280247651782,Planes,0.4301669487545075,S700_2834,Souveniers And Things Co.,+61 2 9495 8555,"Monitor Money Building, 815 Pacific Hwy",Chatswood,2067,Australia,APAC,Huxley,Adrian,Medium
1.2629079805982357,-1.0362527830157164,-0.8392639607508255,0.8363909941573299,-1.02394748272311,2/3/2005 0:00,Shipped,-1.4270386327380036,-1.3929088876103477,1.6938261357079059,Planes,0.4301669487545075,S700_2834,La Rochelle Gifts,40.67.8555,"67, rue des Cinquante Otages",Nantes,44000,France,EMEA,Labrune,Janine,Small
1.404106174563624,1.530556853420273,0.8101579745265006,-0.8203774937679902,1.9552185521647296,3/3/2005 0:00,Shipped,-1.4270386327380036,-1.1193848343462958,1.6938261357079059,Planes,0.4301669487545075,S700_2834,FunGiftIdeas.com,5085552555,1785 First Street,New Bedford,50553,USA,EMEA,Benitez,Violeta,Large
1.5127201699216148,-1.2415975539305957,0.8101579745265006,0.5997097815965698,-0.40349899274504725,3/30/2005 0:00,Shipped,-1.4270386327380036,-1.1193848343462958,1.6938261357079059,Planes,0.4301669487545075,S700_2834,Reims Collectables,26.47.1555,59 rue de l'Abbaye,Reims,51100,France,EMEA,Henriot,Paul,Small
1.5453043685290122,-1.4469423248454747,0.6173040121511234,-1.0570587063287502,-0.8338564620490911,4/3/2005 0:00,On Hold,-0.5962425798983697,-0.8458607810822437,1.6938261357079059,Planes,0.4301669487545075,S700_2834,Tekni Collectables Inc.,2015559350,7476 Moss Rd.,Newark,94019,USA,EMEA,Brown,William,Small
1.7082253615659986,0.6065053843033168,0.8101579745265006,-0.8203774937679902,1.1343452926598034,5/10/2005 0:00,Shipped,-0.5962425798983697,-0.5723367278181918,1.6938261357079059,Planes,0.4301669487545075,S700_2834,L'ordine Souveniers,0522-556555,Strada Provinciale 124,Reggio Emilia,42100,Italy,EMEA,Moroni,Maurizio,Medium
-1.6588084945317194,0.9145225406756355,-0.45900948994898916,0.3630285690358098,-0.1522037243987186,2/17/2003 0:00,Shipped,-1.4270386327380036,-1.3929088876103477,-1.1651700861775494,Planes,-0.5155585351306223,S700_3167,Rovelli Gifts,035-640555,Via Ludovico il Moro 22,Bergamo,24100,Italy,EMEA,Rovelli,Giovanni,Medium
-1.5067489010305322,0.8118501552181959,-0.3796865234192713,1.7831158444003699,-0.15524465942635526,4/29/2003 0:00,Shipped,-0.5962425798983697,-0.8458607810822437,-1.1651700861775494,Planes,-0.5155585351306223,S700_3167,"Australian Collectors, Co.",03 9520 4555,636 St Kilda Road,Melbourne,3004,Australia,APAC,Ferguson,Peter,Medium
-1.256936711707153,-0.7282356266433977,0.6118505582022054,-0.8203774937679902,-0.470198644431586,8/10/2003 0:00,Shipped,0.23455347294126402,0.24823543197396428,-1.1651700861775494,Planes,-0.5155585351306223,S700_3167,Mini Creations Ltd.,5085559555,4575 Hillside Dr.,New Bedford,50553,USA,EMEA,Tam,Wing C,Small
-1.126599917277564,0.8118501552181959,0.13591275902389682,-1.2937399188895102,0.08759572349491908,10/6/2003 0:00,Shipped,1.0653495257808978,0.7952835385020682,-1.1651700861775494,Planes,-0.5155585351306223,S700_3167,"Toys of Finland, Co.",90-224 8555,Keskuskatu 45,Helsinki,21240,Finland,EMEA,Karttunen,Matti,Medium
-0.9854017233121758,1.325212082505394,0.6118505582022054,2.0197970569611297,0.5724076507581433,10/28/2003 0:00,Shipped,1.0653495257808978,0.7952835385020682,-1.1651700861775494,Planes,-0.5155585351306223,S700_3167,Technics Stores Inc.,6505556809,9408 Furth Circle,Burlingame,94217,USA,EMEA,Hirano,Juri,Medium
-0.648698337702404,0.29848822793099805,-0.06239465730039849,-0.8203774937679902,-0.2295303579586236,12/1/2003 0:00,Shipped,1.0653495257808978,1.3423316450301723,-1.1651700861775494,Planes,-0.5155585351306223,S700_3167,West Coast Collectables Co.,3105553722,3675 Furth Circle,Burbank,94019,USA,EMEA,Thompson,Steve,Medium
-0.529222942808614,-0.42021847027107895,0.13591275902389682,1.5464346318396098,-0.4754116759075346,1/12/2004 0:00,Shipped,-1.4270386327380036,-1.6664329408743999,0.2643280247651782,Planes,-0.5155585351306223,S700_3167,Osaka Souveniers Co.,+81 06 6342 5555,"Dojima Avanza 4F, 1-6-20 Dojima, Kita-ku",Osaka,530-0003,Japan,Japan,Kentary,Mory,Small
-0.38802474884322585,-0.9335803975582768,-0.8159628393327208,2.0197970569611297,-0.9810757290745533,2/20/2004 0:00,Shipped,-1.4270386327380036,-1.3929088876103477,0.2643280247651782,Planes,-0.5155585351306223,S700_3167,"Australian Collectors, Co.",03 9520 4555,636 St Kilda Road,Melbourne,3004,Australia,APAC,Ferguson,Peter,Small
-0.25768795441363673,-0.3175460848136394,0.41354314187791,0.5997097815965698,-0.33118447173962207,4/2/2004 0:00,Shipped,-0.5962425798983697,-0.8458607810822437,0.2643280247651782,Planes,-0.5155585351306223,S700_3167,"Royal Canadian Collectables, Ltd.",(604) 555-4555,23 Tsawassen Blvd.,Tsawassen,T2F 8M4,Canada,EMEA,Lincoln,Elizabeth,Small
-0.09476696137665042,0.9145225406756355,-0.8159628393327208,0.8363909941573299,-0.3242337631050238,5/11/2004 0:00,Shipped,-0.5962425798983697,-0.5723367278181918,0.2643280247651782,Planes,-0.5155585351306223,S700_3167,The Sharp Gifts Warehouse,4085553659,3086 Ingle Ln.,San Jose,94217,USA,EMEA,Frick,Sue,Small
0.03556983305293866,-0.8309080121008373,-0.3796865234192713,-0.3470150686464702,-0.8155619797131838,6/24/2004 0:00,Cancelled,-0.5962425798983697,-0.29881267455413973,0.2643280247651782,Planes,-0.5155585351306223,S700_3167,Euro Shopping Channel,(91) 555 94 44,"C/ Moralzarzal, 86",Madrid,28034,Spain,EMEA,Freyre,Diego,Small
0.17676802701832683,0.8118501552181959,-0.49867097321384873,2.0197970569611297,-0.21128474779280312,7/23/2004 0:00,Shipped,0.23455347294126402,-0.025288621290087743,0.2643280247651782,Planes,-0.5155585351306223,S700_3167,La Rochelle Gifts,40.67.8555,"67, rue des Cinquante Otages",Nantes,44000,France,EMEA,Labrune,Janine,Medium
0.27452062284051865,-1.0362527830157164,-0.6969783895381441,0.1263473564750498,-0.9849855026815149,8/21/2004 0:00,Shipped,0.23455347294126402,0.24823543197396428,0.2643280247651782,Planes,-0.5155585351306223,S700_3167,"Norway Gifts By Mail, Co.",+47 2212 1555,"Drammensveien 126 A, PB 744 Sentrum",Oslo,N 0106,Norway,EMEA,Klaeboe,Jan,Small
0.4048574172701077,-1.344269939388035,-0.14171762383011705,-0.8203774937679902,-0.9645677960673826,9/15/2004 0:00,Shipped,0.23455347294126402,0.5217594852380163,0.2643280247651782,Planes,-0.5155585351306223,S700_3167,"Bavarian Collectables Imports, Co.",+49 89 61 08 9555,Hansastr. 15,Munich,80686,Germany,EMEA,Donnermeyer,Michael,Small
0.5351942116996968,-1.4469423248454747,0.17557424228875576,1.5464346318396098,-0.9354617036600027,10/15/2004 0:00,Shipped,1.0653495257808978,0.7952835385020682,0.2643280247651782,Planes,-0.5155585351306223,S700_3167,Mini Classics,9145554562,3758 North Pendale Street,White Plains,24067,USA,EMEA,Frick,Steve,Small
0.6220854079860895,1.325212082505394,-0.4193480066841302,-0.3470150686464702,0.03025237725948402,11/1/2004 0:00,Shipped,1.0653495257808978,1.0688075917661204,0.2643280247651782,Planes,-0.5155585351306223,S700_3167,giftsbymail.co.uk,(198) 555-8888,Garden House Crowther Way,Cowes,PO31 7PJ,UK,EMEA,Bennett,Helen,Medium
0.7524222024156786,-0.21487369935619982,-0.9746087723921573,1.5464346318396098,-0.7829805329885048,11/12/2004 0:00,Shipped,1.0653495257808978,1.0688075917661204,0.2643280247651782,Planes,-0.5155585351306223,S700_3167,Rovelli Gifts,035-640555,Via Ludovico il Moro 22,Bergamo,24100,Italy,EMEA,Rovelli,Giovanni,Small
0.8936203963810667,-0.11220131389876024,0.8101579745265006,-0.3470150686464702,0.048997569608416024,11/24/2004 0:00,Shipped,1.0653495257808978,1.0688075917661204,0.2643280247651782,Planes,-0.5155585351306223,S700_3167,Salzburg Collectables,6562-9555,Geislweg 14,Salzburg,5020,Austria,EMEA,Pipps,Georg,Medium
1.0239571908106557,0.8118501552181959,-0.08470424163688185,-0.1103338560857102,-0.016311940351203105,12/4/2004 0:00,Shipped,1.0653495257808978,1.3423316450301723,0.2643280247651782,Planes,-0.5155585351306223,S700_3167,Gift Ideas Corp.,2035554407,2440 Pompton St.,Glendale,97561,USA,EMEA,Lewis,Dan,Medium
1.1108483870970485,0.9145225406756355,0.8101579745265006,0.8363909941573299,0.7863157089879028,12/17/2004 0:00,Shipped,1.0653495257808978,1.3423316450301723,0.2643280247651782,Planes,-0.5155585351306223,S700_3167,Souveniers And Things Co.,+61 2 9495 8555,"Monitor Money Building, 815 Pacific Hwy",Chatswood,2067,Australia,APAC,Huxley,Adrian,Medium
1.2629079805982357,0.9145225406756355,0.8101579745265006,1.0730722067180898,0.8986130953656299,2/3/2005 0:00,Shipped,-1.4270386327380036,-1.3929088876103477,1.6938261357079059,Planes,-0.5155585351306223,S700_3167,La Rochelle Gifts,40.67.8555,"67, rue des Cinquante Otages",Nantes,44000,France,EMEA,Labrune,Janine,Medium
1.3823833754920258,-0.3175460848136394,0.5295529804276229,2.4931594820826497,-0.2905228262272226,3/1/2005 0:00,Resolved,-1.4270386327380036,-1.1193848343462958,1.6938261357079059,Planes,-0.5155585351306223,S700_3167,Euro Shopping Channel,(91) 555 94 44,"C/ Moralzarzal, 86",Madrid,28034,Spain,EMEA,Freyre,Diego,Medium
1.5127201699216148,-0.6255632411859581,-0.8952858058624394,0.8363909941573299,-0.8967983868800502,3/30/2005 0:00,Shipped,-1.4270386327380036,-1.1193848343462958,1.6938261357079059,Planes,-0.5155585351306223,S700_3167,Reims Collectables,26.47.1555,59 rue de l'Abbaye,Reims,51100,France,EMEA,Henriot,Paul,Small
1.5453043685290122,4.302711260771142,0.41354314187791,0.5997097815965698,1.9169353522632318,4/3/2005 0:00,On Hold,-0.5962425798983697,-0.8458607810822437,1.6938261357079059,Planes,-0.5155585351306223,S700_3167,Tekni Collectables Inc.,2015559350,7476 Moss Rd.,Newark,94019,USA,EMEA,Brown,William,Large
1.7082253615659986,0.40116061338843767,-0.8159628393327208,0.8363909941573299,-0.5066898647632264,5/10/2005 0:00,Shipped,-0.5962425798983697,-0.5723367278181918,1.6938261357079059,Planes,-0.5155585351306223,S700_3167,L'ordine Souveniers,0522-556555,Strada Provinciale 124,Reggio Emilia,42100,Italy,EMEA,Moroni,Maurizio,Small
-1.6696698940675183,0.40116061338843767,-0.12486149344255176,-0.1103338560857102,-0.2114693759909097,2/11/2003 0:00,Shipped,-1.4270386327380036,-1.3929088876103477,-1.1651700861775494,Ships,-0.01780828045423823,S700_3505,Danish Wholesale Imports,31 12 3555,Vinb'ltet 34,Kobenhavn,1734,Denmark,EMEA,Petersen,Jytte,Medium
-1.5284717001021302,0.09314345701611891,0.8101579745265006,-1.2937399188895102,0.361279875982223,4/21/2003 0:00,Shipped,-0.5962425798983697,-0.8458607810822437,-1.1651700861775494,Ships,-0.01780828045423823,S700_3505,Enaco Distributors,(93) 203 4555,"Rambla de CataluÂ¤a, 23",Barcelona,8022,Spain,EMEA,Saavedra,Eduardo,Medium
-1.4089963052083403,0.7091777697607564,0.37140281590899754,-0.1103338560857102,0.14901175057093927,6/12/2003 0:00,Shipped,-0.5962425798983697,-0.29881267455413973,-1.1651700861775494,Ships,-0.01780828045423823,S700_3505,"Stylish Desk Decors, Co.",(171) 555-0297,35 King George,London,WX3 6FW,UK,EMEA,Brown,Ann,Medium
-1.2677981112429522,-1.4469423248454747,0.8101579745265006,-0.8203774937679902,-0.6618915862362352,8/8/2003 0:00,Shipped,0.23455347294126402,0.24823543197396428,-1.1651700861775494,Ships,-0.01780828045423823,S700_3505,Mini Gifts Distributors Ltd.,4155551450,5677 Strong St.,San Rafael,97562,USA,EMEA,Nelson,Valarie,Small
-1.148322716349162,1.530556853420273,0.22267225366577603,-1.0570587063287502,0.4635313162865075,9/28/2003 0:00,Shipped,0.23455347294126402,0.5217594852380163,-1.1651700861775494,Ships,-0.01780828045423823,S700_3505,Euro Shopping Channel,(91) 555 94 44,"C/ Moralzarzal, 86",Madrid,28034,Spain,EMEA,Freyre,Diego,Medium
-0.9962631228479749,-1.138925168473156,0.8101579745265006,1.5464346318396098,-0.4024292352442535,10/23/2003 0:00,Cancelled,1.0653495257808978,0.7952835385020682,-1.1651700861775494,Ships,-0.01780828045423823,S700_3505,Scandinavian Gift Ideas,0695-34 6555,?kergatan 24,Boras,S-844 67,Sweden,EMEA,Larsson,Maria,Small
-0.8876491274899839,0.9145225406756355,0.42147543853088165,-0.5836962812072303,0.27213703774350123,11/7/2003 0:00,Shipped,1.0653495257808978,1.0688075917661204,-1.1651700861775494,Ships,-0.01780828045423823,S700_3505,CAF Imports,+34 913 728 555,"Merchants House, 27-30 Merchant's Quay",Madrid,28023,Spain,EMEA,Fernandez,Jesus,Medium
-0.8007579312035913,0.1958158424735585,0.8101579745265006,-0.5836962812072303,0.18341775831220017,11/14/2003 0:00,Shipped,1.0653495257808978,1.0688075917661204,-1.1651700861775494,Ships,-0.01780828045423823,S700_3505,Mini Creations Ltd.,5085559555,4575 Hillside Dr.,New Bedford,50553,USA,EMEA,Tam,Wing C,Medium
-0.6704211367740022,-0.8309080121008373,0.42147543853088165,0.8363909941573299,-0.5786296991313178,11/26/2003 0:00,Shipped,1.0653495257808978,1.0688075917661204,-1.1651700861775494,Ships,-0.01780828045423823,S700_3505,Enaco Distributors,(93) 203 4555,"Rambla de CataluÂ¤a, 23",Barcelona,8022,Spain,EMEA,Saavedra,Eduardo,Small
-0.5509457418802122,0.1958158424735585,0.8101579745265006,-0.5836962812072303,0.4851979783584189,1/2/2004 0:00,Shipped,-1.4270386327380036,-1.6664329408743999,0.2643280247651782,Ships,-0.01780828045423823,S700_3505,"Saveley & Henriot, Co.",78.32.5555,"2, rue du Commerce",Lyon,69004,France,EMEA,Saveley,Mary,Medium
-0.3988861483790249,0.29848822793099805,0.8101579745265006,2.2564782695218897,0.3439139648779693,2/19/2004 0:00,Shipped,-1.4270386327380036,-1.3929088876103477,0.2643280247651782,Ships,-0.01780828045423823,S700_3505,Collectable Mini Designs Co.,7605558146,361 Furth Circle,San Diego,91217,USA,EMEA,Thompson,Valarie,Medium
-0.29027215302103404,1.325212082505394,0.6197828548551769,-1.2937399188895102,0.5765780759389024,3/20/2004 0:00,Shipped,-1.4270386327380036,-1.1193848343462958,0.2643280247651782,Ships,-0.01780828045423823,S700_3505,giftsbymail.co.uk,(198) 555-8888,Garden House Crowther Way,Cowes,PO31 7PJ,UK,EMEA,Bennett,Helen,Medium
-0.11648976044824859,-0.5228908557285186,0.8101579745265006,0.1263473564750498,-0.16751700435931766,5/7/2004 0:00,Cancelled,-0.5962425798983697,-0.5723367278181918,0.2643280247651782,Ships,-0.01780828045423823,S700_3505,Land of Toys Inc.,2125557818,897 Long Airport Avenue,NYC,10022,USA,EMEA,Yu,Kwai,Medium
0.024708433517139576,-1.0362527830157164,0.22267225366577603,-0.3470150686464702,-0.7331580707053498,6/17/2004 0:00,Shipped,-0.5962425798983697,-0.29881267455413973,0.2643280247651782,Ships,-0.01780828045423823,S700_3505,Quebec Home Shopping Network,(514) 555-8054,43 rue St. Laurent,Montreal,H1J 1C3,Canada,EMEA,Fresnisre,Jean,Small
0.15504522794672865,0.5038329988458772,0.12351854550362837,0.3630285690358098,-0.05858636747647411,7/21/2004 0:00,Shipped,0.23455347294126402,-0.025288621290087743,0.2643280247651782,Ships,-0.01780828045423823,S700_3505,Petit Auto,(02) 5554 67,Rue Joseph-Bens 532,Bruxelles,B-1180,Belgium,EMEA,Dewey,Catherine,Medium
0.2636592233047195,-1.344269939388035,0.22267225366577603,0.8363909941573299,-0.8767607971443726,8/20/2004 0:00,Shipped,0.23455347294126402,0.24823543197396428,0.2643280247651782,Ships,-0.01780828045423823,S700_3505,"Royal Canadian Collectables, Ltd.",(604) 555-4555,23 Tsawassen Blvd.,Tsawassen,T2F 8M4,Canada,EMEA,Lincoln,Elizabeth,Small
0.39399601773430865,-0.11220131389876024,0.8101579745265006,-0.3470150686464702,-0.04350115764294761,9/10/2004 0:00,Shipped,0.23455347294126402,0.5217594852380163,0.2643280247651782,Ships,-0.01780828045423823,S700_3505,Gifts4AllAges.com,6175559555,8616 Spinnaker Dr.,Boston,51003,USA,EMEA,Yoshido,Juri,Medium
0.5134714126280986,-0.3175460848136394,0.3218259618279237,-0.5836962812072303,-0.36333149917463864,10/14/2004 0:00,Shipped,1.0653495257808978,0.7952835385020682,0.2643280247651782,Ships,-0.01780828045423823,S700_3505,"AV Stores, Co.",(171) 555-1555,Fauntleroy Circus,Manchester,EC2 5NT,UK,EMEA,Ashworth,Victoria,Small
0.6112240084502905,-0.42021847027107895,0.12351854550362837,-0.8203774937679902,-0.479620112776139,10/29/2004 0:00,Shipped,1.0653495257808978,0.7952835385020682,0.2643280247651782,Ships,-0.01780828045423823,S700_3505,La Rochelle Gifts,40.67.8555,"67, rue des Cinquante Otages",Nantes,44000,France,EMEA,Labrune,Janine,Small
0.7415608028798795,0.8118501552181959,-0.18137910709497596,-1.0570587063287502,-0.061844512148942016,11/10/2004 0:00,Resolved,1.0653495257808978,1.0688075917661204,0.2643280247651782,Ships,-0.01780828045423823,S700_3505,Danish Wholesale Imports,31 12 3555,Vinb'ltet 34,Kobenhavn,1734,Denmark,EMEA,Petersen,Jytte,Medium
0.8501747982378703,-0.42021847027107895,0.28365178418549636,-1.2937399188895102,-0.42524710843377034,11/21/2004 0:00,Shipped,1.0653495257808978,1.0688075917661204,0.2643280247651782,Ships,-0.01780828045423823,S700_3505,Classic Legends Inc.,2125558493,5905 Pompton St.,NYC,10022,USA,EMEA,Hernandez,Maria,Small
0.9913729922032586,-0.42021847027107895,-0.3132535389506322,1.5464346318396098,-0.6279254280257572,12/2/2004 0:00,Shipped,1.0653495257808978,1.3423316450301723,0.2643280247651782,Ships,-0.01780828045423823,S700_3505,Euro Shopping Channel,(91) 555 94 44,"C/ Moralzarzal, 86",Madrid,28034,Spain,EMEA,Freyre,Diego,Small
1.2411851815266377,-0.11220131389876024,0.6287066885897706,-1.0570587063287502,-0.15113939713904573,1/31/2005 0:00,Shipped,-1.4270386327380036,-1.6664329408743999,1.6938261357079059,Ships,-0.01780828045423823,S700_3505,"Oulu Toy Supplies, Inc.",981-443655,Torikatu 38,Oulu,90110,Finland,EMEA,Koskitalo,Pirkko,Medium
1.3823833754920258,1.017194926133075,0.4175092902043958,-1.0570587063287502,0.32022725310912775,3/1/2005 0:00,Resolved,-1.4270386327380036,-1.1193848343462958,1.6938261357079059,Ships,-0.01780828045423823,S700_3505,Euro Shopping Channel,(91) 555 94 44,"C/ Moralzarzal, 86",Madrid,28034,Spain,EMEA,Freyre,Diego,Medium
1.5018587703858157,1.325212082505394,0.8101579745265006,-0.8203774937679902,0.889881267643416,3/28/2005 0:00,Shipped,-1.4270386327380036,-1.1193848343462958,1.6938261357079059,Ships,-0.01780828045423823,S700_3505,Alpha Cognac,61.77.6555,1 rue Alsace-Lorraine,Toulouse,31000,France,EMEA,Roulet,Annette,Medium
1.6865025624944003,-0.7282356266433977,0.8101579745265006,0.1263473564750498,-0.2850057012485103,5/6/2005 0:00,On Hold,-0.5962425798983697,-0.5723367278181918,1.6938261357079059,Ships,-0.01780828045423823,S700_3505,Gifts4AllAges.com,6175559555,8616 Spinnaker Dr.,Boston,51003,USA,EMEA,Yoshido,Juri,Medium
-1.6696698940675183,-1.344269939388035,0.8101579745265006,0.1263473564750498,-0.5417800828857059,2/11/2003 0:00,Shipped,-1.4270386327380036,-1.3929088876103477,-1.1651700861775494,Ships,-0.04269579318805743,S700_3962,Danish Wholesale Imports,31 12 3555,Vinb'ltet 34,Kobenhavn,1734,Denmark,EMEA,Petersen,Jytte,Small
-1.5393330996379293,1.017194926133075,-0.01182626613770338,-1.2937399188895102,0.10861075663233721,4/16/2003 0:00,Shipped,-0.5962425798983697,-0.8458607810822437,-1.1651700861775494,Ships,-0.04269579318805743,S700_3962,"Dragon Souveniers, Ltd.",+65 221 7555,"Bronz Sok., Bronz Apt. 3/6 Tesvikiye",Singapore,79903,Singapore,Japan,Natividad,Eric,Medium
-1.4089963052083403,-0.5228908557285186,0.08683167348363328,0.1263473564750498,-0.5384567753197885,6/12/2003 0:00,Shipped,-0.5962425798983697,-0.29881267455413973,-1.1651700861775494,Ships,-0.04269579318805743,S700_3962,"Stylish Desk Decors, Co.",(171) 555-0297,35 King George,London,WX3 6FW,UK,EMEA,Brown,Ann,Small
-1.2677981112429522,0.29848822793099805,0.08683167348363328,-0.5836962812072303,-0.1674192600191437,8/8/2003 0:00,Shipped,0.23455347294126402,0.24823543197396428,-1.1651700861775494,Ships,-0.04269579318805743,S700_3962,Mini Gifts Distributors Ltd.,4155551450,5677 Strong St.,San Rafael,97562,USA,EMEA,Nelson,Valarie,Medium
-1.148322716349162,-1.5496147103029143,0.8101579745265006,-0.8203774937679902,-0.7326965002100835,9/28/2003 0:00,Shipped,0.23455347294126402,0.5217594852380163,-1.1651700861775494,Ships,-0.04269579318805743,S700_3962,Euro Shopping Channel,(91) 555 94 44,"C/ Moralzarzal, 86",Madrid,28034,Spain,EMEA,Freyre,Diego,Small
-0.9962631228479749,-0.7282356266433977,0.8101579745265006,1.7831158444003699,-0.29914604912702103,10/23/2003 0:00,Cancelled,1.0653495257808978,0.7952835385020682,-1.1651700861775494,Ships,-0.04269579318805743,S700_3962,Scandinavian Gift Ideas,0695-34 6555,?kergatan 24,Boras,S-844 67,Sweden,EMEA,Larsson,Maria,Medium
-0.8876491274899839,-1.138925168473156,0.8101579745265006,-0.3470150686464702,-0.557907899014422,11/7/2003 0:00,Shipped,1.0653495257808978,1.0688075917661204,-1.1651700861775494,Ships,-0.04269579318805743,S700_3962,CAF Imports,+34 913 728 555,"Merchants House, 27-30 Merchant's Quay",Madrid,28023,Spain,EMEA,Fernandez,Jesus,Small
-0.8007579312035913,-1.344269939388035,-0.20864637683956644,-0.3470150686464702,-0.9806956121960987,11/14/2003 0:00,Shipped,1.0653495257808978,1.0688075917661204,-1.1651700861775494,Ships,-0.04269579318805743,S700_3962,Mini Creations Ltd.,5085559555,4575 Hillside Dr.,New Bedford,50553,USA,EMEA,Tam,Wing C,Small
-0.6704211367740022,-0.009528928441320661,0.48047189488735936,1.0730722067180898,-0.15565192751041376,11/26/2003 0:00,Shipped,1.0653495257808978,1.0688075917661204,-1.1651700861775494,Ships,-0.04269579318805743,S700_3962,Enaco Distributors,(93) 203 4555,"Rambla de CataluÂ¤a, 23",Barcelona,8022,Spain,EMEA,Saavedra,Eduardo,Medium
-0.5509457418802122,-0.21487369935619982,0.08683167348363328,-0.3470150686464702,-0.3993177070820466,1/2/2004 0:00,Shipped,-1.4270386327380036,-1.6664329408743999,0.2643280247651782,Ships,-0.04269579318805743,S700_3962,"Saveley & Henriot, Co.",78.32.5555,"2, rue du Commerce",Lyon,69004,France,EMEA,Saveley,Mary,Small
-0.3988861483790249,-0.42021847027107895,0.5791298345086968,2.4931594820826497,-0.3249179734862422,2/19/2004 0:00,Shipped,-1.4270386327380036,-1.3929088876103477,0.2643280247651782,Ships,-0.04269579318805743,S700_3962,Collectable Mini Designs Co.,7605558146,361 Furth Circle,San Diego,91217,USA,EMEA,Thompson,Valarie,Small
-0.29027215302103404,-0.009528928441320661,-0.060907351677966216,-1.0570587063287502,-0.3631957431466191,3/20/2004 0:00,Shipped,-1.4270386327380036,-1.1193848343462958,0.2643280247651782,Ships,-0.04269579318805743,S700_3962,giftsbymail.co.uk,(198) 555-8888,Garden House Crowther Way,Cowes,PO31 7PJ,UK,EMEA,Bennett,Helen,Small
-0.11648976044824859,-0.009528928441320661,0.3327328697257599,0.3630285690358098,-0.21228934240014757,5/7/2004 0:00,Cancelled,-0.5962425798983697,-0.5723367278181918,0.2643280247651782,Ships,-0.04269579318805743,S700_3962,Land of Toys Inc.,2125557818,897 Long Airport Avenue,NYC,10022,USA,EMEA,Yu,Kwai,Medium
0.024708433517139576,1.530556853420273,-0.11048420575904006,-0.1103338560857102,0.28107521462830487,6/17/2004 0:00,Shipped,-0.5962425798983697,-0.29881267455413973,0.2643280247651782,Ships,-0.04269579318805743,S700_3962,Quebec Home Shopping Network,(514) 555-8054,43 rue St. Laurent,Montreal,H1J 1C3,Canada,EMEA,Fresnisre,Jean,Medium
0.15504522794672865,-0.9335803975582768,0.8101579745265006,0.5997097815965698,-0.3173590778461166,7/21/2004 0:00,Shipped,0.23455347294126402,-0.025288621290087743,0.2643280247651782,Ships,-0.04269579318805743,S700_3962,Petit Auto,(02) 5554 67,Rue Joseph-Bens 532,Bruxelles,B-1180,Belgium,EMEA,Dewey,Catherine,Small
0.2636592233047195,0.29848822793099805,0.28365178418549636,1.0730722067180898,-0.08549864247105897,8/20/2004 0:00,Shipped,0.23455347294126402,0.24823543197396428,0.2643280247651782,Ships,-0.04269579318805743,S700_3962,"Royal Canadian Collectables, Ltd.",(604) 555-4555,23 Tsawassen Blvd.,Tsawassen,T2F 8M4,Canada,EMEA,Lincoln,Elizabeth,Medium
0.3831346181985095,1.017194926133075,0.8101579745265006,-1.2937399188895102,0.618347490639941,9/10/2004 0:00,Shipped,0.23455347294126402,0.5217594852380163,0.2643280247651782,Ships,-0.04269579318805743,S700_3962,Online Mini Collectables,6175557555,7635 Spinnaker Dr.,Brickhaven,58339,USA,EMEA,Barajas,Miguel,Medium
0.5134714126280986,-0.5228908557285186,0.8101579745265006,-0.3470150686464702,-0.020737586864638724,10/14/2004 0:00,Shipped,1.0653495257808978,0.7952835385020682,0.2643280247651782,Ships,-0.04269579318805743,S700_3962,"AV Stores, Co.",(171) 555-1555,Fauntleroy Circus,Manchester,EC2 5NT,UK,EMEA,Ashworth,Victoria,Medium
0.6112240084502905,0.1958158424735585,0.3823097238068337,-0.5836962812072303,-0.09405127223628722,10/29/2004 0:00,Shipped,1.0653495257808978,0.7952835385020682,0.2643280247651782,Ships,-0.04269579318805743,S700_3962,La Rochelle Gifts,40.67.8555,"67, rue des Cinquante Otages",Nantes,44000,France,EMEA,Labrune,Janine,Medium
0.7415608028798795,0.1958158424735585,0.14632389838092202,-0.8203774937679902,-0.1896886788554617,11/10/2004 0:00,Resolved,1.0653495257808978,1.0688075917661204,0.2643280247651782,Ships,-0.04269579318805743,S700_3962,Danish Wholesale Imports,31 12 3555,Vinb'ltet 34,Kobenhavn,1734,Denmark,EMEA,Petersen,Jytte,Medium
0.8501747982378703,0.09314345701611891,-0.5834473936924847,0.1263473564750498,-0.5244793346749013,11/21/2004 0:00,Shipped,1.0653495257808978,1.0688075917661204,0.2643280247651782,Ships,-0.04269579318805743,S700_3962,Classic Legends Inc.,2125558493,5905 Pompton St.,NYC,10022,USA,EMEA,Hernandez,Maria,Small
0.9913729922032586,-1.0362527830157164,0.8101579745265006,2.2564782695218897,-0.3796493737425822,12/2/2004 0:00,Shipped,1.0653495257808978,1.3423316450301723,0.2643280247651782,Ships,-0.04269579318805743,S700_3962,Euro Shopping Channel,(91) 555 94 44,"C/ Moralzarzal, 86",Madrid,28034,Spain,EMEA,Freyre,Diego,Small
1.2411851815266377,0.1958158424735585,0.8101579745265006,0.3630285690358098,0.25615040788392535,1/31/2005 0:00,Shipped,-1.4270386327380036,-1.6664329408743999,1.6938261357079059,Ships,-0.04269579318805743,S700_3962,"Oulu Toy Supplies, Inc.",981-443655,Torikatu 38,Oulu,90110,Finland,EMEA,Koskitalo,Pirkko,Medium
1.3823833754920258,-0.5228908557285186,0.5860705940800471,-0.8203774937679902,-0.37440919106102954,3/1/2005 0:00,Resolved,-1.4270386327380036,-1.1193848343462958,1.6938261357079059,Ships,-0.04269579318805743,S700_3962,Euro Shopping Channel,(91) 555 94 44,"C/ Moralzarzal, 86",Madrid,28034,Spain,EMEA,Freyre,Diego,Small
1.5018587703858157,0.09314345701611891,0.8101579745265006,-1.0570587063287502,0.12806188032697044,3/28/2005 0:00,Shipped,-1.4270386327380036,-1.1193848343462958,1.6938261357079059,Ships,-0.04269579318805743,S700_3962,Alpha Cognac,61.77.6555,1 rue Alsace-Lorraine,Toulouse,31000,France,EMEA,Roulet,Annette,Medium
1.6865025624944003,-0.8309080121008373,0.3327328697257599,0.3630285690358098,-0.6048740544680469,5/6/2005 0:00,On Hold,-0.5962425798983697,-0.5723367278181918,1.6938261357079059,Ships,-0.04269579318805743,S700_3962,Gifts4AllAges.com,6175559555,8616 Spinnaker Dr.,Boston,51003,USA,EMEA,Yoshido,Juri,Small
-1.6588084945317194,1.325212082505394,-1.1015255188397064,0.8363909941573299,-0.3284041882857829,2/17/2003 0:00,Shipped,-1.4270386327380036,-1.3929088876103477,-1.1651700861775494,Planes,-0.6648836115335376,S700_4002,Rovelli Gifts,035-640555,Via Ludovico il Moro 22,Bergamo,24100,Italy,EMEA,Rovelli,Giovanni,Small
-1.517610300566331,-0.9335803975582768,-1.2115861348996901,-1.2937399188895102,-1.0937423718484935,4/28/2003 0:00,Shipped,-0.5962425798983697,-0.8458607810822437,-1.1651700861775494,Planes,-0.6648836115335376,S700_4002,Salzburg Collectables,6562-9555,Geislweg 14,Salzburg,5020,Austria,EMEA,Pipps,Georg,Small
-1.387273506136742,-0.9335803975582768,0.07295015434093256,-1.0570587063287502,-0.7279287485060387,6/16/2003 0:00,Shipped,-0.5962425798983697,-0.29881267455413973,-1.1651700861775494,Planes,-0.6648836115335376,S700_4002,Gift Ideas Corp.,2035554407,2440 Pompton St.,Glendale,97561,USA,EMEA,Lewis,Dan,Small
-1.256936711707153,-0.11220131389876024,0.10963702636092765,-0.3470150686464702,-0.3444451205565665,8/10/2003 0:00,Shipped,0.23455347294126402,0.24823543197396428,-1.1651700861775494,Planes,-0.6648836115335376,S700_4002,Mini Creations Ltd.,5085559555,4575 Hillside Dr.,New Bedford,50553,USA,EMEA,Tam,Wing C,Small
-1.126599917277564,0.9145225406756355,0.10963702636092765,-0.8203774937679902,0.12184968448479852,10/6/2003 0:00,Shipped,1.0653495257808978,0.7952835385020682,-1.1651700861775494,Planes,-0.6648836115335376,S700_4002,"Toys of Finland, Co.",90-224 8555,Keskuskatu 45,Helsinki,21240,Finland,EMEA,Karttunen,Matti,Medium
-0.9854017233121758,0.40116061338843767,-0.03711046171905129,2.4931594820826497,-0.1739844215341666,10/28/2003 0:00,Shipped,1.0653495257808978,0.7952835385020682,-1.1651700861775494,Planes,-0.6648836115335376,S700_4002,Technics Stores Inc.,6505556809,9408 Furth Circle,Burlingame,94217,USA,EMEA,Hirano,Juri,Medium
-0.8767877279541849,1.017194926133075,-0.36729230989900286,-1.0570587063287502,-0.06659597312962437,11/8/2003 0:00,Shipped,1.0653495257808978,1.0688075917661204,-1.1651700861775494,Planes,-0.6648836115335376,S700_4002,Alpha Cognac,61.77.6555,1 rue Alsace-Lorraine,Toulouse,31000,France,EMEA,Roulet,Annette,Medium
-0.659559737238203,0.5038329988458772,-0.9909691342389115,-1.0570587063287502,-0.5468736490569972,11/27/2003 0:00,Shipped,1.0653495257808978,1.0688075917661204,-1.1651700861775494,Planes,-0.6648836115335376,S700_4002,Cruz & Sons Co.,+63 2 555 3587,15 McCallum Street - NatWest Center #13-03,Makati City,1227 MM,Philippines,Japan,Cruz,Arnold,Small
-0.529222942808614,0.7091777697607564,-0.66078728605896,2.0197970569611297,-0.3258302539945331,1/12/2004 0:00,Shipped,-1.4270386327380036,-1.6664329408743999,0.2643280247651782,Planes,-0.6648836115335376,S700_4002,Osaka Souveniers Co.,+81 06 6342 5555,"Dojima Avanza 4F, 1-6-20 Dojima, Kita-ku",Osaka,530-0003,Japan,Japan,Kentary,Mory,Small
-0.3988861483790249,0.8118501552181959,-0.47735292595898665,-1.0570587063287502,-0.2012442319604813,2/19/2004 0:00,Shipped,-1.4270386327380036,-1.3929088876103477,0.2643280247651782,Planes,-0.6648836115335376,S700_4002,Collectable Mini Designs Co.,7605558146,361 Furth Circle,San Diego,91217,USA,EMEA,Thompson,Valarie,Medium
-0.25768795441363673,-0.11220131389876024,-0.5507266699989761,1.0730722067180898,-0.5903698804344439,4/2/2004 0:00,Shipped,-0.5962425798983697,-0.8458607810822437,0.2643280247651782,Planes,-0.6648836115335376,S700_4002,"Royal Canadian Collectables, Ltd.",(604) 555-4555,23 Tsawassen Blvd.,Tsawassen,T2F 8M4,Canada,EMEA,Lincoln,Elizabeth,Small
-0.09476696137665042,0.29848822793099805,-1.064342878278901,1.3097534192788498,-0.6465620155522738,5/11/2004 0:00,Shipped,-0.5962425798983697,-0.5723367278181918,0.2643280247651782,Planes,-0.6648836115335376,S700_4002,The Sharp Gifts Warehouse,4085553659,3086 Ingle Ln.,San Jose,94217,USA,EMEA,Frick,Sue,Small
0.03556983305293866,-0.009528928441320661,-0.6241004140389657,0.1263473564750498,-0.5791021301088258,6/24/2004 0:00,Cancelled,-0.5962425798983697,-0.29881267455413973,0.2643280247651782,Planes,-0.6648836115335376,S700_4002,Euro Shopping Channel,(91) 555 94 44,"C/ Moralzarzal, 86",Madrid,28034,Spain,EMEA,Freyre,Diego,Small
0.17676802701832683,-0.42021847027107895,-0.5507266699989761,2.4931594820826497,-0.708559078428217,7/23/2004 0:00,Shipped,0.23455347294126402,-0.025288621290087743,0.2643280247651782,Planes,-0.6648836115335376,S700_4002,La Rochelle Gifts,40.67.8555,"67, rue des Cinquante Otages",Nantes,44000,France,EMEA,Labrune,Janine,Small
0.27452062284051865,-0.3175460848136394,-0.9542822622189171,0.5997097815965698,-0.8106095998110326,8/21/2004 0:00,Shipped,0.23455347294126402,0.24823543197396428,0.2643280247651782,Planes,-0.6648836115335376,S700_4002,"Norway Gifts By Mail, Co.",+47 2212 1555,"Drammensveien 126 A, PB 744 Sentrum",Oslo,N 0106,Norway,EMEA,Klaeboe,Jan,Small
0.4048574172701077,1.2225396970479543,0.146819666921733,-0.3470150686464702,0.28087972594795674,9/15/2004 0:00,Shipped,0.23455347294126402,0.5217594852380163,0.2643280247651782,Planes,-0.6648836115335376,S700_4002,"Bavarian Collectables Imports, Co.",+49 89 61 08 9555,Hansastr. 15,Munich,80686,Germany,EMEA,Donnermeyer,Michael,Medium
0.5351942116996968,0.40116061338843767,-0.7708479021189438,2.0197970569611297,-0.4874179390255789,10/15/2004 0:00,Shipped,1.0653495257808978,0.7952835385020682,0.2643280247651782,Planes,-0.6648836115335376,S700_4002,Mini Classics,9145554562,3758 North Pendale Street,White Plains,24067,USA,EMEA,Frick,Steve,Small
0.6220854079860895,0.9145225406756355,-1.064342878278901,0.1263473564750498,-0.4439379983714946,11/1/2004 0:00,Shipped,1.0653495257808978,1.0688075917661204,0.2643280247651782,Planes,-0.6648836115335376,S700_4002,giftsbymail.co.uk,(198) 555-8888,Garden House Crowther Way,Cowes,PO31 7PJ,UK,EMEA,Bennett,Helen,Small
0.7524222024156786,0.40116061338843767,0.10963702636092765,1.3097534192788498,-0.1112977180358841,11/12/2004 0:00,Shipped,1.0653495257808978,1.0688075917661204,0.2643280247651782,Planes,-0.6648836115335376,S700_4002,Rovelli Gifts,035-640555,Via Ludovico il Moro 22,Bergamo,24100,Italy,EMEA,Rovelli,Giovanni,Medium
0.8718975973094686,1.530556853420273,-1.2790106564499506,0.3630285690358098,-0.35887870145559925,11/23/2004 0:00,Shipped,1.0653495257808978,1.0688075917661204,0.2643280247651782,Planes,-0.6648836115335376,S700_4002,"Tokyo Collectables, Ltd",+81 3 3584 0555,2-2-8 Roppongi,Minato-ku,106-0032,Japan,Japan,Shimamura,Akiko,Small
1.0130957912748568,-1.344269939388035,-0.40397918191899723,-1.2937399188895102,-1.0277649422310184,12/3/2004 0:00,Shipped,1.0653495257808978,1.3423316450301723,0.2643280247651782,Planes,-0.6648836115335376,S700_4002,Auto-Moto Classics Inc.,6175558428,16780 Pompton St.,Brickhaven,58339,USA,EMEA,Taylor,Leslie,Small
1.1108483870970485,-0.009528928441320661,0.8101579745265006,1.0730722067180898,0.3928567280995581,12/17/2004 0:00,Shipped,1.0653495257808978,1.3423316450301723,0.2643280247651782,Planes,-0.6648836115335376,S700_4002,Souveniers And Things Co.,+61 2 9495 8555,"Monitor Money Building, 815 Pacific Hwy",Chatswood,2067,Australia,APAC,Huxley,Adrian,Medium
1.2411851815266377,1.017194926133075,-1.3900628095915561,2.4931594820826497,-0.5707124075772207,1/31/2005 0:00,Shipped,-1.4270386327380036,-1.6664329408743999,1.6938261357079059,Planes,-0.6648836115335376,S700_4002,"Oulu Toy Supplies, Inc.",981-443655,Torikatu 38,Oulu,90110,Finland,EMEA,Koskitalo,Pirkko,Small
1.3823833754920258,0.9145225406756355,0.13591275902389682,2.0197970569611297,0.13451300677845696,3/1/2005 0:00,Resolved,-1.4270386327380036,-1.1193848343462958,1.6938261357079059,Planes,-0.6648836115335376,S700_4002,Euro Shopping Channel,(91) 555 94 44,"C/ Moralzarzal, 86",Madrid,28034,Spain,EMEA,Freyre,Diego,Medium
1.5127201699216148,0.09314345701611891,0.1835065389417274,1.3097534192788498,-0.2220583461764304,3/30/2005 0:00,Shipped,-1.4270386327380036,-1.1193848343462958,1.6938261357079059,Planes,-0.6648836115335376,S700_4002,Reims Collectables,26.47.1555,59 rue de l'Abbaye,Reims,51100,France,EMEA,Henriot,Paul,Medium
1.5453043685290122,-0.7282356266433977,-0.5507266699989761,1.0730722067180898,-0.8267482764219902,4/3/2005 0:00,On Hold,-0.5962425798983697,-0.8458607810822437,1.6938261357079059,Planes,-0.6648836115335376,S700_4002,Tekni Collectables Inc.,2015559350,7476 Moss Rd.,Newark,94019,USA,EMEA,Brown,William,Small
1.7082253615659986,0.8118501552181959,-1.064342878278901,1.3097534192788498,-0.4777086679016245,5/10/2005 0:00,Shipped,-0.5962425798983697,-0.5723367278181918,1.6938261357079059,Planes,-0.6648836115335376,S700_4002,L'ordine Souveniers,0522-556555,Strada Provinciale 124,Reggio Emilia,42100,Italy,EMEA,Moroni,Maurizio,Small
-1.6588084945317194,1.325212082505394,-1.537801834753156,2.0197970569611297,-0.5577775732275233,2/17/2003 0:00,Shipped,-1.4270386327380036,-1.3929088876103477,-1.1651700861775494,Planes,-1.2870714298790178,S72_1253,Rovelli Gifts,035-640555,Via Ludovico il Moro 22,Bergamo,24100,Italy,EMEA,Rovelli,Giovanni,Small
-1.517610300566331,-0.7282356266433977,-1.7594103724955559,-0.1103338560857102,-1.1974382562909052,4/28/2003 0:00,Shipped,-0.5962425798983697,-0.8458607810822437,-1.1651700861775494,Planes,-1.2870714298790178,S72_1253,Salzburg Collectables,6562-9555,Geislweg 14,Salzburg,5020,Austria,EMEA,Pipps,Georg,Small
-1.387273506136742,-1.4469423248454747,-2.079676849859293,0.1263473564750498,-1.45420720768698,6/16/2003 0:00,Shipped,-0.5962425798983697,-0.29881267455413973,-1.1651700861775494,Planes,-1.2870714298790178,S72_1253,Gift Ideas Corp.,2035554407,2440 Pompton St.,Glendale,97561,USA,EMEA,Lewis,Dan,Small
-1.256936711707153,0.1958158424735585,-1.6364597743744929,0.8363909941573299,-0.9121931204574611,8/10/2003 0:00,Shipped,0.23455347294126402,0.24823543197396428,-1.1651700861775494,Planes,-1.2870714298790178,S72_1253,Mini Creations Ltd.,5085559555,4575 Hillside Dr.,New Bedford,50553,USA,EMEA,Tam,Wing C,Small
-1.126599917277564,-0.11220131389876024,-1.710329286955293,0.3630285690358098,-1.0222152358055814,10/6/2003 0:00,Shipped,1.0653495257808978,0.7952835385020682,-1.1651700861775494,Planes,-1.2870714298790178,S72_1253,"Toys of Finland, Co.",90-224 8555,Keskuskatu 45,Helsinki,21240,Finland,EMEA,Karttunen,Matti,Small
-0.9962631228479749,0.5038329988458772,-2.079676849859293,-0.5836962812072303,-1.0238660291062984,10/23/2003 0:00,Cancelled,1.0653495257808978,0.7952835385020682,-1.1651700861775494,Planes,-1.2870714298790178,S72_1253,Scandinavian Gift Ideas,0695-34 6555,?kergatan 24,Boras,S-844 67,Sweden,EMEA,Larsson,Maria,Small
-0.8767877279541849,1.017194926133075,-1.6116713473339561,0.1263473564750498,-0.6799417077217073,11/8/2003 0:00,Shipped,1.0653495257808978,1.0688075917661204,-1.1651700861775494,Planes,-1.2870714298790178,S72_1253,Alpha Cognac,61.77.6555,1 rue Alsace-Lorraine,Toulouse,31000,France,EMEA,Roulet,Annette,Small
-0.7898965316677922,-0.7282356266433977,-1.5625902617936929,-0.5836962812072303,-1.1370756959923165,11/14/2003 0:00,Shipped,1.0653495257808978,1.0688075917661204,-1.1651700861775494,Planes,-1.2870714298790178,S72_1253,"Double Decker Gift Stores, Ltd",(171) 555-7555,120 Hanover Sq.,London,WA1 1DP,UK,EMEA,Hardy,Thomas,Small
-0.6704211367740022,-0.6255632411859581,-2.079676849859293,-1.2937399188895102,-1.2730109219687982,11/26/2003 0:00,Shipped,1.0653495257808978,1.0688075917661204,-1.1651700861775494,Planes,-1.2870714298790178,S72_1253,Enaco Distributors,(93) 203 4555,"Rambla de CataluÂ¤a, 23",Barcelona,8022,Spain,EMEA,Saavedra,Eduardo,Small
-0.540084342344413,1.325212082505394,-1.931937824697693,-0.8203774937679902,-0.764995574396482,1/9/2004 0:00,Shipped,-1.4270386327380036,-1.6664329408743999,0.2643280247651782,Planes,-1.2870714298790178,S72_1253,"Men 'R' US Retailers, Ltd.",2155554369,6047 Douglas Av.,Los Angeles,28034,USA,EMEA,Chandler,Michael,Small
-0.3988861483790249,-0.42021847027107895,-1.8823609706166191,0.1263473564750498,-1.1607135355910712,2/19/2004 0:00,Shipped,-1.4270386327380036,-1.3929088876103477,0.2643280247651782,Planes,-1.2870714298790178,S72_1253,Collectable Mini Designs Co.,7605558146,361 Furth Circle,San Diego,91217,USA,EMEA,Thompson,Valarie,Small
-0.1056283609124495,-0.3175460848136394,-1.291404869970219,-0.8203774937679902,-0.928771646599202,5/8/2004 0:00,Shipped,-0.5962425798983697,-0.5723367278181918,0.2643280247651782,Planes,-1.2870714298790178,S72_1253,Cambridge Collectables Co.,6175555555,4658 Baden Av.,Cambridge,51247,USA,EMEA,Tseng,Kyung,Small
0.03556983305293866,-1.4469423248454747,-1.316193297010756,1.3097534192788498,-1.27859320984096,6/24/2004 0:00,Cancelled,-0.5962425798983697,-0.29881267455413973,0.2643280247651782,Planes,-1.2870714298790178,S72_1253,Euro Shopping Channel,(91) 555 94 44,"C/ Moralzarzal, 86",Madrid,28034,Spain,EMEA,Freyre,Diego,Small
0.16590662748252774,-0.3175460848136394,-1.242323784429956,-0.5836962812072303,-0.9115686427285714,7/21/2004 0:00,Shipped,0.23455347294126402,-0.025288621290087743,0.2643280247651782,Planes,-1.2870714298790178,S72_1253,Collectables For Less Inc.,6175558555,7825 Douglas Av.,Brickhaven,58339,USA,EMEA,Nelson,Allen,Small
0.2636592233047195,0.8118501552181959,-1.291404869970219,-1.2937399188895102,-0.5846518365342627,8/20/2004 0:00,Shipped,0.23455347294126402,0.24823543197396428,0.2643280247651782,Planes,-1.2870714298790178,S72_1253,"Royal Canadian Collectables, Ltd.",(604) 555-4555,23 Tsawassen Blvd.,Tsawassen,T2F 8M4,Canada,EMEA,Lincoln,Elizabeth,Small
0.4048574172701077,-1.4469423248454747,-1.907149397657156,0.8363909941573299,-1.4145230055763212,9/15/2004 0:00,Shipped,0.23455347294126402,0.5217594852380163,0.2643280247651782,Planes,-1.2870714298790178,S72_1253,"Bavarian Collectables Imports, Co.",+49 89 61 08 9555,Hansastr. 15,Munich,80686,Germany,EMEA,Donnermeyer,Michael,Small
0.5243328121638977,-0.11220131389876024,-1.4887207492128927,-0.5836962812072303,-0.9396864312519694,10/14/2004 0:00,Shipped,1.0653495257808978,0.7952835385020682,0.2643280247651782,Planes,-1.2870714298790178,S72_1253,"Classic Gift Ideas, Inc",2155554695,782 First Street,Philadelphia,71270,USA,EMEA,Cervantes,Francisca,Small
0.6220854079860895,-0.11220131389876024,-1.9810189102379558,1.3097534192788498,-1.1230222319717382,11/1/2004 0:00,Shipped,1.0653495257808978,1.0688075917661204,0.2643280247651782,Planes,-1.2870714298790178,S72_1253,giftsbymail.co.uk,(198) 555-8888,Garden House Crowther Way,Cowes,PO31 7PJ,UK,EMEA,Bennett,Helen,Small
0.7632836019514777,0.9145225406756355,0.1225270084220064,0.3630285690358098,0.12806188032697044,11/15/2004 0:00,Shipped,1.0653495257808978,1.0688075917661204,0.2643280247651782,Planes,-1.2870714298790178,S72_1253,Land of Toys Inc.,2125557818,897 Long Airport Avenue,NYC,10022,USA,EMEA,Yu,Kwai,Medium
0.8718975973094686,-0.8309080121008373,-0.36431769865413827,-0.1103338560857102,-0.8110168678950912,11/23/2004 0:00,Shipped,1.0653495257808978,1.0688075917661204,0.2643280247651782,Planes,-1.2870714298790178,S72_1253,"Tokyo Collectables, Ltd",+81 3 3584 0555,2-2-8 Roppongi,Minato-ku,106-0032,Japan,Japan,Shimamura,Akiko,Small
1.0130957912748568,1.4278844679628335,-1.537801834753156,-0.5836962812072303,-0.5291927839677381,12/3/2004 0:00,Shipped,1.0653495257808978,1.3423316450301723,0.2643280247651782,Planes,-1.2870714298790178,S72_1253,Auto-Moto Classics Inc.,6175558428,16780 Pompton St.,Brickhaven,58339,USA,EMEA,Taylor,Leslie,Small
1.1108483870970485,-1.2415975539305957,0.5721890749373464,1.3097534192788498,-0.7408418618912532,12/17/2004 0:00,Shipped,1.0653495257808978,1.3423316450301723,0.2643280247651782,Planes,-1.2870714298790178,S72_1253,Souveniers And Things Co.,+61 2 9495 8555,"Monitor Money Building, 815 Pacific Hwy",Chatswood,2067,Australia,APAC,Huxley,Adrian,Small
1.2411851815266377,-1.0362527830157164,-0.9265192239335157,0.5997097815965698,-1.0478405436545415,1/31/2005 0:00,Shipped,-1.4270386327380036,-1.6664329408743999,1.6938261357079059,Planes,-1.2870714298790178,S72_1253,"Oulu Toy Supplies, Inc.",981-443655,Torikatu 38,Oulu,90110,Finland,EMEA,Koskitalo,Pirkko,Small
1.3823833754920258,1.530556853420273,0.17309539958470221,2.2564782695218897,0.4363801106826083,3/1/2005 0:00,Resolved,-1.4270386327380036,-1.1193848343462958,1.6938261357079059,Planes,-1.2870714298790178,S72_1253,Euro Shopping Channel,(91) 555 94 44,"C/ Moralzarzal, 86",Madrid,28034,Spain,EMEA,Freyre,Diego,Medium
1.5127201699216148,-0.11220131389876024,-2.153546362440093,-1.2937399188895102,-1.1872728449128054,3/30/2005 0:00,Shipped,-1.4270386327380036,-1.1193848343462958,1.6938261357079059,Planes,-1.2870714298790178,S72_1253,Reims Collectables,26.47.1555,59 rue de l'Abbaye,Reims,51100,France,EMEA,Henriot,Paul,Small
1.534442968993213,-1.5496147103029143,-1.3652743825510192,-0.5836962812072303,-1.3203571943008776,4/1/2005 0:00,Shipped,-0.5962425798983697,-0.8458607810822437,1.6938261357079059,Planes,-1.2870714298790178,S72_1253,The Sharp Gifts Warehouse,4085553659,3086 Ingle Ln.,San Jose,94217,USA,EMEA,Frick,Sue,Small
1.6973639620301995,0.7091777697607564,-1.291404869970219,-0.8203774937679902,-0.6159354556310754,5/9/2005 0:00,Disputed,-0.5962425798983697,-0.5723367278181918,1.6938261357079059,Planes,-1.2870714298790178,S72_1253,"Australian Collectables, Ltd",61-9-3844-6555,7 Allen Street,Glen Waverly,3150,Australia,APAC,Connery,Sean,Small
-1.6696698940675183,-1.0362527830157164,-1.3325536588575102,0.3630285690358098,-1.1590247306025088,2/11/2003 0:00,Shipped,-1.4270386327380036,-1.3929088876103477,-1.1651700861775494,Ships,-1.1626338662099218,S72_3212,Danish Wholesale Imports,31 12 3555,Vinb'ltet 34,Kobenhavn,1734,Denmark,EMEA,Petersen,Jytte,Small
-1.5393330996379293,1.530556853420273,-1.9820104473195774,-1.0570587063287502,-0.7438827969188899,4/16/2003 0:00,Shipped,-0.5962425798983697,-0.8458607810822437,-1.1651700861775494,Ships,-1.1626338662099218,S72_3212,"Dragon Souveniers, Ltd.",+65 221 7555,"Bronz Sok., Bronz Apt. 3/6 Tesvikiye",Singapore,79903,Singapore,Japan,Natividad,Eric,Small
-1.4089963052083403,-0.3175460848136394,-0.9265192239335157,0.3630285690358098,-0.8008786077225951,6/12/2003 0:00,Shipped,-0.5962425798983697,-0.29881267455413973,-1.1651700861775494,Ships,-1.1626338662099218,S72_3212,"Stylish Desk Decors, Co.",(171) 555-0297,35 King George,London,WX3 6FW,UK,EMEA,Brown,Ann,Small
-1.2677981112429522,0.40116061338843767,-1.954743177574987,-0.3470150686464702,-0.9931471550860469,8/8/2003 0:00,Shipped,0.23455347294126402,0.24823543197396428,-1.1651700861775494,Ships,-1.1626338662099218,S72_3212,Mini Gifts Distributors Ltd.,4155551450,5677 Strong St.,San Rafael,97562,USA,EMEA,Nelson,Valarie,Small
-1.148322716349162,1.530556853420273,-1.169941577471588,-0.5836962812072303,-0.29914604912702103,9/28/2003 0:00,Shipped,0.23455347294126402,0.5217594852380163,-1.1651700861775494,Ships,-1.1626338662099218,S72_3212,Euro Shopping Channel,(91) 555 94 44,"C/ Moralzarzal, 86",Madrid,28034,Spain,EMEA,Freyre,Diego,Medium
-0.9962631228479749,0.29848822793099805,-1.7385880937815048,2.0197970569611297,-0.9271968766741757,10/23/2003 0:00,Cancelled,1.0653495257808978,0.7952835385020682,-1.1651700861775494,Ships,-1.1626338662099218,S72_3212,Scandinavian Gift Ideas,0695-34 6555,?kergatan 24,Boras,S-844 67,Sweden,EMEA,Larsson,Maria,Small
-0.8876491274899839,0.5038329988458772,-1.6572820530885441,-0.1103338560857102,-0.8388034117101215,11/7/2003 0:00,Shipped,1.0653495257808978,1.0688075917661204,-1.1651700861775494,Ships,-1.1626338662099218,S72_3212,CAF Imports,+34 913 728 555,"Merchants House, 27-30 Merchant's Quay",Madrid,28023,Spain,EMEA,Fernandez,Jesus,Small
-0.8007579312035913,-0.7282356266433977,-0.9532907251372952,-0.1103338560857102,-0.9502102385440407,11/14/2003 0:00,Shipped,1.0653495257808978,1.0688075917661204,-1.1651700861775494,Ships,-1.1626338662099218,S72_3212,Mini Creations Ltd.,5085559555,4575 Hillside Dr.,New Bedford,50553,USA,EMEA,Tam,Wing C,Small
-0.6704211367740022,0.7091777697607564,-1.6572820530885441,1.3097534192788498,-0.7842512094107673,11/26/2003 0:00,Shipped,1.0653495257808978,1.0688075917661204,-1.1651700861775494,Ships,-1.1626338662099218,S72_3212,Enaco Distributors,(93) 203 4555,"Rambla de CataluÂ¤a, 23",Barcelona,8022,Spain,EMEA,Saavedra,Eduardo,Small
-0.5509457418802122,0.7091777697607564,-0.980557994881886,-0.1103338560857102,-0.472935485956459,1/2/2004 0:00,Shipped,-1.4270386327380036,-1.6664329408743999,0.2643280247651782,Ships,-1.1626338662099218,S72_3212,"Saveley & Henriot, Co.",78.32.5555,"2, rue du Commerce",Lyon,69004,France,EMEA,Saveley,Mary,Small
-0.3988861483790249,0.09314345701611891,-1.0073294960856658,2.7298406946434097,-0.6916221563725049,2/19/2004 0:00,Shipped,-1.4270386327380036,-1.3929088876103477,0.2643280247651782,Ships,-1.1626338662099218,S72_3212,Collectable Mini Designs Co.,7605558146,361 Furth Circle,San Diego,91217,USA,EMEA,Thompson,Valarie,Small
-0.29027215302103404,-1.138925168473156,-1.6840535542923238,-0.8203774937679902,-1.2822586225974864,3/20/2004 0:00,Shipped,-1.4270386327380036,-1.1193848343462958,0.2643280247651782,Ships,-1.1626338662099218,S72_3212,giftsbymail.co.uk,(198) 555-8888,Garden House Crowther Way,Cowes,PO31 7PJ,UK,EMEA,Bennett,Helen,Small
-0.11648976044824859,-1.2415975539305957,-0.8992519541889252,0.5997097815965698,-1.1115318417601683,5/7/2004 0:00,Cancelled,-0.5962425798983697,-0.5723367278181918,0.2643280247651782,Ships,-1.1626338662099218,S72_3212,Land of Toys Inc.,2125557818,897 Long Airport Avenue,NYC,10022,USA,EMEA,Yu,Kwai,Small
0.024708433517139576,-0.6255632411859581,-1.6300147833439533,0.1263473564750498,-1.1301792897689262,6/17/2004 0:00,Shipped,-0.5962425798983697,-0.29881267455413973,0.2643280247651782,Ships,-1.1626338662099218,S72_3212,Quebec Home Shopping Network,(514) 555-8054,43 rue St. Laurent,Montreal,H1J 1C3,Canada,EMEA,Fresnisre,Jean,Small
0.15504522794672865,0.1958158424735585,-1.8739329054228366,0.8363909941573299,-1.0084332838410421,7/21/2004 0:00,Shipped,0.23455347294126402,-0.025288621290087743,0.2643280247651782,Ships,-1.1626338662099218,S72_3212,Petit Auto,(02) 5554 67,Rue Joseph-Bens 532,Bruxelles,B-1180,Belgium,EMEA,Dewey,Catherine,Small
0.2636592233047195,-0.21487369935619982,-1.6032432821401734,1.3097534192788498,-1.0102035424464164,8/20/2004 0:00,Shipped,0.23455347294126402,0.24823543197396428,0.2643280247651782,Ships,-1.1626338662099218,S72_3212,"Royal Canadian Collectables, Ltd.",(604) 555-4555,23 Tsawassen Blvd.,Tsawassen,T2F 8M4,Canada,EMEA,Lincoln,Elizabeth,Small
0.37227321866271046,-0.3175460848136394,-1.169941577471588,-1.2937399188895102,-0.8861985562122879,9/9/2004 0:00,Shipped,0.23455347294126402,0.5217594852380163,0.2643280247651782,Ships,-1.1626338662099218,S72_3212,Amica Models & Co.,011-4988555,Via Monte Bianco 34,Torino,10100,Italy,EMEA,Accorti,Paolo,Small
0.5134714126280986,-0.009528928441320661,-1.1972088472161788,-0.1103338560857102,-0.7988096858555781,10/14/2004 0:00,Shipped,1.0653495257808978,0.7952835385020682,0.2643280247651782,Ships,-1.1626338662099218,S72_3212,"AV Stores, Co.",(171) 555-1555,Fauntleroy Circus,Manchester,EC2 5NT,UK,EMEA,Ashworth,Victoria,Small
0.6112240084502905,0.5038329988458772,-1.386592429805881,-0.3470150686464702,-0.7202069456322898,10/29/2004 0:00,Shipped,1.0653495257808978,0.7952835385020682,0.2643280247651782,Ships,-1.1626338662099218,S72_3212,La Rochelle Gifts,40.67.8555,"67, rue des Cinquante Otages",Nantes,44000,France,EMEA,Labrune,Janine,Small
0.7415608028798795,0.1958158424735585,0.1527688894114614,-0.5836962812072303,-0.1870767328763666,11/10/2004 0:00,Resolved,1.0653495257808978,1.0688075917661204,0.2643280247651782,Ships,-1.1626338662099218,S72_3212,Danish Wholesale Imports,31 12 3555,Vinb'ltet 34,Kobenhavn,1734,Denmark,EMEA,Petersen,Jytte,Medium
0.8501747982378703,0.7091777697607564,0.6693597089362507,-0.3470150686464702,0.2860818969416638,11/21/2004 0:00,Shipped,1.0653495257808978,1.0688075917661204,0.2643280247651782,Ships,-1.1626338662099218,S72_3212,Classic Legends Inc.,2125558493,5905 Pompton St.,NYC,10022,USA,EMEA,Hernandez,Maria,Medium
0.9913729922032586,-1.5496147103029143,0.8101579745265006,2.0197970569611297,-0.7110841405493796,12/2/2004 0:00,Shipped,1.0653495257808978,1.3423316450301723,0.2643280247651782,Ships,-1.1626338662099218,S72_3212,Euro Shopping Channel,(91) 555 94 44,"C/ Moralzarzal, 86",Madrid,28034,Spain,EMEA,Freyre,Diego,Small
1.2411851815266377,-0.6255632411859581,0.8101579745265006,-1.2937399188895102,0.23057940244617328,1/31/2005 0:00,Shipped,-1.4270386327380036,-1.6664329408743999,1.6938261357079059,Ships,-1.1626338662099218,S72_3212,"Oulu Toy Supplies, Inc.",981-443655,Torikatu 38,Oulu,90110,Finland,EMEA,Koskitalo,Pirkko,Medium
1.3823833754920258,0.8118501552181959,0.8101579745265006,-0.5836962812072303,1.0120236811731167,3/1/2005 0:00,Resolved,-1.4270386327380036,-1.1193848343462958,1.6938261357079059,Ships,-1.1626338662099218,S72_3212,Euro Shopping Channel,(91) 555 94 44,"C/ Moralzarzal, 86",Madrid,28034,Spain,EMEA,Freyre,Diego,Medium
1.5018587703858157,-0.11220131389876024,-1.061864035574847,-1.2937399188895102,-0.7807215526822604,3/28/2005 0:00,Shipped,-1.4270386327380036,-1.1193848343462958,1.6938261357079059,Ships,-1.1626338662099218,S72_3212,Alpha Cognac,61.77.6555,1 rue Alsace-Lorraine,Toulouse,31000,France,EMEA,Roulet,Annette,Small
1.6865025624944003,1.2225396970479543,-0.8992519541889252,0.5997097815965698,-0.2576372859997799,5/6/2005 0:00,On Hold,-0.5962425798983697,-0.5723367278181918,1.6938261357079059,Ships,-1.1626338662099218,S72_3212,Gifts4AllAges.com,6175559555,8616 Spinnaker Dr.,Boston,51003,USA,EMEA,Yoshido,Juri,Medium
